student_id,student_name,department,program,year,semester,section,age,attendance_percentage,assignment_average,internal_marks,midterm_marks,final_marks,previous_gpa,study_hours_per_week,engagement_score,performance_category
STU000001,Surya Singh,EEE,B.Tech,3,6,B,20,70.83,70.24,36.29,64.78,71.4,8.05,17.0,67.38,Average
STU000002,Bhavya Mehta,ECE,B.Tech,1,2,D,20,84.86,75.62,30.54,66.09,62.7,8.23,21.28,79.06,Average
STU000003,Krishna Gupta,CSE,B.Tech,3,6,A,22,81.93,76.4,40.2,65.3,83.21,8.15,23.07,80.41,Good
STU000004,Riya Mehta,Mechanical,B.Tech,1,2,B,20,74.66,81.0,31.38,67.88,79.47,8.77,22.88,76.29,Average
STU000005,Manish Nair,AI & DS,B.Tech,3,6,D,22,85.6,66.38,33.6,61.32,61.52,6.99,23.74,86.9,Average
STU000006,Nisha Verma,ECE,B.Tech,1,2,B,18,83.71,82.9,34.9,74.34,78.63,8.45,20.2,71.11,Good
STU000007,Aarav Chatterjee,CSE,B.Tech,4,8,C,23,70.35,76.7,37.4,70.12,84.84,8.32,21.22,67.45,Average
STU000008,Isha Gupta,AI & DS,B.Tech,3,5,A,20,94.37,72.66,34.63,58.36,61.49,8.62,26.24,68.09,Average
STU000009,Aarav Reddy,ECE,B.Tech,2,4,C,21,78.46,71.48,31.28,52.78,64.8,6.85,27.0,78.46,Average
STU000010,Aryan Iyer,Mechanical,B.Tech,1,2,A,19,76.58,63.99,29.87,52.29,67.61,7.11,20.88,60.76,Average
STU000011,Nisha Das,EEE,B.Tech,4,7,A,23,58.66,63.21,30.52,48.17,62.61,7.86,16.69,68.09,At Risk
STU000012,Nikhil Das,AI & DS,M.Tech,2,4,A,23,74.73,81.52,40.2,63.25,97.67,8.89,19.79,76.85,Average
STU000013,Arjun Menon,AI & DS,B.Tech,4,8,C,21,80.9,62.16,33.85,62.54,71.82,7.96,20.81,78.84,Good
STU000014,Diya Rao,CSE,B.Tech,2,3,B,19,73.52,71.58,37.31,61.25,76.92,8.44,22.85,71.24,Average
STU000015,Aarav Krishnan,ECE,M.Tech,1,2,A,25,92.59,77.63,37.92,75.34,73.3,8.07,29.02,70.91,Good
STU000016,Akash Reddy,AI & DS,B.Tech,2,3,A,19,71.17,76.96,31.0,64.41,88.84,7.88,21.85,78.94,Average
STU000017,Sanjay Bose,EEE,B.Tech,1,2,B,19,75.74,76.19,35.8,64.71,64.6,7.74,15.77,71.3,Average
STU000018,Isha Menon,ECE,B.Tech,1,1,A,19,81.12,68.72,37.05,74.17,91.06,8.14,21.89,62.14,Excellent
STU000019,Manish Singh,IT,B.Tech,3,5,B,22,91.8,78.84,31.92,63.23,88.59,8.6,28.61,81.38,Excellent
STU000020,Aditya Iyer,CSE,B.Tech,3,5,C,20,83.47,70.68,30.7,43.9,55.8,7.33,17.6,80.19,Average
STU000021,Sanjay Shah,EEE,B.Tech,3,5,A,22,99.53,64.1,30.75,61.27,60.85,7.58,27.19,80.07,Average
STU000022,Karan Chatterjee,CSE,B.Tech,3,5,A,22,70.9,75.9,35.66,71.78,70.36,7.73,22.09,72.73,Average
STU000023,Arjun Rao,EEE,B.Tech,1,1,B,19,77.34,55.39,30.15,57.67,59.89,7.25,18.95,76.91,Average
STU000024,Shreya Mishra,ECE,B.Tech,3,6,C,20,69.94,79.27,35.71,63.02,71.1,8.32,22.92,79.16,Average
STU000025,Riya Das,AI & DS,B.Tech,1,2,B,19,92.31,74.9,38.87,65.78,63.97,8.2,26.42,100,Average
STU000026,Rohan Verma,EEE,B.Tech,4,7,D,21,82.72,63.83,32.75,52.96,57.96,7.59,19.38,68.34,Average
STU000027,Shreya Mishra,IT,B.Tech,2,4,B,20,74.04,63.38,35.36,56.0,65.05,7.44,22.35,74.69,Average
STU000028,Aditi Mehta,CSE,B.Tech,4,7,B,23,73.55,66.22,25.34,73.48,60.83,7.23,21.1,63.91,Average
STU000029,Yash Sharma,EEE,B.Tech,1,1,D,18,76.29,76.04,42.07,58.95,82.08,7.83,25.71,89.25,Good
STU000030,Krishna Das,Mechanical,B.Tech,3,6,A,22,73.49,69.34,35.03,56.73,61.09,8.08,10.83,69.25,Average
STU000031,Aryan Rao,Mechanical,B.Tech,2,4,C,19,87.66,75.69,33.97,64.0,67.74,7.76,25.67,75.56,Average
STU000032,Ishaan Shah,Civil,B.Tech,1,2,D,19,71.1,66.82,33.4,67.59,66.56,7.84,19.92,75.58,Average
STU000033,Rohan Sharma,CSE,B.Tech,3,5,D,21,79.68,66.94,36.08,58.68,70.11,8.02,20.86,68.61,Good
STU000034,Yash Mishra,ECE,B.Tech,4,8,C,22,100,75.72,35.5,49.01,68.97,7.45,22.0,84.88,Average
STU000035,Bhavya Kumar,ECE,B.Tech,3,6,B,21,75.54,69.34,36.33,63.01,76.89,7.24,24.16,84.27,Good
STU000036,Diya Gupta,AI & DS,B.Tech,2,4,D,19,99.59,70.28,37.04,59.72,82.98,7.91,19.8,82.08,Good
STU000037,Zoya Reddy,CSE,B.Tech,3,6,D,22,70.78,76.43,40.06,69.0,77.66,7.88,24.71,87.88,Average
STU000038,Tanvi Rao,EEE,B.Tech,2,4,C,21,74.46,76.42,32.57,71.65,74.65,7.74,21.15,72.82,Average
STU000039,Pooja Das,EEE,B.Tech,1,2,B,20,86.01,73.79,31.19,71.36,78.1,7.97,25.76,82.94,Good
STU000040,Bhavya Das,CSE,B.Tech,3,6,A,21,80.68,60.3,34.09,49.59,59.21,8.17,16.49,72.43,Average
STU000041,Nisha Bose,Mechanical,B.Tech,3,5,A,21,77.5,54.96,22.58,49.47,57.49,7.29,13.56,66.7,Average
STU000042,Zoya Rao,CSE,B.Tech,4,7,B,22,73.71,73.34,37.25,70.3,82.78,8.79,14.32,77.42,Average
STU000043,Zoya Das,Mechanical,B.Tech,1,1,C,18,82.65,74.05,31.78,68.81,75.85,8.07,16.23,77.63,Good
STU000044,Vikram Iyer,Mechanical,B.Tech,2,3,D,20,95.74,84.0,40.07,91.21,90.29,8.37,24.68,95.88,Excellent
STU000045,Surya Verma,EEE,B.Tech,3,5,D,21,87.48,82.96,33.11,65.88,90.97,7.79,20.34,73.62,Excellent
STU000046,Kavya Singh,IT,B.Tech,1,1,C,20,67.28,67.55,38.48,54.31,82.09,7.71,13.95,71.8,Average
STU000047,Aryan Das,EEE,B.Tech,4,8,D,22,79.22,65.83,31.96,50.72,67.44,7.27,19.96,50.54,Average
STU000048,Zoya Krishnan,CSE,M.Tech,1,2,B,25,82.94,81.14,42.49,61.67,80.04,8.43,27.76,83.62,Good
STU000049,Sanjay Shah,CSE,B.Tech,3,6,A,22,70.49,69.81,31.57,61.37,62.96,7.19,16.75,77.39,Average
STU000050,Vikram Rao,CSE,B.Tech,2,4,A,19,71.84,62.02,27.95,50.6,51.05,7.47,16.16,67.69,At Risk
STU000051,Pooja Sharma,Mechanical,B.Tech,4,7,C,23,77.57,67.89,31.95,54.93,65.39,7.71,24.82,75.44,Average
STU000052,Diya Iyer,IT,B.Tech,3,6,A,22,77.5,76.19,35.27,69.81,83.65,8.92,14.28,68.91,Good
STU000053,Isha Gupta,IT,B.Tech,3,5,C,20,79.46,61.73,30.51,52.49,68.24,7.72,24.92,75.83,Average
STU000054,Aarav Gupta,IT,M.Tech,2,3,D,23,76.63,81.79,34.89,58.01,84.49,9.01,19.85,58.59,Good
STU000055,Rahul Shah,ECE,B.Tech,3,5,C,22,68.36,76.69,36.02,73.77,64.46,9.07,23.35,72.01,Average
STU000056,Surya Iyer,CSE,B.Tech,1,1,A,19,81.88,89.15,38.74,75.95,83.53,8.87,27.03,75.57,Good
STU000057,Bhavya Das,Civil,B.Tech,3,6,C,22,92.18,83.16,33.9,72.57,82.22,8.06,26.34,81.47,Good
STU000058,Aarav Gupta,CSE,B.Tech,1,2,B,19,72.01,85.76,36.86,77.9,74.77,8.8,27.13,74.14,Average
STU000059,Ananya Mishra,Civil,B.Tech,2,3,A,19,79.4,73.31,34.57,63.3,64.34,8.7,21.11,79.27,Average
STU000060,Aryan Mishra,ECE,B.Tech,1,1,B,20,72.04,72.33,33.78,56.69,71.64,8.24,15.13,73.38,Average
STU000061,Bhavya Krishnan,Mechanical,B.Tech,1,1,B,20,71.91,71.81,34.32,66.64,73.98,7.83,19.36,94.37,Average
STU000062,Arjun Reddy,Mechanical,B.Tech,4,8,C,22,73.83,79.95,34.15,62.1,74.68,8.07,16.83,75.28,Average
STU000063,Rahul Joshi,ECE,B.Tech,3,6,A,22,69.5,67.18,24.17,54.88,47.12,7.45,20.46,75.84,At Risk
STU000064,Aditi Chatterjee,CSE,B.Tech,2,3,A,19,85.7,64.16,29.68,55.79,62.05,7.96,24.55,85.76,Average
STU000065,Krishna Mehta,IT,B.Tech,3,6,C,20,81.84,67.4,33.81,60.11,69.34,7.84,19.48,65.36,Average
STU000066,Varun Shah,ECE,B.Tech,3,5,C,22,79.08,70.87,32.0,60.69,66.0,8.15,18.95,76.31,Average
STU000067,Diya Gupta,AI & DS,B.Tech,1,1,A,19,93.91,73.58,33.96,63.3,78.98,7.18,24.5,85.08,Good
STU000068,Riya Bose,AI & DS,B.Tech,4,7,B,21,85.4,69.31,30.66,72.08,72.34,6.7,22.82,76.74,Good
STU000069,Arjun Mehta,ECE,B.Tech,4,7,D,21,89.04,82.5,40.62,67.03,88.11,8.46,17.84,66.69,Excellent
STU000070,Kavya Menon,Civil,B.Tech,2,3,A,19,72.85,74.42,27.62,61.75,74.22,6.8,20.38,81.15,Average
STU000071,Varun Reddy,EEE,B.Tech,1,2,D,20,87.87,69.33,31.01,60.81,65.66,6.91,18.93,69.46,Average
STU000072,Aditya Das,ECE,B.Tech,3,6,A,21,97.2,78.39,31.47,57.83,73.69,8.6,25.08,86.98,Good
STU000073,Varun Pillai,IT,B.Tech,2,3,D,21,88.26,65.26,30.18,58.02,63.7,6.29,21.47,57.01,Average
STU000074,Ishaan Verma,ECE,B.Tech,3,5,D,21,69.5,67.92,32.17,64.08,86.23,8.63,19.37,71.83,Average
STU000075,Arjun Shah,CSE,B.Tech,3,5,D,22,82.73,86.41,41.48,91.9,79.2,8.83,26.05,78.74,Good
STU000076,Aditya Verma,ECE,B.Tech,3,6,C,20,90.94,86.31,41.67,77.52,71.37,8.37,22.46,82.08,Good
STU000077,Varun Singh,Civil,B.Tech,4,8,B,21,66.47,72.15,32.92,61.6,76.12,8.34,16.6,70.25,Average
STU000078,Sanjay Krishnan,ECE,B.Tech,4,8,D,22,92.96,71.05,31.21,60.69,81.12,7.27,23.61,73.94,Good
STU000079,Sanjay Singh,IT,B.Tech,1,1,B,18,95.26,71.72,34.88,68.26,76.86,8.13,28.16,85.38,Good
STU000080,Aarav Reddy,AI & DS,B.Tech,2,4,A,20,71.4,73.94,33.7,65.15,67.98,8.28,17.26,80.65,Average
STU000081,Meera Nair,CSE,B.Tech,2,3,C,19,80.79,79.04,31.8,58.47,73.2,8.01,26.49,76.3,Good
STU000082,Aditya Mehta,AI & DS,B.Tech,3,6,D,22,95.77,79.1,33.41,81.1,84.01,7.73,23.93,82.53,Good
STU000083,Vikram Mishra,IT,B.Tech,1,1,C,18,87.58,73.96,36.89,60.32,65.64,8.45,26.7,80.06,Average
STU000084,Pooja Joshi,EEE,B.Tech,1,1,C,18,86.33,80.28,33.27,77.58,82.85,8.43,23.29,90.64,Good
STU000085,Arjun Shah,Civil,B.Tech,3,5,C,20,78.83,68.61,28.63,61.95,64.21,6.58,24.25,78.52,Average
STU000086,Tanvi Gupta,CSE,B.Tech,2,3,A,20,75.03,82.26,38.32,78.37,80.0,8.19,27.1,84.44,Good
STU000087,Sanjay Joshi,EEE,B.Tech,1,2,D,20,91.89,66.19,30.49,66.08,72.25,7.06,16.76,87.46,Good
STU000088,Bhavya Gupta,AI & DS,B.Tech,2,3,C,20,78.17,73.72,32.94,66.15,80.79,8.1,23.39,79.43,Good
STU000089,Ananya Krishnan,Mechanical,B.Tech,2,3,D,21,77.24,77.73,27.43,73.3,76.17,8.26,23.12,57.57,Good
STU000090,Arjun Reddy,ECE,B.Tech,2,4,B,20,91.49,72.41,39.62,61.7,74.96,8.63,26.4,80.93,Good
STU000091,Diya Shah,AI & DS,M.Tech,2,3,A,26,79.96,80.81,32.91,60.39,71.46,8.62,24.25,78.93,Good
STU000092,Rahul Chatterjee,ECE,B.Tech,1,2,B,19,85.32,89.36,39.89,81.78,87.4,8.55,33.2,87.01,Excellent
STU000093,Aditi Mishra,ECE,B.Tech,2,4,C,19,84.76,68.16,33.2,67.32,69.01,8.25,18.49,74.3,Average
STU000094,Sai Mehta,IT,B.Tech,3,5,D,20,77.08,70.01,31.56,62.45,61.69,8.36,23.03,76.83,Average
STU000095,Riya Kumar,CSE,B.Tech,1,1,D,18,97.63,67.17,39.83,78.82,74.06,8.32,23.88,78.35,Good
STU000096,Yash Rao,Mechanical,B.Tech,4,7,D,22,85.09,91.85,42.87,85.31,84.52,7.61,22.78,87.25,Good
STU000097,Bhavya Nair,ECE,B.Tech,4,8,C,22,78.3,78.83,36.32,65.23,69.17,7.5,21.37,77.74,Average
STU000098,Riya Menon,IT,B.Tech,3,5,B,20,73.42,63.62,30.45,60.2,64.66,7.79,19.59,59.48,Average
STU000099,Aditi Chatterjee,AI & DS,B.Tech,3,5,D,22,66.7,59.41,28.37,57.72,56.63,8.05,16.6,54.41,Average
STU000100,Surya Nair,ECE,M.Tech,1,2,B,25,79.78,55.05,26.27,55.13,68.25,7.46,16.89,67.14,Average
STU000101,Nikhil Chatterjee,ECE,B.Tech,4,8,B,23,65.68,60.66,29.75,48.39,59.03,8.02,20.1,80.98,Average
STU000102,Shreya Mehta,ECE,M.Tech,2,3,C,24,63.46,76.68,31.95,59.75,79.47,7.83,14.62,67.13,At Risk
STU000103,Aryan Chatterjee,Civil,M.Tech,1,1,C,22,79.66,74.93,32.92,60.49,72.05,8.67,19.04,71.16,Good
STU000104,Yash Mishra,Mechanical,B.Tech,1,2,B,20,82.56,66.71,33.36,57.87,85.3,8.25,20.96,78.26,Excellent
STU000105,Aditya Mehta,EEE,B.Tech,3,5,A,21,76.33,74.54,33.76,66.68,71.94,7.58,19.1,60.38,Good
STU000106,Kavya Iyer,Civil,B.Tech,3,6,C,20,87.4,58.21,31.95,65.11,63.98,8.16,20.2,73.85,Average
STU000107,Karan Nair,AI & DS,B.Tech,3,6,C,20,83.18,73.17,31.7,70.26,80.3,8.08,16.7,60.11,Good
STU000108,Isha Mehta,ECE,M.Tech,1,1,B,25,75.82,68.57,33.24,58.04,62.75,7.4,24.77,72.54,Average
STU000109,Krishna Singh,Mechanical,M.Tech,2,4,C,25,77.1,63.58,33.4,52.85,69.41,7.94,21.12,63.49,Average
STU000110,Krishna Bose,Mechanical,B.Tech,1,1,C,20,74.85,83.03,39.52,69.12,81.11,8.87,24.41,79.27,Average
STU000111,Aditya Shah,ECE,B.Tech,4,8,B,22,82.58,59.26,33.4,57.05,56.88,8.03,21.54,64.08,Average
STU000112,Shreya Mehta,AI & DS,B.Tech,1,2,A,19,80.63,65.81,37.3,51.53,76.39,8.32,25.58,62.63,Good
STU000113,Shreya Singh,CSE,M.Tech,1,1,B,22,86.55,85.92,37.65,70.65,76.34,9.17,27.47,68.88,Good
STU000114,Akash Singh,AI & DS,B.Tech,3,6,A,22,86.62,84.14,40.51,62.14,83.87,7.66,17.81,77.14,Good
STU000115,Manish Shah,Mechanical,B.Tech,2,4,B,19,75.27,64.52,28.51,56.61,69.09,7.95,16.19,80.4,Average
STU000116,Meera Singh,AI & DS,B.Tech,2,3,D,21,71.37,72.74,36.73,71.31,85.62,7.98,19.81,75.61,Average
STU000117,Kavya Patel,AI & DS,B.Tech,4,8,D,23,82.63,89.2,36.08,80.5,91.1,8.61,22.84,84.82,Excellent
STU000118,Meera Chatterjee,AI & DS,B.Tech,1,2,B,18,96.1,68.99,29.69,62.67,67.24,6.69,27.19,76.14,Average
STU000119,Krishna Joshi,Mechanical,B.Tech,2,3,D,20,86.21,69.49,26.26,57.4,60.86,7.3,23.69,70.35,Average
STU000120,Rohan Gupta,AI & DS,B.Tech,2,4,C,19,78.48,61.06,28.73,41.62,55.69,7.44,17.07,74.77,Average
STU000121,Akash Sharma,Mechanical,B.Tech,4,7,C,21,77.97,80.37,36.71,78.73,67.94,7.22,24.99,80.8,Average
STU000122,Aarav Sharma,ECE,B.Tech,2,4,B,21,76.45,74.19,36.86,79.38,83.19,7.93,24.82,70.04,Good
STU000123,Sanjay Mehta,ECE,B.Tech,3,6,D,22,72.94,64.91,33.32,65.58,81.59,8.37,17.87,68.99,Average
STU000124,Tanvi Verma,ECE,B.Tech,2,3,A,21,64.46,64.36,29.66,58.23,70.55,7.57,15.7,68.74,At Risk
STU000125,Riya Sharma,EEE,B.Tech,1,2,B,18,85.95,75.73,41.08,67.36,76.11,8.06,18.82,69.7,Good
STU000126,Sai Patel,IT,B.Tech,4,8,B,22,69.83,62.77,24.21,53.57,59.79,7.93,15.75,67.92,Average
STU000127,Shreya Reddy,CSE,B.Tech,1,1,D,20,75.03,70.35,34.31,70.32,85.11,7.73,17.25,76.67,Good
STU000128,Diya Reddy,Mechanical,B.Tech,2,4,C,19,85.91,82.19,37.47,66.6,83.76,7.77,20.69,86.36,Good
STU000129,Meera Bose,CSE,B.Tech,4,8,A,21,77.19,69.75,33.63,73.05,64.21,7.53,20.19,79.36,Average
STU000130,Kavya Das,ECE,B.Tech,2,4,C,20,79.0,67.73,38.65,64.84,65.8,8.11,24.36,87.62,Average
STU000131,Riya Menon,CSE,B.Tech,4,7,D,23,88.01,77.23,37.59,69.63,76.62,7.63,24.18,60.11,Good
STU000132,Vikram Kumar,IT,M.Tech,2,3,C,24,76.84,60.89,28.15,44.1,58.09,7.32,24.16,75.53,Average
STU000133,Surya Krishnan,ECE,B.Tech,1,1,D,20,77.69,71.47,36.11,62.62,72.32,8.14,24.52,81.74,Good
STU000134,Manish Pillai,CSE,M.Tech,1,2,C,23,75.52,71.75,39.72,70.04,79.66,7.59,22.35,69.15,Good
STU000135,Ishaan Joshi,Mechanical,B.Tech,2,3,D,20,88.61,61.63,36.36,64.93,72.68,7.34,19.52,75.16,Good
STU000136,Meera Pillai,AI & DS,B.Tech,2,3,D,20,96.28,86.31,39.8,81.78,94.56,8.25,24.07,86.55,Excellent
STU000137,Nisha Reddy,CSE,B.Tech,4,7,D,21,76.14,61.93,32.42,62.8,68.56,7.55,17.36,59.31,Average
STU000138,Karan Rao,EEE,B.Tech,2,3,B,20,74.38,61.8,28.05,51.37,76.21,8.04,18.38,67.95,Average
STU000139,Karan Krishnan,IT,B.Tech,2,3,B,19,79.52,68.5,34.2,56.08,61.73,7.69,18.92,79.23,Average
STU000140,Varun Mishra,CSE,B.Tech,2,3,A,20,65.32,75.75,34.48,62.03,79.26,8.23,18.13,72.67,Average
STU000141,Sanjay Krishnan,CSE,B.Tech,2,3,C,19,85.37,65.54,33.41,62.82,81.49,8.11,19.12,73.04,Good
STU000142,Meera Kumar,Civil,B.Tech,4,8,A,22,77.94,74.45,32.75,66.09,71.77,7.92,24.02,68.7,Good
STU000143,Aryan Nair,Civil,B.Tech,3,5,B,20,62.06,76.26,41.42,59.9,79.81,8.29,13.77,63.55,At Risk
STU000144,Shreya Das,IT,B.Tech,1,1,B,20,77.51,71.15,34.27,58.55,64.49,8.13,22.02,83.73,Average
STU000145,Sai Reddy,CSE,B.Tech,1,1,C,20,57.45,66.78,29.24,65.44,65.17,7.21,17.57,56.04,At Risk
STU000146,Vikram Sharma,Civil,B.Tech,4,8,C,22,90.8,77.75,31.25,70.17,77.61,7.6,22.04,70.91,Good
STU000147,Isha Patel,CSE,B.Tech,4,7,D,21,96.52,79.57,41.06,71.16,88.05,8.55,27.68,96.72,Excellent
STU000148,Tanvi Nair,AI & DS,B.Tech,2,3,A,21,81.34,81.32,35.28,72.02,57.08,7.71,21.23,84.08,Average
STU000149,Isha Das,ECE,B.Tech,1,2,C,18,89.76,71.49,32.1,55.2,67.97,7.14,25.86,72.24,Average
STU000150,Arjun Singh,AI & DS,B.Tech,2,3,D,21,72.73,79.06,34.25,69.25,81.05,8.65,23.49,70.09,Average
STU000151,Ananya Pillai,ECE,B.Tech,3,6,C,22,79.48,78.59,33.29,65.22,81.56,8.25,26.9,73.78,Good
STU000152,Aditya Patel,IT,B.Tech,3,5,D,20,77.04,75.9,35.41,72.12,81.71,7.79,22.77,56.7,Good
STU000153,Ananya Rao,IT,B.Tech,3,5,D,21,80.88,81.84,42.66,65.17,78.26,8.06,21.35,86.87,Good
STU000154,Zoya Joshi,Mechanical,B.Tech,2,4,A,19,74.05,73.84,35.1,65.93,76.01,7.99,20.18,66.6,Average
STU000155,Ananya Mishra,ECE,B.Tech,3,6,B,21,74.86,62.62,33.97,58.93,87.88,7.92,15.21,61.63,Average
STU000156,Shreya Nair,ECE,B.Tech,4,8,B,22,83.46,82.58,36.92,64.42,82.5,7.3,19.95,84.91,Good
STU000157,Aditya Mehta,CSE,M.Tech,1,1,C,23,88.05,78.56,34.29,70.64,87.95,7.6,31.0,85.57,Excellent
STU000158,Kavya Krishnan,CSE,B.Tech,3,5,A,21,76.45,68.28,33.82,55.19,72.33,8.08,24.63,82.26,Good
STU000159,Meera Shah,Mechanical,B.Tech,1,1,B,18,71.04,59.61,32.24,54.45,67.13,7.45,19.23,78.6,Average
STU000160,Ananya Bose,ECE,B.Tech,2,3,A,19,63.2,83.48,39.02,81.6,94.1,7.91,19.27,83.38,At Risk
STU000161,Aryan Nair,EEE,B.Tech,2,4,C,20,68.27,80.38,44.27,78.15,91.28,7.76,21.33,73.25,Average
STU000162,Riya Nair,CSE,B.Tech,3,5,C,20,82.76,73.79,30.52,68.36,76.53,8.06,23.31,78.41,Good
STU000163,Diya Iyer,CSE,B.Tech,3,5,A,22,69.88,69.94,29.96,50.71,70.84,7.94,19.38,73.75,Average
STU000164,Diya Reddy,CSE,B.Tech,2,4,D,19,83.62,70.5,31.87,64.45,64.37,7.24,19.67,89.71,Average
STU000165,Varun Nair,IT,B.Tech,3,6,D,20,78.43,82.13,40.95,82.55,86.12,8.05,25.68,82.45,Good
STU000166,Aditi Mehta,CSE,B.Tech,2,3,D,20,68.03,78.12,33.55,76.36,79.04,8.62,21.41,75.79,Average
STU000167,Manish Menon,Civil,B.Tech,4,7,C,23,91.3,85.84,38.46,52.14,70.41,7.65,23.65,71.29,Good
STU000168,Ishaan Bose,CSE,B.Tech,3,6,D,20,76.09,64.03,23.79,67.16,69.79,7.7,22.24,73.91,Average
STU000169,Riya Patel,IT,B.Tech,4,7,D,21,74.44,67.58,30.13,63.88,77.61,7.99,21.08,76.26,Average
STU000170,Zoya Verma,CSE,B.Tech,2,4,C,21,84.33,78.94,38.32,79.07,77.24,8.7,19.98,79.28,Good
STU000171,Riya Chatterjee,CSE,M.Tech,2,4,D,24,100,61.51,38.68,65.71,73.51,8.27,27.4,78.88,Good
STU000172,Meera Reddy,CSE,B.Tech,4,8,A,22,100,74.77,31.04,67.02,82.4,8.49,31.68,94.17,Good
STU000173,Manish Menon,AI & DS,B.Tech,1,2,D,19,60.19,70.44,33.87,63.67,59.81,8.24,12.97,64.93,At Risk
STU000174,Yash Sharma,ECE,B.Tech,1,1,C,18,83.81,89.38,33.12,57.87,94.08,7.43,27.36,79.86,Excellent
STU000175,Zoya Nair,ECE,B.Tech,4,8,A,21,98.49,68.46,29.49,65.2,74.99,7.01,27.54,82.87,Good
STU000176,Arjun Krishnan,CSE,B.Tech,1,1,D,20,92.89,73.58,37.78,57.48,75.46,8.15,23.79,83.61,Good
STU000177,Surya Bose,AI & DS,B.Tech,4,7,D,21,78.64,80.89,35.82,67.56,71.02,8.24,27.96,76.98,Good
STU000178,Ishaan Iyer,CSE,B.Tech,4,7,D,23,78.97,64.73,29.89,45.49,58.18,7.58,22.94,71.07,Average
STU000179,Arjun Mehta,IT,B.Tech,2,4,B,19,82.59,70.04,33.14,63.83,62.07,7.96,19.69,73.68,Average
STU000180,Sai Shah,ECE,B.Tech,3,5,D,20,85.35,81.58,39.48,69.02,63.95,7.56,20.5,77.79,Average
STU000181,Sanjay Sharma,AI & DS,B.Tech,4,8,C,21,71.68,66.63,29.3,53.0,65.33,7.36,19.49,83.48,Average
STU000182,Surya Mishra,AI & DS,B.Tech,3,5,A,21,80.87,77.41,32.05,75.19,85.07,7.97,25.89,70.77,Excellent
STU000183,Akash Joshi,Mechanical,B.Tech,1,2,C,18,70.91,69.87,31.06,60.81,69.34,7.97,15.26,67.38,Average
STU000184,Arjun Rao,Mechanical,B.Tech,4,7,A,23,84.04,65.61,31.76,63.7,66.44,7.35,19.71,70.21,Average
STU000185,Aarav Singh,CSE,B.Tech,2,4,B,21,78.4,79.86,34.29,55.44,63.09,7.75,19.71,60.9,Average
STU000186,Sanjay Krishnan,AI & DS,B.Tech,3,5,D,21,66.34,75.29,34.68,83.22,79.43,8.26,22.0,69.39,Average
STU000187,Akash Chatterjee,EEE,B.Tech,3,6,A,21,73.54,69.69,30.68,58.01,70.34,7.64,24.53,64.69,Average
STU000188,Yash Joshi,ECE,B.Tech,2,4,D,21,91.27,75.0,35.73,68.85,74.79,7.83,22.92,79.96,Good
STU000189,Rahul Shah,ECE,B.Tech,2,3,D,19,87.55,73.67,36.79,60.43,83.99,8.41,17.82,88.01,Good
STU000190,Akash Nair,Civil,B.Tech,3,5,A,21,93.53,51.64,27.85,48.16,63.02,6.32,17.3,80.49,Average
STU000191,Isha Mishra,CSE,B.Tech,4,7,C,21,83.96,79.92,37.1,68.97,89.29,8.45,21.58,73.67,Excellent
STU000192,Aarav Singh,Civil,B.Tech,2,3,D,21,87.86,69.34,29.54,56.23,59.77,7.11,23.79,84.92,Average
STU000193,Diya Verma,CSE,B.Tech,3,6,D,20,86.55,62.23,30.72,50.67,70.83,7.78,21.0,72.25,Good
STU000194,Nikhil Krishnan,IT,B.Tech,2,4,A,20,84.62,73.52,38.01,80.89,83.85,8.52,28.24,81.86,Good
STU000195,Aryan Pillai,EEE,B.Tech,1,2,A,20,80.94,78.8,40.14,74.24,79.12,7.9,22.18,86.21,Good
STU000196,Zoya Kumar,AI & DS,B.Tech,2,3,A,19,90.67,77.39,33.87,60.48,76.18,7.21,24.69,72.92,Good
STU000197,Pooja Gupta,Mechanical,B.Tech,2,4,A,19,83.05,78.52,36.92,71.39,86.96,8.38,18.14,77.23,Excellent
STU000198,Varun Chatterjee,ECE,B.Tech,2,4,C,20,76.19,76.25,31.18,66.43,80.07,8.03,18.13,69.46,Good
STU000199,Akash Menon,AI & DS,B.Tech,3,5,A,20,93.29,59.9,24.3,61.61,72.11,7.16,26.22,71.55,Good
STU000200,Ananya Gupta,CSE,M.Tech,2,3,D,24,71.29,62.09,33.05,65.37,65.41,8.64,13.61,55.59,Average
STU000201,Isha Pillai,EEE,B.Tech,2,3,A,21,79.64,70.99,24.85,55.6,64.89,6.78,22.29,73.04,Average
STU000202,Zoya Das,Civil,B.Tech,2,4,C,20,87.46,77.91,38.64,70.12,71.32,8.31,26.88,82.79,Good
STU000203,Rohan Joshi,AI & DS,M.Tech,1,2,D,25,92.11,81.97,36.01,65.71,73.85,8.75,17.6,78.26,Good
STU000204,Sanjay Iyer,Civil,B.Tech,4,7,D,23,74.91,65.91,35.73,64.03,62.44,7.69,19.39,69.44,Average
STU000205,Bhavya Das,CSE,B.Tech,2,3,C,19,65.76,68.35,30.06,48.28,74.16,8.18,18.69,73.41,Average
STU000206,Riya Pillai,ECE,B.Tech,2,3,A,19,80.42,62.55,28.79,56.16,61.75,6.72,16.37,58.84,Average
STU000207,Krishna Kumar,IT,B.Tech,2,3,C,20,76.25,75.98,40.91,76.38,73.07,8.64,23.5,66.24,Good
STU000208,Pooja Shah,CSE,B.Tech,3,6,B,22,73.78,59.09,26.62,47.26,67.39,7.31,21.58,77.0,Average
STU000209,Aditya Joshi,Civil,B.Tech,1,1,A,18,75.58,73.55,29.17,58.04,80.89,7.84,17.9,75.72,Good
STU000210,Varun Singh,Civil,B.Tech,2,3,C,19,80.97,73.58,33.64,63.07,68.84,7.57,22.53,64.86,Average
STU000211,Nikhil Sharma,IT,B.Tech,3,6,B,22,86.77,68.79,35.7,60.64,70.75,7.77,20.55,84.98,Good
STU000212,Karan Pillai,AI & DS,B.Tech,2,4,C,19,69.99,60.43,28.38,51.32,51.94,6.84,14.17,76.78,At Risk
STU000213,Aarav Iyer,CSE,B.Tech,4,7,C,21,85.84,60.37,31.14,75.17,58.84,7.78,25.11,89.23,Average
STU000214,Zoya Patel,Mechanical,B.Tech,2,4,C,21,84.79,60.08,29.27,51.45,64.71,7.75,24.57,77.9,Average
STU000215,Tanvi Reddy,AI & DS,B.Tech,3,6,B,20,82.22,83.24,43.49,75.92,80.43,7.93,20.42,85.25,Good
STU000216,Shreya Iyer,Mechanical,B.Tech,4,7,A,21,88.55,71.1,37.28,63.01,80.53,8.14,23.13,66.69,Good
STU000217,Isha Krishnan,ECE,B.Tech,1,2,A,20,79.59,76.89,31.47,63.32,71.08,7.52,27.14,75.21,Good
STU000218,Sai Kumar,CSE,B.Tech,3,6,C,21,88.73,68.13,36.55,68.07,77.1,8.18,19.91,78.35,Good
STU000219,Ananya Rao,ECE,B.Tech,2,4,B,19,74.83,70.47,22.99,52.98,65.82,8.26,22.66,70.28,Average
STU000220,Sanjay Verma,Mechanical,B.Tech,2,3,C,20,91.07,74.38,38.28,69.61,90.72,8.81,26.33,80.32,Excellent
STU000221,Arjun Gupta,IT,B.Tech,3,6,D,20,77.02,73.05,30.02,69.99,79.9,7.72,20.6,79.85,Good
STU000222,Yash Nair,Civil,B.Tech,2,3,A,21,72.76,65.38,29.9,61.77,68.74,8.22,13.0,56.48,Average
STU000223,Ishaan Mishra,AI & DS,B.Tech,3,6,A,21,86.2,68.56,34.84,53.1,67.42,7.16,17.2,69.91,Average
STU000224,Nisha Gupta,IT,B.Tech,4,8,C,21,75.86,74.48,33.71,71.6,75.46,8.14,27.78,80.55,Good
STU000225,Diya Das,EEE,B.Tech,4,7,A,22,70.23,61.51,30.15,52.36,58.99,8.06,18.41,81.43,Average
STU000226,Surya Sharma,CSE,B.Tech,3,6,B,20,80.93,82.28,39.71,60.39,78.27,8.48,19.89,84.84,Good
STU000227,Pooja Reddy,AI & DS,B.Tech,2,4,A,21,71.45,84.47,34.96,75.59,72.36,8.61,26.41,72.61,Average
STU000228,Ananya Singh,CSE,B.Tech,4,7,B,21,78.81,71.31,39.92,60.85,79.42,8.41,13.52,78.56,Good
STU000229,Aarav Shah,AI & DS,B.Tech,1,2,D,20,62.79,68.09,32.74,75.28,83.37,8.6,24.6,61.25,At Risk
STU000230,Arjun Rao,ECE,B.Tech,1,1,D,18,76.19,72.19,35.09,57.86,72.28,7.41,16.55,61.37,Good
STU000231,Tanvi Bose,EEE,B.Tech,3,6,A,20,76.13,67.71,33.45,58.1,65.02,8.45,20.57,67.98,Average
STU000232,Manish Das,AI & DS,B.Tech,4,8,D,22,75.59,75.34,36.17,70.79,75.84,6.81,24.78,76.35,Good
STU000233,Arjun Reddy,Civil,M.Tech,1,2,C,25,66.11,75.82,29.16,56.68,73.88,8.04,17.59,73.5,Average
STU000234,Aditya Chatterjee,AI & DS,B.Tech,1,1,C,19,68.35,69.37,36.3,60.63,63.02,8.62,16.25,61.96,Average
STU000235,Arjun Krishnan,ECE,B.Tech,2,4,B,20,59.0,59.11,28.79,62.06,62.49,7.72,16.72,64.38,At Risk
STU000236,Nikhil Krishnan,AI & DS,B.Tech,3,5,B,21,77.03,70.51,33.07,56.14,84.62,8.3,18.28,78.08,Good
STU000237,Manish Singh,Civil,B.Tech,4,7,D,23,62.73,73.04,33.65,70.36,76.86,8.51,16.8,67.44,At Risk
STU000238,Kavya Mishra,Civil,B.Tech,3,6,C,22,96.62,66.99,34.66,66.83,69.9,7.57,17.12,85.71,Average
STU000239,Aditya Mishra,Mechanical,B.Tech,2,3,B,19,96.16,72.16,31.36,58.89,67.2,7.83,21.59,89.4,Average
STU000240,Vikram Iyer,AI & DS,B.Tech,3,5,C,20,69.26,73.88,31.05,65.78,59.26,7.86,25.23,82.89,Average
STU000241,Tanvi Kumar,Mechanical,B.Tech,1,2,B,20,83.43,72.94,40.93,62.79,77.61,7.26,26.18,80.85,Good
STU000242,Ishaan Mishra,ECE,B.Tech,3,5,D,21,87.09,75.01,38.3,63.36,78.01,7.74,21.26,81.55,Good
STU000243,Varun Verma,Civil,B.Tech,4,8,C,23,67.39,80.43,36.53,55.27,73.05,7.48,17.93,75.54,Average
STU000244,Zoya Das,AI & DS,B.Tech,3,5,D,20,79.15,86.0,43.32,68.39,91.8,8.75,24.36,80.39,Good
STU000245,Pooja Gupta,IT,B.Tech,3,5,B,22,70.04,76.48,35.24,64.35,81.55,8.71,17.95,66.73,Average
STU000246,Ananya Mishra,EEE,B.Tech,4,7,D,23,72.49,68.86,30.64,61.92,72.86,8.48,22.24,62.76,Average
STU000247,Aditya Joshi,ECE,B.Tech,4,8,C,21,79.8,68.48,33.27,58.41,69.19,8.25,19.09,82.99,Average
STU000248,Rahul Joshi,Civil,B.Tech,4,7,C,23,72.27,68.58,25.69,52.01,71.29,8.3,19.31,68.99,Average
STU000249,Yash Rao,ECE,B.Tech,1,1,C,19,81.34,69.04,36.09,58.72,62.71,8.32,21.75,72.69,Average
STU000250,Nisha Rao,CSE,B.Tech,3,6,C,20,88.07,81.42,35.3,78.36,87.88,7.91,26.5,78.33,Excellent
STU000251,Karan Iyer,EEE,B.Tech,3,5,A,20,82.72,75.28,35.69,73.37,79.46,7.66,19.74,88.05,Good
STU000252,Ishaan Patel,AI & DS,B.Tech,4,8,A,21,92.85,68.6,36.9,63.2,90.39,7.98,25.66,62.4,Excellent
STU000253,Aryan Pillai,AI & DS,B.Tech,4,8,C,21,72.07,69.15,36.44,75.08,79.64,8.77,21.34,77.72,Average
STU000254,Bhavya Singh,Mechanical,B.Tech,4,7,B,22,78.56,74.69,39.58,65.33,68.59,8.38,19.14,82.2,Average
STU000255,Rohan Patel,EEE,B.Tech,2,3,A,21,77.93,73.89,36.9,60.16,78.36,8.33,21.02,67.53,Good
STU000256,Aditya Mishra,CSE,B.Tech,1,2,B,19,94.32,75.12,34.32,60.47,66.76,7.51,21.18,75.45,Average
STU000257,Sanjay Das,Mechanical,B.Tech,4,8,B,23,66.8,70.94,34.17,48.0,69.69,6.76,21.35,64.01,Average
STU000258,Riya Shah,CSE,B.Tech,4,8,C,21,69.7,63.7,31.96,53.73,65.21,7.87,15.26,69.24,Average
STU000259,Sanjay Singh,EEE,B.Tech,1,2,B,18,65.95,70.47,30.78,64.26,68.93,7.91,20.42,67.13,Average
STU000260,Ananya Rao,EEE,B.Tech,2,3,D,19,72.59,69.16,27.9,63.06,73.73,7.0,17.91,75.8,Average
STU000261,Sai Das,CSE,B.Tech,1,2,B,20,75.74,68.62,28.67,66.43,76.09,7.39,20.13,70.26,Good
STU000262,Tanvi Verma,Mechanical,B.Tech,1,2,D,18,92.42,47.98,25.33,58.15,57.35,6.84,19.42,68.6,Average
STU000263,Manish Kumar,EEE,B.Tech,2,3,C,21,89.29,73.35,33.19,61.75,70.8,7.71,22.56,80.18,Good
STU000264,Ananya Verma,Civil,B.Tech,3,6,A,20,80.28,71.89,36.31,60.27,70.39,7.66,27.4,79.52,Good
STU000265,Aarav Mehta,Civil,B.Tech,1,1,D,18,84.02,79.34,31.15,65.6,85.56,8.11,18.85,71.31,Excellent
STU000266,Rohan Reddy,CSE,B.Tech,3,6,B,21,87.04,82.98,39.17,70.84,77.58,9.45,24.05,75.63,Good
STU000267,Meera Singh,ECE,B.Tech,4,7,D,21,70.98,62.02,26.69,46.81,53.16,7.51,21.38,68.39,At Risk
STU000268,Ishaan Das,CSE,B.Tech,3,6,D,20,87.4,78.19,32.9,68.01,72.79,7.4,25.25,77.44,Good
STU000269,Aditi Verma,CSE,B.Tech,2,3,A,19,90.1,80.21,36.39,69.29,81.72,9.02,19.53,69.75,Good
STU000270,Nisha Patel,CSE,B.Tech,2,3,D,21,56.36,51.89,24.71,50.3,54.85,6.94,11.08,67.02,At Risk
STU000271,Arjun Menon,ECE,M.Tech,1,1,C,24,80.17,74.24,34.2,58.77,85.04,8.43,17.63,80.58,Excellent
STU000272,Nikhil Mehta,CSE,M.Tech,1,2,C,23,78.1,74.65,41.21,52.84,70.62,8.0,25.03,84.96,Good
STU000273,Tanvi Rao,IT,B.Tech,1,1,B,18,73.34,78.4,29.73,56.66,76.27,8.23,26.32,76.27,Average
STU000274,Isha Verma,IT,B.Tech,2,4,B,21,69.57,68.54,28.17,63.53,59.41,7.56,20.4,56.12,Average
STU000275,Kavya Iyer,CSE,B.Tech,1,2,B,19,64.88,77.32,30.46,63.85,67.41,8.2,15.22,68.29,At Risk
STU000276,Yash Nair,CSE,B.Tech,3,6,B,22,90.19,68.51,34.94,68.79,82.22,8.65,24.11,86.23,Good
STU000277,Meera Shah,CSE,B.Tech,4,8,D,22,95.31,72.68,36.95,65.01,64.92,8.13,26.34,97.94,Average
STU000278,Akash Kumar,ECE,B.Tech,4,7,A,22,86.88,59.95,33.4,50.38,61.64,7.63,19.47,73.2,Average
STU000279,Diya Mehta,AI & DS,B.Tech,3,5,B,21,90.53,61.44,31.96,66.99,76.71,8.04,23.1,86.17,Good
STU000280,Arjun Pillai,ECE,B.Tech,2,3,B,21,77.78,75.45,33.52,64.64,66.88,7.77,24.51,70.62,Average
STU000281,Varun Rao,Mechanical,B.Tech,2,3,D,21,84.02,84.01,40.87,74.75,83.76,7.69,26.98,74.83,Good
STU000282,Aarav Singh,EEE,B.Tech,2,4,C,19,75.03,80.07,41.39,64.41,81.81,7.54,21.93,72.75,Good
STU000283,Isha Rao,IT,B.Tech,2,4,B,19,73.89,76.66,37.07,84.27,95.78,8.33,22.82,73.7,Average
STU000284,Nisha Verma,EEE,B.Tech,2,3,C,21,77.49,70.49,36.06,66.59,79.86,7.96,23.64,76.29,Good
STU000285,Diya Chatterjee,ECE,B.Tech,2,4,A,19,77.35,61.34,32.41,59.93,62.79,8.62,17.13,80.9,Average
STU000286,Rohan Joshi,EEE,B.Tech,4,7,B,21,63.4,69.25,26.55,62.04,66.01,7.8,14.94,56.87,At Risk
STU000287,Karan Kumar,EEE,B.Tech,1,2,C,20,82.25,72.5,36.62,52.04,65.57,7.77,25.51,74.32,Average
STU000288,Riya Krishnan,AI & DS,B.Tech,4,7,B,21,73.46,58.14,31.26,58.23,57.92,7.9,18.42,81.72,Average
STU000289,Riya Patel,ECE,B.Tech,3,5,B,20,86.2,66.9,36.08,70.01,65.44,8.56,21.18,70.52,Average
STU000290,Kavya Verma,AI & DS,B.Tech,2,3,C,20,87.01,74.65,35.21,59.72,77.11,8.61,26.39,67.28,Good
STU000291,Arjun Verma,IT,B.Tech,3,5,A,20,68.9,71.66,31.85,79.84,78.51,8.2,15.6,58.98,Average
STU000292,Aryan Kumar,ECE,B.Tech,3,6,C,22,65.19,68.54,29.46,63.08,72.93,7.91,22.09,68.03,Average
STU000293,Arjun Shah,ECE,B.Tech,3,6,C,22,75.99,83.15,34.91,68.59,76.72,7.4,26.1,71.92,Good
STU000294,Vikram Iyer,AI & DS,B.Tech,4,7,C,22,84.85,69.24,35.57,69.5,60.79,7.91,15.06,68.38,Average
STU000295,Ananya Mishra,ECE,B.Tech,4,7,B,21,95.82,80.61,43.93,73.27,93.04,8.39,28.21,99.72,Excellent
STU000296,Meera Krishnan,CSE,B.Tech,2,3,B,20,76.41,64.61,33.65,53.51,62.31,7.55,19.09,71.9,Average
STU000297,Vikram Verma,CSE,B.Tech,1,1,D,18,75.82,81.2,38.46,56.77,68.28,8.16,15.3,78.91,Average
STU000298,Aarav Nair,ECE,B.Tech,2,3,A,20,69.86,66.89,30.68,59.71,70.75,6.83,15.42,75.16,Average
STU000299,Arjun Bose,Mechanical,B.Tech,3,5,D,22,92.69,84.62,36.11,75.91,82.11,7.89,27.99,81.82,Good
STU000300,Sneha Verma,CSE,M.Tech,2,4,A,25,86.81,76.61,28.31,61.43,82.15,8.31,24.2,73.79,Good
STU000301,Aditi Nair,Mechanical,B.Tech,4,8,B,23,82.17,79.21,33.36,63.77,75.14,6.96,25.52,71.87,Good
STU000302,Sai Singh,Mechanical,B.Tech,4,8,B,21,69.57,70.79,34.88,53.13,64.91,6.96,20.47,65.04,Average
STU000303,Nisha Das,CSE,B.Tech,4,8,C,23,72.57,75.49,33.71,59.84,66.6,6.74,28.17,71.7,Average
STU000304,Rohan Shah,ECE,B.Tech,1,2,A,19,80.98,72.18,33.04,64.82,64.7,7.23,16.4,64.72,Average
STU000305,Aditi Rao,AI & DS,M.Tech,2,3,A,24,72.59,65.94,29.82,59.68,65.15,7.53,23.09,75.83,Average
STU000306,Meera Mishra,ECE,B.Tech,1,1,B,19,64.62,69.91,26.96,58.65,72.7,7.71,24.58,61.72,At Risk
STU000307,Sai Patel,CSE,B.Tech,1,1,B,18,67.61,56.45,23.77,55.71,67.62,7.81,13.79,68.99,Average
STU000308,Aarav Rao,EEE,B.Tech,1,2,D,18,75.29,65.49,28.01,65.72,79.23,7.69,16.83,74.63,Good
STU000309,Meera Bose,IT,B.Tech,3,6,C,20,76.55,82.32,39.65,60.59,84.96,9.08,18.07,79.31,Good
STU000310,Arjun Patel,Mechanical,B.Tech,2,3,A,21,76.92,66.51,33.46,57.37,67.44,7.85,17.15,69.19,Average
STU000311,Ananya Das,IT,B.Tech,2,4,A,21,76.93,82.06,38.76,74.71,88.93,7.81,26.79,71.64,Good
STU000312,Kavya Chatterjee,IT,B.Tech,4,7,B,22,81.55,74.05,32.79,79.52,85.37,8.42,20.61,71.75,Excellent
STU000313,Ishaan Sharma,AI & DS,B.Tech,1,2,D,20,89.49,72.03,34.05,54.62,79.01,8.66,21.8,85.02,Good
STU000314,Aarav Mehta,IT,B.Tech,3,6,C,22,69.67,81.56,32.4,70.62,70.7,7.27,19.36,72.74,Average
STU000315,Pooja Kumar,IT,B.Tech,4,8,C,23,79.34,75.92,31.16,69.2,64.64,9.24,25.95,73.32,Average
STU000316,Zoya Mehta,CSE,B.Tech,4,8,D,22,68.92,78.97,38.0,67.68,69.79,8.22,20.79,64.54,Average
STU000317,Ishaan Bose,CSE,B.Tech,3,5,D,22,78.66,75.98,38.87,51.46,70.76,7.79,23.41,69.16,Good
STU000318,Isha Bose,CSE,B.Tech,2,3,A,21,83.2,66.95,29.38,54.28,54.39,7.85,22.19,76.25,At Risk
STU000319,Krishna Patel,CSE,B.Tech,1,1,B,20,81.27,84.01,39.86,64.66,78.15,7.72,26.84,71.65,Good
STU000320,Zoya Reddy,EEE,B.Tech,1,1,D,18,81.34,79.33,31.74,66.17,81.22,8.29,25.07,78.65,Good
STU000321,Arjun Rao,CSE,B.Tech,1,1,D,19,62.55,68.32,31.29,63.91,76.46,7.52,16.8,77.05,At Risk
STU000322,Yash Mishra,AI & DS,B.Tech,2,4,A,19,62.43,63.03,29.45,56.03,64.15,7.97,17.15,65.84,At Risk
STU000323,Zoya Pillai,CSE,B.Tech,1,2,C,20,85.18,75.01,27.19,70.8,87.75,7.46,27.92,78.62,Excellent
STU000324,Zoya Patel,CSE,B.Tech,4,7,B,22,69.91,67.21,33.62,63.6,68.97,7.96,17.9,68.03,Average
STU000325,Vikram Shah,IT,B.Tech,4,8,C,22,87.99,76.68,36.2,77.05,91.02,7.49,18.2,86.82,Excellent
STU000326,Tanvi Singh,CSE,B.Tech,3,6,B,22,62.28,68.34,33.2,56.72,65.95,7.62,22.31,66.56,At Risk
STU000327,Zoya Singh,AI & DS,B.Tech,2,4,A,21,73.17,64.18,35.28,61.58,67.32,8.59,21.02,74.46,Average
STU000328,Diya Mehta,CSE,B.Tech,4,8,C,21,82.97,80.02,30.2,71.58,76.97,8.24,25.74,90.27,Good
STU000329,Rohan Patel,CSE,B.Tech,4,8,A,23,84.39,62.26,27.86,60.15,77.41,7.18,22.23,69.24,Good
STU000330,Bhavya Mishra,ECE,M.Tech,2,4,D,23,82.07,69.46,29.67,64.99,69.83,7.44,24.28,77.97,Average
STU000331,Pooja Das,Mechanical,B.Tech,2,4,C,20,71.83,67.75,34.88,61.86,77.57,8.15,20.51,77.25,Average
STU000332,Aditi Rao,EEE,B.Tech,1,2,A,19,91.04,86.82,37.08,85.17,86.0,8.34,31.56,87.9,Excellent
STU000333,Riya Mishra,ECE,B.Tech,2,3,D,20,84.95,73.58,29.96,52.36,69.74,7.44,22.54,72.6,Average
STU000334,Isha Krishnan,EEE,B.Tech,4,7,B,22,73.98,76.22,34.09,63.42,92.56,8.27,18.25,76.83,Average
STU000335,Isha Krishnan,AI & DS,M.Tech,1,2,A,23,85.4,83.48,37.96,67.41,86.18,8.49,23.67,85.51,Excellent
STU000336,Ishaan Bose,AI & DS,M.Tech,2,3,D,24,69.04,71.49,40.4,76.15,74.48,8.69,20.11,73.2,Average
STU000337,Manish Gupta,Mechanical,M.Tech,2,4,A,26,89.66,81.14,37.85,66.0,74.01,8.07,26.44,77.0,Good
STU000338,Pooja Joshi,CSE,B.Tech,4,8,D,23,89.94,78.92,40.64,60.79,79.91,7.2,18.62,77.79,Good
STU000339,Yash Pillai,AI & DS,M.Tech,1,2,D,25,63.06,73.39,36.66,65.01,72.97,8.45,12.08,75.8,At Risk
STU000340,Rahul Bose,IT,B.Tech,4,8,D,21,62.36,72.84,37.13,59.18,77.33,8.0,22.5,63.71,At Risk
STU000341,Aditi Iyer,AI & DS,B.Tech,4,8,A,21,91.26,74.61,37.72,74.08,72.52,7.71,19.54,87.0,Good
STU000342,Akash Nair,Mechanical,B.Tech,1,1,D,20,73.25,53.44,26.84,52.71,55.1,6.95,15.98,64.35,Average
STU000343,Aryan Chatterjee,AI & DS,B.Tech,2,3,A,19,82.95,79.14,33.14,64.87,69.84,8.26,21.78,87.38,Average
STU000344,Ishaan Pillai,Mechanical,B.Tech,3,5,C,21,77.91,74.8,36.7,73.49,79.08,8.36,22.82,79.82,Good
STU000345,Karan Rao,CSE,B.Tech,1,1,A,19,80.72,61.42,36.65,50.97,69.42,8.5,22.37,74.64,Average
STU000346,Kavya Iyer,CSE,B.Tech,2,4,B,21,65.17,75.22,33.0,58.59,73.15,8.15,27.41,73.66,Average
STU000347,Ishaan Gupta,CSE,B.Tech,1,1,C,18,88.57,75.27,35.49,68.99,77.94,8.44,22.09,84.5,Good
STU000348,Krishna Pillai,IT,B.Tech,2,4,A,21,86.76,85.31,36.03,74.52,82.58,8.64,23.47,86.17,Good
STU000349,Sanjay Rao,Civil,B.Tech,2,3,A,21,85.08,79.91,35.81,70.89,81.44,7.86,24.56,83.5,Good
STU000350,Yash Joshi,ECE,B.Tech,3,5,D,20,78.1,75.37,39.21,68.6,79.32,7.38,31.41,83.45,Good
STU000351,Kavya Verma,CSE,M.Tech,2,4,D,26,71.21,63.45,22.69,57.37,69.93,7.76,21.94,54.89,Average
STU000352,Sneha Mishra,CSE,B.Tech,4,8,D,21,74.1,66.46,30.16,53.17,69.26,7.77,15.45,80.92,Average
STU000353,Riya Nair,ECE,B.Tech,4,8,C,21,78.66,66.56,31.52,62.32,77.55,7.8,20.58,62.7,Good
STU000354,Bhavya Mehta,AI & DS,B.Tech,1,1,B,19,88.63,80.73,35.27,75.49,75.74,7.28,23.27,74.12,Good
STU000355,Zoya Krishnan,ECE,B.Tech,4,7,A,21,90.97,73.75,38.89,68.08,68.11,8.35,18.14,89.47,Average
STU000356,Sai Bose,Mechanical,B.Tech,4,8,A,23,71.37,69.48,31.67,71.29,73.55,8.25,21.48,89.29,Average
STU000357,Rohan Menon,CSE,B.Tech,3,5,D,20,83.65,64.93,28.43,68.98,75.53,7.37,26.06,87.09,Good
STU000358,Rohan Mishra,CSE,B.Tech,4,7,D,23,82.6,64.2,30.31,70.71,78.9,6.78,19.74,86.74,Good
STU000359,Sneha Singh,ECE,B.Tech,3,6,C,22,86.63,65.41,31.36,79.38,80.22,6.83,22.61,67.44,Good
STU000360,Surya Mehta,EEE,M.Tech,1,1,A,24,88.14,63.05,30.71,55.08,61.02,7.18,20.69,76.94,Average
STU000361,Akash Pillai,AI & DS,B.Tech,2,4,B,21,61.77,61.64,29.31,60.28,59.15,8.46,18.93,73.25,At Risk
STU000362,Meera Mehta,CSE,B.Tech,2,4,C,21,67.14,70.06,36.55,67.99,82.18,8.78,14.46,61.94,Average
STU000363,Aditya Mishra,CSE,B.Tech,1,2,D,19,80.68,68.27,27.8,47.22,66.01,6.04,23.28,75.81,Average
STU000364,Bhavya Pillai,Civil,B.Tech,1,1,C,20,71.46,85.71,36.46,72.63,84.69,8.1,19.96,66.95,Average
STU000365,Krishna Gupta,Mechanical,B.Tech,3,5,B,20,72.77,64.97,22.48,56.44,68.47,7.13,23.44,56.14,Average
STU000366,Rahul Sharma,ECE,B.Tech,1,1,C,20,77.66,71.67,31.69,56.74,71.55,7.41,19.05,77.25,Good
STU000367,Sneha Gupta,EEE,M.Tech,1,2,C,23,79.3,73.91,27.84,48.23,76.41,8.08,19.35,69.48,Good
STU000368,Surya Verma,AI & DS,M.Tech,1,1,B,23,75.86,82.27,33.35,74.96,77.37,8.93,16.65,74.35,Good
STU000369,Diya Sharma,Mechanical,B.Tech,1,2,C,20,78.48,66.9,31.26,51.15,57.2,6.96,17.26,66.59,Average
STU000370,Diya Gupta,ECE,B.Tech,3,6,B,20,94.4,63.76,37.52,53.21,75.64,8.02,20.2,90.4,Good
STU000371,Arjun Das,CSE,B.Tech,3,5,A,20,84.93,78.13,31.5,53.72,60.81,8.53,16.47,73.53,Average
STU000372,Zoya Iyer,CSE,B.Tech,2,4,D,20,76.87,60.91,30.48,70.71,64.79,8.05,19.67,71.97,Average
STU000373,Nikhil Singh,CSE,B.Tech,3,5,D,22,88.05,71.31,34.27,61.06,69.43,7.76,24.27,69.56,Average
STU000374,Akash Verma,EEE,M.Tech,2,3,A,23,82.01,57.3,29.7,60.01,65.92,7.7,20.47,79.49,Average
STU000375,Rohan Das,IT,B.Tech,3,6,C,20,89.04,71.27,32.62,62.15,76.07,8.27,19.92,83.74,Good
STU000376,Nikhil Pillai,CSE,B.Tech,4,8,A,22,89.62,61.9,33.6,60.5,82.26,6.36,25.64,91.19,Good
STU000377,Sai Krishnan,AI & DS,B.Tech,3,5,D,20,80.66,62.19,37.69,70.08,75.45,8.15,22.57,86.51,Good
STU000378,Karan Shah,ECE,B.Tech,2,4,A,20,88.1,70.51,32.89,64.58,74.19,8.41,18.61,73.42,Good
STU000379,Yash Das,IT,B.Tech,4,8,A,22,94.27,74.06,34.27,55.46,75.66,8.05,27.85,85.8,Good
STU000380,Ananya Krishnan,EEE,B.Tech,1,1,D,18,82.32,73.85,33.88,57.26,69.79,7.58,16.35,79.35,Average
STU000381,Zoya Shah,IT,B.Tech,4,7,B,21,85.7,83.13,44.71,75.34,84.26,9.38,24.25,86.22,Good
STU000382,Tanvi Reddy,Mechanical,M.Tech,1,1,C,22,71.84,65.29,24.53,50.98,58.48,7.93,18.07,69.27,Average
STU000383,Rahul Singh,CSE,B.Tech,4,8,B,23,75.5,78.48,34.39,78.43,79.85,8.23,19.54,74.66,Good
STU000384,Vikram Menon,ECE,B.Tech,1,2,A,18,81.35,59.93,27.58,67.75,69.45,6.89,21.49,67.99,Average
STU000385,Nikhil Iyer,Civil,B.Tech,1,2,C,19,89.22,77.62,31.0,61.12,74.12,7.75,20.7,77.14,Good
STU000386,Sneha Rao,ECE,B.Tech,4,8,B,21,74.45,65.28,36.53,52.58,60.23,7.19,21.27,59.35,Average
STU000387,Yash Shah,CSE,B.Tech,2,4,B,19,68.64,73.2,32.36,62.31,80.19,7.71,16.68,75.37,Average
STU000388,Surya Mishra,CSE,B.Tech,2,3,D,20,84.89,78.39,38.49,74.98,76.54,8.35,24.44,73.13,Good
STU000389,Ananya Gupta,Mechanical,B.Tech,3,6,D,21,82.82,62.35,26.33,49.95,65.69,6.97,17.77,67.36,Average
STU000390,Vikram Nair,IT,B.Tech,4,8,C,22,73.53,63.62,30.02,55.02,52.75,7.98,25.43,75.47,At Risk
STU000391,Aryan Shah,IT,B.Tech,4,7,C,23,69.39,70.18,32.74,66.35,81.75,8.48,14.17,76.37,Average
STU000392,Manish Iyer,IT,B.Tech,2,4,A,21,87.05,72.22,36.25,70.93,84.2,8.23,26.06,88.3,Good
STU000393,Aryan Chatterjee,EEE,B.Tech,3,5,C,20,77.04,85.86,36.97,80.1,80.4,8.93,16.4,73.12,Good
STU000394,Sanjay Verma,EEE,B.Tech,1,2,A,20,80.9,75.78,31.38,68.94,74.37,8.16,24.9,68.51,Good
STU000395,Surya Singh,Civil,B.Tech,2,3,A,20,95.02,78.3,32.78,66.77,75.12,7.68,28.04,88.79,Good
STU000396,Sneha Patel,CSE,B.Tech,4,7,C,23,76.28,72.09,38.44,68.17,69.32,8.4,16.07,74.54,Average
STU000397,Sneha Das,Mechanical,B.Tech,1,1,D,19,73.28,80.71,31.36,65.7,75.24,8.86,16.06,76.67,Average
STU000398,Rahul Pillai,EEE,B.Tech,4,7,D,23,61.4,76.89,31.54,60.3,71.3,8.55,18.75,69.87,At Risk
STU000399,Bhavya Das,AI & DS,B.Tech,1,2,C,20,90.65,66.64,37.06,62.03,73.71,7.79,16.13,86.26,Good
STU000400,Sanjay Das,AI & DS,B.Tech,4,7,B,21,77.76,64.13,31.42,55.57,75.59,7.94,17.65,68.84,Good
STU000401,Tanvi Das,CSE,B.Tech,4,8,A,21,77.68,62.63,29.66,67.16,64.42,7.83,22.56,69.77,Average
STU000402,Bhavya Chatterjee,Mechanical,M.Tech,2,4,B,24,69.05,65.18,30.16,61.37,73.42,8.09,20.06,70.73,Average
STU000403,Pooja Kumar,Civil,B.Tech,3,5,B,20,87.23,79.22,33.46,74.12,78.4,7.91,24.43,80.54,Good
STU000404,Diya Pillai,CSE,B.Tech,1,2,C,20,74.77,67.84,37.6,67.62,71.44,7.66,21.81,77.27,Average
STU000405,Arjun Menon,EEE,B.Tech,4,8,C,23,89.86,85.99,39.99,66.35,83.69,8.05,21.22,78.89,Good
STU000406,Karan Sharma,Mechanical,B.Tech,3,6,A,22,82.84,66.55,35.41,78.59,90.03,7.99,23.69,81.0,Excellent
STU000407,Aryan Krishnan,AI & DS,B.Tech,4,8,C,23,74.0,74.39,31.2,62.57,75.25,7.93,20.86,77.27,Average
STU000408,Nikhil Mehta,CSE,B.Tech,3,6,C,20,83.52,81.29,39.64,81.75,96.94,9.52,23.62,84.69,Excellent
STU000409,Aditi Gupta,IT,B.Tech,1,2,B,18,86.3,60.14,31.03,51.36,65.65,7.2,21.41,75.8,Average
STU000410,Tanvi Krishnan,ECE,B.Tech,1,2,B,20,89.87,65.17,39.08,67.05,65.32,8.38,25.15,95.45,Average
STU000411,Aditya Menon,ECE,B.Tech,4,7,B,23,85.55,80.59,43.74,71.38,83.03,8.16,22.73,75.13,Good
STU000412,Varun Gupta,Mechanical,B.Tech,3,6,A,21,75.56,78.42,30.16,75.19,75.09,9.15,18.41,76.22,Good
STU000413,Sneha Krishnan,AI & DS,M.Tech,2,4,C,26,67.09,78.54,34.47,80.54,76.7,8.47,22.04,79.03,Average
STU000414,Kavya Das,CSE,B.Tech,1,2,D,20,72.75,67.27,27.27,64.83,68.37,8.12,13.91,72.5,Average
STU000415,Aarav Kumar,CSE,B.Tech,3,5,A,20,92.16,78.1,37.35,62.34,66.68,8.26,16.64,69.57,Average
STU000416,Manish Pillai,IT,B.Tech,1,1,D,20,79.68,65.61,31.13,74.17,86.53,8.01,18.03,76.25,Good
STU000417,Zoya Joshi,Mechanical,B.Tech,1,1,D,20,84.66,78.67,34.7,73.43,85.77,8.02,17.81,73.51,Excellent
STU000418,Meera Kumar,ECE,B.Tech,2,4,D,20,87.7,71.8,32.27,53.41,52.24,7.34,21.99,66.29,At Risk
STU000419,Meera Reddy,CSE,B.Tech,1,2,D,19,74.06,72.64,37.34,69.52,76.77,7.83,16.71,72.21,Average
STU000420,Tanvi Reddy,Mechanical,B.Tech,1,1,A,20,82.63,82.58,40.77,61.42,78.32,8.44,22.18,75.13,Good
STU000421,Rohan Sharma,CSE,B.Tech,1,1,D,19,85.32,77.11,41.36,81.25,79.49,8.5,27.87,82.12,Good
STU000422,Meera Nair,ECE,B.Tech,2,4,A,19,69.76,68.99,35.32,59.62,61.71,7.91,18.58,68.61,Average
STU000423,Akash Singh,Civil,B.Tech,3,5,C,22,86.79,71.08,32.7,54.03,63.86,7.72,23.2,89.0,Average
STU000424,Rohan Chatterjee,ECE,B.Tech,1,1,B,19,83.03,79.07,34.84,68.9,69.45,8.5,22.43,83.43,Average
STU000425,Krishna Mehta,AI & DS,B.Tech,1,1,D,18,76.76,72.58,26.38,60.08,83.46,8.01,23.43,72.13,Good
STU000426,Nikhil Menon,CSE,M.Tech,2,4,C,23,70.62,77.03,35.15,68.53,81.22,8.05,23.45,70.15,Average
STU000427,Sanjay Menon,AI & DS,B.Tech,2,4,B,19,62.8,85.87,41.65,67.81,83.78,9.04,18.34,73.79,At Risk
STU000428,Kavya Krishnan,IT,M.Tech,2,4,B,23,76.42,69.12,35.97,75.9,72.07,8.29,23.96,68.84,Good
STU000429,Sanjay Mishra,AI & DS,B.Tech,2,4,C,21,74.77,69.79,37.07,76.26,83.16,9.35,17.52,72.7,Average
STU000430,Tanvi Mehta,ECE,B.Tech,3,5,D,22,77.24,67.99,28.31,54.97,68.67,6.98,16.87,70.26,Average
STU000431,Zoya Verma,EEE,M.Tech,2,3,B,23,83.9,68.64,36.5,57.76,74.31,7.63,19.04,73.51,Good
STU000432,Kavya Verma,AI & DS,B.Tech,4,8,A,22,73.79,71.36,32.21,62.34,71.38,8.15,18.66,67.26,Average
STU000433,Aarav Mishra,CSE,B.Tech,3,5,B,20,87.15,81.79,34.41,65.87,85.07,8.47,15.29,79.26,Excellent
STU000434,Tanvi Shah,EEE,M.Tech,1,1,B,23,69.05,74.62,30.73,73.88,81.96,7.97,23.55,68.24,Average
STU000435,Rahul Verma,CSE,B.Tech,1,1,B,18,84.24,65.28,34.31,63.87,60.81,7.09,24.15,85.48,Average
STU000436,Rohan Bose,EEE,B.Tech,1,2,C,18,69.63,63.78,28.3,47.58,64.98,7.88,16.66,71.17,Average
STU000437,Ananya Das,IT,B.Tech,3,6,A,20,81.56,72.59,31.81,61.39,75.74,8.13,16.14,72.87,Good
STU000438,Yash Menon,CSE,B.Tech,2,3,D,20,98.09,76.97,34.93,68.21,84.69,7.54,21.33,86.05,Good
STU000439,Arjun Rao,EEE,M.Tech,1,1,B,24,83.6,84.38,33.47,59.7,79.74,8.56,22.62,69.9,Good
STU000440,Isha Gupta,EEE,M.Tech,2,3,B,26,73.49,69.02,30.63,60.13,66.84,7.41,19.37,80.82,Average
STU000441,Vikram Sharma,IT,B.Tech,1,2,D,19,90.13,77.5,40.81,71.83,90.5,8.57,21.57,84.69,Excellent
STU000442,Meera Das,CSE,B.Tech,4,7,D,22,81.91,74.43,32.16,73.31,81.57,8.39,19.8,70.09,Good
STU000443,Krishna Das,CSE,B.Tech,2,4,A,19,82.01,72.85,37.76,69.26,85.4,8.01,20.39,77.27,Excellent
STU000444,Aarav Verma,Mechanical,B.Tech,1,1,C,20,82.92,70.6,29.97,59.39,67.58,7.92,22.35,79.84,Average
STU000445,Manish Kumar,Civil,B.Tech,1,2,B,18,74.14,64.15,27.5,58.67,75.0,7.11,20.0,80.55,Average
STU000446,Zoya Iyer,CSE,B.Tech,1,1,C,20,79.07,89.64,39.12,62.03,86.25,8.31,25.87,84.84,Good
STU000447,Yash Reddy,Mechanical,B.Tech,2,3,C,19,78.14,69.13,32.08,64.24,89.94,7.96,14.25,71.82,Good
STU000448,Diya Joshi,AI & DS,B.Tech,4,7,B,23,78.78,64.62,32.61,54.67,66.32,7.5,20.3,69.0,Average
STU000449,Surya Rao,ECE,B.Tech,4,8,A,23,90.87,72.19,39.59,77.01,81.43,8.48,24.39,82.17,Good
STU000450,Aarav Reddy,Mechanical,B.Tech,3,5,B,20,71.35,54.87,24.77,46.41,63.38,7.04,16.94,58.97,Average
STU000451,Kavya Singh,Civil,B.Tech,2,4,B,21,80.72,71.12,34.69,64.25,77.57,8.38,24.27,71.32,Good
STU000452,Tanvi Nair,ECE,B.Tech,3,5,D,22,86.14,70.36,37.81,59.15,79.4,8.51,18.52,74.76,Good
STU000453,Ananya Verma,Civil,B.Tech,1,1,A,19,67.96,63.14,33.08,54.98,75.09,7.78,15.32,58.59,Average
STU000454,Ananya Shah,CSE,B.Tech,2,4,A,19,68.55,77.27,33.13,63.26,97.11,7.99,21.12,72.8,Average
STU000455,Tanvi Singh,IT,M.Tech,1,1,B,23,61.17,64.27,30.08,65.55,71.07,8.12,10.84,68.98,At Risk
STU000456,Shreya Mehta,AI & DS,B.Tech,3,6,B,22,71.67,72.44,32.82,64.45,62.67,7.78,21.35,70.49,Average
STU000457,Arjun Iyer,Mechanical,M.Tech,1,2,B,25,73.18,75.22,37.51,75.05,71.17,7.7,27.28,66.88,Average
STU000458,Tanvi Menon,EEE,B.Tech,3,6,B,21,78.73,88.29,39.69,63.82,80.5,7.8,28.89,74.32,Good
STU000459,Varun Chatterjee,CSE,B.Tech,2,4,B,20,83.11,71.88,31.12,73.66,71.34,7.5,19.99,84.18,Good
STU000460,Aditya Iyer,CSE,B.Tech,1,1,D,18,69.72,78.63,34.73,74.56,73.99,8.36,22.19,76.61,Average
STU000461,Sai Verma,CSE,B.Tech,4,7,D,22,69.83,73.53,36.38,57.89,78.05,7.62,22.08,71.91,Average
STU000462,Riya Sharma,Civil,B.Tech,4,8,A,21,70.87,69.18,31.3,61.18,74.51,7.88,14.86,78.37,Average
STU000463,Pooja Chatterjee,EEE,B.Tech,3,5,D,20,97.89,78.53,32.76,67.06,65.76,7.97,23.84,73.43,Average
STU000464,Arjun Iyer,CSE,B.Tech,1,2,A,19,90.52,77.79,37.06,63.11,77.85,6.91,22.08,88.09,Good
STU000465,Manish Bose,ECE,B.Tech,2,3,C,20,86.64,67.72,33.0,74.31,82.67,7.05,23.76,82.16,Good
STU000466,Kavya Iyer,Mechanical,B.Tech,3,5,D,22,72.49,64.47,31.71,51.89,71.69,8.07,16.81,70.2,Average
STU000467,Manish Iyer,EEE,B.Tech,3,5,A,22,75.18,77.54,26.44,70.56,81.85,7.94,26.29,84.43,Good
STU000468,Bhavya Gupta,AI & DS,B.Tech,4,7,C,21,81.73,78.08,31.59,63.14,73.15,7.58,20.35,78.73,Good
STU000469,Karan Mishra,IT,B.Tech,4,8,C,22,77.34,68.15,27.17,60.06,67.76,8.26,18.63,66.27,Average
STU000470,Sneha Iyer,Mechanical,B.Tech,2,4,D,21,79.2,69.43,36.29,65.36,83.48,8.43,23.17,84.5,Good
STU000471,Aryan Nair,CSE,B.Tech,1,1,B,19,79.86,70.73,35.68,51.22,76.88,6.66,20.24,81.54,Good
STU000472,Meera Mehta,AI & DS,M.Tech,1,2,C,22,74.47,83.49,35.46,66.87,79.72,9.36,23.91,68.65,Average
STU000473,Manish Sharma,ECE,B.Tech,2,3,A,21,66.52,71.07,34.54,53.09,70.44,7.86,15.07,60.04,Average
STU000474,Aditi Mehta,EEE,M.Tech,2,3,B,23,93.74,57.82,20.54,42.97,54.28,6.79,22.23,86.42,At Risk
STU000475,Krishna Menon,ECE,B.Tech,4,8,A,23,83.56,75.75,34.65,61.41,74.65,7.83,18.38,65.33,Good
STU000476,Varun Nair,CSE,B.Tech,1,2,C,18,90.04,77.67,32.11,63.89,62.91,6.7,26.1,79.48,Average
STU000477,Tanvi Reddy,EEE,B.Tech,3,6,A,22,81.59,75.58,36.86,58.6,69.15,8.14,20.84,70.58,Average
STU000478,Isha Shah,ECE,B.Tech,2,3,A,20,81.38,78.93,42.08,66.2,72.0,8.68,20.09,83.56,Good
STU000479,Manish Gupta,Civil,B.Tech,4,7,B,21,90.74,74.39,37.83,66.72,92.2,8.55,24.26,81.92,Excellent
STU000480,Akash Menon,CSE,B.Tech,2,3,A,19,79.28,78.79,30.49,64.83,77.62,7.91,29.8,83.82,Good
STU000481,Sanjay Singh,AI & DS,B.Tech,2,3,D,21,82.0,64.63,35.31,70.52,75.28,8.31,21.22,77.46,Good
STU000482,Surya Verma,Mechanical,B.Tech,4,8,C,22,88.1,75.75,33.2,74.83,65.16,8.0,21.97,66.96,Average
STU000483,Zoya Pillai,Civil,B.Tech,1,2,B,18,79.1,81.18,32.63,67.47,74.0,7.59,27.24,72.68,Good
STU000484,Aditya Chatterjee,Mechanical,B.Tech,1,1,B,18,76.68,74.79,29.71,74.11,66.71,8.28,15.35,68.62,Average
STU000485,Bhavya Rao,ECE,B.Tech,2,4,C,19,70.48,82.56,40.28,66.21,84.96,8.62,18.3,74.33,Average
STU000486,Vikram Verma,AI & DS,B.Tech,2,4,D,21,85.21,67.23,34.92,59.69,73.82,8.6,21.23,78.71,Good
STU000487,Yash Mehta,AI & DS,B.Tech,3,6,C,21,86.93,80.53,37.43,72.21,77.45,8.5,25.24,74.55,Good
STU000488,Surya Verma,AI & DS,B.Tech,2,3,D,19,89.52,69.75,31.42,60.44,74.83,8.22,22.7,71.43,Good
STU000489,Shreya Nair,IT,B.Tech,2,3,C,21,92.77,80.41,34.51,69.34,69.66,7.57,23.35,89.22,Average
STU000490,Tanvi Singh,CSE,B.Tech,1,2,C,18,68.15,67.04,25.58,55.3,71.76,7.41,24.75,84.45,Average
STU000491,Ishaan Singh,EEE,B.Tech,2,4,A,20,72.98,86.51,35.47,72.48,86.07,8.7,22.49,75.44,Average
STU000492,Tanvi Patel,CSE,B.Tech,3,6,D,20,70.17,78.37,35.21,64.89,77.08,8.47,19.38,74.11,Average
STU000493,Nikhil Mishra,AI & DS,B.Tech,3,5,D,22,87.44,75.28,37.14,61.89,71.27,7.97,25.8,81.89,Good
STU000494,Diya Chatterjee,AI & DS,B.Tech,1,2,B,20,79.95,70.97,30.28,53.6,79.91,7.17,27.78,79.59,Good
STU000495,Nikhil Krishnan,CSE,B.Tech,2,4,D,21,76.12,74.38,39.24,67.78,76.57,7.68,20.1,56.59,Good
STU000496,Kavya Mehta,IT,B.Tech,4,8,A,22,82.49,70.22,30.61,58.78,65.7,8.29,19.22,78.11,Average
STU000497,Nikhil Rao,ECE,B.Tech,1,2,D,19,86.46,66.1,31.28,64.09,64.6,7.39,18.54,72.67,Average
STU000498,Krishna Krishnan,Civil,B.Tech,3,6,B,20,93.54,75.13,41.85,65.19,74.6,8.44,22.32,69.93,Good
STU000499,Aditi Krishnan,CSE,B.Tech,3,5,C,20,86.83,71.21,31.87,64.85,70.9,7.58,17.12,74.74,Good
STU000500,Manish Shah,EEE,B.Tech,1,1,C,20,76.58,67.66,32.58,67.93,72.44,7.5,17.62,76.24,Good
STU000501,Kavya Reddy,AI & DS,M.Tech,1,1,D,23,88.55,83.9,37.76,74.61,89.97,8.42,28.67,77.83,Excellent
STU000502,Arjun Gupta,CSE,B.Tech,4,7,B,21,83.72,68.16,28.72,63.74,71.46,7.51,15.32,68.0,Good
STU000503,Nisha Krishnan,CSE,B.Tech,1,2,C,18,88.54,73.03,38.24,66.61,85.77,8.53,24.39,68.16,Excellent
STU000504,Bhavya Mishra,CSE,B.Tech,1,1,D,18,95.9,85.57,45.57,66.07,94.29,8.9,25.97,94.84,Excellent
STU000505,Ishaan Rao,CSE,B.Tech,1,1,A,19,85.57,70.73,36.52,52.27,62.34,8.71,17.07,68.61,Average
STU000506,Yash Reddy,EEE,B.Tech,1,1,C,19,93.85,84.12,43.31,69.84,90.17,8.49,19.16,76.46,Excellent
STU000507,Meera Mehta,CSE,B.Tech,3,6,C,20,70.85,69.68,37.15,63.33,86.77,7.88,23.11,79.39,Average
STU000508,Yash Nair,ECE,B.Tech,4,8,A,22,76.58,64.94,31.0,57.31,65.65,7.02,17.37,61.35,Average
STU000509,Ishaan Mehta,IT,B.Tech,3,5,C,20,76.65,64.09,33.55,59.83,69.71,6.32,18.98,75.69,Average
STU000510,Ishaan Menon,Mechanical,B.Tech,4,7,A,21,84.71,70.18,34.03,50.19,62.7,8.35,15.1,74.87,Average
STU000511,Tanvi Das,ECE,B.Tech,3,5,C,21,90.75,64.52,29.49,60.39,72.81,7.7,21.62,79.61,Good
STU000512,Ananya Das,ECE,B.Tech,3,6,B,21,81.84,80.06,35.82,73.3,60.91,7.13,27.14,71.34,Average
STU000513,Ananya Kumar,ECE,B.Tech,4,7,A,21,81.92,74.78,34.74,64.38,84.22,8.19,19.75,73.58,Good
STU000514,Aarav Joshi,EEE,B.Tech,3,6,B,22,70.6,75.98,32.5,60.44,89.88,7.74,28.76,69.77,Average
STU000515,Aditya Rao,Mechanical,M.Tech,1,1,C,25,79.77,82.07,36.81,68.23,79.43,8.86,23.08,73.95,Good
STU000516,Rohan Das,CSE,B.Tech,1,2,B,20,84.57,68.85,36.23,61.49,63.78,7.99,14.94,85.5,Average
STU000517,Arjun Mishra,Civil,B.Tech,3,5,D,20,71.37,75.07,34.5,66.24,68.74,7.14,21.56,77.9,Average
STU000518,Bhavya Bose,CSE,B.Tech,3,6,C,20,57.3,77.34,30.61,46.88,71.37,8.3,21.8,73.2,At Risk
STU000519,Akash Singh,ECE,B.Tech,3,5,B,21,87.56,57.23,31.96,59.31,65.78,7.28,19.65,79.29,Average
STU000520,Arjun Menon,Mechanical,B.Tech,2,4,D,20,81.69,70.83,35.93,74.48,74.4,8.54,24.52,81.08,Good
STU000521,Krishna Verma,Mechanical,M.Tech,2,3,D,24,81.19,70.9,33.69,65.85,78.9,8.32,22.48,71.77,Good
STU000522,Arjun Rao,EEE,M.Tech,2,4,D,25,80.48,75.86,37.71,70.72,82.87,8.21,21.87,69.76,Good
STU000523,Isha Shah,Civil,B.Tech,4,8,C,23,87.36,76.62,41.92,56.93,74.49,8.37,19.88,76.64,Good
STU000524,Vikram Nair,AI & DS,B.Tech,4,8,B,23,100,79.55,33.93,70.56,86.82,8.11,21.49,82.09,Excellent
STU000525,Isha Chatterjee,ECE,B.Tech,4,7,A,23,75.11,90.55,42.16,79.31,97.9,9.18,18.59,72.02,Good
STU000526,Rohan Iyer,AI & DS,B.Tech,2,4,C,20,79.62,78.41,40.09,71.55,92.6,7.79,22.55,71.76,Good
STU000527,Aryan Reddy,IT,B.Tech,3,6,B,22,72.65,57.06,24.84,68.74,48.02,8.01,16.28,73.24,At Risk
STU000528,Bhavya Joshi,EEE,B.Tech,4,8,A,22,77.81,65.51,27.44,64.9,75.91,7.9,14.62,65.97,Good
STU000529,Aditya Sharma,IT,M.Tech,2,3,C,23,68.98,81.82,32.46,79.8,78.75,7.96,23.07,80.83,Average
STU000530,Karan Mehta,CSE,B.Tech,3,5,D,20,97.83,76.51,35.01,58.39,63.67,8.23,30.25,79.29,Average
STU000531,Tanvi Sharma,IT,B.Tech,4,8,B,21,74.89,50.22,25.43,53.58,62.91,7.64,14.67,68.52,Average
STU000532,Shreya Gupta,EEE,B.Tech,1,2,D,20,83.36,78.98,36.68,77.3,97.08,9.15,22.02,75.93,Excellent
STU000533,Aryan Mishra,EEE,B.Tech,2,4,A,21,88.48,94.05,43.56,80.71,87.0,8.74,26.31,90.21,Excellent
STU000534,Rohan Joshi,Civil,B.Tech,4,8,D,21,83.02,71.8,36.15,58.8,68.18,8.42,19.14,78.17,Average
STU000535,Manish Reddy,ECE,B.Tech,1,2,C,20,74.99,76.95,34.32,68.14,83.05,8.25,20.88,74.0,Average
STU000536,Nisha Mehta,Mechanical,M.Tech,2,3,B,26,79.11,70.75,35.34,69.21,81.86,7.9,20.17,68.38,Good
STU000537,Ananya Das,CSE,B.Tech,3,6,D,20,80.03,65.28,32.19,50.65,77.39,7.31,20.2,78.13,Good
STU000538,Aarav Verma,CSE,B.Tech,3,5,C,21,83.22,71.0,35.87,64.31,75.78,7.98,18.58,80.43,Good
STU000539,Ananya Bose,Mechanical,B.Tech,2,3,C,21,73.77,77.03,40.38,78.99,72.15,7.85,22.65,72.17,Average
STU000540,Pooja Sharma,IT,B.Tech,4,7,B,22,85.88,81.03,38.92,64.15,85.25,6.79,25.15,86.61,Excellent
STU000541,Nisha Verma,EEE,B.Tech,1,1,B,19,85.92,74.27,36.25,67.6,64.74,8.94,15.45,74.92,Average
STU000542,Aarav Nair,Mechanical,B.Tech,3,5,A,22,87.35,64.02,33.62,60.82,68.55,6.69,24.21,77.88,Average
STU000543,Rahul Reddy,CSE,B.Tech,4,8,A,21,100,85.56,36.67,74.2,82.02,7.56,30.59,87.74,Good
STU000544,Meera Bose,AI & DS,B.Tech,4,7,B,23,83.45,85.84,33.15,65.65,73.48,8.65,22.19,81.22,Good
STU000545,Zoya Patel,ECE,B.Tech,3,5,D,22,70.73,70.36,29.23,66.51,77.23,7.94,24.03,73.63,Average
STU000546,Diya Singh,CSE,B.Tech,4,7,D,21,89.99,72.43,38.74,70.37,84.43,7.68,20.29,71.5,Good
STU000547,Vikram Menon,IT,B.Tech,4,8,B,22,80.1,72.29,36.32,67.88,77.41,7.85,15.73,77.73,Good
STU000548,Tanvi Kumar,AI & DS,B.Tech,4,7,A,22,71.03,78.43,35.68,73.28,82.87,7.85,21.6,73.81,Average
STU000549,Sneha Mehta,AI & DS,B.Tech,3,5,D,22,92.36,72.87,34.22,62.47,74.95,8.04,23.12,86.54,Good
STU000550,Meera Menon,AI & DS,B.Tech,3,5,B,20,75.31,66.38,33.24,60.44,74.28,7.88,23.18,68.03,Good
STU000551,Yash Bose,AI & DS,B.Tech,2,3,B,20,93.66,83.86,43.7,77.66,85.38,8.37,21.34,75.77,Excellent
STU000552,Sai Krishnan,CSE,B.Tech,4,8,A,21,73.43,58.05,27.08,44.18,44.98,7.26,13.86,66.34,At Risk
STU000553,Ishaan Shah,AI & DS,B.Tech,3,5,C,20,93.01,67.73,33.72,54.2,70.14,7.19,22.31,71.69,Good
STU000554,Varun Pillai,Civil,B.Tech,2,3,A,20,88.16,82.06,34.47,78.13,76.11,8.39,24.2,80.23,Good
STU000555,Sai Rao,CSE,M.Tech,2,3,D,26,75.28,83.51,40.33,59.11,73.14,8.43,24.57,63.84,Good
STU000556,Bhavya Patel,CSE,B.Tech,2,3,B,21,76.19,66.32,34.3,61.02,80.59,7.41,19.79,72.87,Good
STU000557,Tanvi Bose,ECE,B.Tech,3,6,C,20,97.62,88.02,38.39,78.49,94.47,8.53,21.69,85.24,Excellent
STU000558,Riya Bose,IT,B.Tech,1,1,B,19,78.23,74.23,37.64,58.91,71.33,7.1,22.18,72.33,Good
STU000559,Riya Pillai,CSE,B.Tech,3,6,B,21,75.4,75.34,31.41,67.0,78.88,7.32,20.18,74.68,Good
STU000560,Sanjay Nair,IT,B.Tech,4,7,D,22,88.82,69.37,27.92,58.19,74.11,8.2,22.38,75.34,Good
STU000561,Aryan Rao,EEE,B.Tech,3,6,B,21,77.98,78.1,36.16,57.84,65.43,8.24,15.47,75.59,Average
STU000562,Aarav Mishra,EEE,B.Tech,1,2,A,20,83.65,66.42,31.26,53.17,59.47,6.74,15.45,79.1,Average
STU000563,Meera Krishnan,EEE,B.Tech,1,2,A,18,71.97,72.52,30.64,55.78,68.42,7.77,20.93,72.22,Average
STU000564,Zoya Joshi,AI & DS,B.Tech,4,8,B,22,82.73,62.98,31.01,57.6,77.77,8.08,15.86,81.13,Good
STU000565,Sai Nair,Mechanical,B.Tech,1,1,D,19,82.08,73.17,31.62,56.32,81.08,8.45,24.8,78.7,Good
STU000566,Vikram Nair,ECE,B.Tech,3,6,C,20,70.08,66.8,29.78,50.68,55.05,7.49,26.37,69.27,Average
STU000567,Sai Bose,AI & DS,B.Tech,3,5,D,20,94.2,65.1,31.84,51.92,82.84,7.35,19.1,74.68,Good
STU000568,Karan Mehta,EEE,B.Tech,1,2,B,20,85.27,78.05,28.62,68.17,74.08,7.33,24.38,87.09,Good
STU000569,Kavya Kumar,Mechanical,B.Tech,1,2,C,20,77.08,86.9,37.44,72.86,78.69,9.15,26.84,76.46,Good
STU000570,Surya Bose,AI & DS,B.Tech,3,6,B,20,99.13,68.5,32.54,58.3,68.78,7.6,20.37,80.15,Average
STU000571,Arjun Nair,ECE,B.Tech,2,3,B,19,73.18,72.99,32.59,57.05,69.66,7.22,22.88,69.03,Average
STU000572,Ananya Krishnan,Civil,B.Tech,1,1,A,18,81.44,71.18,31.17,72.96,60.49,7.87,26.62,69.37,Average
STU000573,Akash Nair,EEE,B.Tech,3,5,A,22,85.5,64.28,29.43,53.58,73.9,6.32,15.29,68.51,Good
STU000574,Arjun Krishnan,CSE,B.Tech,3,6,D,20,87.35,96.6,41.16,70.28,82.63,9.29,21.87,83.57,Good
STU000575,Shreya Sharma,ECE,B.Tech,1,2,D,18,89.45,66.08,30.65,56.57,53.06,7.1,21.29,60.44,At Risk
STU000576,Aarav Singh,ECE,B.Tech,4,8,D,22,84.21,65.09,37.82,62.28,74.37,8.24,23.34,70.95,Good
STU000577,Yash Iyer,ECE,B.Tech,1,2,B,20,84.51,71.76,32.56,63.03,83.73,8.2,21.73,75.76,Good
STU000578,Aryan Patel,EEE,B.Tech,2,3,C,21,69.34,82.53,36.3,76.55,79.11,8.15,20.21,76.71,Average
STU000579,Varun Das,AI & DS,B.Tech,4,7,B,21,72.84,77.87,32.49,76.21,83.68,8.14,19.4,71.44,Average
STU000580,Tanvi Krishnan,IT,B.Tech,1,1,D,19,90.1,69.75,34.59,64.51,79.57,8.49,27.9,86.94,Good
STU000581,Akash Iyer,CSE,B.Tech,3,6,C,22,76.7,81.08,36.16,63.1,86.03,8.85,16.14,67.91,Good
STU000582,Pooja Verma,ECE,M.Tech,2,3,C,26,85.45,76.96,28.88,69.1,78.75,8.1,16.34,81.56,Good
STU000583,Vikram Patel,EEE,B.Tech,3,5,C,21,65.7,70.47,35.49,56.72,72.59,7.9,16.46,63.38,Average
STU000584,Ishaan Chatterjee,IT,B.Tech,2,3,A,19,91.74,73.76,40.22,71.72,83.38,7.81,24.92,91.95,Good
STU000585,Aditya Chatterjee,EEE,B.Tech,1,2,D,20,77.89,69.74,37.39,64.97,66.41,7.83,19.63,69.28,Average
STU000586,Rohan Shah,CSE,B.Tech,4,8,A,23,75.85,79.16,33.44,62.87,87.12,7.4,27.08,83.41,Good
STU000587,Sai Kumar,IT,B.Tech,3,6,C,20,75.14,75.81,38.53,69.23,84.71,8.81,23.23,74.78,Good
STU000588,Akash Chatterjee,AI & DS,B.Tech,2,3,A,21,88.28,83.65,37.35,86.19,100,9.38,20.61,77.07,Excellent
STU000589,Surya Joshi,ECE,B.Tech,4,7,B,22,77.48,66.43,35.33,69.42,79.25,8.11,22.01,66.59,Good
STU000590,Diya Chatterjee,CSE,B.Tech,1,1,D,20,77.61,59.41,29.07,52.0,70.8,7.14,21.12,67.39,Good
STU000591,Yash Iyer,AI & DS,B.Tech,3,6,D,20,86.98,60.15,26.93,52.67,62.9,6.5,20.83,65.3,Average
STU000592,Rohan Bose,CSE,B.Tech,4,8,B,23,85.65,67.26,36.98,63.93,70.61,8.81,16.31,73.5,Good
STU000593,Arjun Nair,EEE,B.Tech,1,2,C,20,67.41,78.33,33.8,72.61,73.52,8.18,17.06,78.16,Average
STU000594,Tanvi Rao,IT,B.Tech,3,5,C,21,86.2,62.45,33.89,63.03,60.92,6.64,17.72,78.99,Average
STU000595,Nikhil Chatterjee,AI & DS,B.Tech,2,4,B,19,78.72,67.38,34.97,60.2,72.52,7.98,19.68,78.32,Good
STU000596,Sanjay Kumar,Mechanical,M.Tech,2,4,B,23,91.43,65.35,30.78,47.69,67.25,7.85,23.24,75.82,Average
STU000597,Bhavya Joshi,AI & DS,M.Tech,2,3,D,24,75.23,69.07,38.88,71.19,71.28,7.67,16.46,78.79,Good
STU000598,Riya Kumar,Civil,B.Tech,2,4,B,20,81.03,61.58,37.15,44.61,70.69,7.3,17.99,64.44,Good
STU000599,Arjun Pillai,Civil,B.Tech,1,2,B,18,65.42,65.13,31.56,59.0,69.64,7.4,19.92,66.59,Average
STU000600,Karan Rao,Civil,B.Tech,1,1,D,18,77.7,64.9,29.29,52.91,69.24,7.93,23.07,78.46,Average
STU000601,Tanvi Iyer,Civil,B.Tech,4,7,D,23,90.06,67.54,28.54,53.52,68.93,7.5,21.05,68.15,Average
STU000602,Akash Krishnan,CSE,M.Tech,1,1,B,25,70.05,68.52,36.65,70.16,64.32,8.19,15.46,71.16,Average
STU000603,Krishna Iyer,Mechanical,B.Tech,3,5,D,21,83.15,76.41,33.96,63.84,85.69,8.2,22.68,84.39,Excellent
STU000604,Kavya Menon,IT,B.Tech,3,6,A,22,76.57,76.26,33.5,70.98,78.53,7.45,24.66,79.69,Good
STU000605,Isha Rao,Civil,B.Tech,2,3,C,19,84.16,70.29,32.62,54.17,73.01,7.72,15.16,78.27,Good
STU000606,Aditi Sharma,AI & DS,B.Tech,2,4,A,20,85.72,79.47,37.55,63.03,65.95,7.41,22.58,63.89,Average
STU000607,Yash Mehta,Mechanical,B.Tech,2,4,D,21,85.31,78.22,37.93,68.86,89.69,7.96,26.56,82.73,Excellent
STU000608,Aditi Mehta,AI & DS,B.Tech,4,7,C,22,70.41,72.84,38.34,72.64,81.98,8.31,20.71,72.77,Average
STU000609,Yash Pillai,Mechanical,B.Tech,4,8,C,23,94.06,67.95,32.36,66.99,79.05,7.83,23.86,93.35,Good
STU000610,Zoya Krishnan,Mechanical,B.Tech,2,4,C,20,79.7,68.41,28.6,58.02,74.49,7.52,21.56,69.28,Good
STU000611,Isha Kumar,ECE,M.Tech,1,1,D,25,86.09,56.71,31.59,57.92,71.54,7.45,19.67,77.23,Good
STU000612,Nisha Pillai,ECE,M.Tech,1,1,B,25,74.11,81.55,39.42,57.58,55.79,8.24,23.5,69.19,Average
STU000613,Isha Pillai,AI & DS,B.Tech,2,4,B,20,64.16,70.57,38.84,80.55,77.63,7.81,19.43,64.28,At Risk
STU000614,Ananya Joshi,Mechanical,B.Tech,3,5,B,20,81.51,56.14,25.77,41.78,47.49,7.6,21.02,75.31,At Risk
STU000615,Ishaan Iyer,EEE,B.Tech,3,6,C,20,82.44,81.71,32.57,63.24,71.2,7.14,27.68,92.56,Good
STU000616,Krishna Reddy,Mechanical,B.Tech,3,6,D,20,91.92,66.38,29.09,64.96,81.35,7.36,22.61,70.99,Good
STU000617,Shreya Mehta,IT,B.Tech,2,4,A,20,79.23,69.14,34.5,67.51,77.13,8.13,25.9,85.83,Good
STU000618,Tanvi Joshi,Mechanical,B.Tech,3,6,B,22,83.29,72.13,39.48,71.35,75.73,9.12,16.73,70.06,Good
STU000619,Aarav Bose,CSE,B.Tech,4,7,D,23,83.27,76.56,34.78,60.74,78.97,9.12,23.85,84.64,Good
STU000620,Yash Chatterjee,AI & DS,B.Tech,3,5,A,22,89.4,73.47,38.33,75.39,74.18,7.8,24.03,77.7,Good
STU000621,Akash Verma,EEE,B.Tech,4,8,C,21,86.15,77.91,42.31,86.47,93.57,9.1,26.99,79.21,Excellent
STU000622,Kavya Pillai,CSE,B.Tech,2,4,C,20,77.76,71.84,32.08,65.17,73.15,8.84,20.14,74.81,Good
STU000623,Arjun Bose,CSE,B.Tech,2,3,C,19,83.31,62.59,33.87,60.82,71.83,7.0,20.73,56.89,Good
STU000624,Kavya Nair,IT,B.Tech,1,2,A,20,87.8,75.17,36.72,67.3,72.85,8.88,22.93,78.91,Good
STU000625,Sanjay Joshi,AI & DS,B.Tech,3,6,B,21,83.28,67.23,34.6,62.96,71.08,7.8,17.68,87.78,Good
STU000626,Nisha Reddy,Mechanical,B.Tech,2,4,D,21,79.56,76.43,38.6,76.53,78.61,8.68,23.66,74.4,Good
STU000627,Aryan Joshi,ECE,B.Tech,2,3,A,20,71.93,69.26,33.65,72.68,74.11,7.98,17.9,74.5,Average
STU000628,Tanvi Mehta,Civil,B.Tech,4,7,C,22,73.53,78.95,34.42,53.73,72.36,8.18,18.84,72.96,Average
STU000629,Aditi Menon,ECE,B.Tech,3,5,D,21,97.86,62.55,34.43,66.4,68.82,8.21,22.18,82.9,Average
STU000630,Karan Rao,ECE,M.Tech,1,2,C,23,82.5,70.23,35.98,63.52,70.55,8.65,23.31,78.39,Good
STU000631,Shreya Das,AI & DS,B.Tech,2,3,B,19,87.6,73.66,35.16,71.38,87.34,8.21,23.43,84.76,Excellent
STU000632,Aditi Singh,Mechanical,B.Tech,1,1,C,18,82.16,63.27,34.39,66.26,74.09,8.11,13.63,64.18,Good
STU000633,Shreya Menon,IT,B.Tech,2,3,C,20,84.43,70.21,33.77,62.24,75.31,7.56,19.31,77.65,Good
STU000634,Aarav Menon,ECE,B.Tech,4,7,C,21,83.4,85.8,40.19,80.51,92.52,8.66,24.91,70.34,Excellent
STU000635,Yash Verma,AI & DS,B.Tech,4,7,D,21,62.88,73.5,34.75,63.73,62.98,7.52,18.5,70.22,At Risk
STU000636,Vikram Rao,Civil,M.Tech,1,2,D,25,77.3,66.52,33.25,69.46,69.37,9.14,20.92,69.48,Average
STU000637,Bhavya Joshi,CSE,B.Tech,4,7,C,21,80.33,76.41,34.8,63.62,85.3,7.71,28.37,78.57,Excellent
STU000638,Vikram Patel,Mechanical,B.Tech,4,8,A,21,84.06,64.41,33.14,73.21,65.63,8.1,23.36,70.78,Average
STU000639,Bhavya Kumar,CSE,B.Tech,2,4,A,20,90.19,71.98,27.94,75.03,82.06,7.54,26.22,90.0,Good
STU000640,Aarav Shah,EEE,M.Tech,1,2,D,24,95.17,87.37,38.57,74.85,89.35,8.02,30.82,95.42,Excellent
STU000641,Surya Chatterjee,CSE,B.Tech,2,3,D,20,76.37,63.29,28.66,47.06,45.43,7.04,18.48,63.73,At Risk
STU000642,Arjun Mishra,AI & DS,B.Tech,1,1,C,19,86.65,70.81,30.7,74.4,76.66,7.01,23.89,88.16,Good
STU000643,Pooja Krishnan,EEE,B.Tech,2,3,C,20,66.05,65.77,31.04,63.18,59.13,7.7,19.09,64.01,Average
STU000644,Krishna Shah,Mechanical,M.Tech,2,4,A,26,84.27,78.08,31.28,63.14,81.47,8.74,22.06,81.86,Good
STU000645,Aarav Krishnan,IT,B.Tech,3,6,C,22,79.17,69.97,30.03,61.95,62.99,7.59,23.46,67.87,Average
STU000646,Riya Chatterjee,Civil,B.Tech,2,4,D,20,86.25,83.52,37.8,67.27,62.65,7.9,18.1,83.36,Average
STU000647,Kavya Verma,AI & DS,B.Tech,4,8,A,22,78.41,68.7,35.59,61.16,66.24,7.59,13.45,56.05,Average
STU000648,Isha Singh,CSE,B.Tech,1,2,D,20,84.22,61.04,25.35,63.17,53.93,7.12,21.97,80.89,At Risk
STU000649,Yash Patel,ECE,M.Tech,1,2,D,25,77.98,75.06,30.36,64.05,74.67,7.73,21.75,71.03,Good
STU000650,Meera Mishra,AI & DS,B.Tech,1,1,D,19,86.09,73.18,34.51,57.1,74.8,8.0,23.21,67.23,Good
STU000651,Pooja Sharma,CSE,B.Tech,1,1,D,20,67.83,72.4,35.62,67.17,74.14,7.58,21.31,71.45,Average
STU000652,Manish Sharma,CSE,B.Tech,3,5,B,21,84.76,71.33,35.3,60.7,63.55,7.52,15.59,81.64,Average
STU000653,Sanjay Mehta,Civil,B.Tech,2,4,C,20,68.41,66.39,33.26,62.84,64.13,8.3,17.36,62.98,Average
STU000654,Sai Mishra,Civil,B.Tech,2,3,D,19,77.78,71.61,39.08,66.68,64.11,8.39,20.05,78.67,Average
STU000655,Akash Das,ECE,M.Tech,1,2,C,23,83.33,61.75,30.6,71.87,58.04,8.1,20.53,73.64,Average
STU000656,Diya Pillai,EEE,B.Tech,3,6,B,22,87.55,80.83,30.95,82.58,75.73,8.58,32.11,88.87,Good
STU000657,Zoya Rao,AI & DS,B.Tech,2,3,A,20,77.77,68.39,30.53,51.42,62.4,7.09,23.25,72.77,Average
STU000658,Pooja Rao,EEE,B.Tech,1,1,B,20,75.17,59.64,33.62,48.89,66.47,7.58,9.53,74.98,Average
STU000659,Rahul Iyer,AI & DS,B.Tech,3,5,C,22,92.78,63.67,32.65,65.23,81.83,7.84,18.28,74.98,Good
STU000660,Sneha Menon,IT,B.Tech,2,4,B,19,90.73,73.31,32.76,70.98,82.39,7.81,27.05,85.54,Good
STU000661,Sai Verma,Civil,B.Tech,2,3,D,21,79.11,66.09,28.86,58.18,69.99,7.66,15.13,63.55,Average
STU000662,Sanjay Sharma,ECE,B.Tech,4,7,D,21,77.13,79.15,34.81,67.21,74.38,8.14,21.03,79.55,Good
STU000663,Zoya Singh,AI & DS,B.Tech,3,6,D,20,67.26,62.01,34.03,74.85,78.13,8.07,23.1,73.63,Average
STU000664,Ishaan Nair,AI & DS,B.Tech,4,8,A,21,79.35,71.93,30.0,63.54,65.03,7.07,24.48,73.3,Average
STU000665,Riya Joshi,EEE,B.Tech,1,1,C,18,74.63,65.82,28.31,57.88,54.02,7.38,22.41,69.44,At Risk
STU000666,Zoya Patel,IT,B.Tech,2,4,D,20,84.3,82.54,34.98,66.2,73.68,8.37,30.79,88.61,Good
STU000667,Bhavya Krishnan,Civil,B.Tech,3,6,D,22,76.11,83.6,41.47,79.94,89.77,9.1,20.29,77.72,Good
STU000668,Rohan Das,CSE,B.Tech,1,1,B,20,57.65,70.14,27.98,70.13,76.18,7.63,18.44,68.09,At Risk
STU000669,Kavya Bose,ECE,B.Tech,4,8,C,22,77.02,84.28,43.69,72.3,91.95,8.93,22.45,80.63,Good
STU000670,Krishna Kumar,IT,B.Tech,2,4,B,19,85.58,70.79,34.59,72.53,62.62,6.83,20.44,78.41,Average
STU000671,Varun Mehta,AI & DS,B.Tech,3,6,C,20,84.88,90.25,36.41,76.6,89.97,8.87,22.34,80.66,Excellent
STU000672,Yash Gupta,CSE,B.Tech,1,2,A,18,68.79,73.03,35.12,73.21,80.31,8.76,20.75,92.59,Average
STU000673,Shreya Mishra,ECE,M.Tech,1,2,D,25,88.42,71.39,28.68,60.94,68.89,6.73,28.53,73.41,Average
STU000674,Surya Menon,CSE,M.Tech,2,4,B,24,78.73,70.33,32.53,64.14,67.66,7.73,21.2,76.06,Average
STU000675,Yash Patel,ECE,B.Tech,2,4,A,20,69.44,74.06,33.08,67.31,74.82,8.1,23.53,81.12,Average
STU000676,Surya Krishnan,Mechanical,B.Tech,4,8,D,23,69.17,69.98,33.76,69.88,71.67,8.09,18.92,69.93,Average
STU000677,Diya Singh,ECE,B.Tech,1,1,D,19,88.23,81.73,38.86,72.25,72.54,7.92,23.78,72.74,Good
STU000678,Nisha Nair,ECE,B.Tech,2,4,A,21,71.95,71.78,30.66,61.93,64.75,7.8,21.7,71.05,Average
STU000679,Sai Kumar,AI & DS,B.Tech,2,4,D,21,63.62,63.52,32.2,61.16,64.56,7.61,17.6,56.25,At Risk
STU000680,Zoya Krishnan,EEE,B.Tech,4,7,D,21,76.74,60.51,35.67,56.76,78.86,7.9,20.41,55.48,Good
STU000681,Varun Shah,ECE,B.Tech,3,5,C,20,93.37,77.36,38.09,66.67,79.25,7.69,20.86,75.16,Good
STU000682,Sanjay Krishnan,ECE,M.Tech,1,1,B,23,71.52,80.29,40.01,55.46,71.76,8.81,20.51,78.46,Average
STU000683,Akash Mehta,CSE,M.Tech,1,1,A,23,83.11,54.09,28.66,54.12,67.56,7.94,16.36,64.3,Average
STU000684,Surya Nair,AI & DS,M.Tech,2,3,C,26,84.53,89.81,37.73,77.44,86.33,8.83,25.73,85.3,Excellent
STU000685,Ishaan Kumar,CSE,B.Tech,2,3,D,19,87.16,72.18,32.21,60.19,54.16,7.86,20.75,76.04,At Risk
STU000686,Rohan Gupta,ECE,B.Tech,3,6,A,22,79.08,67.27,27.19,52.73,61.02,7.61,16.14,78.56,Average
STU000687,Sanjay Singh,IT,B.Tech,3,6,D,22,75.15,64.98,31.33,56.82,48.93,7.53,15.6,75.35,At Risk
STU000688,Aryan Mishra,Civil,B.Tech,4,7,A,21,77.28,65.58,36.85,68.3,74.14,8.08,17.68,80.07,Good
STU000689,Aryan Iyer,AI & DS,B.Tech,4,7,D,21,81.14,58.03,25.95,57.64,46.07,6.94,21.24,66.08,At Risk
STU000690,Aditi Kumar,IT,B.Tech,4,7,A,23,70.02,70.49,26.94,59.9,56.74,7.95,20.58,77.08,Average
STU000691,Vikram Gupta,EEE,B.Tech,3,6,D,21,75.38,75.04,34.69,61.92,74.41,8.33,16.19,63.22,Good
STU000692,Sneha Verma,Mechanical,B.Tech,3,5,B,21,71.81,77.87,42.06,76.63,87.61,8.02,21.72,56.98,Average
STU000693,Pooja Krishnan,EEE,B.Tech,4,8,D,22,92.49,72.92,34.9,66.17,64.09,8.17,20.66,80.45,Average
STU000694,Pooja Chatterjee,ECE,B.Tech,1,2,A,18,72.6,62.31,32.34,47.3,71.75,7.31,11.17,67.36,Average
STU000695,Aarav Rao,EEE,B.Tech,2,3,B,19,86.65,65.15,32.44,53.03,61.52,7.38,22.9,56.47,Average
STU000696,Nikhil Shah,AI & DS,B.Tech,4,7,B,22,98.69,63.59,25.62,64.83,64.97,6.82,20.42,68.59,Average
STU000697,Yash Krishnan,AI & DS,M.Tech,1,1,A,24,79.88,81.96,42.28,65.94,66.79,8.97,14.29,82.91,Average
STU000698,Akash Joshi,AI & DS,B.Tech,2,3,B,21,72.91,70.1,29.85,50.32,61.62,8.09,22.44,73.53,Average
STU000699,Rahul Verma,ECE,B.Tech,1,1,C,18,62.14,70.41,24.65,48.9,63.91,7.08,13.08,64.7,At Risk
STU000700,Kavya Singh,CSE,B.Tech,4,8,C,23,60.9,80.22,37.96,68.5,82.99,9.27,19.24,60.92,At Risk
STU000701,Karan Iyer,IT,B.Tech,2,4,D,19,72.19,72.24,30.37,50.61,71.97,8.29,20.82,61.08,Average
STU000702,Akash Joshi,AI & DS,B.Tech,4,7,A,22,80.73,80.83,32.18,79.34,84.17,8.28,31.95,76.42,Good
STU000703,Aryan Nair,CSE,B.Tech,1,2,D,19,91.89,68.06,30.05,46.38,64.51,7.34,23.22,85.15,Average
STU000704,Karan Bose,EEE,B.Tech,4,8,B,23,84.81,78.48,40.65,65.1,73.01,7.34,14.29,64.87,Good
STU000705,Zoya Kumar,ECE,M.Tech,2,4,C,24,73.99,77.69,37.92,71.96,87.91,8.27,19.39,75.06,Average
STU000706,Diya Das,Civil,B.Tech,1,1,A,20,68.35,61.62,31.76,59.11,64.91,7.48,14.99,68.94,Average
STU000707,Aditya Kumar,Mechanical,B.Tech,4,7,D,22,76.08,83.4,35.14,67.25,66.13,8.47,23.78,72.34,Average
STU000708,Karan Pillai,IT,B.Tech,2,3,A,21,81.66,76.64,28.4,62.42,64.51,7.75,22.64,74.09,Average
STU000709,Pooja Sharma,AI & DS,B.Tech,2,4,B,20,78.69,90.09,39.3,73.45,92.83,8.65,20.48,80.78,Good
STU000710,Rahul Kumar,IT,B.Tech,3,6,B,21,86.13,73.16,29.32,48.28,60.28,7.73,23.87,89.07,Average
STU000711,Varun Nair,IT,B.Tech,3,5,A,22,85.21,66.15,29.01,54.55,76.5,7.47,28.13,70.38,Good
STU000712,Nikhil Iyer,Mechanical,B.Tech,1,2,D,18,94.1,80.4,35.88,70.52,97.34,8.71,27.03,78.72,Excellent
STU000713,Tanvi Chatterjee,Mechanical,B.Tech,2,4,D,21,87.59,75.6,36.35,67.45,75.51,8.58,24.53,83.37,Good
STU000714,Akash Mehta,AI & DS,B.Tech,4,8,B,23,80.07,72.08,36.13,51.23,74.44,8.09,17.88,77.62,Good
STU000715,Bhavya Reddy,AI & DS,M.Tech,1,2,B,23,91.51,69.74,34.18,55.83,68.22,8.14,24.16,74.91,Average
STU000716,Ananya Sharma,ECE,B.Tech,2,3,A,20,70.23,76.23,32.9,68.44,86.35,8.1,24.96,72.09,Average
STU000717,Manish Nair,EEE,M.Tech,2,3,D,26,88.4,64.8,35.69,55.35,78.44,7.83,20.7,74.37,Good
STU000718,Krishna Mehta,AI & DS,B.Tech,4,7,C,21,62.41,80.34,26.51,68.87,80.04,7.89,19.62,74.47,At Risk
STU000719,Sanjay Das,ECE,B.Tech,4,7,D,22,84.26,74.01,34.9,69.33,66.45,7.17,25.11,81.92,Average
STU000720,Isha Mehta,ECE,B.Tech,4,7,C,23,78.69,77.93,30.61,71.55,78.91,8.5,25.07,88.64,Good
STU000721,Vikram Singh,IT,B.Tech,4,8,B,23,80.26,63.92,33.45,62.86,76.34,7.45,27.56,76.54,Good
STU000722,Ishaan Kumar,Civil,B.Tech,4,7,A,23,72.94,68.45,29.18,60.46,64.29,7.73,17.51,63.88,Average
STU000723,Yash Gupta,AI & DS,B.Tech,3,5,C,21,79.08,65.89,34.41,59.81,68.2,8.33,21.56,68.85,Average
STU000724,Karan Das,Mechanical,M.Tech,1,2,A,25,77.97,69.61,28.35,71.57,70.84,7.63,21.94,73.46,Good
STU000725,Arjun Joshi,IT,M.Tech,2,3,C,23,94.53,80.83,32.53,74.95,79.62,7.98,24.69,94.14,Good
STU000726,Varun Shah,EEE,B.Tech,1,1,C,18,84.67,76.91,35.02,67.31,83.65,7.98,23.73,70.43,Good
STU000727,Shreya Verma,AI & DS,B.Tech,4,8,A,22,98.52,88.45,39.42,85.24,92.21,8.09,22.98,91.24,Excellent
STU000728,Bhavya Sharma,AI & DS,B.Tech,4,7,C,23,83.35,71.39,36.72,74.22,65.03,8.15,24.84,82.44,Average
STU000729,Ishaan Bose,Civil,B.Tech,1,2,B,18,82.4,77.57,34.22,65.64,64.22,8.06,16.85,76.11,Average
STU000730,Krishna Patel,EEE,B.Tech,4,7,A,23,82.7,73.25,32.29,56.06,77.16,8.51,25.63,72.29,Good
STU000731,Ishaan Krishnan,Mechanical,B.Tech,2,3,D,19,79.25,71.87,32.98,64.13,76.41,7.61,24.37,70.7,Good
STU000732,Sai Singh,EEE,B.Tech,1,2,B,18,76.91,70.65,37.89,69.75,83.86,8.35,21.61,65.7,Good
STU000733,Arjun Verma,ECE,B.Tech,3,5,A,20,83.35,73.29,30.87,54.65,83.77,8.46,21.98,73.3,Good
STU000734,Sai Shah,EEE,M.Tech,2,4,C,25,81.78,68.31,30.04,53.77,63.42,6.88,21.83,69.81,Average
STU000735,Tanvi Menon,ECE,B.Tech,4,7,D,22,96.14,74.56,41.29,76.45,89.77,7.45,29.29,77.71,Excellent
STU000736,Zoya Shah,CSE,M.Tech,1,2,D,22,87.24,74.15,30.89,64.95,80.96,7.85,24.34,84.79,Good
STU000737,Isha Verma,ECE,B.Tech,4,8,A,22,84.03,80.96,33.99,75.71,81.61,7.86,22.64,93.18,Good
STU000738,Riya Singh,EEE,B.Tech,4,8,B,23,84.69,69.21,31.91,57.39,72.95,7.15,23.56,78.92,Good
STU000739,Yash Sharma,IT,M.Tech,2,3,C,25,55.31,62.43,25.73,57.76,59.16,8.48,15.22,55.4,At Risk
STU000740,Ishaan Joshi,AI & DS,B.Tech,4,8,C,23,88.99,68.66,37.83,70.25,73.29,7.55,19.04,79.61,Good
STU000741,Kavya Chatterjee,Civil,B.Tech,2,4,A,21,86.75,78.39,32.72,50.81,66.67,7.39,24.42,87.58,Average
STU000742,Sanjay Das,EEE,B.Tech,1,2,C,20,83.49,71.41,34.7,59.34,65.89,7.69,17.61,84.17,Average
STU000743,Riya Krishnan,Mechanical,M.Tech,2,3,D,24,75.53,74.05,35.22,67.01,73.49,7.91,22.47,66.07,Good
STU000744,Diya Mishra,ECE,B.Tech,4,8,D,23,81.07,65.16,30.19,63.24,69.31,7.34,24.13,71.46,Average
STU000745,Sneha Nair,CSE,B.Tech,2,4,B,21,75.39,71.94,31.56,57.38,69.66,8.22,12.83,79.85,Average
STU000746,Manish Nair,ECE,B.Tech,2,3,A,19,69.38,65.71,29.18,60.75,71.12,8.03,17.86,63.36,Average
STU000747,Aarav Joshi,IT,B.Tech,3,5,D,21,79.5,87.81,40.43,75.76,94.5,7.87,22.61,72.0,Good
STU000748,Kavya Verma,Mechanical,B.Tech,3,6,B,21,79.89,64.93,36.81,63.78,66.51,7.54,18.34,81.57,Average
STU000749,Rahul Kumar,IT,B.Tech,3,5,D,20,75.46,67.94,25.88,58.84,62.19,7.09,18.4,69.97,Average
STU000750,Riya Das,IT,B.Tech,3,5,B,20,72.42,65.51,30.89,44.01,60.24,7.28,21.91,70.71,Average
STU000751,Aarav Rao,IT,B.Tech,2,3,C,20,73.28,73.77,34.75,69.04,75.12,8.26,17.77,68.39,Average
STU000752,Nikhil Das,ECE,B.Tech,2,4,C,19,89.78,84.99,37.02,71.39,75.72,7.18,25.39,82.55,Good
STU000753,Yash Reddy,IT,B.Tech,2,4,A,21,72.15,84.78,35.6,71.6,84.37,8.64,19.83,63.17,Average
STU000754,Pooja Mishra,Mechanical,B.Tech,1,1,D,20,91.07,79.39,38.22,70.45,75.34,8.58,19.44,78.32,Good
STU000755,Pooja Joshi,CSE,B.Tech,3,6,D,20,71.06,71.33,30.83,64.82,65.31,8.94,16.13,55.56,Average
STU000756,Zoya Krishnan,CSE,B.Tech,4,8,C,22,65.94,62.14,37.59,63.57,66.68,7.61,22.21,71.62,Average
STU000757,Rohan Krishnan,ECE,M.Tech,1,1,C,23,71.49,71.55,41.69,73.5,79.89,7.87,21.46,61.93,Average
STU000758,Manish Verma,EEE,B.Tech,2,4,D,21,86.47,91.43,38.73,69.34,79.08,8.67,24.95,80.8,Good
STU000759,Aarav Pillai,ECE,B.Tech,3,5,D,22,92.6,68.3,36.18,71.15,75.02,7.38,25.9,86.74,Good
STU000760,Ananya Gupta,Civil,B.Tech,1,1,D,18,83.54,68.71,35.13,65.41,61.72,7.16,16.75,79.34,Average
STU000761,Sai Sharma,ECE,B.Tech,3,5,C,20,92.34,66.88,30.28,70.51,73.29,7.56,26.51,75.47,Good
STU000762,Aryan Das,AI & DS,B.Tech,4,8,C,22,90.24,82.6,40.09,75.47,86.82,8.89,20.69,74.39,Excellent
STU000763,Ananya Pillai,AI & DS,B.Tech,4,8,C,22,85.05,59.14,26.86,62.7,66.69,6.84,20.52,75.83,Average
STU000764,Kavya Mishra,CSE,B.Tech,4,8,A,22,77.17,67.35,33.56,66.44,81.05,8.13,17.09,73.15,Good
STU000765,Aditi Das,ECE,B.Tech,2,3,C,19,85.5,70.53,28.52,68.16,77.27,7.73,17.79,86.97,Good
STU000766,Sneha Pillai,ECE,B.Tech,4,8,C,23,71.1,73.96,33.78,66.96,69.82,7.48,20.58,69.65,Average
STU000767,Bhavya Krishnan,IT,M.Tech,1,2,B,22,73.55,65.0,34.93,64.93,68.85,8.36,26.25,74.83,Average
STU000768,Yash Kumar,CSE,B.Tech,3,6,D,22,75.72,83.38,36.06,73.67,89.33,8.12,19.9,68.56,Good
STU000769,Ananya Bose,CSE,B.Tech,4,8,B,21,85.98,58.22,29.8,65.1,71.11,6.79,21.15,80.86,Good
STU000770,Manish Nair,CSE,B.Tech,4,7,C,21,79.95,66.88,27.29,46.76,68.3,7.84,23.11,79.55,Average
STU000771,Nisha Das,ECE,M.Tech,2,4,C,24,69.6,70.63,27.09,65.18,71.58,7.43,19.09,69.73,Average
STU000772,Diya Mishra,EEE,M.Tech,2,3,C,25,81.06,67.4,33.2,57.97,67.41,7.44,19.91,65.53,Average
STU000773,Rohan Pillai,AI & DS,B.Tech,3,6,C,21,82.92,80.52,41.09,77.01,83.94,8.33,19.06,72.62,Good
STU000774,Pooja Singh,Mechanical,B.Tech,4,8,B,23,71.04,75.96,38.07,63.2,75.31,8.37,22.47,60.67,Average
STU000775,Sneha Sharma,CSE,B.Tech,3,6,D,22,76.8,66.49,32.6,61.98,71.81,7.49,15.45,78.33,Good
STU000776,Bhavya Joshi,CSE,B.Tech,3,5,C,21,73.17,75.36,33.56,59.85,74.12,7.46,28.86,67.14,Average
STU000777,Nisha Rao,Mechanical,M.Tech,1,2,A,24,76.37,69.29,29.19,61.35,66.7,7.9,13.52,68.52,Average
STU000778,Nisha Mishra,ECE,B.Tech,3,5,B,20,88.74,78.0,37.82,75.29,90.23,8.43,20.33,78.29,Excellent
STU000779,Manish Iyer,CSE,B.Tech,4,8,D,21,82.38,52.2,30.38,55.95,54.59,7.7,16.19,66.3,At Risk
STU000780,Shreya Das,Civil,B.Tech,4,7,D,21,76.92,67.48,37.65,68.29,78.47,9.05,19.42,78.77,Good
STU000781,Meera Reddy,EEE,B.Tech,1,1,D,18,83.12,71.95,32.54,81.32,81.45,7.75,24.3,84.22,Good
STU000782,Manish Bose,ECE,B.Tech,4,7,D,22,75.56,77.96,43.19,70.82,84.57,7.88,22.99,79.37,Good
STU000783,Ishaan Shah,EEE,B.Tech,2,4,C,20,74.98,75.18,39.1,67.01,80.73,8.12,20.21,71.81,Average
STU000784,Tanvi Menon,AI & DS,M.Tech,1,1,B,24,72.04,79.53,30.64,62.52,78.08,7.82,21.08,63.82,Average
STU000785,Riya Menon,CSE,B.Tech,2,4,A,19,82.24,76.42,37.39,68.59,86.28,7.11,23.64,81.53,Excellent
STU000786,Meera Menon,Mechanical,B.Tech,1,2,B,19,80.18,77.08,32.42,58.44,78.86,8.34,21.65,77.28,Good
STU000787,Sneha Gupta,EEE,B.Tech,1,1,A,18,75.08,77.33,31.4,59.45,65.78,7.1,23.85,76.82,Average
STU000788,Krishna Shah,ECE,B.Tech,4,8,B,21,94.93,87.09,42.67,69.99,90.81,8.95,24.22,85.07,Excellent
STU000789,Akash Singh,Mechanical,B.Tech,4,8,C,23,81.21,68.39,29.7,61.56,73.08,8.59,17.81,82.22,Good
STU000790,Yash Reddy,IT,B.Tech,1,1,A,19,93.03,69.82,28.09,73.73,74.85,8.19,20.31,85.28,Good
STU000791,Riya Rao,AI & DS,B.Tech,2,4,B,19,68.9,66.24,33.24,57.95,65.84,8.43,19.62,63.4,Average
STU000792,Varun Gupta,AI & DS,B.Tech,1,1,D,19,76.27,81.03,33.36,55.18,78.02,8.09,15.76,72.59,Good
STU000793,Nikhil Kumar,CSE,B.Tech,2,4,D,21,88.31,77.03,39.74,69.5,70.79,7.98,22.67,83.97,Good
STU000794,Sanjay Mishra,CSE,B.Tech,1,1,D,20,75.07,67.18,28.53,58.04,80.75,8.24,18.79,69.0,Good
STU000795,Rahul Mishra,IT,B.Tech,3,5,B,22,75.13,62.94,35.9,49.97,65.21,7.05,14.63,55.23,Average
STU000796,Sneha Shah,IT,M.Tech,1,1,A,24,82.25,74.01,36.6,59.41,72.5,8.33,17.18,69.22,Good
STU000797,Sanjay Iyer,EEE,B.Tech,2,4,D,21,85.45,71.14,38.42,74.12,78.56,8.6,14.02,78.26,Good
STU000798,Aarav Nair,AI & DS,B.Tech,4,7,B,23,86.31,66.4,32.58,60.29,68.75,7.25,26.66,81.33,Average
STU000799,Rahul Verma,ECE,B.Tech,1,2,A,18,73.25,70.96,28.53,67.14,76.35,7.64,26.66,62.06,Average
STU000800,Vikram Chatterjee,CSE,M.Tech,1,2,B,22,69.37,71.69,33.33,60.69,69.27,8.37,13.79,69.9,Average
STU000801,Sneha Shah,Civil,B.Tech,1,1,B,20,74.4,65.01,35.23,58.11,79.77,8.32,16.99,62.93,Average
STU000802,Rohan Verma,Civil,B.Tech,3,5,B,20,83.48,67.93,30.22,54.76,59.25,7.57,21.39,72.3,Average
STU000803,Karan Mishra,EEE,B.Tech,4,7,C,21,81.71,77.19,36.27,70.47,73.92,8.06,20.98,78.54,Good
STU000804,Arjun Mishra,ECE,M.Tech,2,3,C,24,72.2,69.14,38.46,60.06,72.71,7.32,11.35,54.58,Average
STU000805,Yash Pillai,Civil,B.Tech,1,2,D,18,80.04,78.12,33.98,73.2,84.52,8.6,17.83,67.79,Good
STU000806,Surya Bose,CSE,B.Tech,3,5,B,22,81.41,51.95,25.36,55.35,60.47,7.32,18.94,68.59,Average
STU000807,Aarav Pillai,EEE,B.Tech,4,7,B,22,87.53,83.74,35.33,67.92,80.8,8.6,22.35,67.5,Good
STU000808,Rahul Chatterjee,CSE,B.Tech,4,8,A,22,87.06,55.55,29.03,60.76,57.14,7.27,20.01,70.16,Average
STU000809,Aryan Nair,Mechanical,B.Tech,2,3,B,19,77.8,71.47,36.74,67.87,85.06,8.22,18.73,73.54,Good
STU000810,Ishaan Iyer,IT,B.Tech,2,3,C,21,97.31,64.38,33.33,53.92,63.97,7.37,24.26,87.18,Average
STU000811,Arjun Joshi,Civil,B.Tech,2,4,B,20,85.72,84.97,40.66,70.52,85.16,8.79,26.6,74.22,Excellent
STU000812,Shreya Shah,CSE,B.Tech,3,6,A,22,78.62,85.5,36.4,65.27,84.14,7.86,24.39,72.3,Good
STU000813,Vikram Mehta,CSE,B.Tech,4,8,B,21,86.78,71.54,26.33,58.39,58.82,7.06,16.58,69.23,Average
STU000814,Aryan Chatterjee,AI & DS,B.Tech,1,2,B,19,76.55,83.75,30.34,70.5,77.7,9.32,21.07,71.58,Good
STU000815,Diya Gupta,ECE,B.Tech,2,3,C,20,87.57,79.09,38.46,83.44,94.39,8.56,20.29,91.94,Excellent
STU000816,Aryan Joshi,Civil,M.Tech,2,3,A,26,78.66,76.8,38.27,72.12,81.78,7.54,21.3,76.78,Good
STU000817,Rahul Krishnan,CSE,M.Tech,2,3,B,23,71.53,66.97,23.52,65.5,71.96,7.67,19.65,78.54,Average
STU000818,Sneha Krishnan,EEE,B.Tech,4,8,D,22,97.08,88.15,38.61,79.71,86.26,8.2,20.92,89.05,Excellent
STU000819,Meera Shah,CSE,B.Tech,2,4,B,20,94.07,79.27,35.96,70.18,68.82,8.2,24.64,82.09,Average
STU000820,Meera Chatterjee,CSE,B.Tech,3,6,B,21,75.44,69.91,36.99,71.41,73.69,8.03,20.26,76.05,Good
STU000821,Aditya Singh,Civil,B.Tech,4,7,D,23,77.11,75.68,31.56,69.53,74.94,7.49,18.67,68.43,Good
STU000822,Bhavya Joshi,IT,B.Tech,1,1,B,18,90.66,69.94,35.47,61.58,74.9,8.23,22.14,84.59,Good
STU000823,Aarav Shah,AI & DS,B.Tech,3,5,B,22,69.52,73.41,37.63,64.65,76.83,7.85,21.57,59.93,Average
STU000824,Rahul Singh,ECE,B.Tech,1,1,C,20,87.75,68.19,35.0,73.39,80.2,7.91,24.55,87.82,Good
STU000825,Bhavya Gupta,ECE,B.Tech,3,5,C,21,84.1,78.63,42.88,53.52,73.79,8.15,22.26,86.12,Good
STU000826,Karan Mishra,Mechanical,B.Tech,1,1,C,20,79.29,74.52,29.39,59.2,63.98,7.09,18.11,79.02,Average
STU000827,Sai Iyer,IT,B.Tech,1,1,D,20,75.72,74.01,39.14,57.78,67.37,8.01,22.37,84.06,Average
STU000828,Aditya Kumar,AI & DS,B.Tech,2,3,C,19,77.65,68.46,29.66,63.01,65.41,7.07,22.72,82.62,Average
STU000829,Varun Kumar,ECE,B.Tech,1,2,D,20,77.44,70.22,32.37,62.0,81.64,8.0,22.35,71.53,Good
STU000830,Rohan Iyer,CSE,M.Tech,1,2,B,24,83.02,85.54,34.25,73.98,90.95,7.83,21.62,79.58,Excellent
STU000831,Manish Patel,CSE,B.Tech,3,6,C,21,76.49,70.93,34.94,74.39,93.53,8.23,19.8,57.52,Good
STU000832,Tanvi Nair,Mechanical,B.Tech,2,4,C,19,92.06,69.73,35.19,61.36,63.78,7.49,22.75,84.73,Average
STU000833,Isha Gupta,Mechanical,B.Tech,2,3,A,20,78.7,77.79,35.71,61.96,80.04,8.39,26.82,77.61,Good
STU000834,Sneha Rao,Mechanical,B.Tech,3,5,B,20,78.29,77.88,41.42,68.49,76.71,7.69,17.52,79.94,Good
STU000835,Karan Krishnan,AI & DS,B.Tech,1,2,B,20,84.4,77.32,33.9,63.89,70.64,7.82,13.51,79.23,Good
STU000836,Krishna Nair,Civil,B.Tech,2,4,A,21,86.05,79.59,36.68,57.53,82.04,7.68,27.03,87.51,Good
STU000837,Aditi Sharma,Civil,B.Tech,1,2,D,20,82.81,79.43,43.8,83.08,86.98,7.75,21.9,84.69,Excellent
STU000838,Ishaan Joshi,Civil,B.Tech,1,1,A,18,83.91,69.24,38.8,66.96,67.16,8.34,21.68,70.93,Average
STU000839,Aditya Verma,AI & DS,B.Tech,3,5,B,21,77.91,83.05,37.87,78.12,95.01,8.02,21.58,83.27,Good
STU000840,Bhavya Singh,AI & DS,B.Tech,4,7,A,21,76.12,70.09,36.01,58.92,71.12,7.9,23.22,78.95,Good
STU000841,Vikram Chatterjee,ECE,B.Tech,2,3,A,20,96.68,66.24,30.73,59.31,74.45,7.61,20.63,84.08,Good
STU000842,Nikhil Menon,AI & DS,M.Tech,1,2,A,22,83.36,68.21,32.25,73.39,76.05,8.26,23.83,74.36,Good
STU000843,Rahul Shah,ECE,B.Tech,2,4,B,20,89.3,69.1,31.55,66.71,81.22,7.8,22.51,79.07,Good
STU000844,Sanjay Rao,AI & DS,B.Tech,4,8,D,22,93.49,70.17,43.08,60.9,79.04,8.05,21.79,73.23,Good
STU000845,Pooja Pillai,Civil,B.Tech,4,8,C,23,87.09,78.82,34.78,60.16,76.87,7.36,30.76,80.05,Good
STU000846,Rohan Patel,EEE,B.Tech,1,2,A,20,90.28,75.33,32.38,61.31,68.68,7.37,22.68,78.78,Average
STU000847,Aryan Reddy,AI & DS,B.Tech,3,6,B,20,88.35,79.54,33.29,71.87,85.07,7.58,29.32,90.1,Excellent
STU000848,Aditya Reddy,CSE,B.Tech,4,8,A,23,79.07,64.74,33.25,61.53,82.8,7.24,17.6,76.14,Good
STU000849,Aditi Bose,IT,M.Tech,2,3,A,26,90.19,70.69,31.9,66.77,48.46,7.07,23.23,66.17,At Risk
STU000850,Aarav Chatterjee,CSE,B.Tech,1,2,A,20,84.43,78.02,34.7,65.35,68.78,7.27,24.03,85.34,Average
STU000851,Aditi Bose,Mechanical,B.Tech,3,6,A,20,82.46,70.04,32.91,58.98,77.8,8.29,24.36,72.06,Good
STU000852,Pooja Nair,CSE,M.Tech,1,2,B,23,71.82,77.6,35.8,54.58,54.36,8.07,20.51,74.38,At Risk
STU000853,Aditi Patel,ECE,B.Tech,1,1,A,20,64.25,79.75,35.5,66.32,76.11,7.55,19.39,73.5,At Risk
STU000854,Krishna Gupta,IT,B.Tech,1,2,D,19,75.21,76.98,34.88,60.47,83.73,7.88,17.69,82.56,Good
STU000855,Bhavya Singh,IT,B.Tech,4,8,A,22,87.33,72.84,29.56,49.53,80.66,6.76,22.28,68.65,Good
STU000856,Aryan Joshi,AI & DS,B.Tech,4,8,C,22,83.09,77.09,39.18,64.1,73.29,8.63,22.92,84.29,Good
STU000857,Surya Chatterjee,ECE,B.Tech,1,1,A,20,98.02,70.67,34.46,65.26,64.85,8.08,20.05,73.59,Average
STU000858,Kavya Menon,EEE,B.Tech,3,5,C,20,84.25,75.62,35.88,72.93,66.68,7.76,22.58,82.86,Average
STU000859,Aditi Das,IT,B.Tech,2,3,D,19,76.2,61.0,30.48,64.38,75.1,8.01,20.96,59.01,Good
STU000860,Surya Iyer,CSE,B.Tech,2,4,C,20,69.05,64.47,27.29,59.42,63.59,6.86,16.18,62.89,Average
STU000861,Krishna Sharma,IT,M.Tech,2,3,B,23,81.98,60.23,28.22,51.89,72.14,7.21,21.97,75.17,Good
STU000862,Nisha Patel,EEE,B.Tech,1,2,C,18,73.8,52.94,25.05,48.28,48.51,7.07,14.92,68.48,At Risk
STU000863,Ananya Reddy,Civil,B.Tech,2,3,A,19,83.86,92.6,42.77,76.64,79.86,8.22,23.45,78.14,Good
STU000864,Kavya Bose,Mechanical,B.Tech,3,6,A,20,79.15,71.01,32.14,59.2,73.5,7.76,20.51,74.11,Good
STU000865,Sneha Shah,IT,B.Tech,2,4,C,21,78.81,79.34,39.02,63.13,76.71,8.53,23.26,80.87,Good
STU000866,Nikhil Sharma,Mechanical,B.Tech,3,6,A,22,72.47,73.45,37.44,52.96,62.01,7.58,16.16,69.9,Average
STU000867,Arjun Das,AI & DS,B.Tech,3,6,B,20,79.32,76.48,37.23,68.4,74.42,9.06,19.85,87.58,Good
STU000868,Bhavya Kumar,CSE,B.Tech,2,4,B,19,70.02,77.83,37.61,60.79,71.41,8.12,19.14,74.14,Average
STU000869,Akash Singh,CSE,B.Tech,3,5,A,21,80.74,79.52,36.06,57.7,74.64,7.79,19.31,68.47,Good
STU000870,Karan Iyer,ECE,B.Tech,1,1,A,19,61.27,87.54,41.46,64.4,70.03,8.6,16.49,70.77,At Risk
STU000871,Karan Krishnan,EEE,B.Tech,4,8,C,23,74.82,73.23,28.0,48.5,64.06,7.84,14.48,75.11,Average
STU000872,Sneha Mishra,Mechanical,B.Tech,1,1,D,18,78.47,64.15,24.49,53.98,73.27,8.16,17.19,68.9,Good
STU000873,Sanjay Sharma,CSE,B.Tech,2,4,A,20,82.71,70.05,31.77,52.42,78.08,7.66,20.2,82.18,Good
STU000874,Aditya Krishnan,Mechanical,B.Tech,4,8,C,23,83.75,67.77,31.37,57.2,75.35,8.37,23.48,75.44,Good
STU000875,Tanvi Chatterjee,EEE,B.Tech,3,6,C,21,82.32,74.53,28.16,61.61,69.09,8.32,16.6,61.05,Average
STU000876,Aditya Das,Mechanical,B.Tech,3,6,C,21,80.51,70.84,32.9,76.85,75.59,8.07,18.68,74.03,Good
STU000877,Vikram Mishra,CSE,M.Tech,1,1,D,25,86.92,64.7,31.49,49.5,57.44,7.8,20.52,71.99,Average
STU000878,Aarav Mehta,EEE,B.Tech,2,3,D,21,69.82,69.47,27.37,52.3,66.34,8.11,17.54,67.8,Average
STU000879,Isha Gupta,EEE,B.Tech,2,3,C,19,67.18,72.53,38.43,76.5,80.3,8.84,15.79,77.04,Average
STU000880,Nisha Mehta,IT,B.Tech,3,5,C,21,94.32,76.2,35.07,69.93,96.82,7.69,24.48,91.82,Excellent
STU000881,Isha Bose,Civil,B.Tech,2,4,D,20,75.71,78.64,34.61,69.21,71.92,7.85,19.54,75.62,Good
STU000882,Riya Sharma,CSE,M.Tech,1,2,C,24,85.62,89.39,40.45,59.42,81.22,8.7,23.94,78.86,Good
STU000883,Akash Kumar,EEE,B.Tech,3,5,A,20,77.89,81.27,35.23,63.1,79.51,8.61,27.28,81.55,Good
STU000884,Krishna Shah,ECE,B.Tech,2,3,A,19,71.39,73.96,35.62,65.75,68.81,7.94,22.51,73.55,Average
STU000885,Aditya Joshi,ECE,B.Tech,1,2,D,19,85.08,70.76,33.27,74.05,72.16,8.36,20.07,67.34,Good
STU000886,Diya Verma,CSE,B.Tech,1,1,A,20,69.64,56.56,27.73,54.3,53.95,7.43,17.49,69.04,At Risk
STU000887,Nisha Krishnan,ECE,M.Tech,2,3,C,23,70.16,78.56,34.71,66.76,70.1,7.6,21.92,69.62,Average
STU000888,Aditya Patel,EEE,B.Tech,4,7,C,22,95.11,69.69,36.15,72.88,87.12,8.99,20.52,77.48,Excellent
STU000889,Krishna Shah,CSE,B.Tech,2,4,B,19,92.99,79.96,38.77,70.88,84.55,9.06,21.28,74.97,Good
STU000890,Varun Das,ECE,B.Tech,1,1,C,19,83.76,66.64,35.03,72.39,77.89,7.76,22.01,72.03,Good
STU000891,Aryan Nair,Mechanical,B.Tech,4,8,A,23,93.2,83.52,38.58,75.6,97.66,9.11,24.36,83.53,Excellent
STU000892,Sai Sharma,CSE,B.Tech,2,4,A,21,80.55,61.43,32.22,59.51,75.22,8.29,20.23,63.91,Good
STU000893,Aditya Verma,ECE,B.Tech,4,8,D,23,81.85,74.63,33.99,71.24,80.95,7.75,25.17,94.76,Good
STU000894,Krishna Bose,CSE,B.Tech,4,7,B,23,71.61,68.32,32.83,60.14,65.79,7.63,18.32,70.34,Average
STU000895,Ananya Rao,EEE,M.Tech,1,1,B,23,87.87,87.44,41.12,69.27,96.74,8.7,25.14,90.49,Excellent
STU000896,Zoya Singh,CSE,B.Tech,2,4,C,20,78.8,67.6,35.67,52.37,68.8,7.03,16.46,78.54,Average
STU000897,Varun Sharma,CSE,B.Tech,2,4,C,21,75.19,72.7,36.48,67.43,60.02,8.22,17.91,71.99,Average
STU000898,Meera Nair,CSE,B.Tech,1,2,C,18,87.46,66.45,34.11,63.94,83.62,7.43,26.49,86.54,Good
STU000899,Vikram Pillai,CSE,B.Tech,1,2,D,19,73.84,69.69,29.26,64.29,60.88,8.15,18.2,66.85,Average
STU000900,Aditya Kumar,ECE,B.Tech,4,7,B,23,68.78,54.72,28.38,61.57,50.12,8.24,14.5,69.1,At Risk
STU000901,Isha Bose,CSE,M.Tech,1,1,C,22,84.22,82.84,32.43,69.49,77.62,8.19,20.21,86.73,Good
STU000902,Zoya Reddy,Mechanical,B.Tech,1,1,D,18,96.57,59.4,28.25,71.81,79.83,7.68,25.14,74.25,Good
STU000903,Arjun Iyer,EEE,B.Tech,4,8,B,23,93.25,66.77,36.57,66.74,78.16,8.43,25.04,67.32,Good
STU000904,Krishna Patel,CSE,B.Tech,2,4,A,19,78.58,68.34,33.77,71.88,68.79,8.15,22.71,66.51,Average
STU000905,Sneha Pillai,AI & DS,B.Tech,4,7,A,21,75.38,66.01,29.12,61.27,70.45,8.33,14.96,66.34,Good
STU000906,Aarav Kumar,CSE,B.Tech,1,1,B,18,81.28,73.68,32.27,51.97,76.1,8.5,20.11,82.17,Good
STU000907,Diya Kumar,Mechanical,B.Tech,3,6,D,22,75.67,82.04,34.98,62.35,75.88,8.29,21.41,71.67,Good
STU000908,Arjun Shah,Civil,B.Tech,1,2,B,18,83.78,83.97,40.6,76.53,87.11,8.38,23.27,82.81,Excellent
STU000909,Pooja Patel,ECE,B.Tech,4,8,B,21,68.54,81.79,41.22,67.58,76.49,8.43,18.96,84.13,Average
STU000910,Meera Gupta,AI & DS,B.Tech,3,5,D,21,76.83,73.45,30.63,55.1,68.55,7.39,24.77,82.87,Average
STU000911,Aryan Das,ECE,B.Tech,3,5,A,21,82.93,87.17,39.09,70.49,71.41,8.39,18.03,81.07,Good
STU000912,Akash Das,AI & DS,B.Tech,1,1,D,18,74.69,65.74,30.63,52.68,45.51,6.69,19.62,65.97,At Risk
STU000913,Sneha Menon,CSE,B.Tech,4,7,B,21,86.06,97.01,39.09,72.25,88.41,7.89,29.85,76.57,Excellent
STU000914,Kavya Chatterjee,CSE,B.Tech,1,1,C,18,72.98,69.98,30.82,61.84,67.48,7.24,22.47,73.0,Average
STU000915,Surya Shah,ECE,B.Tech,4,7,D,22,80.91,71.75,32.25,66.31,73.87,7.67,22.18,78.69,Good
STU000916,Nisha Bose,CSE,M.Tech,1,2,A,22,92.35,68.46,33.95,59.91,60.12,6.59,22.72,78.85,Average
STU000917,Zoya Singh,CSE,B.Tech,1,1,A,18,81.15,63.61,32.93,67.04,65.82,8.52,24.98,75.38,Average
STU000918,Meera Singh,EEE,B.Tech,4,8,D,22,77.69,53.82,29.3,48.75,63.59,8.27,22.19,66.77,Average
STU000919,Diya Sharma,Civil,B.Tech,4,8,C,21,83.93,63.48,27.89,35.18,66.52,7.77,17.69,67.84,Average
STU000920,Arjun Singh,CSE,B.Tech,4,8,A,21,76.84,62.58,34.78,59.79,58.1,7.03,18.76,70.33,Average
STU000921,Sneha Gupta,AI & DS,B.Tech,4,8,A,21,67.34,87.29,38.85,80.17,74.75,8.76,17.82,65.3,Average
STU000922,Yash Reddy,AI & DS,B.Tech,1,1,B,19,81.17,68.28,29.17,64.16,70.48,7.13,19.47,71.63,Good
STU000923,Tanvi Krishnan,Civil,B.Tech,2,3,A,21,92.29,60.9,32.57,60.93,74.44,7.9,18.6,77.87,Good
STU000924,Meera Menon,IT,B.Tech,4,7,A,23,89.05,72.83,33.45,59.32,77.89,7.93,25.38,80.94,Good
STU000925,Surya Rao,ECE,B.Tech,2,3,D,21,89.63,66.14,32.88,67.54,73.39,6.8,24.88,72.66,Good
STU000926,Meera Shah,Civil,B.Tech,2,3,D,21,90.71,81.68,39.03,76.8,82.55,8.27,23.04,79.84,Good
STU000927,Ananya Shah,AI & DS,B.Tech,1,2,D,19,81.38,49.24,29.82,55.49,54.69,6.85,15.94,75.66,At Risk
STU000928,Krishna Shah,CSE,B.Tech,1,1,B,18,80.48,80.09,35.57,70.72,87.0,9.27,15.48,84.95,Excellent
STU000929,Nisha Rao,CSE,B.Tech,4,8,B,22,85.28,77.2,34.88,74.33,92.19,8.04,24.99,79.21,Excellent
STU000930,Ananya Pillai,ECE,B.Tech,1,1,A,19,63.59,71.74,36.12,82.56,71.68,8.21,24.47,75.68,At Risk
STU000931,Sneha Mehta,CSE,B.Tech,1,2,D,19,66.14,78.43,35.71,65.02,79.33,7.98,23.41,77.72,Average
STU000932,Bhavya Chatterjee,IT,B.Tech,2,3,D,21,89.36,59.08,27.47,62.43,68.34,7.17,21.37,76.83,Average
STU000933,Sneha Kumar,CSE,B.Tech,2,4,D,21,83.78,70.09,35.99,66.68,71.56,9.06,18.7,77.7,Good
STU000934,Nikhil Menon,ECE,B.Tech,2,4,C,21,95.62,63.7,30.0,57.47,88.34,7.69,23.62,83.03,Excellent
STU000935,Rohan Krishnan,CSE,M.Tech,2,3,D,26,92.1,68.09,36.31,54.68,78.84,7.92,18.68,77.05,Good
STU000936,Karan Shah,IT,B.Tech,3,5,B,20,75.53,74.37,28.79,65.85,60.67,8.31,17.73,62.27,Average
STU000937,Varun Shah,AI & DS,B.Tech,1,1,C,20,83.3,69.15,30.89,60.87,72.5,7.75,19.34,68.97,Good
STU000938,Nikhil Krishnan,IT,B.Tech,4,7,B,22,78.05,76.28,36.2,70.9,73.45,7.83,19.09,77.04,Good
STU000939,Sai Das,Civil,B.Tech,1,2,A,20,76.11,80.01,38.0,60.08,71.93,8.82,23.04,80.89,Good
STU000940,Yash Verma,IT,B.Tech,3,5,D,20,72.94,72.84,36.4,63.44,84.44,7.83,14.87,68.55,Average
STU000941,Nikhil Joshi,CSE,B.Tech,4,8,C,22,73.94,85.09,40.81,72.66,74.79,8.2,23.03,75.42,Average
STU000942,Varun Rao,Civil,M.Tech,2,4,D,23,86.39,76.74,33.71,68.82,80.99,7.82,27.5,70.78,Good
STU000943,Shreya Menon,Mechanical,B.Tech,4,8,D,22,71.24,79.11,37.55,73.36,92.52,8.42,24.51,65.67,Average
STU000944,Manish Verma,Civil,B.Tech,3,6,A,22,80.8,67.51,31.68,45.92,82.09,8.24,12.89,69.73,Good
STU000945,Varun Mishra,Mechanical,B.Tech,2,3,B,21,92.44,70.5,32.58,73.96,81.13,7.79,23.05,74.64,Good
STU000946,Yash Chatterjee,ECE,B.Tech,1,1,B,19,83.51,63.06,31.58,69.94,65.41,7.7,20.18,80.97,Average
STU000947,Tanvi Bose,EEE,B.Tech,1,2,C,20,76.54,82.5,31.58,70.01,69.26,8.28,26.68,81.24,Average
STU000948,Shreya Gupta,ECE,B.Tech,1,1,D,19,74.73,69.07,32.71,69.28,77.38,7.43,20.63,73.52,Average
STU000949,Krishna Menon,CSE,B.Tech,2,4,D,21,100,72.26,32.94,58.22,84.19,7.89,22.06,78.65,Good
STU000950,Aditi Pillai,ECE,B.Tech,1,2,B,18,88.44,80.22,35.5,70.96,85.01,8.74,24.71,84.01,Excellent
STU000951,Meera Reddy,Civil,B.Tech,4,7,A,21,77.93,62.45,22.37,52.94,68.4,7.5,21.78,70.34,Average
STU000952,Sneha Menon,EEE,B.Tech,4,7,B,22,90.41,76.42,36.07,65.0,74.64,8.45,20.02,71.64,Good
STU000953,Sneha Joshi,CSE,B.Tech,3,5,D,22,63.21,69.24,28.96,63.49,70.91,8.51,21.81,79.55,At Risk
STU000954,Kavya Shah,AI & DS,B.Tech,1,2,A,19,82.74,74.9,31.98,64.82,76.03,8.61,21.24,66.96,Good
STU000955,Zoya Chatterjee,ECE,B.Tech,2,3,D,21,77.72,69.28,34.46,73.53,83.53,8.33,20.37,79.87,Good
STU000956,Sai Das,CSE,B.Tech,4,8,D,22,72.13,76.73,34.97,73.88,69.51,8.28,18.74,68.63,Average
STU000957,Riya Iyer,Civil,B.Tech,2,3,C,19,85.48,80.15,38.81,65.78,82.55,9.47,21.61,73.81,Good
STU000958,Diya Shah,ECE,B.Tech,1,2,C,19,84.69,72.42,34.16,60.5,65.0,8.28,23.47,68.67,Average
STU000959,Pooja Joshi,AI & DS,B.Tech,4,7,A,23,80.48,62.8,30.54,55.83,55.88,8.08,16.98,84.57,Average
STU000960,Manish Verma,ECE,B.Tech,3,5,B,22,81.09,71.53,33.54,81.78,87.39,9.05,26.13,77.81,Excellent
STU000961,Zoya Pillai,ECE,M.Tech,2,4,B,24,98.05,81.77,31.25,63.98,78.2,8.36,24.99,82.18,Good
STU000962,Sai Krishnan,EEE,M.Tech,1,2,D,24,97.3,75.59,32.6,63.23,76.47,7.57,23.72,74.43,Good
STU000963,Sanjay Singh,EEE,B.Tech,1,2,C,18,89.96,80.2,39.4,80.79,89.62,8.95,16.11,84.79,Excellent
STU000964,Arjun Pillai,IT,B.Tech,4,8,B,23,80.83,78.13,34.19,60.07,54.76,8.41,23.04,77.57,At Risk
STU000965,Bhavya Shah,EEE,B.Tech,3,5,B,20,77.59,71.11,37.72,65.09,82.61,7.59,20.75,81.51,Good
STU000966,Manish Menon,Civil,B.Tech,2,3,C,19,83.06,76.07,35.64,55.7,68.52,8.59,17.55,75.99,Average
STU000967,Tanvi Das,CSE,B.Tech,2,3,C,20,81.8,62.13,29.61,53.22,62.25,7.28,25.48,76.25,Average
STU000968,Akash Verma,CSE,B.Tech,3,5,B,22,85.15,52.28,22.0,46.08,58.79,6.94,20.16,62.53,Average
STU000969,Rohan Verma,AI & DS,B.Tech,4,7,A,23,86.73,62.5,29.31,61.95,69.47,7.56,23.19,76.86,Average
STU000970,Pooja Das,CSE,B.Tech,3,6,A,22,81.82,85.21,41.24,70.2,78.7,8.25,21.33,60.59,Good
STU000971,Diya Menon,Mechanical,B.Tech,2,4,A,21,87.82,74.15,30.36,70.27,70.02,7.89,20.93,75.49,Good
STU000972,Nikhil Das,ECE,B.Tech,3,6,B,20,71.62,83.61,31.84,73.07,75.94,8.28,17.91,74.82,Average
STU000973,Sanjay Sharma,EEE,B.Tech,1,1,A,19,83.66,64.03,33.39,65.57,67.4,8.41,16.31,70.57,Average
STU000974,Aditya Kumar,IT,B.Tech,1,2,D,18,86.24,76.36,33.05,64.24,78.41,7.91,26.58,78.35,Good
STU000975,Meera Joshi,ECE,B.Tech,3,6,C,20,65.84,71.06,24.73,45.76,68.83,8.73,14.41,70.3,Average
STU000976,Ananya Krishnan,Mechanical,B.Tech,1,1,A,19,83.25,67.92,32.64,76.83,75.79,7.23,22.65,78.51,Good
STU000977,Sanjay Singh,AI & DS,B.Tech,3,6,B,22,84.57,81.21,43.28,66.82,90.56,8.28,20.17,75.05,Excellent
STU000978,Aryan Das,CSE,B.Tech,4,7,C,21,87.19,67.2,34.55,64.32,68.32,7.27,18.1,80.27,Average
STU000979,Aditya Joshi,ECE,B.Tech,1,2,B,20,95.87,69.07,32.88,75.46,69.63,7.9,23.84,81.69,Average
STU000980,Vikram Verma,AI & DS,B.Tech,4,7,A,21,90.58,87.21,37.98,68.25,68.77,8.77,27.1,90.35,Average
STU000981,Aarav Nair,Mechanical,M.Tech,2,3,A,24,83.85,80.99,34.26,70.88,75.75,8.27,22.02,86.62,Good
STU000982,Aarav Menon,ECE,B.Tech,2,4,D,20,83.45,85.44,34.79,76.74,98.27,8.6,20.2,76.69,Excellent
STU000983,Bhavya Pillai,CSE,B.Tech,2,4,B,21,78.84,88.98,40.25,78.88,89.8,8.42,23.79,79.87,Good
STU000984,Meera Mishra,ECE,B.Tech,3,6,C,22,74.33,58.02,29.1,56.82,52.77,7.86,19.27,64.96,At Risk
STU000985,Diya Menon,ECE,B.Tech,2,4,D,21,81.71,64.3,37.43,66.42,62.43,8.22,18.22,79.16,Average
STU000986,Nisha Kumar,Mechanical,B.Tech,1,2,B,18,76.5,67.2,32.9,55.09,72.57,7.02,14.8,77.93,Good
STU000987,Ishaan Singh,Mechanical,M.Tech,1,2,C,25,74.16,65.72,32.73,56.87,61.62,7.26,14.54,58.73,Average
STU000988,Sneha Kumar,Civil,B.Tech,4,7,B,22,87.15,66.23,33.17,67.35,68.67,7.69,21.48,67.64,Average
STU000989,Surya Reddy,CSE,M.Tech,1,1,D,23,76.92,68.83,31.57,62.87,76.35,7.8,20.42,73.67,Good
STU000990,Kavya Iyer,ECE,B.Tech,1,2,B,20,86.39,88.1,40.19,78.99,95.22,8.33,30.07,72.9,Excellent
STU000991,Sneha Joshi,ECE,B.Tech,1,1,C,19,93.53,80.78,38.5,66.6,82.96,8.75,20.61,74.19,Good
STU000992,Shreya Menon,AI & DS,B.Tech,3,5,A,21,77.57,68.4,34.16,66.89,69.34,8.28,20.86,72.6,Average
STU000993,Riya Gupta,ECE,B.Tech,2,3,D,19,80.1,81.7,40.11,62.08,84.8,8.01,22.18,80.29,Good
STU000994,Kavya Krishnan,Mechanical,B.Tech,1,1,A,20,63.41,75.76,35.04,59.57,64.97,8.1,17.83,72.2,At Risk
STU000995,Sanjay Pillai,AI & DS,B.Tech,2,3,B,20,76.59,80.7,36.93,70.38,77.92,8.13,21.26,86.91,Good
STU000996,Rohan Kumar,ECE,B.Tech,3,5,D,21,68.71,86.12,34.02,69.76,92.88,8.29,22.93,75.04,Average
STU000997,Aditi Krishnan,AI & DS,B.Tech,3,5,D,21,86.94,68.11,30.23,58.73,71.8,7.6,19.86,72.93,Good
STU000998,Meera Sharma,Mechanical,B.Tech,3,5,A,22,78.77,69.93,35.8,61.91,74.93,7.84,20.94,67.06,Good
STU000999,Surya Iyer,ECE,M.Tech,1,2,A,24,100,69.65,31.32,64.67,89.75,8.25,22.17,81.92,Excellent
STU001000,Zoya Pillai,AI & DS,B.Tech,3,6,A,22,92.84,68.48,31.6,52.21,57.58,7.33,18.48,84.39,Average
STU001001,Vikram Gupta,Civil,M.Tech,1,2,C,22,72.46,72.36,29.1,60.85,65.84,8.4,16.78,72.6,Average
STU001002,Varun Das,AI & DS,B.Tech,4,8,D,21,87.7,73.89,37.95,69.36,75.45,8.98,21.48,80.69,Good
STU001003,Ananya Sharma,ECE,B.Tech,4,7,B,22,87.86,69.24,31.99,67.58,81.11,7.93,22.34,64.49,Good
STU001004,Manish Bose,IT,B.Tech,1,2,B,18,82.61,66.99,28.46,48.11,67.18,7.4,19.58,79.7,Average
STU001005,Aditi Chatterjee,Mechanical,B.Tech,2,3,A,21,74.98,68.59,28.3,50.83,77.25,7.96,21.18,77.45,Average
STU001006,Varun Singh,EEE,B.Tech,4,8,B,22,64.1,68.37,33.16,52.88,57.98,7.2,20.41,56.62,At Risk
STU001007,Aditya Mishra,Mechanical,B.Tech,2,4,C,20,75.71,77.11,38.51,70.85,80.11,8.64,14.31,76.0,Good
STU001008,Aryan Joshi,AI & DS,M.Tech,2,4,D,24,80.83,64.33,30.87,52.85,64.4,7.86,20.49,77.42,Average
STU001009,Diya Nair,EEE,M.Tech,1,2,D,22,69.8,68.03,27.26,53.27,75.58,6.97,18.91,76.12,Average
STU001010,Karan Menon,CSE,M.Tech,1,2,B,23,71.67,68.4,42.73,74.03,70.24,7.82,16.61,93.13,Average
STU001011,Akash Gupta,Mechanical,B.Tech,1,1,C,18,97.3,66.92,35.76,74.99,82.58,8.35,23.03,78.33,Good
STU001012,Shreya Menon,AI & DS,B.Tech,3,6,A,20,81.12,63.92,31.47,53.5,60.51,8.33,15.09,65.5,Average
STU001013,Ananya Joshi,ECE,B.Tech,3,5,D,20,68.86,69.64,32.85,64.51,78.7,7.62,21.27,69.78,Average
STU001014,Karan Patel,CSE,M.Tech,2,4,C,23,77.18,77.19,33.07,54.92,72.77,7.21,20.52,74.84,Good
STU001015,Meera Shah,ECE,B.Tech,2,4,B,20,78.93,69.98,31.06,56.12,85.07,8.39,21.73,73.03,Good
STU001016,Shreya Sharma,IT,B.Tech,4,7,A,22,68.59,72.88,32.77,57.94,62.89,7.62,21.24,69.87,Average
STU001017,Rohan Rao,ECE,B.Tech,4,7,B,22,79.83,73.72,38.2,76.2,86.21,9.03,15.81,62.52,Good
STU001018,Pooja Mishra,CSE,M.Tech,2,4,A,24,89.04,76.2,33.44,64.51,86.09,7.72,20.84,79.98,Excellent
STU001019,Kavya Mehta,CSE,B.Tech,2,3,D,21,74.69,59.44,26.76,61.73,65.34,7.47,19.13,80.41,Average
STU001020,Vikram Das,IT,B.Tech,1,1,A,19,84.07,75.67,37.72,66.57,80.9,8.08,23.65,85.13,Good
STU001021,Krishna Shah,CSE,B.Tech,3,6,D,22,82.61,70.29,35.49,66.91,79.83,7.78,18.82,75.23,Good
STU001022,Nikhil Reddy,AI & DS,M.Tech,2,3,D,25,94.5,78.73,29.4,60.17,77.13,7.6,20.4,77.53,Good
STU001023,Isha Nair,Civil,B.Tech,1,1,B,20,75.02,70.53,39.52,64.35,66.62,7.71,13.8,77.53,Average
STU001024,Aarav Bose,CSE,B.Tech,4,8,D,23,67.37,58.33,27.72,63.2,71.1,7.17,17.01,60.46,Average
STU001025,Diya Patel,ECE,B.Tech,2,4,A,20,77.35,64.29,32.33,59.94,63.42,7.9,18.69,83.09,Average
STU001026,Vikram Verma,AI & DS,B.Tech,3,5,D,21,80.89,72.97,32.33,67.27,78.17,7.68,18.34,72.08,Good
STU001027,Sanjay Krishnan,Civil,B.Tech,4,8,C,22,60.51,69.27,27.5,58.53,61.16,8.04,16.6,68.47,At Risk
STU001028,Diya Patel,AI & DS,B.Tech,3,5,B,21,86.71,79.68,41.66,72.46,88.02,7.75,21.43,75.51,Excellent
STU001029,Aditi Patel,Civil,B.Tech,4,7,C,21,74.33,60.31,29.29,60.12,59.23,7.85,22.5,78.62,Average
STU001030,Aditya Rao,ECE,M.Tech,2,4,D,25,76.02,61.19,32.92,67.54,74.51,8.43,20.11,67.4,Good
STU001031,Isha Kumar,CSE,B.Tech,2,4,C,21,78.15,77.35,40.16,64.55,63.58,8.39,17.19,80.93,Average
STU001032,Bhavya Shah,CSE,B.Tech,2,4,B,19,81.45,80.59,37.19,63.73,82.66,8.07,21.1,78.23,Good
STU001033,Karan Singh,Civil,B.Tech,1,1,B,19,73.42,78.34,38.51,66.83,78.52,7.55,22.79,78.28,Average
STU001034,Aditi Reddy,Mechanical,B.Tech,3,5,B,20,89.71,64.27,37.09,71.23,65.31,8.92,19.18,80.63,Average
STU001035,Yash Mishra,ECE,B.Tech,2,4,A,20,83.7,75.19,32.76,63.5,70.31,8.32,16.3,72.64,Good
STU001036,Karan Nair,AI & DS,B.Tech,1,2,A,19,72.36,69.44,31.03,48.02,66.83,7.7,28.61,80.68,Average
STU001037,Aryan Nair,AI & DS,B.Tech,3,5,C,21,68.79,68.3,35.21,67.49,63.55,7.73,14.51,67.1,Average
STU001038,Zoya Rao,CSE,M.Tech,1,1,B,22,65.61,73.82,27.03,64.35,71.73,6.85,13.05,56.97,Average
STU001039,Zoya Mehta,Mechanical,B.Tech,2,4,A,20,66.07,68.02,29.05,59.74,68.59,7.53,21.74,62.24,Average
STU001040,Kavya Kumar,Mechanical,B.Tech,4,8,A,21,78.37,75.11,29.23,55.97,60.22,8.03,24.5,80.78,Average
STU001041,Isha Sharma,Mechanical,B.Tech,2,4,C,20,93.69,61.68,28.01,68.13,72.24,7.91,22.75,79.03,Good
STU001042,Riya Shah,Civil,B.Tech,4,7,C,21,93.33,75.61,34.77,76.77,77.91,7.52,24.5,81.12,Good
STU001043,Isha Nair,CSE,B.Tech,4,7,B,22,89.31,85.74,39.9,74.84,89.25,8.39,25.64,77.39,Excellent
STU001044,Pooja Menon,EEE,B.Tech,3,5,A,20,77.88,66.59,35.27,69.61,80.83,8.16,18.24,82.98,Good
STU001045,Manish Menon,CSE,B.Tech,3,5,A,22,82.3,68.32,30.99,58.07,76.75,7.93,19.71,74.71,Good
STU001046,Sneha Rao,CSE,B.Tech,2,4,B,19,83.59,64.1,32.09,58.14,71.07,7.83,23.39,65.12,Good
STU001047,Varun Pillai,IT,B.Tech,1,1,A,19,86.88,55.64,29.74,36.53,55.52,7.14,18.38,79.52,Average
STU001048,Tanvi Nair,ECE,B.Tech,3,5,D,22,95.16,74.57,36.0,66.0,81.84,7.8,20.0,90.16,Good
STU001049,Bhavya Reddy,CSE,B.Tech,1,1,A,20,86.91,71.21,35.74,76.07,71.37,8.14,23.85,77.03,Good
STU001050,Isha Sharma,ECE,B.Tech,2,3,C,21,79.9,68.88,31.33,50.68,67.1,7.26,16.41,79.84,Average
STU001051,Aarav Joshi,CSE,B.Tech,2,4,C,21,80.81,77.25,37.32,62.63,75.23,8.1,23.12,76.51,Good
STU001052,Krishna Pillai,ECE,B.Tech,4,8,A,23,75.38,77.58,38.45,79.84,62.35,8.19,20.67,79.8,Average
STU001053,Aryan Singh,EEE,B.Tech,2,4,D,20,73.09,77.67,29.64,60.78,78.88,7.95,22.0,68.3,Average
STU001054,Karan Das,ECE,B.Tech,1,2,B,18,84.65,76.02,30.9,70.94,76.34,8.72,28.92,78.3,Good
STU001055,Aryan Gupta,Mechanical,B.Tech,1,1,A,19,95.86,64.35,24.46,59.89,74.33,7.13,22.83,82.32,Good
STU001056,Sai Mishra,AI & DS,B.Tech,2,3,D,21,74.07,68.93,32.4,66.26,85.11,8.72,18.78,81.15,Average
STU001057,Isha Verma,CSE,B.Tech,2,3,C,20,65.68,66.73,29.55,52.21,66.87,6.99,15.93,60.34,Average
STU001058,Varun Bose,AI & DS,B.Tech,4,8,C,22,73.76,71.2,33.45,72.62,77.26,7.92,17.7,69.72,Average
STU001059,Bhavya Shah,EEE,B.Tech,1,1,D,19,82.37,63.85,32.63,67.78,60.14,7.51,20.46,81.23,Average
STU001060,Sneha Sharma,ECE,B.Tech,4,7,D,21,71.21,73.54,33.64,69.3,72.18,6.39,16.24,75.65,Average
STU001061,Aryan Singh,AI & DS,B.Tech,1,2,B,19,80.97,71.41,33.77,69.32,70.71,7.58,23.32,74.82,Good
STU001062,Meera Sharma,CSE,B.Tech,2,4,D,20,87.76,81.15,26.32,55.93,69.25,7.14,23.21,78.64,Average
STU001063,Sai Mehta,CSE,M.Tech,2,4,A,23,79.98,79.32,32.53,65.49,74.56,7.93,19.47,87.46,Good
STU001064,Aditya Sharma,AI & DS,B.Tech,2,3,C,21,81.51,71.44,33.56,50.31,71.04,7.02,21.61,74.67,Good
STU001065,Tanvi Krishnan,CSE,B.Tech,4,7,A,23,81.67,86.44,36.21,71.79,89.25,7.9,29.02,86.03,Excellent
STU001066,Karan Menon,IT,B.Tech,3,6,A,21,79.88,71.7,29.84,68.97,65.03,7.79,24.99,85.49,Average
STU001067,Riya Menon,CSE,B.Tech,2,4,C,21,73.58,70.33,30.31,56.48,64.95,7.36,21.21,79.27,Average
STU001068,Meera Mehta,CSE,B.Tech,2,4,A,20,77.95,68.95,26.75,62.31,71.1,8.07,23.0,76.62,Good
STU001069,Riya Verma,CSE,B.Tech,1,2,D,20,81.47,78.9,39.34,69.07,69.82,8.74,31.13,84.16,Average
STU001070,Akash Joshi,ECE,B.Tech,3,6,C,22,80.58,78.29,35.24,86.47,90.91,8.57,25.91,84.76,Excellent
STU001071,Vikram Iyer,AI & DS,B.Tech,4,7,C,22,84.93,55.69,27.6,53.75,58.29,7.09,18.76,79.22,Average
STU001072,Ananya Kumar,AI & DS,B.Tech,4,8,C,22,73.28,77.23,39.25,56.49,81.93,8.54,19.58,70.36,Average
STU001073,Karan Verma,CSE,B.Tech,2,3,D,19,75.32,56.68,26.57,48.51,66.03,7.43,16.34,73.45,Average
STU001074,Sai Shah,Mechanical,B.Tech,1,1,C,20,85.79,69.03,29.41,46.25,63.59,7.49,25.12,88.82,Average
STU001075,Nikhil Mehta,Mechanical,B.Tech,3,5,A,21,77.88,74.26,34.8,63.4,79.4,7.72,19.96,62.14,Good
STU001076,Isha Iyer,EEE,B.Tech,3,6,A,22,68.46,66.98,31.72,70.52,67.02,7.33,19.26,72.32,Average
STU001077,Sanjay Das,Mechanical,B.Tech,4,7,B,22,65.8,74.96,29.92,52.7,60.92,7.7,15.47,67.71,Average
STU001078,Ananya Nair,CSE,M.Tech,2,3,C,25,73.71,79.01,36.49,55.83,73.94,7.74,19.82,69.91,Average
STU001079,Isha Pillai,AI & DS,B.Tech,4,8,A,22,76.94,82.34,39.55,77.25,79.5,7.49,19.02,79.28,Good
STU001080,Arjun Gupta,IT,M.Tech,1,2,B,23,79.01,72.49,33.97,67.41,70.83,7.04,19.66,69.37,Good
STU001081,Arjun Verma,IT,B.Tech,1,2,B,20,84.03,80.18,34.44,68.04,88.98,7.76,18.0,81.7,Excellent
STU001082,Diya Bose,Mechanical,B.Tech,1,1,A,20,84.17,76.36,36.54,64.33,75.03,8.24,22.22,70.17,Good
STU001083,Diya Rao,IT,B.Tech,3,5,B,20,84.28,76.72,30.8,68.37,76.82,8.45,21.79,64.72,Good
STU001084,Akash Sharma,CSE,B.Tech,4,8,D,22,89.86,78.96,33.3,70.74,87.07,8.42,27.31,90.42,Excellent
STU001085,Aryan Mehta,EEE,B.Tech,4,8,C,22,82.81,63.13,31.52,50.64,77.11,7.18,16.41,71.34,Good
STU001086,Karan Pillai,AI & DS,B.Tech,1,2,B,20,60.42,65.42,28.01,57.04,71.54,7.99,21.34,60.9,At Risk
STU001087,Rahul Shah,CSE,B.Tech,3,6,D,22,92.41,85.95,38.68,80.81,80.36,8.11,20.91,83.41,Good
STU001088,Aryan Gupta,Civil,B.Tech,3,6,B,20,77.85,66.56,33.23,68.31,68.53,8.57,24.73,68.74,Average
STU001089,Aarav Bose,EEE,B.Tech,4,8,B,23,72.02,58.26,28.5,53.54,45.34,7.96,16.51,66.07,At Risk
STU001090,Nisha Kumar,CSE,B.Tech,3,5,C,21,78.4,69.82,30.24,63.47,68.81,8.16,17.37,65.93,Average
STU001091,Varun Joshi,CSE,M.Tech,1,2,C,25,73.89,70.46,33.73,56.52,71.99,8.42,18.16,73.75,Average
STU001092,Surya Sharma,IT,B.Tech,2,4,C,20,72.63,68.01,32.06,65.48,70.39,8.07,17.61,61.21,Average
STU001093,Diya Sharma,CSE,B.Tech,2,3,B,20,82.94,85.9,40.99,73.58,81.75,9.52,23.7,74.19,Good
STU001094,Yash Chatterjee,AI & DS,B.Tech,1,2,D,20,74.12,70.4,26.1,58.19,66.5,7.62,20.75,69.57,Average
STU001095,Zoya Rao,AI & DS,M.Tech,1,2,D,24,78.57,86.18,37.71,76.05,90.83,8.27,21.9,82.21,Good
STU001096,Aarav Nair,Civil,B.Tech,1,1,B,20,88.04,72.0,34.57,64.18,76.65,7.41,21.21,79.63,Good
STU001097,Aditi Sharma,ECE,B.Tech,2,4,A,19,85.24,79.53,38.21,61.15,82.25,8.38,19.05,69.21,Good
STU001098,Varun Menon,AI & DS,B.Tech,3,6,A,20,92.15,70.72,36.49,64.42,82.74,8.32,19.8,76.6,Good
STU001099,Bhavya Mishra,CSE,B.Tech,4,8,D,23,88.88,72.59,43.05,70.81,68.42,8.04,19.61,75.33,Average
STU001100,Ishaan Reddy,CSE,B.Tech,1,1,D,18,89.12,72.17,39.42,68.57,73.83,9.11,25.46,70.81,Good
STU001101,Karan Mehta,EEE,B.Tech,3,6,C,20,76.09,64.06,37.95,61.57,61.37,7.84,12.91,64.23,Average
STU001102,Nisha Joshi,EEE,B.Tech,2,3,C,21,77.55,70.88,36.57,72.54,72.65,8.16,24.62,70.88,Good
STU001103,Pooja Chatterjee,Civil,B.Tech,3,6,A,21,90.38,75.19,34.01,53.98,79.98,7.87,19.73,75.33,Good
STU001104,Nikhil Sharma,Civil,B.Tech,3,5,D,22,71.33,73.11,34.83,59.56,72.04,7.68,16.55,70.73,Average
STU001105,Kavya Mehta,ECE,B.Tech,1,2,A,20,78.59,58.19,26.95,44.88,59.25,7.29,20.06,74.75,Average
STU001106,Tanvi Menon,EEE,B.Tech,2,4,B,20,91.71,78.74,37.67,59.57,73.7,7.45,23.97,77.92,Good
STU001107,Aditi Krishnan,CSE,B.Tech,2,4,B,19,89.15,73.83,34.52,62.48,75.23,8.17,17.93,71.82,Good
STU001108,Arjun Mehta,ECE,B.Tech,3,5,B,21,76.26,67.88,31.83,55.27,65.46,8.1,18.95,61.3,Average
STU001109,Rohan Rao,EEE,B.Tech,2,4,D,19,94.22,66.29,35.93,66.32,75.55,8.4,19.63,79.9,Good
STU001110,Meera Das,ECE,B.Tech,1,1,C,19,85.82,70.99,35.66,51.19,76.68,8.47,21.97,69.66,Good
STU001111,Ananya Joshi,CSE,B.Tech,1,1,C,18,76.87,78.09,34.19,65.15,63.39,8.21,22.17,67.02,Average
STU001112,Aryan Patel,CSE,B.Tech,3,5,A,21,77.81,67.91,34.23,50.33,69.62,7.09,19.5,87.17,Average
STU001113,Aditya Pillai,ECE,B.Tech,1,2,A,20,62.19,71.77,32.41,68.73,70.31,8.08,21.46,74.57,At Risk
STU001114,Aarav Rao,AI & DS,B.Tech,4,7,C,23,84.65,81.19,43.11,63.63,84.14,8.38,17.46,73.27,Good
STU001115,Aditya Patel,CSE,B.Tech,2,3,A,19,74.67,69.4,31.69,56.16,61.88,7.08,12.14,61.59,Average
STU001116,Diya Bose,ECE,B.Tech,1,1,D,19,78.99,72.92,29.91,73.68,94.66,7.59,20.07,76.51,Good
STU001117,Nikhil Rao,Mechanical,M.Tech,2,4,A,25,80.24,74.86,38.61,75.29,95.42,8.26,27.53,87.04,Excellent
STU001118,Krishna Rao,AI & DS,B.Tech,3,6,D,20,84.49,71.98,33.92,53.51,76.86,7.44,19.33,75.68,Good
STU001119,Varun Sharma,ECE,B.Tech,2,3,D,21,90.13,85.14,36.46,79.48,87.71,8.56,26.02,92.46,Excellent
STU001120,Nisha Chatterjee,ECE,B.Tech,4,7,D,23,91.49,85.71,38.27,67.6,83.06,8.58,21.98,71.71,Good
STU001121,Meera Verma,AI & DS,B.Tech,1,2,A,20,82.33,64.07,31.68,59.61,72.87,8.93,21.08,75.43,Good
STU001122,Isha Joshi,Civil,B.Tech,3,6,D,21,78.84,70.14,31.83,61.0,69.49,7.33,17.06,76.1,Average
STU001123,Meera Sharma,AI & DS,B.Tech,1,1,C,20,68.89,73.37,30.6,67.45,76.62,8.31,19.19,60.89,Average
STU001124,Aditi Joshi,Civil,B.Tech,3,6,C,21,72.82,61.53,24.23,56.22,58.98,7.5,15.57,69.86,Average
STU001125,Tanvi Sharma,Civil,B.Tech,1,2,B,18,85.65,76.42,36.29,67.12,75.58,8.33,24.09,77.1,Good
STU001126,Arjun Reddy,Civil,B.Tech,2,4,D,21,83.65,74.59,33.83,59.27,67.57,8.98,31.51,84.47,Average
STU001127,Shreya Nair,Civil,B.Tech,1,2,D,19,87.37,72.38,31.15,73.35,78.65,8.05,16.25,79.81,Good
STU001128,Isha Iyer,Mechanical,M.Tech,1,1,C,22,74.09,76.12,37.14,62.09,77.04,8.41,16.55,70.92,Average
STU001129,Yash Nair,CSE,M.Tech,2,4,B,26,79.04,66.93,35.41,53.91,70.45,8.34,19.1,73.18,Good
STU001130,Pooja Krishnan,CSE,B.Tech,4,7,D,22,87.9,70.19,34.0,67.16,72.05,7.16,19.09,73.71,Good
STU001131,Sneha Bose,CSE,B.Tech,3,5,A,21,82.96,88.26,33.73,77.34,95.25,8.27,19.93,75.72,Excellent
STU001132,Sanjay Nair,CSE,M.Tech,2,3,C,26,81.6,68.21,30.45,45.33,57.37,7.26,24.18,74.97,Average
STU001133,Isha Rao,CSE,B.Tech,1,1,B,19,67.46,80.0,32.68,65.48,58.35,8.21,20.27,86.46,Average
STU001134,Riya Singh,Civil,B.Tech,1,2,B,20,100,73.25,30.1,68.09,63.2,7.47,24.94,86.76,Average
STU001135,Rahul Krishnan,CSE,B.Tech,1,1,C,19,61.9,72.21,39.07,58.8,66.29,8.69,17.45,71.74,At Risk
STU001136,Riya Iyer,CSE,B.Tech,1,2,D,19,87.34,68.49,29.35,49.42,67.14,7.72,25.07,67.45,Average
STU001137,Vikram Menon,CSE,B.Tech,4,7,A,22,91.16,83.14,42.67,62.89,70.05,8.31,20.2,86.24,Good
STU001138,Akash Pillai,CSE,B.Tech,2,3,D,20,71.54,72.04,33.81,67.54,77.69,7.74,18.78,58.47,Average
STU001139,Rahul Pillai,ECE,B.Tech,3,5,B,22,77.92,70.12,30.18,46.35,68.38,7.5,24.1,77.04,Average
STU001140,Aditya Das,Civil,B.Tech,2,3,B,19,58.16,68.11,29.04,51.84,63.26,7.72,16.96,66.46,At Risk
STU001141,Diya Joshi,ECE,B.Tech,1,1,D,20,72.72,69.75,36.29,65.91,67.0,8.71,17.89,57.65,Average
STU001142,Sanjay Singh,EEE,B.Tech,4,7,A,23,90.61,61.68,33.31,61.98,77.3,7.86,22.71,74.63,Good
STU001143,Riya Shah,AI & DS,B.Tech,1,2,B,19,79.44,62.86,29.91,56.83,72.94,7.83,17.99,63.76,Good
STU001144,Sneha Nair,ECE,B.Tech,4,7,C,23,85.58,70.53,30.99,64.92,65.0,8.19,18.77,74.23,Average
STU001145,Akash Rao,ECE,B.Tech,1,2,B,18,69.82,69.69,32.6,56.35,69.72,8.23,22.5,82.46,Average
STU001146,Karan Menon,CSE,B.Tech,3,6,C,21,77.52,68.29,36.21,69.14,88.76,8.03,19.23,74.19,Good
STU001147,Krishna Reddy,CSE,B.Tech,4,8,C,21,83.57,81.54,37.54,68.63,77.4,7.91,23.33,81.42,Good
STU001148,Varun Menon,ECE,B.Tech,1,1,A,20,81.39,81.19,35.27,69.2,83.01,8.31,22.66,72.04,Good
STU001149,Riya Iyer,EEE,B.Tech,4,8,A,23,79.81,61.58,29.53,47.48,44.75,7.54,19.14,65.8,At Risk
STU001150,Tanvi Patel,Mechanical,B.Tech,2,4,B,20,83.38,74.89,38.75,86.06,88.93,8.17,21.22,75.55,Excellent
STU001151,Varun Sharma,CSE,B.Tech,4,7,C,22,72.51,68.99,34.4,63.37,70.41,8.45,22.95,73.67,Average
STU001152,Aditya Menon,ECE,B.Tech,3,6,D,21,81.97,80.66,37.31,84.75,82.59,8.59,21.28,78.37,Good
STU001153,Meera Joshi,CSE,B.Tech,3,5,A,20,87.9,76.48,33.74,70.71,90.54,8.38,21.59,84.74,Excellent
STU001154,Pooja Kumar,CSE,B.Tech,3,5,A,21,82.84,88.47,38.16,71.12,90.92,8.56,27.52,93.3,Excellent
STU001155,Bhavya Nair,EEE,B.Tech,2,4,C,19,85.07,71.31,39.43,59.27,73.59,8.4,22.35,73.31,Good
STU001156,Sneha Kumar,Civil,B.Tech,3,6,A,20,87.57,68.61,32.79,68.18,84.43,7.34,19.84,70.3,Good
STU001157,Diya Menon,CSE,B.Tech,3,5,A,20,72.18,77.28,34.22,68.7,76.25,7.49,16.93,67.11,Average
STU001158,Aryan Nair,AI & DS,B.Tech,2,4,C,20,84.24,71.51,31.18,69.56,72.67,8.82,21.3,85.93,Good
STU001159,Ananya Joshi,Mechanical,B.Tech,4,8,B,22,76.69,84.77,36.31,76.98,94.86,8.8,26.35,77.17,Good
STU001160,Vikram Nair,Mechanical,B.Tech,3,6,A,21,91.88,79.63,31.97,54.12,80.42,8.26,27.46,86.55,Good
STU001161,Karan Sharma,AI & DS,B.Tech,2,3,C,21,76.66,75.88,32.39,75.78,72.73,8.55,22.41,68.89,Good
STU001162,Akash Menon,AI & DS,B.Tech,4,8,D,22,72.34,59.74,27.11,52.41,68.27,7.61,19.39,68.94,Average
STU001163,Tanvi Mishra,AI & DS,B.Tech,3,5,A,21,76.7,77.4,32.47,71.65,76.79,7.4,20.02,65.77,Good
STU001164,Isha Krishnan,CSE,B.Tech,1,1,D,19,88.01,87.33,34.75,79.65,89.09,8.47,25.83,92.57,Excellent
STU001165,Karan Sharma,CSE,B.Tech,3,6,B,20,87.24,61.08,31.84,61.54,78.87,7.99,22.4,63.0,Good
STU001166,Sneha Sharma,CSE,M.Tech,1,2,A,24,78.1,63.63,35.54,59.15,71.23,7.19,20.75,75.13,Good
STU001167,Meera Joshi,AI & DS,B.Tech,3,6,C,22,91.69,69.5,32.33,61.94,62.19,7.38,21.75,79.2,Average
STU001168,Aditya Verma,Mechanical,B.Tech,2,4,C,19,84.73,71.34,34.85,57.43,71.71,8.33,19.73,66.95,Good
STU001169,Arjun Das,AI & DS,B.Tech,4,8,D,22,77.83,73.79,34.48,70.82,83.55,8.3,23.47,72.37,Good
STU001170,Shreya Joshi,Civil,B.Tech,2,4,B,19,77.04,75.25,33.75,71.69,69.52,7.49,15.96,82.2,Average
STU001171,Pooja Menon,AI & DS,B.Tech,1,2,B,19,94.66,66.64,27.79,52.99,54.64,7.12,22.93,72.12,At Risk
STU001172,Karan Patel,EEE,B.Tech,3,5,D,20,97.02,64.97,33.22,64.54,78.06,7.32,22.39,80.19,Good
STU001173,Aarav Menon,IT,B.Tech,2,3,C,20,71.16,74.81,30.38,60.89,75.95,7.65,20.32,80.96,Average
STU001174,Rohan Singh,AI & DS,B.Tech,3,6,B,21,84.72,69.85,30.34,75.3,73.3,7.46,25.22,82.86,Good
STU001175,Nikhil Shah,ECE,B.Tech,3,5,C,22,83.76,79.98,32.24,70.42,88.06,8.04,25.84,80.14,Excellent
STU001176,Sai Shah,CSE,B.Tech,4,8,B,22,74.77,56.72,29.05,42.45,59.53,6.75,21.04,75.16,Average
STU001177,Aditya Patel,AI & DS,B.Tech,4,8,D,23,76.24,66.73,37.47,50.04,66.78,8.82,15.97,64.3,Average
STU001178,Aditya Singh,CSE,B.Tech,2,4,C,19,81.75,69.09,34.95,60.57,67.12,7.17,18.96,83.68,Average
STU001179,Karan Shah,Mechanical,B.Tech,4,8,A,21,74.5,70.25,29.8,62.08,65.75,7.5,21.86,81.93,Average
STU001180,Krishna Bose,ECE,B.Tech,3,6,A,22,76.99,67.17,28.52,69.49,74.86,7.71,16.28,79.81,Good
STU001181,Akash Gupta,ECE,B.Tech,2,3,A,20,85.92,70.3,35.44,67.06,63.87,8.33,19.11,72.89,Average
STU001182,Kavya Bose,EEE,B.Tech,1,1,D,20,92.47,68.0,32.65,71.74,79.68,8.35,22.97,83.66,Good
STU001183,Tanvi Rao,EEE,B.Tech,1,2,A,19,80.84,65.73,31.77,61.74,69.11,7.2,25.35,82.06,Average
STU001184,Aditi Iyer,EEE,B.Tech,3,6,B,20,76.12,68.45,25.12,52.88,87.04,7.6,14.04,67.52,Good
STU001185,Nisha Singh,AI & DS,B.Tech,4,7,D,21,81.18,79.25,34.05,68.47,73.35,7.55,23.65,79.14,Good
STU001186,Akash Iyer,Civil,B.Tech,1,1,A,20,75.07,64.33,26.53,53.93,73.96,7.99,20.6,81.69,Good
STU001187,Aditi Pillai,AI & DS,B.Tech,2,4,A,20,100,72.79,37.2,65.76,78.9,8.56,24.49,76.82,Good
STU001188,Aditi Das,EEE,B.Tech,1,1,D,18,75.76,78.59,30.15,58.77,89.57,8.61,21.06,69.29,Good
STU001189,Yash Mehta,CSE,B.Tech,3,6,D,22,87.99,68.46,27.13,59.53,73.52,7.82,20.37,70.6,Good
STU001190,Shreya Menon,AI & DS,B.Tech,1,2,B,18,82.76,60.25,25.39,55.74,69.92,7.14,14.95,70.15,Average
STU001191,Ishaan Singh,EEE,B.Tech,4,8,B,21,84.5,80.88,37.35,64.7,75.25,8.91,15.74,82.05,Good
STU001192,Diya Rao,ECE,B.Tech,2,3,D,21,75.53,77.09,30.86,54.44,71.41,7.32,20.39,83.99,Good
STU001193,Ishaan Iyer,CSE,B.Tech,4,7,A,23,70.51,64.26,34.12,52.59,51.16,7.94,11.99,65.72,At Risk
STU001194,Surya Rao,AI & DS,B.Tech,4,7,C,21,92.55,82.19,35.97,57.2,79.23,6.43,30.27,82.65,Good
STU001195,Ananya Das,EEE,B.Tech,3,5,B,22,78.19,70.82,36.28,73.82,78.04,8.0,25.81,78.88,Good
STU001196,Krishna Verma,IT,B.Tech,4,8,C,21,86.33,68.64,27.16,59.82,60.57,8.14,20.48,79.05,Average
STU001197,Meera Iyer,Mechanical,B.Tech,4,7,D,23,78.83,67.8,31.77,70.59,66.64,8.15,19.61,79.18,Average
STU001198,Ananya Rao,AI & DS,B.Tech,2,4,B,19,99.05,68.15,27.53,67.97,81.6,8.18,19.81,82.92,Good
STU001199,Tanvi Verma,Mechanical,B.Tech,1,1,A,20,78.53,72.83,31.25,73.03,84.66,8.22,27.47,77.66,Good
STU001200,Aryan Chatterjee,Civil,B.Tech,2,4,A,20,93.29,70.88,35.59,53.58,68.77,7.42,24.66,90.61,Average
STU001201,Surya Iyer,IT,B.Tech,4,8,A,23,78.98,59.81,32.92,63.71,65.67,7.35,18.0,65.53,Average
STU001202,Riya Mehta,IT,B.Tech,3,5,C,20,76.04,78.65,36.39,70.99,79.94,7.99,28.03,74.57,Good
STU001203,Ananya Bose,CSE,B.Tech,4,7,B,21,96.69,82.95,34.98,85.06,98.23,8.64,27.02,92.27,Excellent
STU001204,Varun Krishnan,CSE,B.Tech,2,3,B,19,81.72,78.66,34.31,67.76,85.38,7.47,31.98,84.45,Excellent
STU001205,Sai Reddy,ECE,B.Tech,2,3,A,19,64.81,61.15,24.72,57.19,55.97,7.47,23.31,60.96,At Risk
STU001206,Aryan Verma,ECE,B.Tech,2,3,C,19,93.49,69.85,33.38,62.44,73.2,7.79,26.13,83.39,Good
STU001207,Aarav Rao,IT,B.Tech,3,5,C,22,79.57,75.76,34.43,66.2,88.42,8.08,23.87,82.62,Good
STU001208,Sneha Gupta,AI & DS,B.Tech,3,6,B,20,79.95,81.32,31.8,78.51,84.27,8.53,25.32,91.32,Good
STU001209,Meera Verma,EEE,B.Tech,1,1,A,20,90.78,72.89,31.31,68.32,82.07,7.81,21.19,79.79,Good
STU001210,Yash Patel,Mechanical,B.Tech,1,2,D,20,100,71.85,34.06,61.88,63.84,7.2,24.73,88.79,Average
STU001211,Akash Verma,EEE,B.Tech,1,2,C,20,82.94,80.88,37.27,67.24,84.61,8.32,26.2,79.3,Good
STU001212,Nisha Joshi,CSE,B.Tech,2,4,D,19,85.99,86.4,47.86,74.8,81.12,9.03,19.48,84.49,Good
STU001213,Shreya Shah,Mechanical,B.Tech,1,2,B,20,89.25,82.94,35.02,66.0,90.88,8.28,28.38,75.78,Excellent
STU001214,Varun Sharma,CSE,B.Tech,2,3,D,21,69.85,75.97,37.06,61.05,76.86,8.49,20.32,79.91,Average
STU001215,Nisha Sharma,CSE,B.Tech,4,8,A,22,82.83,71.69,27.25,71.07,79.85,7.49,23.33,76.09,Good
STU001216,Vikram Joshi,EEE,B.Tech,1,2,A,20,67.25,61.96,29.46,42.74,64.17,7.77,18.09,58.76,Average
STU001217,Riya Gupta,EEE,B.Tech,3,6,B,20,93.4,62.32,35.64,78.09,70.99,7.65,18.53,80.25,Good
STU001218,Shreya Joshi,Civil,M.Tech,1,2,C,24,63.02,70.61,32.94,52.84,64.43,7.86,17.95,67.1,At Risk
STU001219,Meera Shah,EEE,B.Tech,3,5,D,21,77.63,77.18,34.94,67.73,72.33,8.55,25.87,77.84,Good
STU001220,Sanjay Pillai,CSE,B.Tech,2,3,D,21,80.99,70.78,34.95,52.81,90.45,7.39,22.58,62.8,Excellent
STU001221,Karan Gupta,AI & DS,B.Tech,2,4,D,19,90.41,81.31,37.24,61.4,73.76,8.47,23.7,79.59,Good
STU001222,Riya Das,AI & DS,B.Tech,3,5,C,21,84.81,76.7,43.12,79.69,78.89,8.2,27.23,87.86,Good
STU001223,Vikram Mehta,CSE,M.Tech,1,1,C,25,82.95,76.89,38.38,63.46,73.78,8.24,22.21,67.58,Good
STU001224,Aditi Chatterjee,ECE,B.Tech,4,8,B,21,85.59,84.17,34.74,74.33,85.46,8.95,17.33,80.85,Excellent
STU001225,Isha Mehta,AI & DS,B.Tech,2,4,D,19,83.23,85.55,39.97,75.96,87.73,8.47,34.84,85.91,Excellent
STU001226,Karan Sharma,IT,B.Tech,4,7,B,23,84.1,68.3,32.93,65.99,76.45,8.48,21.34,76.62,Good
STU001227,Aarav Mishra,EEE,B.Tech,1,2,B,19,90.51,73.8,31.78,55.81,73.11,7.66,24.8,90.31,Good
STU001228,Aarav Mehta,AI & DS,B.Tech,1,1,C,19,74.27,74.52,33.92,71.52,76.93,8.61,21.33,82.74,Average
STU001229,Aditya Mehta,Civil,M.Tech,1,2,D,23,73.46,82.44,39.37,79.41,79.41,8.65,23.02,79.06,Average
STU001230,Aditya Mishra,ECE,B.Tech,4,8,A,22,81.71,72.63,30.81,72.76,83.3,8.1,28.55,84.72,Good
STU001231,Tanvi Menon,Civil,B.Tech,1,2,C,19,79.16,79.35,38.3,73.43,83.32,7.73,24.28,81.18,Good
STU001232,Zoya Bose,CSE,B.Tech,4,8,C,23,77.13,61.16,27.34,48.23,63.76,8.41,15.49,52.45,Average
STU001233,Pooja Chatterjee,CSE,B.Tech,2,3,C,21,72.88,69.18,32.48,65.04,81.56,8.75,20.92,64.15,Average
STU001234,Ananya Iyer,Mechanical,B.Tech,2,3,C,20,85.24,82.66,38.51,55.03,67.44,8.09,26.23,76.8,Average
STU001235,Rahul Mishra,AI & DS,B.Tech,3,6,A,21,75.42,77.51,40.71,70.45,58.58,7.9,18.37,62.63,Average
STU001236,Yash Patel,AI & DS,B.Tech,2,3,D,20,68.33,73.92,32.85,54.8,68.83,8.43,19.16,66.31,Average
STU001237,Nisha Mehta,AI & DS,B.Tech,3,6,A,21,80.76,65.37,34.4,69.28,69.64,7.76,16.91,84.63,Average
STU001238,Bhavya Patel,CSE,B.Tech,4,7,C,23,75.03,57.15,23.56,58.77,69.42,7.62,22.93,68.67,Average
STU001239,Sneha Verma,Civil,B.Tech,2,3,D,19,77.08,61.37,31.87,60.29,80.4,7.55,22.58,80.97,Good
STU001240,Akash Joshi,AI & DS,B.Tech,4,7,B,21,79.04,75.44,31.1,62.06,73.38,8.09,23.41,79.31,Good
STU001241,Kavya Pillai,CSE,B.Tech,3,5,B,20,74.14,76.61,34.69,70.99,64.76,8.02,23.83,77.78,Average
STU001242,Nisha Nair,ECE,B.Tech,4,8,B,23,55.9,72.01,35.0,58.13,63.62,8.77,14.56,70.85,At Risk
STU001243,Aarav Bose,IT,B.Tech,4,8,A,21,74.18,65.38,29.43,64.78,68.5,8.63,20.61,70.52,Average
STU001244,Vikram Kumar,Mechanical,B.Tech,4,7,D,23,88.57,72.1,33.2,64.17,91.81,8.71,22.42,83.67,Excellent
STU001245,Tanvi Sharma,AI & DS,B.Tech,4,7,A,23,76.53,60.63,34.77,56.58,62.46,7.38,17.82,71.56,Average
STU001246,Rahul Nair,CSE,B.Tech,3,6,A,22,71.84,67.61,34.14,71.39,70.94,7.91,19.04,63.19,Average
STU001247,Isha Kumar,CSE,B.Tech,4,7,C,22,82.54,59.14,29.79,54.05,78.63,6.7,15.31,75.84,Good
STU001248,Sanjay Krishnan,CSE,B.Tech,2,3,D,21,76.36,72.04,40.15,51.6,73.09,7.64,20.96,72.77,Good
STU001249,Arjun Joshi,AI & DS,B.Tech,3,6,D,21,81.34,78.83,35.76,67.85,72.5,7.9,19.65,72.32,Good
STU001250,Ishaan Singh,CSE,B.Tech,1,1,B,20,79.36,69.49,30.35,71.24,75.82,7.58,24.12,81.82,Good
STU001251,Tanvi Verma,CSE,B.Tech,2,3,D,19,73.8,62.37,27.64,49.44,47.92,7.61,16.85,69.16,At Risk
STU001252,Aditya Das,Civil,B.Tech,4,8,C,23,78.51,69.2,36.99,68.08,84.02,7.71,13.56,68.61,Good
STU001253,Nikhil Krishnan,Mechanical,B.Tech,1,1,A,20,76.15,69.95,29.18,55.51,74.23,7.39,22.56,79.07,Good
STU001254,Arjun Krishnan,ECE,B.Tech,1,2,D,18,88.29,72.4,29.4,58.09,65.67,7.22,19.09,89.73,Average
STU001255,Bhavya Patel,Civil,B.Tech,2,3,A,21,63.87,61.08,33.67,60.52,65.87,8.0,16.7,73.1,At Risk
STU001256,Aditya Singh,ECE,B.Tech,4,8,B,23,80.85,73.52,28.21,54.36,63.79,7.63,24.88,69.17,Average
STU001257,Isha Kumar,Mechanical,B.Tech,4,7,D,22,76.57,64.31,36.99,56.63,76.64,9.35,11.22,75.67,Good
STU001258,Sanjay Pillai,CSE,B.Tech,1,1,A,19,79.76,60.81,30.01,58.92,69.67,7.02,22.43,70.16,Average
STU001259,Varun Iyer,ECE,B.Tech,1,1,C,18,73.74,85.12,38.41,72.29,78.47,8.2,14.8,56.1,Average
STU001260,Pooja Gupta,AI & DS,B.Tech,1,2,D,20,80.58,84.41,36.2,63.61,73.42,8.09,20.19,70.12,Good
STU001261,Krishna Iyer,ECE,B.Tech,3,6,D,20,59.6,66.48,29.36,62.57,61.26,7.87,19.36,73.31,At Risk
STU001262,Rahul Menon,AI & DS,M.Tech,2,3,B,24,77.28,75.28,34.14,66.9,76.48,6.67,19.13,67.15,Good
STU001263,Krishna Rao,IT,B.Tech,2,3,D,19,73.67,67.89,32.49,74.63,79.63,8.68,19.97,62.59,Average
STU001264,Bhavya Shah,AI & DS,B.Tech,4,7,B,22,74.7,66.79,30.91,73.77,65.44,7.62,16.99,72.39,Average
STU001265,Yash Mehta,CSE,B.Tech,1,2,A,18,82.36,73.28,33.14,61.79,57.83,7.64,20.34,70.24,Average
STU001266,Kavya Sharma,Mechanical,B.Tech,3,6,D,22,81.53,67.1,33.46,60.3,68.68,8.04,18.04,61.23,Average
STU001267,Ananya Sharma,Civil,B.Tech,3,6,D,22,71.17,66.83,30.6,56.61,73.07,7.62,18.98,75.5,Average
STU001268,Krishna Das,CSE,B.Tech,4,8,B,22,77.47,80.63,36.28,67.16,77.71,8.83,21.37,72.91,Good
STU001269,Meera Joshi,IT,B.Tech,4,7,A,22,83.22,78.73,39.86,77.76,85.68,8.23,22.57,80.28,Excellent
STU001270,Sai Mehta,CSE,B.Tech,4,7,C,22,81.95,83.34,39.39,62.96,75.75,8.44,23.37,88.9,Good
STU001271,Riya Sharma,IT,B.Tech,3,6,B,22,87.62,78.05,33.8,70.64,67.32,7.78,18.88,79.16,Average
STU001272,Aarav Rao,IT,B.Tech,3,5,B,20,67.22,72.55,36.0,59.8,73.64,8.2,20.7,56.74,Average
STU001273,Vikram Pillai,ECE,B.Tech,2,4,C,20,78.68,74.09,36.1,70.43,80.89,7.71,21.69,83.13,Good
STU001274,Sanjay Pillai,ECE,B.Tech,3,6,B,20,79.93,71.83,34.54,68.27,84.8,8.38,21.18,81.94,Good
STU001275,Ananya Krishnan,CSE,B.Tech,4,8,C,21,83.19,69.03,36.14,67.05,74.53,8.13,22.63,84.54,Good
STU001276,Ananya Joshi,ECE,B.Tech,4,7,C,22,74.36,82.36,39.79,67.51,78.15,8.6,21.73,79.11,Average
STU001277,Diya Menon,IT,B.Tech,2,4,A,20,95.1,75.53,34.01,65.6,69.69,8.38,25.13,67.47,Average
STU001278,Krishna Pillai,AI & DS,B.Tech,3,6,D,20,79.91,86.34,36.08,52.85,81.49,7.73,23.42,67.75,Good
STU001279,Aditya Reddy,CSE,B.Tech,2,3,A,19,79.27,70.93,38.3,75.28,84.41,8.44,21.15,74.62,Good
STU001280,Surya Rao,CSE,B.Tech,3,6,A,20,90.51,79.99,38.73,65.63,76.23,7.77,26.98,82.98,Good
STU001281,Sai Singh,AI & DS,B.Tech,2,3,C,20,68.57,66.25,35.6,57.18,57.12,8.02,19.32,68.66,Average
STU001282,Rohan Bose,ECE,B.Tech,4,8,C,22,86.48,80.41,38.98,74.9,79.41,8.18,26.58,76.39,Good
STU001283,Sanjay Menon,Civil,B.Tech,4,8,B,22,74.62,75.86,32.99,67.13,90.15,7.9,17.53,76.42,Average
STU001284,Meera Nair,AI & DS,B.Tech,3,5,C,21,73.44,68.18,25.82,47.84,59.45,7.15,17.43,63.98,Average
STU001285,Riya Gupta,AI & DS,B.Tech,4,7,B,23,91.24,70.47,34.71,54.31,61.08,8.42,24.95,73.21,Average
STU001286,Ananya Shah,CSE,B.Tech,4,7,D,23,86.16,69.09,32.32,66.79,85.03,7.78,24.67,78.94,Excellent
STU001287,Aryan Gupta,CSE,B.Tech,1,2,B,19,78.81,80.65,36.15,66.04,63.08,7.92,23.67,75.92,Average
STU001288,Sneha Menon,ECE,B.Tech,4,8,B,23,86.28,73.08,29.08,59.13,82.82,7.8,23.47,80.8,Good
STU001289,Aarav Kumar,AI & DS,B.Tech,2,4,C,20,86.77,79.89,31.43,50.69,62.24,8.0,21.67,81.12,Average
STU001290,Rohan Singh,AI & DS,B.Tech,1,2,D,18,69.45,68.41,29.41,65.3,68.27,7.72,22.14,64.39,Average
STU001291,Manish Gupta,EEE,B.Tech,4,8,C,21,74.02,74.57,33.64,66.2,70.63,8.64,21.9,77.04,Average
STU001292,Tanvi Mishra,IT,B.Tech,4,7,B,23,83.56,73.73,34.75,68.82,78.45,8.32,18.68,69.29,Good
STU001293,Aditya Nair,EEE,B.Tech,3,6,D,20,74.33,78.47,36.83,69.49,74.98,7.9,18.32,67.61,Average
STU001294,Rohan Rao,ECE,B.Tech,4,7,D,21,70.92,81.14,41.37,77.66,82.25,8.82,17.06,68.26,Average
STU001295,Arjun Verma,ECE,B.Tech,1,2,B,19,92.04,78.17,35.4,72.44,75.41,6.78,22.8,84.49,Good
STU001296,Isha Pillai,Civil,B.Tech,1,1,B,18,86.39,82.53,38.18,58.78,83.28,8.94,21.71,67.41,Good
STU001297,Sanjay Mishra,ECE,B.Tech,3,6,B,20,89.47,82.85,40.16,66.33,84.62,7.89,17.45,65.33,Good
STU001298,Bhavya Joshi,AI & DS,B.Tech,2,4,A,19,79.04,87.91,27.99,79.76,96.25,8.05,30.06,74.28,Good
STU001299,Karan Mishra,AI & DS,B.Tech,2,4,B,20,85.14,59.41,29.9,48.3,86.89,7.17,16.11,81.26,Excellent
STU001300,Shreya Chatterjee,Mechanical,B.Tech,1,2,C,20,79.45,69.64,30.42,69.58,71.06,8.48,26.18,77.98,Good
STU001301,Ishaan Menon,AI & DS,B.Tech,2,4,C,19,75.61,90.37,40.03,75.09,95.27,8.66,23.76,92.29,Good
STU001302,Nisha Iyer,ECE,B.Tech,4,8,D,22,85.57,81.44,37.58,65.4,100,8.21,24.31,83.32,Excellent
STU001303,Nisha Iyer,Civil,B.Tech,4,7,C,21,83.59,76.38,33.7,67.37,87.94,7.71,24.54,79.87,Excellent
STU001304,Aarav Krishnan,ECE,B.Tech,1,1,B,19,85.9,82.06,37.98,72.67,85.55,8.8,28.8,81.31,Excellent
STU001305,Meera Joshi,AI & DS,B.Tech,2,4,C,20,80.35,82.19,38.73,71.88,69.6,8.95,23.05,85.54,Average
STU001306,Sanjay Mishra,Mechanical,B.Tech,3,6,D,21,79.87,77.09,34.57,56.38,61.28,7.76,17.66,74.55,Average
STU001307,Rohan Nair,ECE,B.Tech,4,8,B,21,84.33,83.38,30.49,66.53,80.12,8.87,23.82,78.59,Good
STU001308,Aditi Mehta,Civil,B.Tech,1,1,D,19,76.87,71.39,31.7,48.33,60.79,7.14,24.98,70.02,Average
STU001309,Aarav Verma,CSE,B.Tech,1,2,A,19,84.11,78.35,31.63,62.89,65.3,8.15,16.4,69.74,Average
STU001310,Rahul Joshi,Civil,B.Tech,3,5,C,21,79.17,59.67,35.94,60.74,69.29,7.94,18.72,73.91,Average
STU001311,Surya Reddy,IT,B.Tech,4,8,A,22,69.59,69.57,32.93,59.67,72.84,7.61,19.98,70.4,Average
STU001312,Rahul Das,IT,B.Tech,1,1,A,20,76.1,70.8,31.64,70.48,72.01,8.47,22.81,78.95,Good
STU001313,Bhavya Verma,Mechanical,B.Tech,2,3,C,19,78.35,71.93,30.61,59.5,72.07,8.05,21.27,78.22,Good
STU001314,Varun Patel,AI & DS,M.Tech,2,4,C,25,73.59,67.42,31.06,64.71,74.48,8.83,20.7,84.99,Average
STU001315,Aditi Nair,CSE,B.Tech,2,4,C,21,84.66,73.48,32.7,60.67,73.17,7.95,21.25,75.78,Good
STU001316,Meera Bose,EEE,B.Tech,1,1,A,18,82.12,47.31,27.16,49.85,58.83,6.41,17.04,72.55,Average
STU001317,Sai Sharma,CSE,B.Tech,2,3,D,19,85.53,70.55,32.38,63.12,86.13,7.91,22.86,89.68,Excellent
STU001318,Rohan Shah,CSE,B.Tech,1,2,B,18,67.44,75.39,32.6,62.83,77.85,7.42,17.35,70.99,Average
STU001319,Aarav Rao,CSE,B.Tech,3,5,C,22,77.77,53.52,34.48,62.84,65.48,7.88,17.5,72.82,Average
STU001320,Meera Das,Civil,B.Tech,2,4,B,21,85.54,74.72,39.23,63.25,79.69,7.9,20.18,69.7,Good
STU001321,Surya Reddy,CSE,B.Tech,3,5,A,20,70.93,81.21,37.94,58.06,80.84,8.88,19.69,76.05,Average
STU001322,Varun Sharma,CSE,B.Tech,2,4,C,21,77.1,68.46,37.01,53.34,73.97,7.41,16.48,72.02,Good
STU001323,Sanjay Shah,AI & DS,B.Tech,4,8,B,22,80.56,81.9,40.25,62.43,76.33,7.55,22.72,77.27,Good
STU001324,Meera Reddy,CSE,B.Tech,1,1,C,18,87.25,72.65,39.59,55.42,68.67,8.3,20.89,68.49,Average
STU001325,Rohan Kumar,CSE,B.Tech,3,5,B,21,92.93,80.65,41.75,63.22,84.1,8.92,22.21,87.43,Good
STU001326,Ishaan Mishra,IT,B.Tech,1,2,A,19,70.23,82.5,31.49,71.54,73.45,8.44,20.59,73.49,Average
STU001327,Isha Menon,CSE,B.Tech,3,6,D,20,73.31,74.56,37.7,63.2,77.95,7.46,25.26,79.06,Average
STU001328,Ishaan Patel,AI & DS,B.Tech,3,5,A,20,69.85,71.0,33.47,76.05,69.83,7.33,30.64,71.85,Average
STU001329,Diya Bose,Civil,B.Tech,4,7,D,23,84.78,80.39,41.86,70.16,84.58,8.27,21.65,82.85,Good
STU001330,Zoya Bose,CSE,B.Tech,3,6,B,20,86.27,68.92,29.66,76.48,76.78,7.45,19.61,61.44,Good
STU001331,Ishaan Singh,ECE,B.Tech,3,6,C,22,75.48,69.9,36.77,70.7,59.3,8.24,20.71,70.92,Average
STU001332,Tanvi Kumar,CSE,B.Tech,2,4,C,21,86.67,75.06,37.18,57.45,59.94,7.36,25.78,80.9,Average
STU001333,Krishna Shah,CSE,B.Tech,2,4,A,19,75.12,77.61,44.7,66.25,77.75,7.85,19.14,77.91,Good
STU001334,Pooja Shah,Civil,B.Tech,4,8,B,23,78.04,77.93,37.94,65.75,88.8,8.03,18.4,72.21,Good
STU001335,Aarav Reddy,Civil,B.Tech,1,1,C,19,74.16,70.89,24.71,59.07,60.88,7.57,19.8,73.36,Average
STU001336,Aditya Rao,CSE,B.Tech,4,8,C,22,87.54,71.61,38.45,53.97,70.48,7.79,14.27,75.4,Good
STU001337,Krishna Mishra,AI & DS,B.Tech,3,6,B,21,77.66,78.89,40.56,74.2,85.1,8.6,20.74,68.03,Good
STU001338,Aditya Nair,AI & DS,B.Tech,1,2,A,18,76.09,80.04,32.88,84.14,85.57,8.63,21.6,81.38,Good
STU001339,Yash Mehta,IT,B.Tech,1,1,B,20,86.48,75.21,25.7,67.82,79.37,8.15,22.56,72.61,Good
STU001340,Sai Shah,ECE,B.Tech,2,4,D,19,75.88,82.81,40.84,69.8,89.49,8.43,17.88,96.4,Good
STU001341,Yash Verma,AI & DS,B.Tech,3,6,B,21,82.66,75.99,38.34,60.38,80.96,7.77,18.72,80.4,Good
STU001342,Karan Mishra,ECE,B.Tech,3,5,D,21,77.05,69.13,27.8,64.29,79.33,7.71,24.89,69.89,Good
STU001343,Vikram Kumar,Mechanical,B.Tech,2,3,A,20,77.99,68.67,29.62,55.35,64.01,7.47,15.76,71.3,Average
STU001344,Bhavya Iyer,IT,B.Tech,4,8,A,23,82.15,68.38,27.87,70.4,62.03,7.71,23.66,55.05,Average
STU001345,Nisha Nair,Civil,B.Tech,2,3,D,19,76.67,67.45,30.82,60.73,56.49,7.75,21.42,66.05,Average
STU001346,Bhavya Bose,CSE,B.Tech,4,8,A,23,77.88,68.81,25.77,61.82,53.31,8.05,19.51,81.34,At Risk
STU001347,Nisha Sharma,EEE,B.Tech,4,7,D,23,92.93,67.11,29.41,61.04,75.88,7.8,19.53,81.69,Good
STU001348,Nikhil Singh,CSE,B.Tech,2,4,B,20,75.83,75.81,34.72,70.82,80.08,8.22,19.48,77.08,Good
STU001349,Aryan Patel,IT,B.Tech,4,8,C,22,69.92,77.4,36.57,55.24,78.68,7.9,21.41,73.53,Average
STU001350,Krishna Singh,CSE,B.Tech,2,3,A,19,80.89,67.65,32.72,55.29,72.47,7.42,23.98,78.8,Good
STU001351,Shreya Rao,AI & DS,B.Tech,2,3,A,20,82.76,70.21,39.32,54.74,69.02,7.36,18.85,75.97,Average
STU001352,Isha Mishra,Mechanical,B.Tech,2,4,A,19,71.89,81.16,37.85,69.88,87.11,8.46,15.2,77.32,Average
STU001353,Krishna Nair,Mechanical,B.Tech,1,2,B,20,81.16,74.69,40.03,64.43,76.61,8.66,22.66,67.14,Good
STU001354,Akash Patel,ECE,B.Tech,2,4,B,21,82.32,80.04,30.5,71.65,77.95,7.68,23.49,84.68,Good
STU001355,Nisha Reddy,Mechanical,B.Tech,2,4,D,21,85.85,64.64,33.61,57.34,61.34,7.53,17.44,57.99,Average
STU001356,Arjun Nair,AI & DS,B.Tech,2,4,B,21,77.15,76.3,36.73,71.43,79.05,8.3,25.18,79.38,Good
STU001357,Arjun Patel,IT,B.Tech,4,8,C,22,77.93,72.97,33.58,74.37,74.75,8.85,16.2,55.69,Good
STU001358,Manish Mishra,IT,B.Tech,2,4,D,19,82.62,67.61,31.2,57.39,78.89,7.21,21.93,74.0,Good
STU001359,Krishna Shah,IT,B.Tech,3,6,A,22,74.51,70.88,30.14,48.81,63.98,6.72,22.81,75.53,Average
STU001360,Aarav Bose,IT,B.Tech,3,6,D,20,76.89,76.07,38.38,63.48,79.64,8.93,24.92,74.45,Good
STU001361,Aryan Nair,Mechanical,B.Tech,4,8,C,22,81.96,78.53,36.11,56.92,69.21,7.74,20.31,66.54,Average
STU001362,Ananya Rao,AI & DS,B.Tech,4,7,D,21,81.37,59.68,28.46,56.96,67.72,7.36,23.5,78.97,Average
STU001363,Bhavya Rao,CSE,B.Tech,4,7,B,22,81.96,60.19,28.7,48.95,59.67,7.89,23.43,57.1,Average
STU001364,Aditi Nair,ECE,B.Tech,3,6,B,20,74.1,66.07,32.79,72.63,72.91,7.56,21.15,84.45,Average
STU001365,Karan Menon,EEE,B.Tech,1,2,A,19,81.78,84.63,37.28,67.96,76.0,8.4,21.95,87.33,Good
STU001366,Tanvi Nair,CSE,B.Tech,2,4,A,21,84.83,69.71,32.19,59.75,72.87,8.51,23.94,78.7,Good
STU001367,Sneha Chatterjee,AI & DS,B.Tech,4,7,D,21,81.42,80.03,36.97,69.02,78.02,8.46,21.33,68.95,Good
STU001368,Surya Joshi,AI & DS,B.Tech,4,7,D,21,77.41,68.93,35.66,57.64,77.73,7.72,24.05,77.17,Good
STU001369,Riya Singh,IT,B.Tech,3,6,B,21,59.84,60.47,26.77,61.91,59.1,6.92,10.33,52.7,At Risk
STU001370,Nikhil Rao,CSE,B.Tech,4,7,D,22,82.6,78.35,33.3,71.96,93.84,8.11,20.35,69.21,Excellent
STU001371,Aarav Patel,AI & DS,M.Tech,2,3,C,23,75.28,79.84,35.89,73.54,87.55,8.23,27.46,85.98,Good
STU001372,Aarav Singh,ECE,B.Tech,2,4,D,21,87.98,55.51,22.65,44.85,43.41,6.97,21.73,74.97,At Risk
STU001373,Rohan Singh,EEE,B.Tech,4,8,C,22,100,79.51,36.69,62.51,75.71,8.49,25.03,79.42,Good
STU001374,Sai Bose,IT,B.Tech,4,7,B,23,71.73,70.23,28.37,68.12,77.67,7.59,14.37,70.54,Average
STU001375,Zoya Singh,CSE,M.Tech,1,1,B,24,68.1,79.65,34.5,67.97,72.61,8.72,21.73,58.75,Average
STU001376,Rahul Joshi,ECE,B.Tech,3,5,C,21,83.38,66.06,32.14,62.47,75.69,8.26,12.78,65.23,Good
STU001377,Arjun Verma,Civil,B.Tech,2,3,A,21,84.34,77.64,39.09,78.97,88.94,7.72,21.14,79.23,Excellent
STU001378,Akash Shah,Civil,B.Tech,4,8,C,22,70.01,76.24,31.59,70.99,84.7,7.63,22.08,71.68,Average
STU001379,Ishaan Nair,EEE,B.Tech,4,8,B,21,75.34,73.32,40.41,67.67,65.87,8.83,19.35,73.85,Average
STU001380,Arjun Rao,IT,B.Tech,4,7,A,21,81.9,74.06,36.74,76.44,94.18,8.94,25.66,69.29,Excellent
STU001381,Vikram Menon,EEE,B.Tech,3,6,C,21,85.8,68.65,34.27,59.45,60.63,7.66,25.1,77.78,Average
STU001382,Arjun Patel,EEE,B.Tech,3,5,A,22,75.69,68.96,36.24,59.04,67.83,8.01,19.24,64.64,Average
STU001383,Varun Kumar,Mechanical,B.Tech,4,7,A,21,80.66,78.19,38.28,72.17,70.71,7.71,21.52,72.96,Good
STU001384,Varun Kumar,Civil,B.Tech,4,8,A,23,73.56,65.26,31.57,70.25,64.61,7.1,17.95,68.8,Average
STU001385,Kavya Patel,Mechanical,B.Tech,4,8,C,21,81.21,72.22,33.32,68.76,72.08,8.21,23.5,76.79,Good
STU001386,Akash Menon,AI & DS,B.Tech,1,2,B,18,65.65,76.93,30.69,60.56,77.56,8.12,17.0,69.45,Average
STU001387,Ishaan Singh,EEE,B.Tech,4,7,B,21,79.93,68.81,29.99,57.48,78.93,8.67,20.74,69.0,Good
STU001388,Isha Nair,Civil,B.Tech,1,2,B,18,78.24,74.29,38.01,73.3,80.98,8.04,19.04,66.29,Good
STU001389,Aarav Singh,CSE,B.Tech,2,3,B,19,89.93,73.76,36.68,70.53,79.45,8.62,26.85,73.74,Good
STU001390,Aryan Patel,ECE,B.Tech,1,1,D,18,71.53,66.69,31.51,55.69,68.08,6.93,18.92,64.3,Average
STU001391,Arjun Iyer,IT,M.Tech,2,4,B,26,78.34,68.5,34.78,54.38,71.75,8.13,17.96,69.26,Good
STU001392,Arjun Singh,IT,B.Tech,1,1,C,20,83.01,66.43,30.98,60.51,74.06,6.98,25.83,77.71,Good
STU001393,Zoya Kumar,ECE,B.Tech,1,1,D,18,85.39,76.77,31.15,71.95,75.43,8.55,26.21,74.57,Good
STU001394,Karan Mishra,ECE,B.Tech,4,7,B,21,86.41,72.87,33.52,63.54,57.47,7.52,15.61,70.01,Average
STU001395,Surya Kumar,ECE,B.Tech,1,1,A,20,88.01,74.23,38.56,70.38,88.34,8.42,18.16,88.21,Excellent
STU001396,Aditi Gupta,IT,B.Tech,4,8,D,22,98.49,71.98,37.6,62.37,67.69,7.23,21.73,74.16,Average
STU001397,Isha Mishra,ECE,B.Tech,2,3,B,21,77.9,88.94,32.93,58.05,69.9,7.21,26.98,69.52,Average
STU001398,Kavya Sharma,IT,B.Tech,2,3,A,19,76.79,68.68,34.31,66.96,79.52,8.01,16.3,73.27,Good
STU001399,Akash Verma,CSE,B.Tech,4,8,C,22,68.76,55.35,27.04,50.95,59.12,7.65,12.8,67.03,Average
STU001400,Aarav Shah,CSE,B.Tech,1,1,A,18,82.36,64.28,31.06,72.71,80.99,8.16,16.46,91.81,Good
STU001401,Aryan Shah,CSE,B.Tech,3,5,A,20,87.03,71.9,40.15,68.59,67.01,8.69,23.62,76.43,Average
STU001402,Akash Iyer,EEE,B.Tech,2,3,A,21,83.91,86.54,38.74,62.52,82.35,8.73,29.8,75.03,Good
STU001403,Meera Reddy,Mechanical,B.Tech,1,1,D,18,84.2,78.65,36.72,77.13,73.66,8.47,17.01,79.93,Good
STU001404,Manish Verma,ECE,B.Tech,3,5,A,22,78.95,63.55,29.81,54.79,77.4,7.63,15.16,82.58,Good
STU001405,Karan Verma,Mechanical,M.Tech,1,2,D,23,70.21,86.39,39.22,70.66,87.28,8.86,19.8,67.62,Average
STU001406,Sai Gupta,ECE,B.Tech,3,5,B,21,83.83,78.91,38.35,66.82,85.48,8.0,18.9,85.21,Excellent
STU001407,Aditya Bose,CSE,B.Tech,3,5,A,20,92.96,67.3,31.35,62.35,61.03,8.17,23.08,72.74,Average
STU001408,Arjun Shah,ECE,B.Tech,3,5,C,20,86.79,65.94,35.04,68.63,70.97,8.64,20.55,68.82,Good
STU001409,Diya Menon,ECE,B.Tech,2,4,D,21,92.7,73.92,27.83,67.52,73.87,8.76,24.25,88.2,Good
STU001410,Rahul Rao,EEE,B.Tech,3,6,B,22,77.67,70.8,34.32,65.05,70.95,7.84,18.45,67.21,Good
STU001411,Tanvi Reddy,AI & DS,B.Tech,3,6,A,22,93.24,69.5,36.35,67.65,73.93,8.38,18.1,81.21,Good
STU001412,Riya Reddy,IT,B.Tech,3,6,C,22,80.28,75.19,36.83,72.59,78.23,8.47,26.58,67.97,Good
STU001413,Shreya Mehta,Mechanical,B.Tech,2,3,A,19,84.95,80.01,36.49,74.2,79.37,7.72,24.45,84.68,Good
STU001414,Manish Rao,ECE,B.Tech,4,8,C,21,91.3,67.46,32.95,65.68,75.27,8.28,25.09,75.47,Good
STU001415,Krishna Mishra,CSE,B.Tech,2,3,D,19,85.56,67.21,29.05,61.48,74.76,7.74,19.06,86.37,Good
STU001416,Rohan Sharma,AI & DS,M.Tech,2,3,A,25,75.78,70.78,36.08,62.49,62.18,7.11,21.94,80.63,Average
STU001417,Riya Kumar,ECE,B.Tech,1,1,C,18,75.7,50.57,30.38,55.75,54.42,8.15,14.75,62.19,At Risk
STU001418,Krishna Gupta,AI & DS,B.Tech,4,7,A,22,91.69,70.03,32.97,50.6,66.44,7.65,21.58,80.91,Average
STU001419,Tanvi Bose,IT,B.Tech,4,7,D,23,92.73,57.32,31.74,49.62,53.31,7.26,20.24,78.25,At Risk
STU001420,Tanvi Verma,CSE,B.Tech,4,8,A,21,95.23,71.05,37.0,61.61,77.7,7.39,20.31,73.27,Good
STU001421,Tanvi Bose,CSE,B.Tech,4,8,A,23,82.12,67.13,23.51,52.94,79.62,7.5,28.91,74.47,Good
STU001422,Karan Krishnan,ECE,B.Tech,3,5,C,20,75.93,78.74,36.43,61.91,66.46,7.81,13.91,75.71,Average
STU001423,Karan Mehta,ECE,B.Tech,2,3,A,20,90.16,62.51,31.66,69.92,74.2,8.03,22.33,68.41,Good
STU001424,Aditi Reddy,Civil,B.Tech,1,1,C,18,81.57,62.84,32.01,66.65,67.65,6.94,20.85,70.98,Average
STU001425,Akash Kumar,Civil,B.Tech,4,7,B,21,89.17,75.19,33.39,58.49,74.7,9.03,18.69,87.5,Good
STU001426,Ananya Nair,AI & DS,B.Tech,1,2,D,20,83.91,71.33,31.53,67.83,72.3,7.89,27.13,87.13,Good
STU001427,Shreya Singh,CSE,B.Tech,4,8,A,22,79.36,66.26,32.4,56.15,56.02,8.06,23.54,80.54,Average
STU001428,Rohan Nair,IT,B.Tech,3,6,D,22,72.67,72.6,36.31,63.53,81.85,7.28,19.83,74.8,Average
STU001429,Vikram Joshi,EEE,B.Tech,4,7,A,22,73.97,80.74,39.98,80.1,82.66,8.05,21.56,73.84,Average
STU001430,Nisha Patel,CSE,B.Tech,3,6,A,21,87.62,81.54,38.99,70.98,73.56,8.54,19.17,90.57,Good
STU001431,Diya Shah,Civil,B.Tech,3,6,C,20,70.19,67.33,34.4,63.53,74.41,6.77,17.87,77.0,Average
STU001432,Arjun Chatterjee,ECE,B.Tech,1,2,D,19,84.41,78.17,37.79,74.24,93.8,8.81,22.74,72.65,Excellent
STU001433,Varun Shah,Mechanical,B.Tech,4,7,A,21,88.56,64.38,33.37,53.69,70.46,7.31,21.31,68.96,Good
STU001434,Sanjay Nair,IT,B.Tech,4,7,A,23,78.21,63.98,36.48,62.58,70.17,7.48,21.83,71.34,Good
STU001435,Nisha Mishra,AI & DS,B.Tech,3,6,A,22,81.75,75.68,37.06,64.35,76.11,7.95,24.49,70.29,Good
STU001436,Arjun Gupta,Mechanical,B.Tech,4,8,A,21,83.33,69.56,34.02,66.15,83.72,7.98,24.37,81.04,Good
STU001437,Manish Pillai,ECE,B.Tech,3,6,D,21,79.38,83.78,35.32,66.51,72.14,8.06,24.11,75.53,Good
STU001438,Ishaan Joshi,ECE,B.Tech,3,6,D,22,86.88,64.62,31.82,49.3,61.17,7.61,20.09,79.64,Average
STU001439,Akash Bose,ECE,B.Tech,4,7,A,23,86.1,72.38,33.67,51.89,78.53,8.16,22.65,85.65,Good
STU001440,Aryan Bose,ECE,B.Tech,1,2,D,20,93.28,67.75,30.32,44.48,61.24,8.29,17.27,87.11,Average
STU001441,Aryan Chatterjee,CSE,B.Tech,1,2,A,20,77.35,82.37,32.28,85.35,100,9.14,23.02,81.9,Good
STU001442,Sai Joshi,Civil,B.Tech,2,4,A,21,79.86,80.7,39.02,73.37,84.22,8.69,29.05,98.81,Good
STU001443,Sanjay Chatterjee,CSE,B.Tech,1,1,A,18,78.83,81.86,36.98,81.35,83.16,8.04,28.22,82.54,Good
STU001444,Aryan Nair,ECE,B.Tech,3,5,D,21,65.37,78.23,36.14,72.54,73.31,7.98,23.04,76.9,Average
STU001445,Shreya Chatterjee,ECE,B.Tech,3,5,A,20,83.26,76.52,30.49,55.85,46.4,8.41,19.41,75.63,At Risk
STU001446,Sneha Menon,CSE,B.Tech,2,4,C,21,94.21,81.19,39.22,73.76,77.71,8.13,25.23,72.55,Good
STU001447,Sai Mishra,EEE,B.Tech,4,8,B,21,75.0,62.01,29.91,58.65,55.51,7.89,14.36,68.14,Average
STU001448,Vikram Iyer,CSE,B.Tech,4,8,B,23,85.87,69.9,37.2,71.95,84.67,8.64,20.53,74.69,Good
STU001449,Aditya Rao,CSE,B.Tech,3,5,A,20,100,76.99,28.31,47.65,73.14,7.99,21.75,87.89,Good
STU001450,Nikhil Reddy,ECE,B.Tech,2,3,D,19,77.54,83.52,34.97,70.57,78.1,8.36,15.67,64.82,Good
STU001451,Varun Mehta,EEE,M.Tech,2,3,C,26,74.52,77.56,38.23,53.72,70.6,7.51,24.79,85.41,Average
STU001452,Shreya Sharma,AI & DS,B.Tech,2,4,D,19,84.53,80.94,28.59,64.57,58.78,7.32,15.43,80.22,Average
STU001453,Isha Bose,IT,B.Tech,3,5,A,20,79.23,65.64,32.41,66.48,63.68,7.6,25.96,64.3,Average
STU001454,Rohan Singh,AI & DS,B.Tech,1,1,A,19,67.27,81.0,34.89,68.3,80.24,7.66,22.44,67.45,Average
STU001455,Isha Joshi,CSE,B.Tech,4,8,C,23,74.41,78.58,33.95,65.07,71.1,7.82,21.3,64.24,Average
STU001456,Tanvi Mishra,Mechanical,M.Tech,1,2,A,23,79.47,69.34,33.38,60.1,71.64,8.03,22.28,79.09,Good
STU001457,Arjun Mishra,IT,B.Tech,1,1,C,19,65.05,68.88,33.33,64.52,82.11,8.75,18.97,65.51,Average
STU001458,Isha Shah,AI & DS,B.Tech,3,6,D,22,83.33,71.51,37.0,57.02,54.09,8.05,24.05,73.98,At Risk
STU001459,Tanvi Singh,ECE,B.Tech,1,1,C,19,89.04,71.0,31.37,68.84,79.18,7.15,25.3,81.3,Good
STU001460,Ishaan Nair,IT,B.Tech,1,2,B,19,91.08,66.49,32.83,72.48,88.56,8.29,16.13,83.24,Excellent
STU001461,Aditya Gupta,ECE,B.Tech,2,3,B,21,80.61,63.38,23.59,62.38,54.52,8.2,22.15,67.68,At Risk
STU001462,Surya Sharma,CSE,B.Tech,3,6,C,20,69.68,77.96,34.15,66.85,83.06,8.25,25.11,70.52,Average
STU001463,Rahul Chatterjee,AI & DS,B.Tech,4,8,D,23,77.2,68.04,34.66,55.14,57.31,7.66,11.71,71.39,Average
STU001464,Krishna Krishnan,EEE,B.Tech,2,3,D,20,68.09,78.06,36.67,57.6,75.43,8.2,19.02,58.91,Average
STU001465,Sneha Sharma,AI & DS,B.Tech,4,7,C,22,77.98,68.7,34.9,58.32,69.96,7.96,22.21,87.89,Average
STU001466,Nisha Rao,ECE,B.Tech,1,1,A,19,67.92,55.34,29.08,57.21,69.21,7.23,9.92,61.68,Average
STU001467,Varun Shah,CSE,B.Tech,2,3,A,19,78.72,69.42,29.19,55.15,65.59,7.17,20.54,71.42,Average
STU001468,Aryan Verma,AI & DS,B.Tech,1,1,C,18,89.89,76.82,38.42,56.43,70.57,7.62,29.12,92.95,Good
STU001469,Vikram Das,Civil,B.Tech,2,4,A,21,59.95,69.71,30.82,66.47,74.93,7.35,15.64,71.37,At Risk
STU001470,Yash Nair,CSE,B.Tech,1,2,C,18,70.93,60.24,25.62,51.66,54.74,8.19,14.9,65.59,At Risk
STU001471,Riya Nair,CSE,M.Tech,2,3,C,26,80.26,65.38,33.37,64.37,78.65,7.77,18.76,79.42,Good
STU001472,Surya Mehta,CSE,B.Tech,3,5,A,21,67.62,71.24,37.96,67.93,72.87,7.19,14.8,77.12,Average
STU001473,Varun Iyer,CSE,B.Tech,3,6,D,20,78.4,70.38,37.49,63.95,86.03,8.0,17.32,73.56,Good
STU001474,Vikram Sharma,AI & DS,M.Tech,2,4,A,25,71.21,66.01,28.24,52.7,59.24,6.12,14.94,68.38,Average
STU001475,Aditya Mishra,CSE,B.Tech,1,2,D,18,94.71,75.77,32.04,62.09,65.98,7.58,22.61,87.41,Average
STU001476,Sneha Singh,ECE,B.Tech,2,3,A,20,72.96,64.63,25.36,64.61,64.76,8.13,25.91,71.65,Average
STU001477,Krishna Singh,AI & DS,B.Tech,4,7,C,21,77.17,79.66,40.11,70.53,90.94,8.23,15.24,71.88,Good
STU001478,Riya Mishra,Civil,B.Tech,2,4,C,19,80.75,72.76,32.98,76.15,65.86,8.45,22.71,82.51,Average
STU001479,Tanvi Joshi,Mechanical,B.Tech,4,7,C,21,80.5,73.65,34.66,58.19,57.22,7.62,15.3,74.19,Average
STU001480,Shreya Shah,EEE,B.Tech,1,2,B,19,84.95,78.36,32.81,77.29,91.39,8.5,25.62,62.58,Excellent
STU001481,Ishaan Verma,IT,B.Tech,2,4,B,19,85.22,87.56,40.95,69.54,77.82,8.84,28.32,78.81,Good
STU001482,Rohan Reddy,Civil,B.Tech,4,7,C,22,81.13,66.73,34.32,66.06,73.36,8.36,17.2,79.86,Good
STU001483,Nisha Mishra,CSE,M.Tech,1,2,B,24,81.43,81.87,33.62,59.52,77.78,8.03,19.67,75.78,Good
STU001484,Aarav Kumar,IT,B.Tech,2,4,A,19,100,79.86,37.89,53.56,71.52,8.05,26.19,81.24,Good
STU001485,Sanjay Sharma,CSE,B.Tech,4,7,D,22,79.55,71.49,35.1,64.7,87.53,9.05,22.29,79.49,Good
STU001486,Manish Menon,ECE,B.Tech,1,1,A,18,78.02,68.57,36.03,63.3,66.24,7.01,19.32,75.62,Average
STU001487,Nikhil Bose,AI & DS,B.Tech,3,5,D,21,73.38,70.54,28.12,71.79,72.89,7.44,19.1,85.74,Average
STU001488,Aryan Kumar,CSE,B.Tech,4,8,C,21,79.04,82.33,38.57,77.74,77.15,9.09,24.57,78.62,Good
STU001489,Sneha Sharma,AI & DS,B.Tech,4,7,D,21,74.29,71.43,34.22,75.06,63.32,7.75,24.09,71.78,Average
STU001490,Arjun Sharma,CSE,B.Tech,1,1,C,19,86.32,61.7,30.36,62.53,64.61,8.1,17.31,92.84,Average
STU001491,Arjun Nair,ECE,B.Tech,3,6,C,21,81.98,75.95,30.12,56.9,84.99,7.12,20.0,74.89,Good
STU001492,Kavya Patel,IT,B.Tech,1,1,D,19,84.56,68.55,33.55,70.94,67.32,8.05,26.25,70.17,Average
STU001493,Krishna Singh,AI & DS,B.Tech,1,1,B,18,96.88,80.49,31.03,62.3,70.78,7.63,27.91,87.23,Good
STU001494,Vikram Singh,ECE,B.Tech,1,1,D,19,79.36,72.81,29.15,54.44,56.06,7.48,20.76,79.16,Average
STU001495,Rohan Iyer,Civil,B.Tech,4,8,B,21,82.68,83.6,31.15,66.83,71.69,8.18,18.01,72.98,Good
STU001496,Yash Patel,Mechanical,B.Tech,3,6,C,22,67.87,61.96,30.49,51.63,67.07,7.6,12.71,60.88,Average
STU001497,Rohan Das,ECE,B.Tech,3,5,D,21,71.92,77.66,32.61,63.0,69.12,9.09,22.68,69.92,Average
STU001498,Shreya Pillai,CSE,B.Tech,4,8,D,21,78.18,70.33,33.33,46.43,67.29,7.5,19.5,71.37,Average
STU001499,Varun Das,Civil,B.Tech,1,1,B,19,76.61,75.59,40.91,84.17,88.06,8.62,16.67,76.27,Good
STU001500,Arjun Patel,IT,B.Tech,3,5,B,20,64.62,68.48,24.53,54.16,59.71,6.92,19.83,65.76,At Risk
STU001501,Meera Patel,IT,B.Tech,3,6,D,20,99.77,77.69,38.97,74.77,97.73,8.74,25.01,77.26,Excellent
STU001502,Aarav Mehta,Civil,B.Tech,2,3,D,20,91.36,64.42,32.55,66.56,68.26,8.27,21.23,67.17,Average
STU001503,Nikhil Pillai,EEE,B.Tech,2,3,D,20,77.83,74.31,32.78,53.84,82.66,7.78,23.57,82.6,Good
STU001504,Aarav Verma,IT,B.Tech,3,5,B,21,88.63,86.25,42.89,75.06,90.69,8.13,21.77,87.35,Excellent
STU001505,Diya Menon,AI & DS,B.Tech,3,6,C,21,65.34,64.47,33.84,60.96,67.83,8.78,13.24,66.2,Average
STU001506,Zoya Kumar,CSE,B.Tech,4,8,C,21,74.93,50.21,24.8,39.51,51.63,8.09,14.39,56.97,At Risk
STU001507,Aarav Mishra,Civil,B.Tech,3,6,C,21,73.67,68.75,36.48,63.39,83.52,8.22,16.81,66.75,Average
STU001508,Rahul Joshi,CSE,B.Tech,1,2,D,20,81.86,71.21,32.37,60.89,63.47,7.8,24.35,72.3,Average
STU001509,Isha Mehta,IT,B.Tech,3,5,B,22,69.71,60.3,30.88,61.04,66.89,8.54,20.03,68.01,Average
STU001510,Sanjay Pillai,Mechanical,B.Tech,3,5,A,20,88.77,65.34,32.13,67.98,77.72,8.54,25.89,79.27,Good
STU001511,Rohan Pillai,IT,B.Tech,2,4,A,20,86.74,68.41,32.89,53.85,74.43,7.66,19.98,76.48,Good
STU001512,Aditya Iyer,Mechanical,B.Tech,4,8,C,21,85.63,80.45,39.27,62.63,84.85,7.55,23.31,71.67,Good
STU001513,Aryan Verma,Civil,B.Tech,3,6,B,20,65.44,67.19,34.0,54.91,68.23,7.66,15.33,68.55,Average
STU001514,Rahul Iyer,ECE,M.Tech,2,3,A,23,80.14,77.95,33.84,53.04,83.0,7.35,19.45,79.04,Good
STU001515,Yash Das,IT,M.Tech,1,1,B,25,69.38,69.89,30.07,53.33,54.68,8.19,23.19,70.8,At Risk
STU001516,Shreya Joshi,CSE,M.Tech,2,3,B,26,73.43,72.12,40.74,63.76,75.5,8.29,22.65,68.93,Average
STU001517,Surya Patel,ECE,B.Tech,4,7,A,21,76.95,70.24,31.56,71.36,81.52,7.51,16.68,84.01,Good
STU001518,Sanjay Gupta,EEE,B.Tech,3,6,A,22,80.64,64.84,34.75,60.38,66.0,7.73,24.75,79.53,Average
STU001519,Bhavya Das,EEE,M.Tech,1,1,A,23,76.86,72.96,34.59,57.88,70.47,8.81,18.62,71.54,Good
STU001520,Rohan Chatterjee,CSE,B.Tech,3,6,D,21,86.76,72.56,36.0,64.07,73.96,7.54,18.76,70.63,Good
STU001521,Arjun Joshi,ECE,B.Tech,4,7,B,21,72.0,56.31,30.23,48.61,47.85,8.09,12.42,64.61,At Risk
STU001522,Akash Shah,AI & DS,B.Tech,2,4,B,20,85.46,73.04,37.19,52.57,64.85,8.01,15.66,71.03,Average
STU001523,Sneha Chatterjee,AI & DS,B.Tech,1,1,B,19,76.61,76.75,33.96,58.87,71.27,7.95,17.37,82.47,Good
STU001524,Karan Joshi,ECE,B.Tech,1,1,C,19,74.81,66.48,31.72,62.23,85.78,7.49,17.87,75.69,Average
STU001525,Krishna Patel,CSE,B.Tech,2,3,B,20,89.42,77.6,37.84,59.69,65.71,7.01,24.54,98.95,Average
STU001526,Riya Reddy,CSE,B.Tech,3,6,B,20,80.85,76.43,32.16,65.84,81.72,7.83,27.56,79.07,Good
STU001527,Nisha Nair,AI & DS,B.Tech,2,3,A,19,81.31,58.8,27.29,54.84,59.93,8.18,20.09,73.19,Average
STU001528,Ananya Bose,CSE,B.Tech,3,5,C,21,86.19,83.37,43.59,80.57,87.77,8.83,27.53,78.4,Excellent
STU001529,Riya Joshi,CSE,B.Tech,3,6,B,21,85.17,71.41,32.81,57.15,57.86,8.92,17.51,70.17,Average
STU001530,Sanjay Shah,ECE,B.Tech,4,7,B,21,79.6,73.93,39.15,81.06,93.67,8.67,22.78,87.36,Good
STU001531,Ananya Rao,CSE,B.Tech,1,1,A,19,79.15,67.91,35.99,57.82,66.96,8.42,23.97,72.23,Average
STU001532,Zoya Pillai,CSE,B.Tech,4,8,A,23,70.69,70.52,27.21,62.12,61.83,8.08,18.96,77.39,Average
STU001533,Sai Shah,ECE,B.Tech,2,4,D,20,68.45,68.6,26.82,70.92,78.27,7.78,22.7,72.8,Average
STU001534,Aarav Krishnan,IT,B.Tech,3,6,D,22,80.81,76.38,34.02,65.49,78.69,7.06,20.96,81.13,Good
STU001535,Varun Pillai,CSE,B.Tech,3,5,B,20,82.38,73.65,24.75,63.13,82.6,7.53,24.46,84.53,Good
STU001536,Surya Das,Mechanical,B.Tech,3,6,C,22,87.23,64.28,32.79,67.09,69.29,7.34,21.39,75.52,Average
STU001537,Akash Das,AI & DS,B.Tech,3,5,A,20,85.14,69.87,34.52,61.78,68.71,8.3,22.86,65.68,Average
STU001538,Aryan Mehta,CSE,M.Tech,1,2,C,23,78.34,59.31,23.41,50.89,68.63,6.39,21.03,78.28,Average
STU001539,Riya Sharma,ECE,B.Tech,1,2,A,19,88.25,81.43,36.19,65.04,70.3,7.61,22.21,81.84,Good
STU001540,Pooja Singh,EEE,M.Tech,2,4,B,23,72.94,61.74,31.92,66.99,67.31,7.35,17.9,69.9,Average
STU001541,Surya Verma,ECE,B.Tech,1,2,A,18,84.24,68.77,28.79,77.3,87.84,7.4,20.04,80.46,Excellent
STU001542,Diya Singh,IT,B.Tech,4,8,D,23,78.79,65.3,33.03,60.44,69.8,7.04,18.29,74.75,Average
STU001543,Isha Pillai,CSE,B.Tech,3,6,D,21,75.58,63.12,35.25,64.18,70.37,8.58,12.65,71.56,Good
STU001544,Shreya Kumar,IT,B.Tech,1,1,D,19,75.54,71.8,34.5,63.54,80.16,8.58,23.68,75.14,Good
STU001545,Sneha Kumar,ECE,B.Tech,4,7,C,23,72.22,80.93,43.32,64.91,72.5,8.48,16.15,69.12,Average
STU001546,Bhavya Gupta,Mechanical,B.Tech,4,8,A,22,92.03,73.61,34.9,58.65,63.8,8.72,19.65,68.22,Average
STU001547,Diya Verma,Civil,B.Tech,2,3,D,19,88.9,74.92,30.55,71.42,66.89,8.9,20.07,73.84,Average
STU001548,Bhavya Krishnan,Civil,B.Tech,2,3,D,21,87.44,68.87,32.19,57.84,58.81,7.64,19.6,76.63,Average
STU001549,Akash Mehta,EEE,B.Tech,3,6,B,22,92.65,84.34,38.49,80.89,84.13,7.66,25.4,83.89,Good
STU001550,Yash Chatterjee,ECE,B.Tech,4,8,A,21,79.24,78.99,38.8,56.08,75.57,8.31,18.06,82.44,Good
STU001551,Aryan Singh,AI & DS,B.Tech,3,6,B,20,58.14,78.36,36.5,75.54,79.64,8.41,22.02,59.87,At Risk
STU001552,Aditya Joshi,AI & DS,M.Tech,2,4,D,24,85.69,71.75,35.64,74.55,81.31,8.12,20.62,84.94,Good
STU001553,Akash Gupta,ECE,M.Tech,1,2,A,22,79.41,78.24,39.94,68.44,85.05,8.04,23.66,79.79,Good
STU001554,Aditi Patel,ECE,M.Tech,2,3,D,25,64.67,58.84,33.14,61.82,81.65,8.27,14.51,66.62,At Risk
STU001555,Varun Pillai,IT,B.Tech,4,8,D,21,73.19,51.79,22.45,54.73,41.22,7.5,16.98,83.01,At Risk
STU001556,Tanvi Das,CSE,M.Tech,1,1,D,22,72.37,73.09,43.87,71.43,73.84,8.47,16.63,61.74,Average
STU001557,Akash Rao,AI & DS,B.Tech,3,5,C,22,82.06,71.68,35.13,61.79,71.69,7.61,21.21,75.35,Good
STU001558,Rahul Shah,EEE,B.Tech,2,3,D,21,79.6,77.84,34.12,72.01,78.88,8.03,22.22,69.15,Good
STU001559,Nikhil Reddy,Mechanical,B.Tech,4,8,C,21,78.47,67.03,35.08,59.28,71.8,7.83,23.52,69.19,Good
STU001560,Diya Iyer,IT,M.Tech,2,4,D,23,72.27,84.42,40.39,71.27,71.91,8.69,19.24,79.21,Average
STU001561,Varun Sharma,IT,B.Tech,2,3,D,19,69.54,64.97,33.36,50.18,58.8,7.0,13.62,70.52,Average
STU001562,Ishaan Joshi,CSE,B.Tech,3,5,A,21,84.61,81.4,35.62,71.24,76.32,8.03,17.79,80.49,Good
STU001563,Ananya Shah,AI & DS,B.Tech,1,1,B,18,93.37,67.68,29.23,67.49,76.83,8.04,21.8,74.5,Good
STU001564,Shreya Bose,CSE,B.Tech,2,3,A,20,81.34,72.68,32.98,71.31,68.56,8.06,22.87,70.26,Average
STU001565,Surya Joshi,EEE,B.Tech,4,7,B,21,68.57,81.3,28.2,66.08,70.96,8.45,21.26,68.98,Average
STU001566,Shreya Reddy,IT,B.Tech,1,2,A,18,64.12,58.42,30.21,65.53,67.92,8.17,19.8,73.08,At Risk
STU001567,Vikram Shah,EEE,B.Tech,2,4,B,19,83.86,62.8,33.61,50.71,59.15,7.26,19.28,84.38,Average
STU001568,Aryan Menon,AI & DS,B.Tech,2,4,A,21,81.29,71.48,38.08,61.02,55.66,7.15,10.55,76.99,Average
STU001569,Tanvi Krishnan,AI & DS,B.Tech,4,7,C,23,68.88,73.46,38.64,62.77,91.92,8.18,21.97,65.38,Average
STU001570,Akash Mehta,ECE,B.Tech,1,2,B,19,94.26,66.64,35.24,64.82,81.93,8.71,24.15,83.41,Good
STU001571,Sneha Mehta,Mechanical,B.Tech,4,7,A,23,83.26,73.74,36.62,70.88,84.49,8.32,24.1,75.76,Good
STU001572,Kavya Chatterjee,Mechanical,B.Tech,2,3,C,21,80.13,88.44,38.33,75.94,94.12,8.69,25.94,75.16,Excellent
STU001573,Tanvi Nair,Civil,M.Tech,2,3,B,23,80.64,65.07,37.25,74.29,75.64,7.87,22.38,81.01,Good
STU001574,Ishaan Bose,IT,B.Tech,4,7,A,21,91.89,87.85,39.39,73.55,90.79,8.18,31.84,90.27,Excellent
STU001575,Pooja Krishnan,IT,B.Tech,2,3,B,19,75.83,70.74,31.99,59.44,75.54,7.28,21.4,73.17,Good
STU001576,Tanvi Kumar,AI & DS,B.Tech,4,8,A,21,59.39,69.59,31.08,58.02,70.73,7.22,17.08,66.05,At Risk
STU001577,Diya Shah,EEE,B.Tech,2,3,C,20,92.7,76.15,34.9,74.57,72.85,8.84,23.93,86.7,Good
STU001578,Ishaan Gupta,Civil,B.Tech,1,2,D,18,87.06,81.39,42.45,73.78,87.93,8.61,23.72,85.56,Excellent
STU001579,Yash Rao,CSE,B.Tech,2,4,B,20,69.29,81.32,40.0,68.43,67.43,8.36,18.13,73.32,Average
STU001580,Rohan Krishnan,CSE,B.Tech,1,1,C,19,72.12,82.12,35.38,63.49,87.29,8.26,20.99,78.87,Average
STU001581,Surya Chatterjee,CSE,B.Tech,1,1,C,19,94.39,86.96,41.41,74.35,87.37,8.61,24.32,88.75,Excellent
STU001582,Kavya Das,EEE,B.Tech,1,2,C,18,72.64,77.89,32.22,74.92,81.93,7.75,21.94,66.3,Average
STU001583,Arjun Iyer,EEE,B.Tech,2,3,A,20,81.65,89.48,38.7,72.01,97.73,8.1,30.03,81.0,Excellent
STU001584,Meera Sharma,IT,B.Tech,3,5,D,22,76.5,76.92,37.08,63.34,74.02,7.99,15.66,72.74,Good
STU001585,Pooja Joshi,AI & DS,M.Tech,1,1,D,22,92.38,86.13,38.69,70.42,68.28,9.09,19.24,90.3,Average
STU001586,Rahul Verma,EEE,B.Tech,3,5,D,22,90.1,69.18,23.04,58.05,61.87,6.56,16.41,81.18,Average
STU001587,Sai Menon,ECE,M.Tech,2,3,A,25,93.99,65.57,32.94,77.43,82.52,7.06,20.1,68.1,Good
STU001588,Manish Sharma,CSE,B.Tech,2,3,D,21,84.7,83.16,36.24,84.61,84.22,8.84,27.05,81.37,Good
STU001589,Rohan Mehta,Mechanical,M.Tech,2,3,A,23,57.42,70.05,30.91,70.91,79.89,7.26,15.38,66.3,At Risk
STU001590,Nikhil Singh,IT,M.Tech,1,2,C,25,91.46,69.79,34.9,75.33,86.3,7.67,23.71,71.36,Excellent
STU001591,Riya Das,IT,B.Tech,2,4,A,21,66.59,68.73,26.39,63.01,56.99,7.34,18.89,63.99,Average
STU001592,Rahul Das,Mechanical,B.Tech,3,5,A,21,82.47,69.42,37.45,62.02,83.41,7.21,24.4,80.2,Good
STU001593,Tanvi Joshi,Civil,M.Tech,1,1,C,22,81.85,68.56,30.17,63.29,72.76,8.22,22.95,78.3,Good
STU001594,Krishna Patel,ECE,B.Tech,2,3,D,20,66.74,74.63,31.12,43.1,65.31,8.1,18.81,74.99,Average
STU001595,Ishaan Kumar,IT,B.Tech,1,1,D,19,82.32,89.1,40.21,77.07,96.3,8.41,23.26,77.68,Excellent
STU001596,Diya Mehta,CSE,B.Tech,3,5,B,20,83.79,76.1,31.6,69.1,89.92,7.9,18.83,72.85,Excellent
STU001597,Tanvi Chatterjee,AI & DS,B.Tech,2,3,C,21,74.72,76.66,34.29,62.34,74.65,7.72,20.32,67.83,Average
STU001598,Nikhil Joshi,AI & DS,B.Tech,2,3,C,20,85.29,73.83,34.52,67.13,90.11,8.73,22.28,80.48,Excellent
STU001599,Varun Mehta,EEE,B.Tech,4,8,A,21,72.94,66.36,25.93,61.41,62.62,7.59,19.09,66.79,Average
STU001600,Rohan Patel,CSE,B.Tech,2,4,A,21,82.74,71.99,35.67,64.76,66.56,7.15,24.43,78.12,Average
STU001601,Akash Gupta,CSE,B.Tech,3,5,D,20,83.04,58.58,25.89,55.08,57.97,6.82,17.52,70.62,Average
STU001602,Ishaan Patel,Mechanical,B.Tech,1,2,B,20,93.38,73.25,30.59,62.81,79.29,7.23,17.24,89.98,Good
STU001603,Krishna Bose,EEE,B.Tech,3,6,A,21,65.54,72.33,31.24,59.52,67.9,6.52,24.16,75.96,Average
STU001604,Ananya Chatterjee,Civil,B.Tech,1,1,D,19,70.16,81.71,42.79,74.77,95.31,8.02,22.28,69.36,Average
STU001605,Varun Gupta,CSE,M.Tech,1,2,C,22,88.13,69.17,32.13,60.6,76.15,8.56,29.31,82.46,Good
STU001606,Aditi Reddy,CSE,B.Tech,3,5,C,22,91.96,66.71,31.93,59.45,74.63,8.12,17.23,65.87,Good
STU001607,Tanvi Gupta,IT,B.Tech,1,1,D,19,81.14,75.33,34.03,65.09,60.07,7.64,18.21,65.72,Average
STU001608,Nisha Shah,ECE,B.Tech,3,5,C,20,65.27,67.33,33.28,61.68,56.6,7.24,21.63,73.22,Average
STU001609,Ishaan Mehta,AI & DS,B.Tech,1,1,B,18,80.81,73.28,36.86,61.34,70.82,7.42,15.52,78.05,Good
STU001610,Kavya Reddy,Mechanical,B.Tech,4,7,D,21,74.18,73.0,39.77,63.22,82.03,8.38,21.0,76.23,Average
STU001611,Diya Krishnan,Mechanical,M.Tech,2,3,D,25,71.43,87.81,34.35,73.03,58.78,8.29,22.01,76.83,Average
STU001612,Aarav Pillai,Mechanical,B.Tech,3,5,D,20,72.92,74.96,34.41,64.38,70.28,7.01,15.27,70.98,Average
STU001613,Varun Chatterjee,Mechanical,B.Tech,4,8,B,22,76.61,80.61,39.15,80.6,82.6,9.2,26.67,78.95,Good
STU001614,Aditi Menon,AI & DS,B.Tech,3,5,A,20,83.55,63.97,33.77,54.15,71.12,8.71,22.95,76.01,Good
STU001615,Sanjay Chatterjee,CSE,B.Tech,3,5,D,22,86.68,85.36,38.11,60.5,68.99,7.77,21.33,83.5,Average
STU001616,Nikhil Menon,Civil,B.Tech,4,7,B,23,70.93,75.14,33.65,71.04,84.52,7.58,16.99,73.24,Average
STU001617,Manish Das,CSE,B.Tech,3,6,B,21,70.27,73.64,32.81,77.17,64.88,8.04,16.83,83.64,Average
STU001618,Aditya Joshi,Civil,B.Tech,4,7,A,22,62.8,69.17,26.85,52.38,69.99,7.92,16.13,61.64,At Risk
STU001619,Nikhil Verma,ECE,B.Tech,4,8,C,22,81.52,76.0,38.21,60.18,66.4,8.92,23.37,67.51,Average
STU001620,Sanjay Reddy,CSE,B.Tech,4,8,C,21,79.6,77.82,36.44,71.42,78.09,8.06,24.55,75.29,Good
STU001621,Nisha Krishnan,IT,B.Tech,4,7,B,23,85.96,82.3,37.22,65.75,72.46,7.64,23.48,80.47,Good
STU001622,Yash Krishnan,CSE,B.Tech,2,4,D,21,85.4,75.95,32.43,69.61,63.86,8.44,22.34,79.78,Average
STU001623,Nikhil Mishra,Civil,B.Tech,2,4,D,20,79.69,76.92,38.09,64.52,77.59,8.17,18.77,76.43,Good
STU001624,Tanvi Chatterjee,IT,B.Tech,1,1,A,19,78.46,68.43,29.17,43.9,69.35,6.75,19.99,77.22,Average
STU001625,Krishna Shah,IT,B.Tech,4,7,C,22,83.41,74.54,35.29,50.41,57.66,7.84,26.13,81.5,Average
STU001626,Pooja Rao,IT,M.Tech,2,3,D,24,90.43,68.66,30.63,61.97,72.67,8.01,25.07,97.66,Good
STU001627,Surya Verma,ECE,B.Tech,3,5,A,20,90.85,79.38,36.83,76.32,78.76,8.39,19.82,87.76,Good
STU001628,Zoya Reddy,EEE,B.Tech,3,6,D,20,83.08,89.33,32.96,80.16,99.85,7.51,24.73,81.94,Excellent
STU001629,Karan Krishnan,ECE,B.Tech,2,3,D,20,78.42,80.79,37.96,74.59,79.94,8.24,20.97,69.99,Good
STU001630,Aditi Menon,IT,B.Tech,1,1,A,19,85.3,75.2,35.81,62.85,67.45,7.14,29.62,88.58,Average
STU001631,Rahul Menon,EEE,B.Tech,2,3,A,19,75.54,90.29,37.71,70.18,80.62,8.11,19.76,75.04,Good
STU001632,Isha Kumar,ECE,B.Tech,3,5,C,20,88.23,63.84,32.06,73.92,81.76,7.68,17.61,87.12,Good
STU001633,Yash Nair,Mechanical,M.Tech,1,1,D,25,73.19,70.9,36.08,65.1,70.65,7.28,23.37,75.73,Average
STU001634,Manish Gupta,ECE,B.Tech,1,2,A,18,75.66,63.47,27.6,55.56,68.32,6.87,20.5,86.1,Average
STU001635,Krishna Verma,EEE,B.Tech,3,5,C,20,82.88,65.38,34.28,69.72,76.91,8.34,20.04,63.71,Good
STU001636,Isha Gupta,ECE,B.Tech,4,8,B,21,79.67,75.17,32.96,66.63,69.61,7.44,15.43,76.86,Average
STU001637,Pooja Iyer,CSE,B.Tech,2,3,C,20,76.86,72.67,27.09,69.77,71.66,7.23,19.91,63.67,Good
STU001638,Nisha Pillai,CSE,B.Tech,1,1,D,20,72.05,67.6,24.04,55.26,65.07,6.97,19.71,70.55,Average
STU001639,Aditi Sharma,Mechanical,B.Tech,4,7,B,23,85.89,72.9,33.55,58.9,78.25,7.97,23.79,79.41,Good
STU001640,Krishna Patel,EEE,B.Tech,2,4,C,21,85.61,81.59,38.65,63.78,72.17,7.66,17.49,74.15,Good
STU001641,Riya Krishnan,CSE,M.Tech,1,2,A,23,80.84,65.51,31.92,53.22,73.14,8.36,18.28,67.17,Good
STU001642,Riya Mehta,Mechanical,B.Tech,1,2,B,19,80.55,70.65,31.3,58.65,72.54,8.17,20.41,80.22,Good
STU001643,Shreya Nair,AI & DS,B.Tech,3,5,C,22,79.51,73.46,30.75,55.23,60.21,7.14,21.04,82.5,Average
STU001644,Sanjay Nair,EEE,B.Tech,4,8,C,22,73.54,82.52,40.83,72.33,72.77,8.53,19.31,74.57,Average
STU001645,Akash Kumar,Civil,B.Tech,4,8,D,21,80.3,77.01,31.97,61.83,66.82,8.44,21.91,77.66,Average
STU001646,Meera Menon,CSE,B.Tech,2,3,D,21,68.72,68.99,34.21,64.23,65.67,7.92,16.91,56.83,Average
STU001647,Arjun Krishnan,Mechanical,B.Tech,2,3,A,20,77.9,75.26,33.38,65.74,79.36,8.17,24.66,80.49,Good
STU001648,Riya Rao,IT,B.Tech,2,3,C,20,63.53,79.05,35.86,55.19,57.65,8.85,21.71,73.61,At Risk
STU001649,Karan Das,ECE,B.Tech,1,2,C,18,69.82,73.73,37.12,60.56,65.6,8.0,22.93,59.48,Average
STU001650,Arjun Rao,ECE,B.Tech,2,3,C,19,79.41,72.41,32.41,68.7,77.59,8.1,20.69,75.54,Good
STU001651,Aditya Pillai,EEE,B.Tech,1,2,A,20,73.8,60.1,30.56,54.56,58.81,7.34,15.53,65.08,Average
STU001652,Ananya Mishra,CSE,B.Tech,2,3,B,20,93.37,91.54,42.45,90.46,87.13,8.73,28.36,82.75,Excellent
STU001653,Meera Gupta,CSE,B.Tech,2,4,A,21,75.96,78.02,39.33,75.81,91.45,8.3,19.4,70.26,Good
STU001654,Vikram Nair,IT,B.Tech,3,5,D,20,96.82,77.05,41.02,82.38,97.42,8.17,24.63,88.71,Excellent
STU001655,Varun Sharma,CSE,B.Tech,2,4,A,20,83.23,79.49,32.63,67.29,71.39,8.73,17.85,74.91,Good
STU001656,Diya Singh,IT,B.Tech,4,8,D,21,79.62,79.13,26.73,54.32,74.7,8.24,22.42,89.75,Good
STU001657,Krishna Sharma,CSE,B.Tech,1,1,C,18,84.59,77.11,35.38,63.32,78.76,8.42,21.57,72.92,Good
STU001658,Ishaan Joshi,Civil,B.Tech,4,7,B,22,72.56,63.07,30.11,59.93,61.37,7.6,21.1,56.14,Average
STU001659,Tanvi Mishra,ECE,B.Tech,3,5,A,21,92.28,79.04,34.56,70.59,88.07,8.97,20.29,70.24,Excellent
STU001660,Tanvi Mishra,ECE,M.Tech,2,4,B,26,83.81,73.89,37.25,58.52,81.61,8.45,22.84,83.88,Good
STU001661,Aarav Pillai,IT,B.Tech,4,8,A,22,91.34,76.77,36.71,69.07,88.59,8.51,24.7,76.36,Excellent
STU001662,Aditi Kumar,CSE,B.Tech,3,5,C,20,77.13,69.22,32.42,58.55,69.27,7.35,16.97,62.89,Average
STU001663,Nikhil Singh,Civil,B.Tech,2,3,A,21,90.74,73.12,37.73,68.53,73.35,7.93,16.96,70.17,Good
STU001664,Aarav Reddy,ECE,B.Tech,3,6,C,20,89.14,72.51,39.27,67.38,78.85,8.06,17.45,72.62,Good
STU001665,Krishna Mehta,CSE,M.Tech,1,2,B,25,87.32,83.14,37.06,77.16,78.06,8.4,23.61,72.13,Good
STU001666,Sanjay Patel,Civil,B.Tech,3,6,C,22,75.12,73.7,31.55,55.92,83.3,9.0,19.58,71.55,Good
STU001667,Zoya Bose,ECE,B.Tech,4,7,B,21,98.29,74.67,34.11,63.55,71.98,7.88,26.01,71.81,Good
STU001668,Sai Shah,AI & DS,B.Tech,3,6,B,21,71.13,71.93,32.55,60.55,58.98,7.51,24.45,72.58,Average
STU001669,Pooja Verma,CSE,B.Tech,1,2,D,18,86.23,76.2,39.05,63.89,84.15,9.55,21.0,70.68,Good
STU001670,Varun Sharma,EEE,B.Tech,1,1,B,20,67.59,74.43,33.55,55.24,61.69,6.46,22.03,67.1,Average
STU001671,Pooja Menon,ECE,M.Tech,1,2,C,24,90.92,61.8,21.13,48.14,64.53,7.11,19.41,66.49,Average
STU001672,Sneha Mishra,EEE,B.Tech,2,3,C,21,72.88,72.26,37.26,56.02,71.1,8.76,13.35,70.44,Average
STU001673,Ananya Pillai,EEE,B.Tech,2,4,D,19,64.41,68.94,37.38,72.14,66.72,7.49,14.49,73.5,At Risk
STU001674,Meera Patel,Civil,M.Tech,1,1,A,22,93.92,67.73,34.23,48.78,51.17,7.84,22.74,81.42,At Risk
STU001675,Zoya Mishra,Mechanical,B.Tech,3,6,C,22,68.98,78.88,31.81,69.74,76.27,9.03,18.33,59.6,Average
STU001676,Aditi Krishnan,IT,B.Tech,4,7,A,21,80.56,69.48,31.52,51.87,56.01,7.69,22.18,79.61,Average
STU001677,Sanjay Das,IT,B.Tech,4,7,A,23,67.79,64.47,27.77,67.32,65.73,7.48,18.75,65.6,Average
STU001678,Akash Pillai,CSE,B.Tech,2,4,A,21,83.11,73.05,34.31,68.64,77.14,8.57,19.88,64.71,Good
STU001679,Tanvi Mishra,EEE,B.Tech,4,7,B,23,100,78.65,35.77,59.43,76.85,8.57,19.36,86.91,Good
STU001680,Nisha Reddy,Mechanical,B.Tech,4,8,D,23,86.4,66.65,32.57,52.56,66.91,7.76,19.71,87.05,Average
STU001681,Karan Mehta,Mechanical,B.Tech,1,1,C,20,84.82,66.89,25.62,62.51,69.68,8.5,20.62,74.77,Average
STU001682,Vikram Gupta,EEE,M.Tech,1,2,D,23,64.54,67.76,34.06,57.57,64.27,6.93,22.67,67.14,At Risk
STU001683,Aditi Patel,Mechanical,B.Tech,4,8,A,22,74.77,71.55,33.54,52.6,63.77,7.44,19.59,78.91,Average
STU001684,Manish Das,Mechanical,B.Tech,2,3,D,21,78.63,78.0,39.07,60.5,67.48,8.07,22.37,76.64,Average
STU001685,Rahul Nair,CSE,B.Tech,2,3,B,21,92.35,82.06,32.87,69.23,78.8,8.21,25.52,76.35,Good
STU001686,Sneha Reddy,EEE,B.Tech,1,2,D,20,76.71,69.37,33.51,70.78,84.49,8.26,26.58,68.48,Good
STU001687,Aditi Mehta,CSE,B.Tech,1,1,B,19,70.16,63.15,26.38,48.52,66.82,7.72,17.46,84.28,Average
STU001688,Varun Kumar,AI & DS,B.Tech,3,5,B,21,73.94,75.08,36.24,69.27,81.26,8.02,17.98,81.37,Average
STU001689,Krishna Kumar,EEE,M.Tech,2,3,C,24,77.91,65.69,30.28,52.25,59.93,8.23,19.82,70.69,Average
STU001690,Tanvi Pillai,CSE,B.Tech,2,4,C,19,68.81,70.37,32.49,59.68,77.17,7.62,18.44,66.94,Average
STU001691,Arjun Sharma,ECE,B.Tech,1,1,D,20,81.6,73.68,31.59,71.84,83.93,7.83,23.62,87.05,Good
STU001692,Nikhil Chatterjee,CSE,B.Tech,3,6,D,21,82.76,75.94,38.74,72.77,78.06,7.57,26.14,86.91,Good
STU001693,Ishaan Reddy,AI & DS,B.Tech,1,2,C,20,83.45,73.5,33.14,60.75,71.82,7.29,25.61,76.6,Good
STU001694,Pooja Pillai,CSE,B.Tech,4,8,D,22,84.11,77.04,29.82,74.12,90.21,8.42,29.01,78.45,Excellent
STU001695,Ishaan Shah,ECE,B.Tech,1,1,D,20,77.69,66.8,38.89,74.9,78.8,8.54,24.22,82.67,Good
STU001696,Surya Rao,AI & DS,M.Tech,2,4,C,26,72.28,70.46,26.76,52.34,61.27,7.48,21.96,68.79,Average
STU001697,Manish Krishnan,IT,B.Tech,3,6,C,20,75.78,68.84,38.03,64.99,60.95,7.72,25.18,81.08,Average
STU001698,Meera Das,ECE,B.Tech,1,1,A,18,68.21,73.48,29.7,60.27,72.39,7.02,26.37,66.69,Average
STU001699,Shreya Gupta,AI & DS,B.Tech,3,6,D,22,78.49,65.44,33.49,48.31,59.13,7.01,20.19,70.11,Average
STU001700,Meera Pillai,AI & DS,B.Tech,2,3,C,19,65.06,76.3,34.99,65.4,75.48,7.99,22.66,87.96,Average
STU001701,Bhavya Reddy,ECE,B.Tech,1,2,C,19,79.37,67.21,31.97,60.45,77.42,6.82,24.48,74.66,Good
STU001702,Aditya Patel,ECE,B.Tech,1,1,B,18,63.28,67.8,27.17,58.62,59.0,7.53,18.49,72.49,At Risk
STU001703,Aditi Menon,Civil,B.Tech,3,6,B,20,83.28,70.2,33.42,59.17,56.27,6.86,25.81,81.42,Average
STU001704,Akash Mehta,EEE,B.Tech,4,8,A,23,85.85,71.54,39.32,80.67,89.18,8.79,25.0,90.24,Excellent
STU001705,Surya Krishnan,Mechanical,B.Tech,1,1,A,20,89.58,67.8,32.69,65.48,66.08,8.17,20.49,77.75,Average
STU001706,Sanjay Sharma,ECE,B.Tech,4,8,A,22,83.74,63.63,22.7,61.98,52.86,7.27,18.62,64.0,At Risk
STU001707,Nikhil Patel,ECE,M.Tech,1,1,B,22,82.85,77.63,37.58,54.72,68.98,8.26,20.0,83.39,Average
STU001708,Karan Shah,Mechanical,M.Tech,1,1,D,22,70.89,65.48,30.75,52.99,50.92,7.37,21.97,74.43,At Risk
STU001709,Arjun Iyer,Civil,B.Tech,1,2,D,18,70.46,66.9,31.62,61.0,65.98,7.84,16.98,66.44,Average
STU001710,Pooja Verma,Mechanical,B.Tech,2,4,A,19,73.45,78.24,37.44,68.01,78.78,8.46,20.61,79.5,Average
STU001711,Krishna Shah,EEE,B.Tech,1,2,D,20,80.9,66.41,32.38,59.67,69.73,7.18,20.71,67.93,Average
STU001712,Meera Gupta,CSE,B.Tech,3,6,A,22,96.1,69.8,31.17,64.62,74.97,8.24,19.29,78.49,Good
STU001713,Sneha Shah,ECE,B.Tech,3,5,D,20,88.69,77.06,39.1,76.19,81.44,8.71,19.9,75.64,Good
STU001714,Tanvi Menon,EEE,B.Tech,3,6,C,21,91.67,82.34,37.46,83.47,81.62,8.8,27.57,89.73,Good
STU001715,Bhavya Mishra,AI & DS,B.Tech,3,5,D,21,85.99,67.68,29.39,44.29,59.16,7.49,15.72,74.98,Average
STU001716,Sneha Shah,IT,B.Tech,4,7,A,23,93.64,86.2,41.48,63.14,89.78,8.26,23.05,71.07,Excellent
STU001717,Zoya Nair,CSE,B.Tech,2,3,D,20,86.08,73.2,31.42,69.43,86.78,7.5,22.8,67.12,Excellent
STU001718,Shreya Reddy,CSE,B.Tech,2,3,C,19,81.88,69.71,33.66,60.44,74.73,8.54,27.14,79.87,Good
STU001719,Manish Rao,ECE,B.Tech,1,1,A,18,71.43,63.6,30.57,52.73,60.17,7.73,15.36,60.09,Average
STU001720,Ananya Gupta,Mechanical,B.Tech,2,4,A,19,77.57,84.06,42.31,77.33,77.24,7.65,15.5,67.91,Good
STU001721,Tanvi Pillai,Civil,B.Tech,4,8,B,22,73.33,66.75,30.85,65.52,80.85,8.11,15.6,63.72,Average
STU001722,Tanvi Kumar,CSE,B.Tech,4,8,A,23,71.87,64.46,28.8,41.23,60.92,7.64,12.22,65.81,Average
STU001723,Riya Rao,Mechanical,B.Tech,4,7,C,22,68.12,76.29,39.93,57.3,73.96,8.23,17.26,70.27,Average
STU001724,Karan Pillai,AI & DS,B.Tech,3,6,A,21,83.76,82.31,38.2,68.23,84.98,7.74,21.98,80.95,Good
STU001725,Diya Patel,IT,B.Tech,3,5,D,21,64.87,58.55,31.31,54.23,52.02,7.09,18.41,69.96,At Risk
STU001726,Arjun Gupta,EEE,B.Tech,1,2,D,20,74.86,72.32,33.22,51.78,66.34,8.12,22.58,64.22,Average
STU001727,Krishna Reddy,Civil,B.Tech,1,2,D,18,91.77,83.66,44.69,72.98,100,8.27,27.64,81.12,Excellent
STU001728,Aditya Kumar,EEE,B.Tech,4,8,C,21,93.26,69.02,36.58,67.87,76.56,8.64,21.76,84.58,Good
STU001729,Sneha Patel,Civil,B.Tech,3,5,D,22,83.13,64.96,27.27,68.2,76.73,7.34,17.9,71.16,Good
STU001730,Krishna Iyer,IT,M.Tech,1,2,B,24,80.1,75.67,30.33,73.71,77.23,6.49,22.97,76.93,Good
STU001731,Sneha Krishnan,CSE,B.Tech,3,5,A,22,82.93,86.17,36.1,73.74,79.21,8.21,22.57,78.58,Good
STU001732,Isha Krishnan,ECE,B.Tech,4,7,D,21,81.93,93.77,38.97,65.29,90.94,6.96,27.46,71.73,Excellent
STU001733,Krishna Kumar,Civil,B.Tech,2,4,B,19,63.69,73.73,33.11,65.08,86.71,8.58,16.7,71.46,At Risk
STU001734,Krishna Verma,Civil,M.Tech,2,3,A,24,76.71,76.83,37.91,68.15,93.34,8.35,20.07,78.96,Good
STU001735,Yash Sharma,ECE,B.Tech,1,2,C,20,80.12,88.59,36.17,66.13,86.61,8.42,22.93,80.42,Excellent
STU001736,Isha Reddy,AI & DS,B.Tech,2,3,A,20,70.24,74.15,34.11,62.3,89.67,8.04,25.02,91.38,Average
STU001737,Tanvi Reddy,EEE,B.Tech,2,4,D,19,79.88,73.97,34.82,67.73,82.55,7.86,27.47,83.49,Good
STU001738,Kavya Kumar,CSE,B.Tech,1,1,A,19,87.56,67.84,30.66,60.97,55.27,7.96,16.51,71.12,Average
STU001739,Nikhil Mishra,EEE,B.Tech,4,7,C,21,83.88,78.41,34.69,67.11,80.34,8.3,21.74,78.23,Good
STU001740,Arjun Verma,EEE,B.Tech,3,6,A,20,66.32,81.96,30.95,69.09,77.38,7.6,22.85,77.95,Average
STU001741,Rahul Singh,IT,B.Tech,1,1,D,19,74.25,73.33,32.63,62.23,74.67,6.52,23.58,71.04,Average
STU001742,Zoya Das,Mechanical,B.Tech,4,7,C,21,77.35,82.23,35.85,73.29,92.67,7.71,20.96,67.76,Good
STU001743,Surya Pillai,CSE,B.Tech,3,5,A,22,81.01,67.23,37.42,60.72,69.97,7.52,19.31,82.1,Average
STU001744,Kavya Shah,ECE,B.Tech,4,8,C,21,82.47,72.99,27.04,49.5,60.36,8.26,17.4,69.14,Average
STU001745,Varun Mehta,AI & DS,B.Tech,1,2,B,19,89.14,68.67,32.23,70.73,67.51,7.68,23.29,69.68,Average
STU001746,Aditi Joshi,AI & DS,B.Tech,3,5,A,22,96.23,72.2,29.1,57.31,65.18,7.68,21.85,72.23,Average
STU001747,Yash Pillai,AI & DS,B.Tech,1,1,D,20,90.53,73.13,31.75,63.61,71.52,7.56,20.49,80.21,Good
STU001748,Aditi Mishra,CSE,B.Tech,2,4,C,21,78.06,78.08,41.69,85.38,88.4,8.6,24.17,82.34,Good
STU001749,Manish Krishnan,CSE,B.Tech,3,6,A,21,74.88,81.9,37.6,69.84,71.64,8.49,27.02,71.06,Average
STU001750,Diya Mishra,ECE,B.Tech,2,4,D,20,83.98,74.7,27.54,59.17,83.47,7.32,29.58,62.03,Good
STU001751,Aditya Mishra,CSE,B.Tech,4,7,C,21,71.21,63.81,29.57,55.77,68.38,7.25,13.38,77.63,Average
STU001752,Nikhil Gupta,Civil,B.Tech,3,6,C,21,76.91,76.19,37.93,70.28,71.17,8.6,18.92,72.67,Good
STU001753,Vikram Sharma,CSE,B.Tech,3,5,D,22,87.68,72.82,28.37,59.06,74.55,7.12,26.58,69.61,Good
STU001754,Aryan Kumar,Mechanical,B.Tech,4,7,D,22,79.6,74.36,36.57,69.07,70.48,8.48,17.8,73.87,Good
STU001755,Varun Sharma,EEE,B.Tech,4,7,C,22,84.39,68.41,37.68,42.33,63.41,8.68,17.25,75.95,Average
STU001756,Krishna Krishnan,AI & DS,B.Tech,1,1,A,20,63.44,69.99,30.62,44.97,66.18,8.0,12.31,76.08,At Risk
STU001757,Diya Mishra,Mechanical,B.Tech,3,6,B,20,95.28,74.89,39.4,75.33,68.26,7.75,26.89,83.86,Average
STU001758,Riya Chatterjee,CSE,B.Tech,1,2,D,18,59.74,66.17,35.39,46.72,66.0,7.36,23.32,77.85,At Risk
STU001759,Rohan Nair,ECE,B.Tech,3,5,C,20,82.72,77.11,35.48,81.93,84.58,9.89,23.19,77.5,Good
STU001760,Isha Singh,ECE,B.Tech,1,2,C,20,81.45,73.92,34.37,72.41,96.87,7.74,19.88,79.81,Excellent
STU001761,Aditi Iyer,AI & DS,M.Tech,2,3,B,23,80.34,82.45,38.73,58.36,82.72,7.74,19.31,89.36,Good
STU001762,Akash Rao,CSE,M.Tech,2,4,C,23,70.14,79.54,31.38,65.16,84.75,8.44,25.78,73.78,Average
STU001763,Ishaan Gupta,ECE,B.Tech,1,2,C,18,76.34,69.26,33.06,68.3,86.08,6.92,24.81,85.92,Good
STU001764,Sai Iyer,Civil,B.Tech,3,6,A,22,76.09,75.14,30.99,62.04,76.16,7.99,23.0,66.43,Good
STU001765,Tanvi Chatterjee,ECE,B.Tech,3,5,D,22,84.82,61.68,30.17,59.32,64.47,7.85,13.02,73.17,Average
STU001766,Nikhil Rao,AI & DS,B.Tech,4,7,C,21,79.01,82.02,35.83,82.58,88.35,8.34,25.87,77.09,Good
STU001767,Ananya Patel,ECE,B.Tech,2,3,D,19,72.13,77.48,34.06,73.54,72.47,8.66,19.48,81.35,Average
STU001768,Krishna Pillai,ECE,B.Tech,2,3,C,20,81.02,76.64,31.24,65.79,71.13,7.26,25.39,82.42,Good
STU001769,Surya Das,ECE,B.Tech,2,3,D,21,76.02,79.02,33.74,60.41,82.83,8.24,21.7,78.87,Good
STU001770,Varun Shah,IT,M.Tech,1,1,B,25,82.44,72.33,36.54,77.51,68.13,8.25,19.67,82.34,Average
STU001771,Bhavya Kumar,ECE,B.Tech,1,1,A,19,66.47,71.16,34.92,61.8,78.76,8.63,16.35,58.57,Average
STU001772,Bhavya Shah,AI & DS,B.Tech,1,2,C,19,68.48,83.02,34.55,67.29,81.03,8.28,23.53,86.48,Average
STU001773,Arjun Sharma,IT,M.Tech,1,2,D,24,58.65,66.29,30.8,67.99,67.25,7.27,18.55,58.58,At Risk
STU001774,Shreya Patel,ECE,B.Tech,1,1,A,18,78.26,65.31,28.04,56.54,65.4,7.37,23.94,77.23,Average
STU001775,Kavya Chatterjee,Mechanical,B.Tech,2,4,D,21,76.01,73.4,29.02,77.13,82.96,8.93,21.55,78.21,Good
STU001776,Karan Sharma,CSE,B.Tech,2,4,B,19,78.42,71.87,36.97,62.17,80.75,7.63,20.1,71.41,Good
STU001777,Nisha Nair,Mechanical,B.Tech,4,8,A,23,84.29,64.76,27.31,49.57,65.86,7.14,18.93,68.26,Average
STU001778,Kavya Menon,Mechanical,B.Tech,3,6,C,20,96.09,77.26,42.35,71.1,91.51,7.71,26.19,94.75,Excellent
STU001779,Varun Reddy,Mechanical,B.Tech,4,7,D,21,67.75,66.85,27.94,50.59,60.55,6.85,18.23,65.69,Average
STU001780,Aarav Krishnan,AI & DS,M.Tech,2,4,B,25,80.41,73.4,42.7,60.06,66.93,8.37,19.67,75.66,Average
STU001781,Diya Gupta,IT,B.Tech,3,5,D,21,66.73,69.46,27.44,58.22,61.47,8.52,19.74,58.09,Average
STU001782,Riya Mishra,AI & DS,B.Tech,2,4,D,19,96.28,81.32,38.02,61.92,77.75,7.72,22.81,81.98,Good
STU001783,Shreya Krishnan,ECE,B.Tech,3,5,D,21,63.73,61.96,25.18,50.06,73.56,7.29,20.88,54.49,At Risk
STU001784,Aditya Joshi,Mechanical,B.Tech,3,5,B,20,66.72,75.84,44.06,72.58,77.62,7.91,20.59,61.47,Average
STU001785,Akash Singh,ECE,B.Tech,4,7,C,21,85.45,67.91,35.26,69.26,78.95,8.26,20.56,72.48,Good
STU001786,Karan Menon,AI & DS,B.Tech,1,1,A,20,69.84,70.36,37.19,52.12,55.69,7.84,17.61,80.69,Average
STU001787,Ananya Mishra,Mechanical,B.Tech,4,7,B,22,86.42,75.87,36.98,55.75,84.03,7.51,21.05,78.82,Good
STU001788,Yash Sharma,CSE,B.Tech,2,4,C,21,84.04,61.81,32.4,69.32,69.08,7.03,19.55,92.65,Average
STU001789,Bhavya Singh,Mechanical,B.Tech,4,8,C,21,85.67,75.87,33.21,78.15,73.92,7.82,25.85,98.01,Good
STU001790,Meera Reddy,CSE,B.Tech,2,4,D,19,78.95,73.34,31.61,60.76,68.05,7.02,25.8,68.96,Average
STU001791,Ishaan Gupta,EEE,B.Tech,2,4,D,19,82.36,64.52,32.71,53.04,66.23,7.83,20.13,78.45,Average
STU001792,Tanvi Krishnan,ECE,B.Tech,2,3,B,20,76.22,78.56,35.55,86.19,84.84,7.58,23.24,69.09,Good
STU001793,Kavya Bose,ECE,B.Tech,1,1,A,19,71.5,69.39,31.98,64.85,77.72,8.56,17.41,56.83,Average
STU001794,Kavya Nair,Civil,B.Tech,2,4,C,21,96.29,69.05,39.05,70.77,69.62,7.57,21.47,86.79,Average
STU001795,Rahul Reddy,Civil,B.Tech,2,4,C,19,79.25,79.6,37.46,81.09,83.95,7.72,26.3,94.75,Good
STU001796,Meera Sharma,Civil,B.Tech,1,1,C,20,80.47,73.51,28.75,64.25,79.97,7.81,21.7,79.3,Good
STU001797,Ishaan Iyer,AI & DS,B.Tech,3,5,D,20,76.92,74.91,33.66,64.06,71.45,7.42,18.62,79.14,Good
STU001798,Yash Reddy,Civil,B.Tech,3,5,A,20,66.12,74.08,28.48,70.38,68.79,7.89,15.52,67.35,Average
STU001799,Ananya Patel,ECE,B.Tech,3,5,A,22,95.21,69.24,36.12,57.19,67.31,7.19,23.27,84.8,Average
STU001800,Rahul Patel,Mechanical,B.Tech,1,1,B,20,91.75,69.13,34.26,64.99,70.22,7.65,24.4,80.45,Good
STU001801,Aarav Mishra,AI & DS,B.Tech,3,5,C,20,56.67,56.54,27.93,45.09,52.73,7.16,18.36,64.08,At Risk
STU001802,Ananya Iyer,ECE,B.Tech,4,8,B,23,82.27,67.17,26.79,57.23,52.71,7.7,18.55,58.6,At Risk
STU001803,Diya Mishra,EEE,B.Tech,1,2,B,18,80.43,63.74,31.21,73.74,77.09,7.57,17.9,74.85,Good
STU001804,Aryan Bose,Mechanical,B.Tech,1,1,D,20,78.77,71.26,33.39,68.74,81.86,7.41,21.11,82.11,Good
STU001805,Aditya Joshi,AI & DS,B.Tech,4,7,A,22,72.64,73.11,35.31,64.8,73.57,7.57,15.33,82.11,Average
STU001806,Akash Mishra,Civil,M.Tech,1,2,D,24,85.13,72.05,29.26,60.23,69.31,8.53,20.07,77.89,Average
STU001807,Meera Joshi,AI & DS,B.Tech,3,5,D,22,78.02,64.31,33.39,66.32,82.81,7.42,22.3,81.8,Good
STU001808,Nikhil Shah,Civil,B.Tech,3,5,B,20,85.88,70.25,32.17,61.7,78.94,6.98,20.04,81.89,Good
STU001809,Aditya Verma,EEE,B.Tech,4,7,A,21,72.89,55.67,24.73,41.36,51.8,6.86,16.69,66.69,At Risk
STU001810,Bhavya Menon,EEE,B.Tech,4,7,B,21,90.54,75.05,26.49,63.43,81.73,7.55,23.44,86.25,Good
STU001811,Aarav Singh,ECE,B.Tech,2,3,C,21,86.17,71.04,36.46,55.82,81.2,8.93,21.56,82.52,Good
STU001812,Rahul Kumar,EEE,B.Tech,4,7,A,23,77.48,73.12,32.72,62.39,70.43,7.4,22.33,85.48,Good
STU001813,Kavya Mehta,AI & DS,B.Tech,3,6,A,22,94.22,85.43,41.58,62.84,80.62,7.71,27.07,92.38,Good
STU001814,Riya Sharma,EEE,B.Tech,4,7,B,22,63.5,78.57,26.94,69.44,68.47,8.21,21.57,68.93,At Risk
STU001815,Ishaan Iyer,AI & DS,B.Tech,2,3,A,20,72.55,74.66,37.64,66.84,92.01,8.72,23.28,80.62,Average
STU001816,Ananya Iyer,IT,B.Tech,1,1,A,20,83.18,76.44,34.25,62.07,81.47,8.36,18.94,85.08,Good
STU001817,Rohan Verma,CSE,B.Tech,1,2,D,19,69.6,77.07,32.1,69.79,87.2,8.91,26.05,80.75,Average
STU001818,Varun Singh,AI & DS,M.Tech,1,2,B,22,87.88,73.74,33.5,65.8,71.71,7.26,25.29,86.21,Good
STU001819,Akash Das,Mechanical,B.Tech,4,7,C,21,79.07,74.21,28.28,46.22,66.95,7.8,15.44,73.17,Average
STU001820,Shreya Pillai,EEE,B.Tech,1,1,C,18,90.14,80.61,40.29,62.28,77.95,8.15,21.34,92.01,Good
STU001821,Ananya Verma,CSE,B.Tech,4,7,A,23,76.71,53.9,29.14,57.16,59.13,6.98,20.23,72.16,Average
STU001822,Bhavya Iyer,IT,B.Tech,3,6,A,21,71.07,67.26,27.17,61.8,77.81,7.11,16.51,62.38,Average
STU001823,Isha Shah,EEE,B.Tech,3,6,A,21,80.88,81.6,31.96,62.0,72.33,7.94,27.96,89.62,Good
STU001824,Sneha Mehta,AI & DS,B.Tech,1,2,A,20,91.46,75.27,33.31,75.58,79.35,8.32,22.84,75.33,Good
STU001825,Bhavya Verma,AI & DS,B.Tech,1,2,B,19,83.2,77.99,36.65,58.79,88.81,8.4,23.6,71.95,Excellent
STU001826,Nikhil Sharma,CSE,B.Tech,1,2,A,18,77.68,73.98,34.52,73.0,76.25,8.34,22.33,89.83,Good
STU001827,Meera Krishnan,Mechanical,B.Tech,3,5,D,20,83.81,73.8,39.08,64.32,68.64,7.84,26.24,75.42,Average
STU001828,Tanvi Mehta,ECE,B.Tech,4,7,A,22,98.64,67.69,29.76,53.82,72.13,8.14,21.1,78.84,Good
STU001829,Ananya Sharma,IT,B.Tech,4,7,A,21,82.39,85.7,34.68,77.95,80.88,8.6,24.82,78.6,Good
STU001830,Karan Mishra,Mechanical,B.Tech,4,8,D,22,76.94,74.5,29.91,57.18,71.76,7.93,23.23,74.83,Good
STU001831,Vikram Krishnan,IT,B.Tech,2,3,B,21,95.72,81.53,34.17,74.97,77.78,8.14,22.62,81.04,Good
STU001832,Tanvi Bose,EEE,B.Tech,4,8,B,22,75.02,64.61,29.83,60.69,81.4,8.21,17.73,69.03,Good
STU001833,Rahul Bose,EEE,B.Tech,2,3,C,19,95.42,76.11,34.39,69.12,74.88,7.33,22.1,66.8,Good
STU001834,Nikhil Krishnan,AI & DS,B.Tech,4,8,D,22,90.98,74.66,33.37,58.73,69.31,7.91,21.88,81.87,Average
STU001835,Sai Iyer,AI & DS,B.Tech,2,4,C,20,88.66,75.02,35.0,58.66,69.45,8.0,20.55,79.49,Average
STU001836,Rohan Sharma,IT,B.Tech,1,2,D,20,81.91,59.52,32.07,43.59,51.3,7.05,13.37,67.89,At Risk
STU001837,Karan Kumar,AI & DS,B.Tech,4,8,B,21,86.99,71.86,33.88,58.93,57.55,7.67,17.8,74.37,Average
STU001838,Riya Nair,EEE,B.Tech,2,4,A,20,69.97,80.13,36.72,60.7,81.53,8.75,15.01,68.55,Average
STU001839,Aryan Sharma,IT,B.Tech,2,3,C,21,80.19,71.95,41.44,72.65,98.72,8.32,17.35,73.3,Excellent
STU001840,Meera Shah,IT,B.Tech,2,4,D,19,74.65,70.97,40.02,70.44,79.61,8.84,17.98,68.84,Average
STU001841,Yash Krishnan,AI & DS,M.Tech,1,2,B,22,74.28,78.79,37.22,62.11,79.9,8.44,22.93,74.82,Average
STU001842,Krishna Kumar,ECE,B.Tech,2,4,C,19,77.25,66.57,30.66,51.85,70.43,8.1,14.85,73.18,Good
STU001843,Vikram Bose,AI & DS,B.Tech,1,1,A,19,83.42,81.0,38.84,68.35,86.82,8.26,21.78,74.94,Excellent
STU001844,Zoya Krishnan,AI & DS,B.Tech,4,8,B,23,81.22,66.6,29.09,61.38,67.48,7.28,22.11,68.28,Average
STU001845,Vikram Menon,IT,B.Tech,4,7,D,22,74.37,83.17,42.29,66.46,81.46,8.66,23.2,70.3,Average
STU001846,Nisha Iyer,CSE,B.Tech,2,4,C,20,94.53,84.94,39.99,59.86,82.54,7.86,25.46,75.74,Good
STU001847,Aryan Krishnan,ECE,B.Tech,1,1,D,20,74.05,67.22,33.81,61.63,76.49,8.66,18.87,62.07,Average
STU001848,Riya Shah,EEE,B.Tech,4,8,C,21,69.09,74.76,34.53,75.76,81.63,7.86,16.46,68.09,Average
STU001849,Riya Gupta,IT,B.Tech,1,1,A,20,90.73,67.51,37.47,61.65,61.35,7.64,18.84,77.79,Average
STU001850,Aryan Patel,AI & DS,B.Tech,1,1,D,20,90.11,70.68,27.99,58.38,64.14,6.88,21.19,74.36,Average
STU001851,Aarav Gupta,Mechanical,B.Tech,2,4,A,20,85.37,70.77,35.74,54.86,75.52,6.82,18.48,68.68,Good
STU001852,Surya Mishra,CSE,B.Tech,3,5,D,21,72.35,74.59,42.6,60.8,77.18,8.51,22.14,82.55,Average
STU001853,Shreya Shah,CSE,B.Tech,1,1,A,19,81.7,74.96,33.74,65.9,81.12,7.84,22.6,83.2,Good
STU001854,Ishaan Gupta,Mechanical,B.Tech,4,7,A,23,75.64,75.0,30.97,56.32,65.4,8.72,19.92,84.82,Average
STU001855,Nikhil Joshi,ECE,B.Tech,3,5,C,20,86.03,73.41,32.6,66.33,77.2,8.67,18.44,77.17,Good
STU001856,Shreya Mishra,Mechanical,B.Tech,1,2,D,18,81.45,71.96,30.94,62.29,67.84,7.92,20.68,80.8,Average
STU001857,Aditi Nair,AI & DS,M.Tech,2,4,B,26,94.47,72.44,33.68,50.0,60.53,7.52,22.94,86.87,Average
STU001858,Varun Singh,CSE,B.Tech,1,2,D,20,78.85,66.57,30.15,56.01,62.16,7.9,16.95,73.44,Average
STU001859,Ishaan Shah,Mechanical,B.Tech,2,3,B,21,90.41,73.89,29.87,60.16,69.75,8.13,25.13,79.12,Average
STU001860,Rahul Patel,Civil,B.Tech,3,5,B,21,86.86,63.36,25.57,57.55,65.14,7.79,19.12,82.34,Average
STU001861,Rohan Sharma,CSE,B.Tech,2,3,C,21,84.41,55.33,24.25,56.56,69.73,6.71,17.77,64.88,Average
STU001862,Yash Mishra,IT,B.Tech,1,1,A,20,74.51,61.72,25.94,53.95,63.27,6.99,15.51,70.76,Average
STU001863,Diya Das,ECE,B.Tech,3,5,B,21,91.01,86.17,33.62,64.29,86.36,8.36,21.21,79.88,Excellent
STU001864,Nikhil Sharma,AI & DS,B.Tech,2,3,B,20,78.03,64.99,36.49,63.1,73.08,7.19,14.95,60.54,Good
STU001865,Vikram Sharma,ECE,B.Tech,3,5,B,22,83.76,73.46,33.53,66.78,63.15,7.87,19.53,67.2,Average
STU001866,Rahul Singh,ECE,B.Tech,2,3,A,21,79.23,80.17,36.3,62.57,53.78,8.19,21.36,71.94,At Risk
STU001867,Rahul Chatterjee,Mechanical,B.Tech,3,5,D,20,89.14,63.87,30.19,54.04,69.13,7.51,17.89,79.46,Average
STU001868,Manish Nair,Mechanical,B.Tech,3,5,A,22,95.21,82.52,33.57,65.75,80.82,8.13,21.09,78.75,Good
STU001869,Nisha Patel,Civil,M.Tech,2,4,B,24,74.32,58.61,33.67,55.4,53.6,8.4,14.9,72.02,At Risk
STU001870,Isha Patel,AI & DS,M.Tech,2,3,A,23,90.95,83.9,35.24,70.5,71.71,7.0,22.93,80.2,Good
STU001871,Vikram Kumar,ECE,B.Tech,3,5,B,20,81.72,65.98,32.97,55.57,73.87,6.74,23.45,79.48,Good
STU001872,Kavya Gupta,Mechanical,B.Tech,4,8,D,23,74.35,69.19,35.91,64.92,71.25,9.0,22.0,69.19,Average
STU001873,Vikram Singh,IT,B.Tech,4,7,B,22,80.11,75.36,38.33,62.34,72.97,8.46,18.7,75.3,Good
STU001874,Rahul Pillai,CSE,B.Tech,3,6,B,21,78.65,68.4,34.96,77.57,70.14,8.74,14.11,73.56,Good
STU001875,Yash Reddy,AI & DS,B.Tech,2,3,C,21,63.48,63.17,28.55,53.28,61.49,7.25,14.38,69.96,At Risk
STU001876,Vikram Joshi,Civil,M.Tech,1,1,B,24,92.36,77.22,40.74,70.81,63.05,7.8,22.48,84.91,Average
STU001877,Nisha Iyer,CSE,B.Tech,1,2,B,18,82.39,75.95,35.25,77.06,87.71,8.62,22.54,80.85,Excellent
STU001878,Rohan Patel,IT,M.Tech,1,1,D,25,71.92,71.99,31.56,54.46,64.68,7.78,16.04,63.31,Average
STU001879,Aditya Rao,AI & DS,B.Tech,4,8,D,21,64.16,79.36,36.24,59.02,80.3,7.32,23.71,73.95,At Risk
STU001880,Tanvi Mehta,Civil,M.Tech,2,3,C,23,70.38,70.86,32.93,61.01,71.46,7.67,20.9,61.63,Average
STU001881,Arjun Pillai,ECE,M.Tech,2,3,C,25,71.15,60.36,30.68,62.14,64.31,7.67,21.1,80.67,Average
STU001882,Ishaan Gupta,ECE,B.Tech,4,7,D,21,82.47,72.2,30.36,59.7,64.87,8.13,24.37,73.13,Average
STU001883,Tanvi Bose,IT,M.Tech,2,4,D,25,73.2,76.77,32.16,66.53,70.47,7.84,19.8,83.86,Average
STU001884,Rohan Das,CSE,B.Tech,2,4,B,20,95.88,83.92,39.81,73.48,87.75,8.86,23.03,66.73,Excellent
STU001885,Zoya Krishnan,EEE,B.Tech,3,6,B,21,92.93,80.39,31.05,73.22,76.58,7.9,25.31,81.88,Good
STU001886,Nisha Chatterjee,CSE,B.Tech,1,2,B,18,81.32,69.3,33.74,57.07,71.34,8.71,13.07,68.82,Good
STU001887,Nisha Bose,IT,B.Tech,4,7,D,21,65.75,74.51,31.82,47.52,78.01,8.42,19.48,77.18,Average
STU001888,Sai Mishra,CSE,B.Tech,4,7,B,22,86.81,59.43,30.84,46.94,70.39,7.32,18.59,73.08,Good
STU001889,Manish Reddy,Mechanical,B.Tech,1,1,C,19,76.48,72.22,37.08,59.96,75.14,8.32,20.55,61.67,Good
STU001890,Isha Iyer,AI & DS,B.Tech,4,8,B,22,79.52,65.11,30.29,66.02,57.15,8.11,21.47,74.55,Average
STU001891,Yash Reddy,AI & DS,B.Tech,1,1,A,20,88.9,77.98,41.7,57.77,86.03,8.14,26.16,74.3,Excellent
STU001892,Rahul Joshi,AI & DS,B.Tech,3,6,D,22,62.81,58.56,27.0,50.13,72.2,8.14,19.22,64.9,At Risk
STU001893,Diya Bose,ECE,B.Tech,4,7,D,22,67.9,73.16,35.35,60.25,63.03,8.22,16.29,73.53,Average
STU001894,Nisha Nair,ECE,B.Tech,3,6,D,20,73.47,52.66,29.86,55.41,67.29,7.37,19.63,74.96,Average
STU001895,Surya Shah,CSE,B.Tech,3,6,B,21,63.56,64.35,30.74,56.82,60.2,7.66,16.95,66.32,At Risk
STU001896,Nikhil Sharma,CSE,B.Tech,2,4,B,20,83.29,72.85,29.26,63.28,73.72,7.47,9.85,73.03,Good
STU001897,Vikram Pillai,ECE,B.Tech,3,5,D,22,77.24,72.72,36.31,59.92,73.88,7.81,23.71,80.22,Good
STU001898,Sai Krishnan,CSE,B.Tech,4,8,D,23,71.92,63.35,26.65,64.61,92.68,7.94,22.92,75.82,Average
STU001899,Rahul Mishra,ECE,B.Tech,4,8,D,22,88.7,80.96,36.61,68.43,87.57,7.79,16.91,73.89,Excellent
STU001900,Arjun Sharma,ECE,M.Tech,1,1,B,24,78.87,54.78,28.3,39.2,45.26,7.59,19.02,73.69,At Risk
STU001901,Sanjay Reddy,CSE,M.Tech,2,4,C,23,80.94,72.72,36.61,74.57,86.53,8.87,14.51,84.76,Excellent
STU001902,Sai Patel,EEE,B.Tech,3,5,C,20,79.9,71.18,36.1,68.44,67.19,7.93,19.2,70.62,Average
STU001903,Ananya Gupta,ECE,B.Tech,2,3,C,19,94.03,71.69,40.24,66.86,62.93,8.05,23.67,85.29,Average
STU001904,Vikram Sharma,IT,B.Tech,3,5,C,20,72.61,76.97,37.6,76.14,82.76,9.34,22.7,71.11,Average
STU001905,Zoya Mishra,CSE,B.Tech,3,6,A,20,84.52,73.27,32.42,74.63,71.47,7.33,21.42,83.58,Good
STU001906,Karan Mehta,EEE,B.Tech,4,7,C,22,86.4,67.96,39.37,59.67,87.92,8.13,23.24,74.21,Excellent
STU001907,Manish Singh,ECE,B.Tech,2,4,B,21,83.89,68.48,32.02,66.53,60.54,7.56,14.54,71.58,Average
STU001908,Varun Iyer,EEE,B.Tech,4,7,B,23,82.09,81.3,34.65,69.14,80.29,8.14,19.67,67.35,Good
STU001909,Karan Menon,Mechanical,B.Tech,4,7,B,23,79.99,69.31,34.79,67.71,76.04,7.12,22.82,71.42,Good
STU001910,Surya Bose,CSE,M.Tech,2,3,A,23,85.73,77.42,38.6,75.38,91.7,8.23,24.55,73.23,Excellent
STU001911,Varun Krishnan,CSE,B.Tech,1,2,B,19,90.24,73.08,36.61,61.46,80.23,7.66,27.25,90.52,Good
STU001912,Yash Das,AI & DS,B.Tech,1,2,C,18,78.42,75.47,33.81,61.86,65.15,7.14,18.1,72.3,Average
STU001913,Shreya Joshi,IT,B.Tech,3,5,D,20,87.27,75.68,37.34,72.08,85.26,8.85,23.22,88.27,Excellent
STU001914,Aryan Mishra,EEE,M.Tech,2,3,C,23,82.91,82.29,33.74,67.56,67.75,7.92,24.53,83.48,Average
STU001915,Sneha Gupta,AI & DS,B.Tech,3,5,D,22,98.01,72.75,36.04,62.76,69.79,8.78,24.62,74.52,Average
STU001916,Diya Singh,ECE,B.Tech,1,2,B,20,86.09,79.29,35.42,72.79,75.73,7.91,29.98,92.45,Good
STU001917,Bhavya Sharma,ECE,B.Tech,3,6,B,21,70.28,78.18,39.14,72.17,86.91,8.81,22.24,75.16,Average
STU001918,Nikhil Sharma,EEE,B.Tech,2,3,B,21,75.54,72.37,31.69,57.19,71.51,7.71,19.47,63.24,Good
STU001919,Varun Pillai,ECE,B.Tech,3,6,A,22,71.61,68.87,37.76,82.1,81.84,8.9,18.66,65.08,Average
STU001920,Sai Sharma,CSE,B.Tech,4,7,C,22,72.64,65.91,35.45,47.52,66.06,8.61,17.16,63.68,Average
STU001921,Isha Mishra,ECE,B.Tech,2,3,D,21,85.42,81.66,31.72,65.16,89.71,8.33,26.2,78.22,Excellent
STU001922,Aditya Joshi,AI & DS,M.Tech,2,4,A,26,73.67,72.82,39.47,58.53,75.56,8.26,24.03,66.32,Average
STU001923,Isha Gupta,CSE,M.Tech,2,4,D,23,77.43,69.87,27.89,73.98,74.01,7.62,19.81,62.69,Good
STU001924,Meera Iyer,IT,B.Tech,3,6,C,20,89.63,84.45,41.58,70.47,84.05,8.42,23.06,82.17,Good
STU001925,Aarav Reddy,ECE,B.Tech,1,1,B,20,92.91,67.37,33.93,68.67,74.23,8.13,23.96,69.86,Good
STU001926,Sneha Kumar,Mechanical,B.Tech,2,4,D,19,82.39,78.34,36.32,70.64,79.9,7.96,24.27,78.28,Good
STU001927,Meera Iyer,Mechanical,B.Tech,1,2,B,18,75.76,72.75,30.63,61.07,71.82,8.16,23.71,75.56,Good
STU001928,Krishna Menon,Mechanical,B.Tech,3,5,A,22,91.74,79.39,34.79,57.48,90.25,8.46,23.6,76.68,Excellent
STU001929,Varun Sharma,IT,B.Tech,2,3,D,19,85.38,97.54,46.27,87.32,95.58,8.26,29.48,93.65,Excellent
STU001930,Bhavya Menon,CSE,B.Tech,2,4,A,20,95.74,79.97,36.47,63.11,72.37,8.91,21.65,80.11,Good
STU001931,Isha Joshi,Civil,B.Tech,4,8,C,21,77.77,75.0,32.34,73.25,88.07,8.48,20.7,71.85,Good
STU001932,Arjun Mehta,CSE,B.Tech,2,4,A,19,69.07,81.65,42.51,69.49,80.25,8.06,25.01,76.29,Average
STU001933,Aditi Menon,ECE,B.Tech,4,7,D,23,63.26,73.93,29.06,55.87,70.21,8.27,15.79,67.18,At Risk
STU001934,Aditi Das,CSE,B.Tech,3,6,C,21,87.03,78.21,34.59,79.78,87.59,7.99,29.87,89.16,Excellent
STU001935,Manish Sharma,AI & DS,B.Tech,3,5,C,20,74.76,68.32,30.3,68.6,70.38,8.33,23.91,75.52,Average
STU001936,Karan Bose,EEE,B.Tech,3,6,B,21,88.85,63.03,25.18,62.75,81.98,8.23,24.02,84.98,Good
STU001937,Aditya Joshi,CSE,B.Tech,2,4,C,19,100,85.81,36.55,81.23,91.23,8.68,24.77,87.17,Excellent
STU001938,Varun Bose,CSE,B.Tech,4,7,A,21,70.31,65.62,31.56,50.24,69.07,8.16,12.9,67.16,Average
STU001939,Meera Krishnan,ECE,B.Tech,4,8,A,23,82.05,87.38,39.32,69.91,81.49,8.63,20.92,90.85,Good
STU001940,Sneha Sharma,IT,B.Tech,1,2,C,18,70.05,80.7,32.85,64.23,80.67,7.42,22.49,74.52,Average
STU001941,Sai Singh,CSE,B.Tech,2,4,D,20,69.5,72.74,34.25,62.33,71.4,8.64,18.25,77.7,Average
STU001942,Meera Joshi,AI & DS,B.Tech,2,3,B,20,77.07,72.36,29.64,57.56,71.02,8.22,25.56,83.49,Good
STU001943,Sneha Shah,Mechanical,B.Tech,4,8,B,23,85.26,74.68,34.82,67.12,70.68,7.78,18.64,81.42,Good
STU001944,Surya Das,CSE,B.Tech,3,5,C,21,82.45,78.77,31.8,65.58,67.26,7.9,28.08,91.57,Average
STU001945,Meera Gupta,ECE,B.Tech,2,3,C,19,92.98,77.84,38.92,77.27,89.24,9.07,16.19,70.01,Excellent
STU001946,Krishna Kumar,Mechanical,B.Tech,2,4,D,20,83.32,61.28,35.26,54.01,66.58,7.7,16.86,70.58,Average
STU001947,Nikhil Bose,AI & DS,B.Tech,3,5,C,21,75.79,71.1,35.45,69.45,77.17,8.55,17.76,77.16,Good
STU001948,Isha Chatterjee,AI & DS,M.Tech,2,3,B,25,82.17,71.01,36.04,68.03,77.8,7.29,18.64,81.17,Good
STU001949,Zoya Joshi,CSE,M.Tech,2,3,B,26,92.15,81.12,41.17,71.93,87.93,8.23,23.74,62.05,Excellent
STU001950,Meera Patel,Mechanical,B.Tech,1,1,A,18,84.89,68.88,34.46,62.34,79.01,8.55,24.17,77.99,Good
STU001951,Shreya Menon,AI & DS,B.Tech,2,3,B,20,75.29,81.97,33.73,56.67,71.69,7.78,21.17,77.89,Good
STU001952,Rahul Chatterjee,AI & DS,B.Tech,1,1,D,20,80.22,80.77,34.04,68.75,86.86,8.3,18.83,71.74,Excellent
STU001953,Kavya Reddy,CSE,B.Tech,1,1,A,20,74.36,76.2,33.86,64.95,74.51,8.6,23.66,76.89,Average
STU001954,Sneha Reddy,ECE,B.Tech,3,6,D,20,100,88.12,38.53,75.55,88.07,8.02,23.81,88.82,Excellent
STU001955,Ananya Rao,AI & DS,B.Tech,3,6,A,21,79.61,62.2,36.24,71.84,89.07,8.29,14.94,62.03,Good
STU001956,Riya Chatterjee,CSE,B.Tech,2,3,A,20,85.56,81.22,37.76,56.66,69.2,7.46,19.85,61.28,Average
STU001957,Yash Chatterjee,Mechanical,B.Tech,4,7,D,23,77.29,66.79,32.16,56.96,75.91,7.88,16.09,64.25,Good
STU001958,Manish Bose,EEE,B.Tech,2,3,D,20,72.96,75.76,32.08,64.31,88.26,8.16,21.1,72.08,Average
STU001959,Sneha Sharma,CSE,B.Tech,4,8,C,21,71.95,65.7,31.55,58.24,76.19,7.15,12.88,68.23,Average
STU001960,Nisha Joshi,IT,B.Tech,1,2,A,18,73.05,78.9,37.17,80.98,83.18,7.69,25.23,85.6,Average
STU001961,Surya Joshi,EEE,B.Tech,3,6,D,21,75.19,67.45,27.63,65.73,70.73,7.93,18.1,77.79,Good
STU001962,Akash Reddy,Mechanical,B.Tech,2,3,C,20,86.98,68.88,27.73,51.48,75.62,7.73,19.03,62.75,Good
STU001963,Akash Nair,EEE,B.Tech,2,4,B,20,72.83,62.61,27.29,52.97,75.7,7.72,9.41,71.56,Average
STU001964,Riya Singh,CSE,B.Tech,3,5,D,20,77.37,75.48,39.96,68.74,71.67,8.42,19.01,63.29,Good
STU001965,Ishaan Sharma,Civil,B.Tech,1,2,D,20,85.61,69.38,33.42,61.75,80.11,7.96,24.06,78.83,Good
STU001966,Krishna Pillai,AI & DS,B.Tech,3,5,A,20,68.01,79.85,25.67,59.81,64.33,7.05,20.17,69.56,Average
STU001967,Meera Shah,CSE,B.Tech,1,1,D,18,80.61,78.08,33.9,75.6,84.93,8.93,21.49,75.72,Good
STU001968,Surya Mishra,EEE,B.Tech,1,2,A,20,68.46,68.7,34.9,57.83,64.28,7.85,18.57,62.6,Average
STU001969,Bhavya Chatterjee,Mechanical,B.Tech,4,7,D,22,76.53,65.44,32.67,61.05,67.55,6.68,27.58,77.95,Average
STU001970,Meera Kumar,AI & DS,B.Tech,3,6,A,21,79.33,78.23,31.76,66.29,72.61,7.81,23.03,80.27,Good
STU001971,Aarav Mehta,EEE,B.Tech,2,3,A,21,87.85,74.06,33.75,71.66,85.3,7.46,28.31,81.87,Excellent
STU001972,Diya Das,ECE,B.Tech,3,6,C,22,100,78.56,33.95,63.65,95.86,7.61,23.86,75.74,Excellent
STU001973,Sanjay Pillai,Mechanical,B.Tech,4,8,B,21,84.54,68.0,31.48,60.28,58.32,7.08,18.32,71.72,Average
STU001974,Sai Reddy,EEE,B.Tech,1,2,B,19,86.6,67.38,27.51,66.16,63.37,7.59,15.84,77.01,Average
STU001975,Rahul Nair,AI & DS,B.Tech,1,1,D,19,73.89,69.6,31.8,66.79,74.22,7.69,21.55,74.29,Average
STU001976,Rahul Mehta,IT,B.Tech,4,7,C,23,74.6,67.16,30.08,73.83,76.5,7.92,23.09,73.11,Average
STU001977,Aditya Mishra,ECE,B.Tech,2,3,B,20,76.72,74.4,35.85,56.4,63.16,8.61,13.02,58.11,Average
STU001978,Yash Verma,AI & DS,B.Tech,4,8,B,23,72.01,77.46,30.1,62.71,78.62,8.04,21.47,76.89,Average
STU001979,Sneha Pillai,Civil,B.Tech,3,6,B,22,79.81,78.42,38.64,79.65,85.16,8.37,15.52,68.08,Good
STU001980,Meera Mehta,IT,B.Tech,3,5,C,20,65.83,83.67,27.58,57.23,67.99,6.94,25.42,84.95,Average
STU001981,Ishaan Joshi,AI & DS,B.Tech,3,5,A,21,71.31,71.01,34.31,73.07,63.73,8.16,18.83,68.37,Average
STU001982,Surya Kumar,AI & DS,B.Tech,2,4,D,19,83.37,69.85,38.01,64.39,83.92,8.24,17.61,66.36,Good
STU001983,Nikhil Nair,CSE,B.Tech,2,4,B,20,94.7,70.32,36.32,57.72,69.68,7.72,18.09,63.67,Average
STU001984,Vikram Sharma,CSE,M.Tech,1,1,D,24,75.72,59.42,26.67,48.86,61.84,7.99,18.86,71.03,Average
STU001985,Pooja Menon,Civil,B.Tech,3,6,A,21,76.41,69.71,30.08,57.42,72.54,7.94,24.34,80.7,Good
STU001986,Rahul Mehta,Mechanical,B.Tech,1,2,A,19,72.59,77.5,33.3,59.85,75.68,8.39,23.47,69.6,Average
STU001987,Rohan Pillai,CSE,B.Tech,2,4,D,20,96.99,71.32,36.09,60.54,84.83,8.25,21.4,79.76,Good
STU001988,Aditi Kumar,Mechanical,B.Tech,2,4,C,21,95.46,81.95,41.3,58.21,80.24,8.02,23.36,89.75,Good
STU001989,Zoya Chatterjee,EEE,B.Tech,4,8,C,22,85.74,61.39,30.05,62.4,84.44,7.38,19.4,72.88,Good
STU001990,Rohan Shah,CSE,B.Tech,3,6,D,20,86.73,66.84,27.55,66.35,77.73,7.49,18.21,80.84,Good
STU001991,Pooja Krishnan,ECE,B.Tech,3,6,B,22,83.38,81.39,34.92,76.77,93.08,8.13,22.61,75.95,Excellent
STU001992,Surya Joshi,EEE,B.Tech,2,4,B,21,69.09,74.72,39.57,73.36,93.77,8.8,20.16,68.18,Average
STU001993,Nikhil Bose,ECE,B.Tech,2,4,D,19,94.27,90.07,39.95,75.27,89.21,8.13,25.46,78.8,Excellent
STU001994,Aditya Bose,Mechanical,B.Tech,3,5,D,21,79.88,69.6,36.07,67.31,77.5,8.58,15.44,56.52,Good
STU001995,Aarav Iyer,Civil,B.Tech,3,5,D,22,91.37,64.44,37.69,59.43,69.13,7.94,25.19,73.54,Average
STU001996,Diya Sharma,EEE,B.Tech,2,3,D,19,92.0,54.55,28.24,60.49,68.65,7.47,24.4,80.65,Average
STU001997,Pooja Gupta,IT,M.Tech,1,2,B,22,63.37,72.25,40.25,78.31,91.63,8.39,20.51,80.35,At Risk
STU001998,Surya Mishra,ECE,M.Tech,2,3,D,26,75.28,75.55,41.95,78.12,70.46,7.84,19.62,84.45,Good
STU001999,Meera Patel,ECE,B.Tech,4,7,B,21,82.01,85.64,36.59,63.01,70.95,7.69,19.9,72.85,Good
STU002000,Akash Patel,Mechanical,B.Tech,4,8,B,21,96.66,68.52,32.69,71.86,71.04,7.87,28.49,96.2,Good
STU002001,Aditya Das,EEE,B.Tech,3,6,C,20,84.89,71.97,32.68,68.1,73.13,7.06,20.95,77.45,Good
STU002002,Nisha Iyer,CSE,B.Tech,3,5,D,21,74.39,77.79,35.02,56.05,68.56,7.93,16.56,84.58,Average
STU002003,Ananya Iyer,CSE,B.Tech,3,5,A,21,74.73,67.54,31.19,62.89,65.63,7.78,21.11,86.59,Average
STU002004,Aditya Singh,CSE,M.Tech,1,2,C,24,76.76,74.35,37.18,59.36,65.36,7.81,25.12,85.35,Average
STU002005,Rahul Sharma,Mechanical,B.Tech,4,7,D,22,83.67,80.19,32.97,68.98,62.1,7.44,16.52,68.76,Average
STU002006,Varun Sharma,EEE,B.Tech,4,8,D,23,90.77,73.97,38.56,60.35,71.23,7.78,23.55,85.16,Good
STU002007,Rohan Das,CSE,B.Tech,2,4,D,19,93.18,85.25,39.01,69.65,87.03,8.0,24.05,90.43,Excellent
STU002008,Varun Verma,Civil,B.Tech,4,7,B,21,71.4,80.19,37.39,80.71,98.95,8.78,18.13,70.31,Average
STU002009,Shreya Verma,Civil,B.Tech,3,6,A,20,91.71,78.97,39.9,52.25,76.7,7.45,22.86,85.23,Good
STU002010,Rahul Rao,AI & DS,B.Tech,1,2,C,19,86.45,64.7,34.34,58.36,60.37,8.29,18.12,77.6,Average
STU002011,Tanvi Mishra,Mechanical,M.Tech,1,1,D,23,75.23,70.38,28.72,55.72,65.36,7.34,15.65,67.24,Average
STU002012,Kavya Pillai,IT,B.Tech,3,6,D,21,75.46,66.87,23.92,41.25,58.35,7.31,21.94,81.95,Average
STU002013,Meera Kumar,Mechanical,M.Tech,1,1,C,25,72.08,65.22,28.62,67.08,67.36,7.35,20.06,73.03,Average
STU002014,Diya Mehta,Mechanical,B.Tech,2,3,C,21,81.6,79.37,40.14,59.0,76.71,7.95,25.29,94.96,Good
STU002015,Vikram Gupta,CSE,B.Tech,2,4,B,20,77.15,71.35,29.97,51.62,58.34,7.24,16.81,76.47,Average
STU002016,Kavya Iyer,ECE,B.Tech,2,4,D,21,70.81,85.53,33.59,74.45,87.8,7.68,30.25,79.84,Average
STU002017,Nikhil Iyer,Civil,B.Tech,3,6,B,22,94.5,86.42,39.54,68.08,93.25,8.93,24.3,76.54,Excellent
STU002018,Sneha Singh,IT,B.Tech,3,5,A,21,86.7,84.55,40.04,73.06,83.46,7.82,24.83,63.21,Good
STU002019,Tanvi Nair,CSE,M.Tech,1,2,D,25,96.57,78.21,29.4,67.25,82.04,8.18,24.06,84.0,Good
STU002020,Karan Kumar,CSE,B.Tech,3,6,D,22,83.45,76.22,38.67,66.07,69.82,8.48,22.34,90.06,Average
STU002021,Isha Mehta,CSE,B.Tech,3,5,C,20,89.86,70.66,30.62,52.12,65.64,7.08,20.68,81.81,Average
STU002022,Nikhil Singh,IT,B.Tech,1,2,D,18,87.61,64.64,31.32,42.41,78.62,8.08,19.49,72.68,Good
STU002023,Aarav Krishnan,Civil,B.Tech,2,4,A,19,81.98,69.56,38.09,60.01,76.24,7.55,23.17,73.36,Good
STU002024,Akash Menon,EEE,B.Tech,4,8,C,21,82.95,71.08,43.37,72.39,83.79,8.18,21.16,82.39,Good
STU002025,Rahul Gupta,Civil,B.Tech,3,5,A,22,65.4,73.77,35.08,49.69,74.29,7.39,17.22,67.65,Average
STU002026,Krishna Pillai,CSE,B.Tech,4,7,C,23,86.44,64.88,37.29,65.77,68.13,8.57,20.59,81.93,Average
STU002027,Aditi Shah,EEE,B.Tech,3,6,A,21,77.48,77.27,35.64,55.48,55.56,8.61,18.7,75.52,Average
STU002028,Isha Rao,ECE,B.Tech,3,6,B,20,74.73,71.89,32.83,53.86,66.94,8.45,20.29,63.72,Average
STU002029,Isha Shah,Mechanical,B.Tech,2,4,A,19,91.58,74.8,34.95,60.5,71.5,8.21,24.29,80.42,Good
STU002030,Isha Joshi,EEE,B.Tech,1,1,D,18,60.91,65.15,30.02,60.18,86.42,8.36,18.41,55.82,At Risk
STU002031,Manish Mishra,CSE,B.Tech,4,7,D,23,78.06,75.33,28.7,75.64,76.76,8.21,20.11,67.19,Good
STU002032,Aditya Pillai,EEE,B.Tech,2,3,C,19,74.45,78.12,36.38,57.78,61.73,7.96,21.35,76.01,Average
STU002033,Nikhil Rao,AI & DS,B.Tech,1,1,D,20,61.34,65.5,31.27,61.64,68.92,8.17,19.66,63.79,At Risk
STU002034,Sneha Verma,AI & DS,B.Tech,2,4,A,21,90.95,66.23,34.19,67.06,63.87,7.55,25.72,77.2,Average
STU002035,Aryan Nair,Mechanical,B.Tech,2,3,C,20,77.66,71.21,32.67,63.27,62.99,8.12,18.32,76.32,Average
STU002036,Sanjay Iyer,CSE,B.Tech,1,2,B,19,63.08,68.09,30.88,60.56,72.98,7.88,19.45,69.1,At Risk
STU002037,Ananya Das,ECE,B.Tech,3,5,C,21,87.42,82.94,37.73,77.89,94.01,8.15,26.64,86.03,Excellent
STU002038,Sai Singh,AI & DS,B.Tech,1,2,B,19,83.94,63.99,28.24,63.87,61.61,7.69,25.12,71.29,Average
STU002039,Rahul Das,EEE,B.Tech,4,8,C,23,87.64,79.92,36.61,63.03,71.27,7.66,22.84,92.39,Good
STU002040,Shreya Verma,IT,B.Tech,4,8,D,23,98.4,68.02,35.13,57.79,83.47,8.09,13.32,80.92,Good
STU002041,Aditi Rao,EEE,M.Tech,1,1,A,22,75.97,58.88,28.56,47.09,56.5,7.64,20.22,78.33,Average
STU002042,Ananya Shah,Civil,B.Tech,4,7,C,22,84.42,60.59,33.07,55.32,71.92,8.63,15.64,63.25,Good
STU002043,Bhavya Nair,IT,B.Tech,1,1,D,19,93.57,69.13,44.1,73.97,75.45,8.04,24.4,83.57,Good
STU002044,Ananya Chatterjee,AI & DS,B.Tech,2,4,B,21,75.44,79.35,33.11,70.83,76.88,8.85,22.98,62.2,Good
STU002045,Bhavya Pillai,Civil,B.Tech,3,6,C,22,68.85,68.06,29.13,54.23,69.67,7.53,20.81,68.26,Average
STU002046,Aditya Das,AI & DS,B.Tech,4,8,A,22,84.53,68.92,30.72,67.98,74.04,7.48,25.43,74.82,Good
STU002047,Rohan Rao,AI & DS,B.Tech,2,4,D,19,78.28,70.79,31.87,63.01,63.99,6.41,27.4,82.16,Average
STU002048,Nisha Das,CSE,M.Tech,2,3,B,26,68.85,74.83,32.37,67.73,69.77,8.41,16.1,67.19,Average
STU002049,Zoya Das,Mechanical,B.Tech,4,8,D,23,86.95,83.68,43.12,63.18,75.55,8.81,17.24,72.09,Good
STU002050,Aryan Shah,CSE,B.Tech,4,8,A,23,83.95,53.79,30.62,53.07,59.52,7.05,18.52,72.47,Average
STU002051,Riya Sharma,Mechanical,B.Tech,4,7,D,21,58.99,73.14,29.37,60.93,73.55,8.15,22.15,78.59,At Risk
STU002052,Isha Das,ECE,B.Tech,3,6,D,22,89.58,87.98,42.14,65.58,84.61,8.85,22.13,91.66,Good
STU002053,Shreya Das,CSE,B.Tech,3,6,D,20,63.8,60.16,26.11,39.28,61.32,6.91,13.8,64.16,At Risk
STU002054,Yash Singh,IT,B.Tech,1,2,A,19,79.51,73.89,36.36,58.82,69.25,7.02,28.08,85.87,Average
STU002055,Surya Bose,CSE,B.Tech,1,1,D,19,84.3,61.5,31.63,46.66,50.15,7.09,22.41,84.83,At Risk
STU002056,Varun Krishnan,AI & DS,B.Tech,2,3,D,19,88.02,76.91,33.64,64.55,78.51,7.74,20.55,74.57,Good
STU002057,Isha Chatterjee,Mechanical,M.Tech,2,3,C,25,57.37,71.54,35.35,59.99,72.17,8.22,21.19,77.62,At Risk
STU002058,Riya Krishnan,IT,B.Tech,4,7,C,22,74.06,81.14,33.95,67.11,69.87,8.08,27.6,75.81,Average
STU002059,Sanjay Reddy,AI & DS,B.Tech,4,8,D,22,84.31,84.31,30.7,76.42,78.12,8.55,26.01,79.19,Good
STU002060,Zoya Shah,Civil,B.Tech,3,5,A,20,86.18,67.89,38.14,59.46,64.36,8.17,17.88,65.95,Average
STU002061,Nikhil Das,Mechanical,B.Tech,3,5,D,20,87.2,75.0,35.74,74.16,88.91,7.44,29.5,74.36,Excellent
STU002062,Nikhil Singh,CSE,B.Tech,1,2,C,18,72.72,77.86,34.62,47.3,56.86,7.36,19.07,68.15,Average
STU002063,Aarav Verma,ECE,B.Tech,3,6,D,20,77.34,71.15,31.46,58.89,57.41,7.85,19.26,65.06,Average
STU002064,Manish Verma,Civil,M.Tech,1,2,A,24,97.16,80.77,39.67,71.62,80.38,8.27,20.58,83.82,Good
STU002065,Pooja Shah,IT,B.Tech,4,8,B,23,76.53,70.96,40.32,75.0,81.91,8.74,21.04,68.4,Good
STU002066,Nikhil Bose,IT,B.Tech,3,6,A,22,91.51,80.08,40.27,72.0,71.47,8.18,20.36,79.53,Good
STU002067,Bhavya Shah,IT,B.Tech,1,2,A,19,84.52,64.86,39.83,59.73,82.81,8.08,21.57,66.07,Good
STU002068,Aditya Pillai,AI & DS,B.Tech,1,2,C,18,88.38,78.44,35.68,74.64,85.71,8.66,19.35,74.41,Excellent
STU002069,Surya Iyer,AI & DS,B.Tech,3,6,B,20,94.46,66.61,33.2,63.31,89.8,9.41,20.55,65.95,Excellent
STU002070,Sanjay Gupta,IT,B.Tech,3,5,C,21,80.57,68.77,31.34,70.29,71.02,7.73,22.83,85.22,Good
STU002071,Tanvi Menon,EEE,M.Tech,1,1,A,24,76.09,67.01,29.2,67.4,55.7,7.57,18.95,71.57,Average
STU002072,Aditya Menon,CSE,B.Tech,2,4,D,19,87.58,82.53,32.96,55.11,64.22,7.76,25.89,73.46,Average
STU002073,Nisha Das,IT,B.Tech,2,4,D,19,74.9,74.36,31.06,52.05,56.54,7.66,20.67,83.57,Average
STU002074,Vikram Bose,CSE,B.Tech,2,3,C,19,83.86,72.45,35.69,64.74,61.04,8.1,18.43,65.48,Average
STU002075,Meera Das,EEE,B.Tech,4,7,C,23,82.75,68.96,28.72,49.54,61.89,7.55,21.7,73.16,Average
STU002076,Manish Chatterjee,Civil,B.Tech,1,2,D,20,82.71,67.33,28.55,60.66,70.38,7.26,19.12,86.43,Good
STU002077,Arjun Iyer,CSE,B.Tech,3,5,D,21,72.36,80.71,38.1,59.53,73.01,7.99,22.06,72.33,Average
STU002078,Aditi Rao,IT,B.Tech,3,5,B,20,74.63,67.4,31.69,60.88,84.86,8.0,25.24,64.05,Average
STU002079,Akash Nair,ECE,M.Tech,1,1,D,24,77.39,68.27,31.29,65.08,83.91,7.43,23.49,68.84,Good
STU002080,Tanvi Kumar,IT,M.Tech,2,3,D,23,54.51,65.82,27.88,62.81,59.85,6.74,18.83,73.55,At Risk
STU002081,Manish Verma,Mechanical,B.Tech,1,2,C,20,67.31,71.74,33.58,53.04,71.41,6.93,13.28,65.08,Average
STU002082,Zoya Das,IT,B.Tech,3,5,D,20,87.56,71.17,30.02,59.03,59.68,7.34,21.91,70.59,Average
STU002083,Riya Reddy,EEE,B.Tech,2,4,A,19,76.45,67.47,26.01,50.14,59.44,7.58,19.56,66.42,Average
STU002084,Sai Pillai,AI & DS,B.Tech,3,6,A,21,71.2,67.3,30.39,56.46,57.51,8.19,22.46,61.04,Average
STU002085,Kavya Patel,Mechanical,M.Tech,2,4,D,24,66.38,72.85,38.25,75.41,86.55,8.09,26.06,53.81,Average
STU002086,Varun Mishra,IT,B.Tech,4,8,D,23,88.16,81.71,35.67,75.02,78.16,8.26,24.86,78.48,Good
STU002087,Karan Pillai,ECE,B.Tech,2,3,D,20,78.31,72.41,33.2,65.15,71.56,8.19,23.34,72.25,Good
STU002088,Arjun Das,CSE,B.Tech,1,2,C,19,81.76,74.77,38.18,75.11,66.6,8.18,18.57,65.8,Average
STU002089,Sanjay Nair,CSE,M.Tech,2,4,D,25,86.23,72.44,28.45,74.91,72.5,7.54,30.98,77.95,Good
STU002090,Vikram Mehta,IT,B.Tech,4,7,B,22,80.36,74.64,38.14,59.79,67.69,8.67,20.39,66.94,Average
STU002091,Varun Verma,AI & DS,B.Tech,1,2,D,20,78.78,78.29,42.22,60.41,86.88,7.96,20.1,73.18,Good
STU002092,Bhavya Patel,AI & DS,B.Tech,2,4,C,21,62.78,88.88,38.73,68.09,90.01,7.9,28.25,90.8,At Risk
STU002093,Kavya Mishra,AI & DS,B.Tech,3,6,D,21,77.47,78.09,37.55,72.01,90.18,8.89,12.51,70.77,Good
STU002094,Rahul Pillai,Mechanical,M.Tech,1,1,B,24,74.9,64.68,31.66,56.99,60.11,7.88,25.34,81.91,Average
STU002095,Akash Nair,EEE,B.Tech,1,1,B,18,74.39,65.77,29.21,60.85,60.44,7.1,19.56,60.75,Average
STU002096,Yash Reddy,EEE,B.Tech,1,2,D,18,82.22,68.5,26.33,57.82,74.41,7.91,17.81,77.88,Good
STU002097,Sanjay Joshi,Mechanical,B.Tech,1,1,C,18,73.36,81.27,35.77,67.02,76.65,8.6,18.03,80.61,Average
STU002098,Meera Joshi,IT,B.Tech,3,5,A,22,75.6,82.13,33.33,69.55,79.55,8.73,23.4,72.56,Good
STU002099,Nisha Shah,IT,B.Tech,4,7,C,21,69.85,72.65,36.15,57.43,79.89,8.11,15.82,74.39,Average
STU002100,Yash Verma,AI & DS,B.Tech,1,1,B,20,84.54,67.37,38.5,62.44,72.68,8.21,13.63,79.94,Good
STU002101,Nikhil Gupta,ECE,B.Tech,3,6,C,22,92.1,58.02,28.25,48.51,67.77,7.43,19.96,72.41,Average
STU002102,Surya Singh,ECE,B.Tech,2,3,D,21,85.97,66.93,33.11,51.95,66.92,7.56,20.82,75.35,Average
STU002103,Pooja Verma,CSE,B.Tech,2,4,D,21,76.46,74.4,35.29,74.31,73.76,8.91,25.23,77.46,Good
STU002104,Sai Bose,CSE,M.Tech,1,1,C,22,87.69,79.12,33.23,66.15,78.29,7.24,21.87,77.16,Good
STU002105,Sai Pillai,ECE,B.Tech,4,7,C,21,64.58,63.12,31.06,50.75,57.03,8.16,21.84,68.94,At Risk
STU002106,Riya Menon,ECE,B.Tech,3,5,A,21,87.7,74.83,27.9,73.29,80.14,7.71,23.52,99.9,Good
STU002107,Arjun Krishnan,AI & DS,B.Tech,4,7,B,22,73.12,64.79,35.05,65.22,55.6,8.1,24.08,73.84,Average
STU002108,Aarav Verma,Mechanical,B.Tech,4,7,D,22,73.32,71.12,31.91,58.52,61.74,7.7,16.99,57.32,Average
STU002109,Yash Iyer,AI & DS,B.Tech,4,8,C,22,73.01,73.54,30.77,66.62,78.22,7.42,23.65,69.63,Average
STU002110,Aditi Bose,IT,B.Tech,2,4,D,19,80.44,58.87,32.73,65.36,61.08,8.04,20.79,69.35,Average
STU002111,Kavya Das,AI & DS,B.Tech,2,4,D,21,74.16,73.08,32.84,70.82,66.03,7.61,18.42,79.48,Average
STU002112,Riya Verma,Civil,B.Tech,1,1,B,19,78.3,52.39,26.02,57.41,59.31,7.25,12.42,62.73,Average
STU002113,Aditi Das,IT,B.Tech,1,1,C,19,88.88,67.44,24.66,59.66,59.65,8.04,21.17,66.52,Average
STU002114,Varun Verma,EEE,B.Tech,2,3,B,20,77.54,75.8,34.24,60.04,71.28,7.67,23.37,79.23,Good
STU002115,Riya Kumar,CSE,B.Tech,4,8,C,22,66.3,69.21,28.89,50.39,68.78,6.69,16.1,65.41,Average
STU002116,Arjun Kumar,Mechanical,B.Tech,3,6,D,22,97.0,76.9,34.5,61.44,71.89,8.03,26.14,71.1,Good
STU002117,Rohan Singh,Civil,B.Tech,4,7,A,21,62.51,74.73,31.94,69.62,68.37,7.8,22.03,64.27,At Risk
STU002118,Krishna Patel,ECE,B.Tech,2,4,B,20,88.19,73.31,34.66,69.27,73.17,8.12,23.74,74.29,Good
STU002119,Sai Das,ECE,B.Tech,2,3,A,21,79.89,65.26,33.9,66.41,70.38,7.3,20.73,73.97,Good
STU002120,Ananya Sharma,Civil,B.Tech,3,5,A,20,76.83,68.56,32.09,65.08,70.72,7.1,19.19,81.82,Good
STU002121,Arjun Joshi,EEE,M.Tech,2,3,B,24,82.98,72.05,32.92,67.12,78.28,7.75,17.66,77.79,Good
STU002122,Pooja Sharma,CSE,B.Tech,3,6,D,20,84.82,66.58,28.36,63.95,70.32,8.2,25.95,75.93,Good
STU002123,Aditya Mehta,Mechanical,B.Tech,3,6,A,20,71.43,77.87,37.84,55.47,82.38,8.05,19.8,66.08,Average
STU002124,Zoya Nair,AI & DS,B.Tech,2,3,C,20,80.25,68.62,30.24,53.83,65.4,7.59,13.94,67.91,Average
STU002125,Surya Mehta,Civil,B.Tech,3,6,A,21,80.93,68.11,29.86,53.39,57.96,7.25,24.77,61.52,Average
STU002126,Surya Mishra,Mechanical,B.Tech,1,2,A,20,94.25,78.1,31.89,68.81,69.12,8.53,19.97,81.2,Average
STU002127,Sneha Shah,EEE,B.Tech,1,1,D,18,81.51,83.12,30.48,66.27,79.18,7.75,21.59,80.9,Good
STU002128,Shreya Nair,IT,M.Tech,1,2,B,22,77.03,80.6,37.42,61.64,91.37,8.07,20.37,74.01,Good
STU002129,Rahul Mishra,AI & DS,B.Tech,2,3,D,19,90.69,81.2,30.42,58.11,70.06,7.83,21.16,91.89,Good
STU002130,Arjun Gupta,AI & DS,B.Tech,1,1,D,18,60.53,82.15,37.07,59.74,89.1,8.71,21.36,71.4,At Risk
STU002131,Surya Chatterjee,Civil,B.Tech,4,8,C,22,76.34,71.5,38.88,67.36,72.51,8.26,19.0,79.08,Good
STU002132,Varun Singh,AI & DS,M.Tech,2,4,B,23,64.36,84.09,41.11,76.33,71.05,8.22,19.47,72.25,At Risk
STU002133,Tanvi Iyer,EEE,M.Tech,1,1,D,23,76.95,70.06,38.43,60.93,83.8,8.05,18.64,69.85,Good
STU002134,Sai Reddy,CSE,B.Tech,2,3,C,20,80.99,72.11,34.03,67.75,79.8,8.29,28.1,66.52,Good
STU002135,Karan Sharma,Civil,B.Tech,3,5,C,20,77.0,81.84,37.93,59.32,67.4,7.82,19.39,61.75,Average
STU002136,Meera Singh,ECE,B.Tech,2,3,B,19,70.43,73.99,30.07,61.58,74.67,8.01,27.75,80.99,Average
STU002137,Varun Das,CSE,B.Tech,4,7,D,23,84.97,56.27,27.26,56.49,56.09,6.86,17.12,64.48,Average
STU002138,Aarav Verma,Mechanical,B.Tech,2,3,B,20,55.99,76.37,28.88,58.15,76.07,7.37,20.07,70.04,At Risk
STU002139,Krishna Krishnan,CSE,B.Tech,4,8,A,21,85.92,74.21,35.42,66.53,78.11,8.66,20.57,83.82,Good
STU002140,Akash Iyer,Mechanical,B.Tech,2,4,C,21,80.2,70.43,40.02,67.64,80.64,8.25,17.37,69.76,Good
STU002141,Arjun Sharma,Civil,B.Tech,3,6,A,20,70.83,66.09,32.02,63.2,54.38,7.42,21.6,80.13,At Risk
STU002142,Diya Nair,Mechanical,B.Tech,1,1,B,18,85.01,66.47,28.56,57.31,86.64,7.85,19.84,81.34,Excellent
STU002143,Zoya Sharma,IT,M.Tech,1,2,A,25,79.97,83.4,39.94,83.42,77.61,7.93,26.98,76.69,Good
STU002144,Isha Iyer,AI & DS,B.Tech,1,2,D,20,71.27,72.88,32.29,51.06,64.09,8.34,18.82,73.9,Average
STU002145,Akash Verma,AI & DS,B.Tech,2,3,A,19,76.13,53.77,22.79,49.72,55.57,7.34,20.05,68.96,Average
STU002146,Isha Reddy,Civil,B.Tech,4,8,A,22,71.27,61.8,32.87,48.83,54.31,8.51,20.07,72.71,At Risk
STU002147,Meera Krishnan,CSE,B.Tech,1,1,B,18,71.34,64.84,26.79,60.88,70.62,7.68,21.51,63.03,Average
STU002148,Karan Gupta,Mechanical,B.Tech,3,5,C,21,78.6,71.67,33.51,68.98,62.12,7.19,20.81,80.76,Average
STU002149,Zoya Das,Mechanical,B.Tech,4,8,C,22,87.94,69.87,35.56,71.94,75.43,7.58,23.44,75.08,Good
STU002150,Sanjay Shah,IT,B.Tech,1,2,D,18,80.06,68.62,33.48,62.49,76.49,8.57,16.54,54.92,Good
STU002151,Shreya Patel,EEE,B.Tech,1,2,C,18,85.15,74.18,38.98,45.39,76.95,7.6,20.09,74.39,Good
STU002152,Varun Iyer,Mechanical,B.Tech,4,7,D,21,81.5,71.11,29.1,63.95,67.08,7.34,26.08,91.22,Average
STU002153,Rohan Shah,EEE,B.Tech,3,5,C,22,77.99,74.78,34.9,84.77,84.88,8.01,20.37,86.03,Good
STU002154,Karan Pillai,Mechanical,B.Tech,2,3,D,19,74.66,78.93,38.66,74.06,79.63,7.94,24.03,78.56,Average
STU002155,Aditya Joshi,Civil,B.Tech,1,2,D,19,90.84,68.53,34.09,68.42,77.22,8.07,26.32,78.91,Good
STU002156,Bhavya Mehta,ECE,B.Tech,2,4,D,19,71.78,69.83,37.55,70.75,81.82,7.64,15.42,62.32,Average
STU002157,Rahul Shah,Civil,B.Tech,2,4,A,20,90.13,69.27,37.09,59.36,76.63,7.88,26.82,82.61,Good
STU002158,Akash Krishnan,ECE,B.Tech,2,3,D,19,84.29,77.45,39.9,77.75,81.58,8.48,23.09,68.33,Good
STU002159,Bhavya Iyer,AI & DS,B.Tech,1,2,A,19,63.84,69.23,35.74,70.18,88.99,8.64,13.01,78.42,At Risk
STU002160,Riya Rao,Mechanical,B.Tech,2,4,A,21,74.53,74.73,31.35,71.26,76.25,7.88,23.75,71.51,Average
STU002161,Bhavya Gupta,Civil,B.Tech,1,1,B,20,77.17,72.54,38.42,68.46,75.13,7.71,21.69,82.85,Good
STU002162,Arjun Shah,Civil,B.Tech,3,5,B,21,93.67,82.66,31.55,66.7,78.89,8.06,26.25,77.11,Good
STU002163,Nikhil Verma,IT,B.Tech,1,2,C,20,91.95,79.18,39.21,72.02,77.07,8.14,22.23,80.17,Good
STU002164,Manish Rao,CSE,M.Tech,1,1,C,24,88.83,80.74,44.18,70.88,77.99,7.67,26.25,82.37,Good
STU002165,Bhavya Krishnan,EEE,B.Tech,2,4,A,21,71.5,82.06,32.85,64.45,80.99,8.44,20.05,74.98,Average
STU002166,Yash Singh,Civil,B.Tech,1,1,C,18,71.51,58.01,29.94,60.83,58.8,7.01,13.37,57.91,Average
STU002167,Aarav Bose,ECE,B.Tech,1,2,D,20,79.74,70.41,28.66,59.29,65.42,7.84,18.16,82.28,Average
STU002168,Sai Mishra,CSE,B.Tech,1,1,D,20,73.01,72.15,30.9,51.69,58.25,7.43,19.77,66.66,Average
STU002169,Arjun Chatterjee,IT,B.Tech,1,1,B,19,89.97,72.6,30.94,52.23,73.37,7.39,23.5,72.71,Good
STU002170,Bhavya Nair,AI & DS,B.Tech,4,8,D,23,66.28,56.98,24.09,50.9,54.54,6.8,17.37,66.96,At Risk
STU002171,Krishna Pillai,IT,B.Tech,4,7,B,23,78.5,70.82,37.55,65.62,74.9,8.22,18.88,76.34,Good
STU002172,Zoya Singh,Civil,M.Tech,2,4,B,26,76.89,60.05,31.04,60.66,71.5,8.09,17.1,76.74,Good
STU002173,Pooja Nair,Mechanical,B.Tech,2,4,C,21,66.83,71.57,35.81,61.11,71.73,7.94,21.55,65.73,Average
STU002174,Manish Mehta,AI & DS,M.Tech,2,4,B,25,79.11,78.78,34.59,68.03,81.63,8.68,20.57,70.07,Good
STU002175,Aryan Reddy,AI & DS,B.Tech,4,8,C,22,92.38,74.6,35.12,64.14,74.41,7.68,19.85,73.88,Good
STU002176,Aryan Menon,CSE,B.Tech,1,2,C,19,90.77,80.5,41.13,73.48,76.74,8.15,24.7,100,Good
STU002177,Rahul Kumar,CSE,B.Tech,2,4,B,19,72.52,76.51,35.28,69.44,65.73,8.44,16.54,81.24,Average
STU002178,Diya Mehta,EEE,B.Tech,2,3,C,19,79.57,72.19,31.4,64.92,65.55,7.09,19.31,75.15,Average
STU002179,Kavya Das,EEE,B.Tech,2,3,C,19,79.2,67.48,33.05,70.0,67.78,8.92,19.75,87.3,Average
STU002180,Aarav Sharma,EEE,M.Tech,2,4,A,23,83.05,77.7,32.78,77.89,80.9,8.31,23.47,82.64,Good
STU002181,Riya Patel,AI & DS,B.Tech,3,5,B,22,78.1,72.63,32.03,60.64,73.04,8.23,17.51,73.97,Good
STU002182,Meera Kumar,Civil,B.Tech,3,5,B,21,85.58,77.83,36.08,77.91,73.17,8.33,18.96,79.06,Good
STU002183,Tanvi Reddy,Mechanical,B.Tech,1,1,D,19,64.56,67.12,32.62,59.01,63.85,7.37,15.08,73.31,At Risk
STU002184,Krishna Mishra,IT,M.Tech,2,3,A,24,75.86,56.66,29.96,55.83,62.67,7.49,13.52,71.9,Average
STU002185,Rahul Nair,EEE,B.Tech,1,1,B,18,71.73,83.27,39.15,75.9,89.74,8.26,25.26,69.75,Average
STU002186,Varun Chatterjee,AI & DS,B.Tech,4,8,C,21,71.71,78.96,37.21,71.29,76.99,8.96,19.74,72.54,Average
STU002187,Aryan Bose,EEE,B.Tech,4,8,A,23,80.44,60.51,26.28,71.46,67.8,8.12,11.66,70.62,Average
STU002188,Aditya Verma,EEE,B.Tech,4,7,C,22,80.24,70.7,31.05,51.31,85.57,5.72,25.41,68.77,Excellent
STU002189,Meera Patel,AI & DS,M.Tech,2,4,C,25,84.7,63.74,31.87,54.01,76.16,7.29,25.98,79.75,Good
STU002190,Tanvi Joshi,IT,B.Tech,2,3,A,21,75.09,62.34,29.71,63.47,64.83,7.88,17.87,80.08,Average
STU002191,Varun Joshi,AI & DS,B.Tech,1,2,C,18,81.53,76.28,35.86,70.1,71.57,7.49,24.98,84.45,Good
STU002192,Bhavya Menon,CSE,B.Tech,3,6,D,21,82.08,65.4,31.96,76.05,81.77,7.51,22.15,77.54,Good
STU002193,Ananya Mishra,Mechanical,B.Tech,4,7,C,21,89.03,81.68,39.14,83.31,74.54,8.17,24.97,82.06,Good
STU002194,Vikram Mehta,AI & DS,B.Tech,3,5,D,21,91.98,78.69,43.82,69.03,77.55,8.52,17.8,76.7,Good
STU002195,Rahul Reddy,ECE,B.Tech,3,5,D,20,75.07,59.57,23.89,53.43,55.12,7.06,23.64,79.83,Average
STU002196,Vikram Verma,IT,B.Tech,2,4,B,19,70.32,83.64,35.06,66.81,68.01,8.17,24.18,61.29,Average
STU002197,Ishaan Rao,IT,B.Tech,3,5,C,22,88.41,70.86,37.48,70.67,66.35,7.75,18.68,66.79,Average
STU002198,Riya Singh,EEE,B.Tech,4,8,D,23,61.77,72.11,30.1,62.77,77.91,7.62,14.76,69.1,At Risk
STU002199,Arjun Bose,AI & DS,B.Tech,1,2,D,20,70.28,68.13,35.51,64.9,75.52,7.61,21.29,80.35,Average
STU002200,Surya Das,CSE,B.Tech,3,6,C,21,72.18,67.02,34.96,80.77,80.88,8.09,21.92,84.23,Average
STU002201,Bhavya Gupta,AI & DS,B.Tech,3,5,B,22,70.66,68.74,36.21,47.89,74.95,7.63,13.4,68.38,Average
STU002202,Riya Das,CSE,B.Tech,4,8,C,21,86.36,78.46,42.86,74.46,72.93,8.39,19.16,77.69,Good
STU002203,Surya Kumar,Civil,B.Tech,4,8,C,22,76.08,72.61,32.36,80.63,72.8,8.2,18.57,79.56,Good
STU002204,Ishaan Mishra,AI & DS,B.Tech,3,6,C,20,89.72,72.9,38.23,78.41,90.83,8.23,23.95,80.09,Excellent
STU002205,Karan Das,AI & DS,B.Tech,4,8,C,23,66.06,74.46,42.49,69.05,67.74,8.27,13.73,70.16,Average
STU002206,Nikhil Nair,ECE,B.Tech,3,6,C,22,90.89,72.45,36.11,56.49,75.9,8.54,24.38,71.92,Good
STU002207,Shreya Chatterjee,AI & DS,B.Tech,3,6,A,22,92.79,67.14,27.35,56.04,67.07,6.94,24.68,73.55,Average
STU002208,Yash Rao,CSE,B.Tech,4,8,B,22,89.64,77.73,30.16,65.66,75.93,8.58,24.67,91.67,Good
STU002209,Rahul Shah,CSE,B.Tech,4,8,C,22,70.48,67.84,31.94,59.01,61.6,7.75,17.01,64.4,Average
STU002210,Manish Bose,IT,B.Tech,1,2,B,20,80.39,55.82,26.03,50.79,63.98,7.19,16.04,60.76,Average
STU002211,Sai Rao,Civil,B.Tech,1,1,D,20,83.95,80.02,40.22,68.66,71.84,8.27,19.7,91.89,Good
STU002212,Diya Reddy,IT,B.Tech,3,5,D,20,71.06,83.92,34.94,64.25,78.82,7.46,16.41,79.1,Average
STU002213,Meera Das,IT,B.Tech,1,1,C,18,75.3,82.63,44.55,70.35,77.17,8.43,24.62,83.45,Good
STU002214,Arjun Patel,CSE,M.Tech,2,3,C,24,74.76,71.58,34.23,68.04,69.13,8.3,23.79,74.95,Average
STU002215,Aarav Das,AI & DS,B.Tech,2,3,D,21,85.48,71.78,32.38,63.26,78.64,7.55,29.36,83.13,Good
STU002216,Krishna Joshi,Civil,B.Tech,2,3,B,19,78.62,57.75,24.27,48.42,58.25,7.13,23.99,73.24,Average
STU002217,Vikram Gupta,CSE,B.Tech,1,2,C,18,87.97,59.69,31.39,56.54,56.04,7.31,21.23,66.36,Average
STU002218,Yash Patel,EEE,B.Tech,4,7,A,22,61.16,86.05,36.88,66.64,81.94,9.44,14.8,50.12,At Risk
STU002219,Aarav Sharma,CSE,B.Tech,1,2,C,20,64.16,70.44,29.76,56.64,52.06,8.33,22.22,65.86,At Risk
STU002220,Yash Reddy,ECE,B.Tech,4,7,D,22,94.25,74.25,39.37,70.36,78.26,8.39,19.61,84.22,Good
STU002221,Surya Patel,CSE,B.Tech,1,2,C,19,82.68,73.81,45.54,83.72,75.22,8.63,16.8,74.89,Good
STU002222,Ishaan Verma,Civil,B.Tech,4,8,C,23,64.99,67.31,40.03,68.07,68.97,7.72,15.8,62.65,At Risk
STU002223,Rohan Gupta,ECE,B.Tech,3,6,C,20,80.81,63.53,31.48,64.28,58.81,8.29,23.17,86.24,Average
STU002224,Rohan Joshi,Civil,B.Tech,2,3,A,20,71.11,60.43,29.89,55.46,65.3,7.29,17.57,74.51,Average
STU002225,Nikhil Nair,IT,B.Tech,2,3,D,20,73.07,79.19,34.09,77.83,92.68,8.48,20.5,84.41,Average
STU002226,Varun Patel,Mechanical,B.Tech,1,2,C,20,73.67,81.67,34.29,59.42,76.19,8.16,18.61,65.71,Average
STU002227,Tanvi Joshi,AI & DS,B.Tech,4,8,B,22,65.79,83.96,38.17,75.58,85.04,8.1,19.38,67.02,Average
STU002228,Vikram Joshi,EEE,B.Tech,2,3,D,20,69.46,78.95,35.03,59.59,72.6,7.82,19.18,67.1,Average
STU002229,Tanvi Mishra,Mechanical,B.Tech,1,2,D,19,75.34,62.87,26.38,59.7,69.5,7.65,23.16,73.33,Average
STU002230,Zoya Krishnan,CSE,B.Tech,2,4,B,21,80.86,74.4,33.97,72.05,70.55,7.73,25.34,75.31,Good
STU002231,Sneha Bose,CSE,B.Tech,4,7,A,23,85.33,82.5,32.95,68.02,72.58,8.92,22.45,75.81,Good
STU002232,Aditya Reddy,Mechanical,B.Tech,1,2,B,18,73.92,77.08,29.97,67.59,79.73,8.14,25.34,82.6,Average
STU002233,Shreya Reddy,Civil,B.Tech,2,4,D,21,70.97,73.46,32.04,67.44,77.93,7.94,21.51,73.29,Average
STU002234,Akash Chatterjee,ECE,B.Tech,4,7,D,23,81.77,87.63,38.7,60.91,84.42,7.47,25.99,78.59,Good
STU002235,Aryan Krishnan,CSE,B.Tech,3,5,A,20,93.88,73.54,27.68,64.39,65.26,7.3,19.42,73.62,Average
STU002236,Manish Sharma,IT,B.Tech,3,6,A,20,71.18,79.86,31.37,61.33,57.8,7.55,21.22,83.77,Average
STU002237,Meera Mishra,Mechanical,B.Tech,1,2,C,20,68.12,71.86,34.93,63.83,89.02,8.79,18.61,54.8,Average
STU002238,Vikram Shah,AI & DS,B.Tech,3,5,A,21,76.9,63.53,32.24,46.68,56.34,7.38,10.79,65.59,Average
STU002239,Aarav Krishnan,AI & DS,B.Tech,2,4,A,21,92.88,82.95,32.57,59.5,80.82,8.58,25.37,77.16,Good
STU002240,Sanjay Patel,AI & DS,B.Tech,1,1,B,18,78.71,59.65,21.23,50.83,66.34,6.95,21.14,72.78,Average
STU002241,Bhavya Pillai,CSE,B.Tech,3,5,A,20,74.43,70.9,35.82,71.55,66.8,7.34,19.52,68.49,Average
STU002242,Ananya Verma,EEE,B.Tech,1,1,A,20,81.75,71.86,33.73,61.87,93.08,8.73,20.96,67.54,Excellent
STU002243,Aditya Bose,ECE,B.Tech,2,4,D,19,68.88,65.23,31.93,48.27,65.1,7.64,19.3,69.63,Average
STU002244,Rahul Chatterjee,IT,B.Tech,2,4,A,21,83.73,69.98,38.52,68.68,79.57,7.47,23.09,77.02,Good
STU002245,Nisha Joshi,CSE,B.Tech,1,2,D,19,64.29,64.95,32.27,65.68,52.19,7.05,19.01,69.5,At Risk
STU002246,Manish Singh,IT,B.Tech,1,1,C,18,70.12,76.79,37.83,65.58,77.52,8.49,23.46,63.83,Average
STU002247,Riya Sharma,IT,B.Tech,2,4,C,19,78.81,82.34,41.71,65.33,89.45,8.33,27.09,83.4,Good
STU002248,Ishaan Mehta,EEE,B.Tech,2,3,C,19,95.66,80.74,40.75,83.27,91.42,8.58,27.8,73.62,Excellent
STU002249,Ishaan Kumar,CSE,B.Tech,3,5,D,22,87.45,66.25,33.93,69.99,58.36,7.75,20.93,75.04,Average
STU002250,Surya Kumar,CSE,B.Tech,4,8,B,21,94.17,70.39,34.63,54.97,67.24,7.49,20.92,87.13,Average
STU002251,Rahul Menon,ECE,B.Tech,2,4,D,20,83.93,65.93,34.58,72.54,86.32,8.63,19.72,69.01,Excellent
STU002252,Aarav Kumar,AI & DS,B.Tech,3,5,A,21,86.04,61.07,25.98,47.03,64.34,7.15,18.46,81.17,Average
STU002253,Nisha Krishnan,CSE,B.Tech,2,3,A,21,70.76,58.17,29.09,64.76,59.49,6.97,21.03,71.35,Average
STU002254,Surya Rao,AI & DS,B.Tech,3,5,D,22,79.55,78.3,37.25,68.6,69.5,8.16,21.41,82.66,Average
STU002255,Varun Iyer,CSE,M.Tech,2,3,A,24,73.1,72.65,29.25,51.35,50.27,8.1,19.89,71.28,At Risk
STU002256,Bhavya Mishra,CSE,B.Tech,4,8,A,22,97.91,63.45,32.9,59.69,73.22,6.41,25.74,90.35,Good
STU002257,Yash Shah,Mechanical,B.Tech,2,3,C,20,83.84,78.47,41.87,61.61,89.15,8.28,22.49,75.68,Excellent
STU002258,Zoya Pillai,ECE,B.Tech,3,6,C,21,71.08,64.58,33.57,66.51,75.91,8.48,15.78,74.69,Average
STU002259,Diya Shah,Mechanical,B.Tech,3,6,C,21,69.2,66.5,29.08,68.65,74.16,7.75,23.16,72.75,Average
STU002260,Diya Kumar,ECE,B.Tech,4,8,C,21,77.07,69.32,33.47,50.38,71.27,8.26,23.15,62.52,Good
STU002261,Zoya Gupta,Civil,B.Tech,4,8,C,21,79.36,65.74,32.58,60.03,74.94,7.35,15.59,77.07,Good
STU002262,Tanvi Shah,EEE,B.Tech,3,6,A,21,60.66,71.08,31.51,60.02,67.67,7.36,15.44,64.22,At Risk
STU002263,Rohan Rao,Civil,B.Tech,1,1,C,18,82.17,63.66,36.06,57.88,66.74,8.03,19.94,75.1,Average
STU002264,Karan Nair,IT,B.Tech,1,2,C,19,74.63,69.43,28.87,73.14,74.59,8.01,16.88,82.79,Average
STU002265,Sneha Reddy,AI & DS,B.Tech,4,8,D,21,68.31,67.55,36.51,73.09,77.8,9.07,25.62,78.21,Average
STU002266,Rahul Shah,Civil,B.Tech,1,2,C,20,79.98,71.06,35.78,68.75,71.77,8.24,21.52,79.59,Good
STU002267,Zoya Verma,AI & DS,M.Tech,2,4,B,25,96.23,75.8,36.7,58.6,70.06,7.63,23.23,89.2,Good
STU002268,Akash Iyer,AI & DS,B.Tech,4,7,B,23,90.52,70.95,36.67,80.75,76.76,8.04,17.62,91.02,Good
STU002269,Vikram Pillai,AI & DS,M.Tech,1,2,B,23,76.47,67.04,22.93,51.82,61.32,7.52,16.7,65.46,Average
STU002270,Krishna Rao,ECE,M.Tech,2,3,C,23,73.71,80.62,32.68,65.1,85.42,8.92,21.53,70.4,Average
STU002271,Diya Iyer,CSE,B.Tech,4,7,A,23,91.6,83.89,42.25,80.34,89.44,8.07,23.05,79.06,Excellent
STU002272,Arjun Joshi,CSE,B.Tech,3,5,D,22,77.95,80.86,35.52,57.59,75.49,8.73,18.65,83.08,Good
STU002273,Aditi Pillai,Mechanical,B.Tech,3,6,C,21,78.39,79.18,35.03,66.18,70.22,8.39,21.34,68.62,Good
STU002274,Yash Kumar,Mechanical,B.Tech,2,4,B,21,64.26,64.73,27.51,56.91,66.24,7.44,21.47,70.77,At Risk
STU002275,Krishna Das,IT,B.Tech,1,2,B,20,79.33,74.66,34.0,66.74,88.7,8.5,23.05,74.81,Good
STU002276,Nikhil Kumar,EEE,B.Tech,4,8,A,22,70.89,61.99,30.6,51.8,64.54,8.17,19.92,63.41,Average
STU002277,Rohan Menon,CSE,B.Tech,2,4,A,20,89.3,74.07,38.64,57.8,73.31,7.31,24.08,70.57,Good
STU002278,Ishaan Pillai,Mechanical,B.Tech,4,8,A,22,72.28,66.5,25.88,70.44,70.77,8.02,20.97,63.89,Average
STU002279,Sanjay Verma,CSE,B.Tech,1,2,C,19,91.91,82.13,32.77,86.04,84.27,8.09,22.59,79.72,Good
STU002280,Aryan Das,Mechanical,B.Tech,2,4,D,21,66.71,61.02,30.92,64.4,69.16,8.01,20.58,58.54,Average
STU002281,Vikram Patel,AI & DS,B.Tech,2,4,A,19,70.18,78.66,30.74,58.48,62.19,7.62,19.42,66.45,Average
STU002282,Isha Krishnan,Mechanical,B.Tech,2,3,A,19,89.75,86.63,35.2,65.43,88.78,8.6,22.91,72.85,Excellent
STU002283,Krishna Krishnan,ECE,B.Tech,2,3,D,20,72.4,80.01,37.43,65.05,77.78,8.56,17.41,72.08,Average
STU002284,Nisha Verma,ECE,B.Tech,1,1,D,19,73.97,70.5,25.43,51.05,60.04,7.25,22.38,75.67,Average
STU002285,Varun Singh,IT,B.Tech,4,8,C,23,85.89,67.9,29.1,52.74,56.13,8.32,18.55,64.82,Average
STU002286,Varun Nair,Mechanical,B.Tech,3,6,D,22,96.82,84.22,32.54,79.42,90.2,8.65,21.9,89.25,Excellent
STU002287,Nisha Singh,IT,B.Tech,1,1,C,19,78.32,64.4,28.48,58.79,66.5,7.62,24.2,81.08,Average
STU002288,Kavya Nair,AI & DS,B.Tech,1,2,D,18,66.54,75.8,27.64,53.44,75.66,7.49,20.98,77.46,Average
STU002289,Karan Iyer,EEE,B.Tech,3,6,C,20,82.36,77.17,41.39,65.79,92.62,7.77,18.25,74.5,Excellent
STU002290,Aarav Mishra,AI & DS,B.Tech,1,1,D,18,81.82,78.44,36.77,70.82,73.44,8.81,15.75,86.84,Good
STU002291,Akash Singh,Mechanical,B.Tech,4,8,B,23,88.87,79.88,37.23,66.1,85.31,8.24,21.61,75.78,Excellent
STU002292,Pooja Shah,ECE,B.Tech,1,1,A,20,87.3,65.19,30.49,68.74,78.58,7.6,18.88,73.03,Good
STU002293,Rahul Mishra,ECE,B.Tech,4,8,D,23,72.35,74.34,36.89,64.22,64.8,8.13,23.98,70.51,Average
STU002294,Manish Sharma,ECE,B.Tech,2,3,D,19,74.63,65.17,32.15,45.71,66.35,7.3,22.02,59.0,Average
STU002295,Arjun Reddy,Civil,M.Tech,2,4,C,25,81.38,68.58,24.42,49.67,75.57,7.72,20.76,70.43,Good
STU002296,Varun Reddy,Civil,B.Tech,1,1,B,18,75.19,82.91,31.33,72.97,70.86,7.9,26.06,81.55,Good
STU002297,Sanjay Iyer,ECE,B.Tech,3,6,B,22,66.92,68.36,30.04,54.35,58.65,7.19,17.25,70.21,Average
STU002298,Rohan Iyer,ECE,B.Tech,2,3,A,21,82.91,82.64,45.11,72.88,78.26,8.38,21.51,76.24,Good
STU002299,Tanvi Patel,EEE,B.Tech,3,6,A,21,78.29,83.65,35.18,79.41,85.64,9.12,21.27,71.9,Good
STU002300,Surya Mishra,EEE,B.Tech,1,1,A,19,91.51,62.77,25.37,54.11,83.45,7.81,19.63,83.32,Good
STU002301,Aditya Singh,CSE,M.Tech,2,3,C,24,77.89,69.11,29.25,72.79,96.96,7.64,18.78,67.44,Good
STU002302,Nisha Bose,CSE,B.Tech,1,1,D,18,80.93,67.23,29.2,60.1,87.99,6.98,25.04,71.42,Excellent
STU002303,Zoya Mishra,IT,B.Tech,2,4,A,20,80.87,70.54,37.4,64.56,75.31,8.76,21.01,70.06,Good
STU002304,Bhavya Iyer,CSE,B.Tech,3,6,B,21,89.27,74.61,34.57,68.75,87.79,7.72,26.54,88.16,Excellent
STU002305,Krishna Mishra,AI & DS,B.Tech,4,7,C,23,74.96,86.73,30.57,68.34,72.82,7.21,23.95,75.33,Average
STU002306,Sai Mishra,AI & DS,B.Tech,2,3,A,19,85.73,61.12,30.56,57.85,70.66,7.33,19.56,74.01,Good
STU002307,Rahul Pillai,Civil,B.Tech,3,5,A,20,75.46,58.93,29.79,29.05,51.91,7.17,20.65,60.04,At Risk
STU002308,Isha Joshi,CSE,B.Tech,1,1,B,20,79.01,72.03,28.68,64.16,70.16,7.67,16.99,65.69,Good
STU002309,Aditi Reddy,Civil,M.Tech,1,1,A,22,86.9,68.92,30.85,54.43,72.41,7.77,21.23,82.12,Good
STU002310,Surya Kumar,CSE,B.Tech,2,3,A,21,85.03,82.1,35.69,65.35,84.79,8.13,22.61,74.03,Good
STU002311,Manish Chatterjee,Mechanical,B.Tech,4,7,A,21,81.46,60.38,31.56,71.23,66.13,8.49,17.23,84.4,Average
STU002312,Krishna Gupta,AI & DS,B.Tech,4,7,D,21,78.77,62.73,37.97,67.73,79.68,8.18,16.63,75.41,Good
STU002313,Nikhil Verma,Mechanical,B.Tech,3,6,D,22,89.94,83.7,36.14,63.31,75.06,7.71,24.59,78.06,Good
STU002314,Akash Singh,CSE,M.Tech,1,2,A,23,98.41,60.58,29.48,44.13,62.26,6.53,23.58,83.51,Average
STU002315,Aarav Krishnan,ECE,B.Tech,1,1,C,19,65.91,62.89,31.74,60.59,70.85,7.41,19.08,59.8,Average
STU002316,Aditi Pillai,IT,B.Tech,4,8,A,23,86.74,84.54,42.58,75.88,100,8.22,25.1,71.5,Excellent
STU002317,Manish Reddy,EEE,M.Tech,2,3,B,25,81.16,69.51,31.02,56.8,71.07,8.24,13.27,81.29,Good
STU002318,Bhavya Krishnan,Mechanical,B.Tech,1,1,C,18,84.58,71.46,30.27,63.04,68.01,7.49,18.59,73.11,Average
STU002319,Akash Nair,Mechanical,B.Tech,4,7,B,22,87.3,59.72,33.57,54.97,64.3,7.38,16.46,80.19,Average
STU002320,Riya Chatterjee,Mechanical,B.Tech,1,1,A,20,86.99,64.81,33.38,59.14,68.37,7.15,25.84,70.63,Average
STU002321,Aditi Reddy,Civil,B.Tech,2,4,A,20,93.9,78.31,36.94,65.86,90.86,6.93,23.45,84.59,Excellent
STU002322,Arjun Chatterjee,ECE,B.Tech,2,3,B,19,88.26,68.84,31.7,67.64,72.5,7.87,25.51,78.74,Good
STU002323,Aarav Shah,AI & DS,B.Tech,3,5,D,22,81.18,79.46,37.84,72.51,75.98,8.47,22.71,82.21,Good
STU002324,Bhavya Mishra,Mechanical,B.Tech,3,6,B,20,94.39,83.05,36.62,59.07,71.08,7.6,22.86,90.1,Good
STU002325,Pooja Sharma,AI & DS,B.Tech,3,6,C,22,80.35,82.45,33.38,79.09,76.63,8.57,25.14,78.98,Good
STU002326,Aryan Bose,ECE,B.Tech,2,3,D,21,73.71,57.79,29.55,56.84,67.55,7.43,20.77,80.99,Average
STU002327,Aditi Singh,AI & DS,B.Tech,1,2,C,20,87.06,69.89,34.45,67.6,84.02,7.8,24.01,81.27,Good
STU002328,Shreya Joshi,EEE,B.Tech,3,5,C,22,72.47,68.22,29.85,57.7,66.33,7.41,21.95,77.0,Average
STU002329,Vikram Mishra,CSE,B.Tech,1,1,A,20,71.98,80.84,32.61,70.5,72.91,7.63,20.59,74.26,Average
STU002330,Zoya Menon,EEE,B.Tech,3,5,D,20,69.37,64.7,34.23,48.5,64.95,7.19,12.31,63.16,Average
STU002331,Yash Iyer,CSE,B.Tech,3,5,A,20,64.35,76.09,35.73,74.27,89.47,7.96,17.55,70.76,At Risk
STU002332,Sai Rao,Mechanical,B.Tech,4,7,B,22,99.47,83.1,39.33,81.67,71.16,7.85,20.84,76.45,Good
STU002333,Bhavya Gupta,ECE,M.Tech,2,3,D,24,85.23,76.5,34.14,64.26,77.76,7.96,22.21,71.44,Good
STU002334,Arjun Kumar,Mechanical,B.Tech,4,8,B,21,78.1,66.24,33.03,63.02,66.11,7.74,22.45,77.41,Average
STU002335,Nisha Krishnan,AI & DS,B.Tech,4,8,A,21,77.89,64.68,39.86,65.7,75.97,8.69,18.83,75.42,Good
STU002336,Tanvi Iyer,CSE,B.Tech,2,4,D,19,72.77,64.38,32.4,42.46,44.36,8.38,18.24,49.7,At Risk
STU002337,Sai Patel,CSE,B.Tech,4,7,C,22,57.73,64.45,32.65,63.89,69.31,8.27,16.88,65.43,At Risk
STU002338,Aryan Gupta,Mechanical,B.Tech,3,6,B,22,90.73,73.97,32.09,50.99,57.89,7.93,21.28,87.59,Average
STU002339,Aditya Joshi,CSE,B.Tech,2,3,C,21,81.46,70.92,38.14,50.95,69.02,8.74,20.91,69.0,Average
STU002340,Tanvi Mishra,CSE,B.Tech,1,1,A,18,67.48,77.76,42.67,67.97,81.11,8.91,18.09,71.92,Average
STU002341,Sai Gupta,ECE,B.Tech,2,4,A,21,73.81,64.31,35.1,69.84,68.1,8.44,14.01,69.28,Average
STU002342,Riya Chatterjee,CSE,B.Tech,1,1,D,18,82.84,67.39,30.51,59.8,78.71,7.7,18.12,77.13,Good
STU002343,Aditya Verma,IT,B.Tech,4,8,D,23,95.78,87.93,38.41,69.27,80.36,8.26,32.17,82.8,Good
STU002344,Arjun Shah,ECE,B.Tech,1,1,B,18,83.38,67.81,31.71,57.25,79.36,7.41,22.64,73.7,Good
STU002345,Ananya Pillai,CSE,B.Tech,1,2,A,19,84.02,72.32,32.21,64.54,75.0,8.41,20.38,84.19,Good
STU002346,Varun Kumar,IT,B.Tech,1,2,D,19,73.18,72.52,32.62,61.97,66.93,7.81,15.43,67.24,Average
STU002347,Sneha Pillai,AI & DS,B.Tech,2,3,A,20,86.17,85.54,29.54,66.05,75.86,8.5,23.68,88.79,Good
STU002348,Yash Pillai,ECE,B.Tech,4,7,D,21,83.37,69.42,33.18,59.65,81.41,7.28,19.5,71.6,Good
STU002349,Pooja Mehta,Mechanical,B.Tech,4,7,A,22,76.09,56.27,25.23,49.93,53.97,7.65,15.73,70.79,At Risk
STU002350,Arjun Pillai,Civil,B.Tech,2,3,D,19,83.07,81.57,30.8,75.94,84.88,9.14,26.01,82.24,Good
STU002351,Arjun Mehta,CSE,B.Tech,2,4,B,21,77.09,51.93,20.54,47.77,62.65,6.88,19.03,77.75,Average
STU002352,Aryan Krishnan,AI & DS,B.Tech,2,3,D,19,75.23,65.38,27.79,63.02,56.99,8.54,15.81,73.63,Average
STU002353,Vikram Mehta,CSE,B.Tech,2,4,B,20,72.63,78.48,38.1,75.36,75.68,8.32,24.98,80.8,Average
STU002354,Meera Das,CSE,B.Tech,3,6,B,21,93.72,69.33,32.74,56.8,68.97,7.49,25.73,78.5,Average
STU002355,Surya Bose,EEE,B.Tech,3,6,B,20,73.9,75.35,36.69,67.09,92.24,8.71,16.94,75.25,Average
STU002356,Akash Mehta,ECE,B.Tech,2,4,B,20,78.57,73.2,27.55,57.22,62.47,6.75,20.6,69.56,Average
STU002357,Isha Patel,ECE,B.Tech,3,5,A,21,59.27,75.42,37.99,80.15,77.89,9.1,20.85,66.65,At Risk
STU002358,Diya Das,IT,B.Tech,4,8,D,22,65.67,72.92,32.91,74.76,69.67,8.16,27.83,72.42,Average
STU002359,Nikhil Singh,ECE,B.Tech,4,8,C,23,66.69,66.78,27.76,54.55,56.35,7.11,20.13,62.89,Average
STU002360,Nisha Verma,IT,B.Tech,2,4,C,20,82.21,65.03,32.73,54.26,67.45,8.05,19.54,82.59,Average
STU002361,Shreya Mishra,ECE,B.Tech,2,3,C,20,82.49,66.88,32.95,56.21,71.04,7.89,24.13,67.85,Good
STU002362,Isha Bose,EEE,B.Tech,4,8,C,23,71.07,75.82,34.53,63.33,68.8,7.9,18.14,70.24,Average
STU002363,Surya Iyer,AI & DS,B.Tech,1,1,D,18,86.09,75.68,31.93,67.42,75.73,7.06,26.54,82.31,Good
STU002364,Aditya Reddy,EEE,B.Tech,1,1,B,20,75.79,65.39,32.25,59.66,75.57,7.99,20.58,74.94,Good
STU002365,Rohan Mehta,IT,B.Tech,4,7,C,22,80.93,72.57,29.38,58.01,67.07,7.59,22.57,74.46,Average
STU002366,Rohan Kumar,CSE,B.Tech,3,5,C,20,78.93,87.17,41.85,75.07,69.27,8.4,23.49,83.43,Average
STU002367,Shreya Chatterjee,IT,B.Tech,4,8,B,23,80.07,72.96,35.14,59.84,59.44,7.45,26.44,77.74,Average
STU002368,Rahul Chatterjee,IT,B.Tech,3,5,D,21,75.94,78.44,40.55,55.68,70.68,8.31,23.96,71.62,Good
STU002369,Nikhil Verma,Mechanical,M.Tech,2,3,A,23,85.7,69.16,38.07,61.19,61.8,7.24,19.85,77.54,Average
STU002370,Ananya Menon,CSE,B.Tech,4,8,B,23,75.12,79.17,33.64,64.83,71.73,8.45,18.04,63.16,Good
STU002371,Surya Joshi,CSE,B.Tech,3,5,A,21,85.05,65.89,36.26,77.65,84.21,8.05,22.89,66.88,Good
STU002372,Kavya Nair,ECE,B.Tech,2,3,A,21,81.4,56.71,32.88,67.96,68.88,7.89,18.94,74.17,Average
STU002373,Aditi Menon,Mechanical,B.Tech,4,7,D,21,80.21,87.31,41.93,70.51,87.98,7.97,27.45,77.79,Excellent
STU002374,Sneha Chatterjee,ECE,B.Tech,3,5,B,20,91.52,67.78,33.48,54.84,66.84,7.32,24.01,85.53,Average
STU002375,Pooja Gupta,Civil,B.Tech,4,7,A,21,70.31,79.39,34.53,72.7,80.65,7.92,20.83,70.21,Average
STU002376,Akash Das,ECE,B.Tech,1,1,C,18,92.91,74.72,39.94,68.85,82.89,8.19,25.96,83.6,Good
STU002377,Aditi Krishnan,AI & DS,B.Tech,2,4,D,20,78.25,68.9,37.2,55.71,64.88,6.81,17.26,71.45,Average
STU002378,Varun Chatterjee,EEE,B.Tech,4,7,A,22,71.54,79.07,32.64,70.13,83.85,8.54,20.35,65.41,Average
STU002379,Sneha Singh,IT,M.Tech,2,3,B,26,83.87,86.66,36.22,83.57,85.15,8.81,24.54,90.9,Excellent
STU002380,Sneha Joshi,Civil,B.Tech,4,8,A,23,99.15,76.53,33.73,75.01,82.21,8.5,30.4,95.56,Good
STU002381,Shreya Menon,Civil,B.Tech,4,7,C,21,91.73,70.42,32.65,70.23,83.64,8.79,21.74,66.6,Good
STU002382,Meera Mehta,CSE,B.Tech,1,2,B,20,75.96,80.96,37.33,66.73,77.89,9.07,15.25,72.04,Good
STU002383,Nisha Iyer,AI & DS,B.Tech,3,5,D,22,76.96,75.68,35.4,60.75,72.22,7.78,18.91,72.33,Good
STU002384,Kavya Singh,IT,B.Tech,3,5,B,22,83.48,69.5,26.71,62.34,58.12,7.74,20.93,68.5,Average
STU002385,Sanjay Patel,CSE,B.Tech,4,7,A,21,85.59,80.59,33.15,78.77,74.93,8.32,19.24,78.58,Good
STU002386,Tanvi Joshi,Mechanical,B.Tech,1,2,C,18,84.01,71.96,40.09,73.9,91.03,8.79,20.58,84.56,Excellent
STU002387,Akash Reddy,Mechanical,B.Tech,3,5,A,22,75.07,74.22,38.44,67.36,82.5,9.01,25.8,78.96,Good
STU002388,Tanvi Sharma,Civil,M.Tech,1,2,B,24,68.08,69.45,30.11,60.47,83.1,7.97,21.01,67.89,Average
STU002389,Sanjay Krishnan,ECE,M.Tech,1,2,D,24,72.26,74.21,36.11,69.93,72.6,8.16,22.45,59.71,Average
STU002390,Sai Bose,IT,B.Tech,3,6,C,21,73.66,68.65,31.04,75.89,84.51,7.85,20.21,70.46,Average
STU002391,Riya Gupta,ECE,B.Tech,2,3,A,19,93.65,76.06,41.69,67.3,68.83,7.93,25.57,79.45,Average
STU002392,Nisha Kumar,Mechanical,B.Tech,2,4,C,19,93.22,71.99,31.63,68.61,72.58,7.53,21.58,77.81,Good
STU002393,Zoya Joshi,IT,B.Tech,2,3,A,19,67.09,86.04,37.11,73.08,75.74,8.42,16.82,82.63,Average
STU002394,Karan Pillai,AI & DS,B.Tech,4,8,B,21,72.51,58.06,27.81,55.16,53.82,7.5,18.89,64.64,At Risk
STU002395,Pooja Mehta,IT,B.Tech,3,5,B,20,67.18,69.01,26.7,48.53,58.08,8.49,19.48,65.53,Average
STU002396,Varun Joshi,Mechanical,B.Tech,1,1,C,19,77.78,77.25,36.91,73.76,83.83,7.77,24.88,73.2,Good
STU002397,Krishna Bose,ECE,B.Tech,1,2,B,20,88.5,86.26,33.95,82.17,70.3,9.23,21.21,80.49,Good
STU002398,Yash Reddy,CSE,B.Tech,3,5,D,21,82.51,77.12,39.6,68.91,81.02,8.4,25.83,91.37,Good
STU002399,Diya Shah,IT,B.Tech,1,2,B,18,67.4,81.87,36.94,70.36,74.19,7.38,25.86,65.75,Average
STU002400,Meera Iyer,CSE,B.Tech,4,7,D,23,82.64,71.3,36.19,74.26,74.94,8.61,22.7,80.92,Good
STU002401,Ananya Mehta,IT,M.Tech,1,2,A,22,81.38,69.79,33.19,66.42,65.8,8.15,18.62,75.25,Average
STU002402,Nikhil Gupta,Civil,B.Tech,3,6,D,20,87.99,79.24,42.71,65.18,91.26,7.62,20.26,82.23,Excellent
STU002403,Isha Chatterjee,ECE,B.Tech,1,1,D,18,71.42,68.29,30.52,57.9,66.8,6.97,21.47,72.0,Average
STU002404,Sanjay Das,CSE,B.Tech,4,8,A,23,73.56,62.33,26.5,51.87,62.57,7.66,13.72,77.4,Average
STU002405,Krishna Mishra,EEE,B.Tech,2,3,D,21,75.77,72.4,34.21,76.96,74.73,7.55,17.45,79.55,Good
STU002406,Vikram Patel,ECE,B.Tech,4,7,B,21,78.89,82.52,36.04,65.39,76.2,7.8,24.09,80.97,Good
STU002407,Aryan Mishra,CSE,B.Tech,4,7,C,22,84.79,71.06,34.3,52.63,66.3,7.57,17.25,65.72,Average
STU002408,Nikhil Krishnan,Civil,B.Tech,2,4,C,19,75.74,69.69,33.08,61.04,67.34,7.89,19.08,76.58,Average
STU002409,Yash Nair,IT,B.Tech,1,1,A,20,84.98,77.69,39.35,76.24,76.93,8.04,24.06,79.21,Good
STU002410,Arjun Verma,CSE,B.Tech,1,1,A,20,76.87,76.7,38.53,73.56,89.59,9.45,26.57,71.51,Good
STU002411,Meera Joshi,CSE,B.Tech,2,3,A,19,74.67,73.74,39.85,71.61,87.55,9.06,20.79,77.22,Average
STU002412,Manish Bose,Civil,B.Tech,4,7,D,21,90.75,77.91,31.13,58.15,75.12,8.13,25.29,75.79,Good
STU002413,Akash Das,AI & DS,B.Tech,4,8,B,21,85.36,76.11,31.68,65.16,87.71,8.04,17.21,78.18,Excellent
STU002414,Arjun Joshi,Civil,B.Tech,3,6,D,22,68.06,65.31,32.05,59.38,68.14,7.94,20.08,61.08,Average
STU002415,Arjun Verma,EEE,B.Tech,3,6,C,20,65.32,72.79,33.69,68.02,84.22,8.13,17.38,67.86,Average
STU002416,Meera Verma,Mechanical,B.Tech,4,8,B,23,91.11,85.21,43.09,79.64,85.1,8.34,22.46,86.14,Excellent
STU002417,Aditi Chatterjee,ECE,B.Tech,4,7,B,23,80.42,77.17,38.46,57.97,72.73,8.19,20.88,71.24,Good
STU002418,Aditya Krishnan,ECE,B.Tech,2,4,D,19,75.37,59.03,27.14,50.32,63.4,7.29,19.59,62.01,Average
STU002419,Sneha Singh,AI & DS,B.Tech,2,3,D,19,78.31,65.93,25.07,55.98,66.6,8.53,25.06,76.56,Average
STU002420,Bhavya Shah,AI & DS,B.Tech,1,1,C,20,93.75,71.03,36.49,61.49,74.89,7.24,28.19,85.12,Good
STU002421,Sai Das,EEE,B.Tech,3,6,A,21,83.0,84.73,36.37,64.28,86.26,8.31,27.4,90.52,Excellent
STU002422,Sai Chatterjee,AI & DS,B.Tech,1,1,D,19,83.06,71.63,33.3,59.38,71.18,7.71,25.15,77.11,Good
STU002423,Tanvi Joshi,AI & DS,B.Tech,2,3,B,20,90.37,73.55,36.04,62.34,75.31,7.77,22.14,87.31,Good
STU002424,Meera Verma,AI & DS,B.Tech,3,6,A,20,82.56,73.63,34.07,69.96,84.08,7.88,18.56,85.22,Good
STU002425,Aarav Bose,ECE,B.Tech,1,2,D,18,84.87,61.21,23.77,65.73,83.32,7.28,22.25,78.48,Good
STU002426,Sneha Gupta,CSE,B.Tech,3,5,C,22,86.13,69.97,35.49,74.42,89.74,8.32,21.34,66.99,Excellent
STU002427,Isha Singh,Civil,B.Tech,4,7,C,23,77.12,79.81,34.98,82.62,84.09,8.49,25.67,89.11,Good
STU002428,Aarav Sharma,ECE,B.Tech,4,8,A,22,78.79,74.24,36.21,81.62,84.55,8.02,24.34,74.21,Good
STU002429,Ananya Shah,AI & DS,B.Tech,2,3,D,21,83.75,64.71,33.61,64.92,70.43,7.18,14.24,70.53,Good
STU002430,Aarav Nair,EEE,B.Tech,2,4,D,21,96.6,66.5,24.16,63.02,70.56,7.8,25.22,85.03,Good
STU002431,Zoya Gupta,ECE,B.Tech,2,3,D,19,93.5,78.25,39.74,76.05,70.95,8.27,21.8,93.89,Good
STU002432,Nikhil Mehta,EEE,B.Tech,1,2,B,20,76.74,57.44,34.54,68.89,65.39,8.42,16.62,61.55,Average
STU002433,Akash Chatterjee,EEE,B.Tech,1,1,A,18,99.03,66.28,30.35,56.31,57.8,7.02,23.81,85.64,Average
STU002434,Bhavya Mishra,AI & DS,B.Tech,3,6,A,22,86.29,74.34,37.71,57.09,72.34,8.67,21.96,80.18,Good
STU002435,Aditi Mishra,EEE,B.Tech,3,5,D,22,85.82,77.2,32.68,55.48,78.79,8.24,19.41,82.79,Good
STU002436,Diya Verma,EEE,M.Tech,1,2,D,24,81.08,70.74,31.77,62.96,76.58,8.3,18.93,83.57,Good
STU002437,Ishaan Gupta,AI & DS,B.Tech,3,5,A,22,76.91,67.58,28.68,63.89,74.11,7.28,20.17,68.62,Good
STU002438,Akash Chatterjee,Mechanical,B.Tech,3,5,A,22,96.84,85.7,42.52,77.08,80.2,8.5,25.75,85.26,Good
STU002439,Aditi Chatterjee,IT,B.Tech,4,7,C,21,79.79,65.26,28.63,48.95,68.54,7.23,20.61,70.82,Average
STU002440,Kavya Sharma,CSE,B.Tech,1,2,D,20,88.26,77.15,40.12,71.57,80.0,7.68,29.01,83.56,Good
STU002441,Sai Joshi,AI & DS,B.Tech,4,7,B,22,86.23,72.44,35.08,65.39,84.2,7.56,26.51,81.59,Good
STU002442,Bhavya Singh,CSE,B.Tech,3,5,C,22,91.72,87.57,44.5,83.06,84.79,8.84,20.81,81.53,Good
STU002443,Vikram Sharma,CSE,B.Tech,3,5,D,21,71.29,63.26,28.83,65.25,68.68,7.75,21.75,65.87,Average
STU002444,Bhavya Kumar,AI & DS,B.Tech,3,5,C,20,61.52,61.36,25.64,50.75,62.82,7.83,15.58,73.79,At Risk
STU002445,Vikram Reddy,ECE,B.Tech,3,5,C,21,86.58,79.86,37.64,66.63,72.06,8.8,22.2,96.45,Good
STU002446,Nikhil Singh,CSE,B.Tech,1,1,D,19,70.57,78.62,30.24,59.6,68.45,7.16,28.57,77.14,Average
STU002447,Yash Das,Mechanical,B.Tech,3,5,B,21,70.65,75.86,32.54,61.22,83.9,7.55,21.75,73.97,Average
STU002448,Riya Kumar,AI & DS,M.Tech,2,4,B,25,94.21,84.29,34.65,70.97,81.74,8.2,21.83,86.13,Good
STU002449,Varun Shah,Mechanical,B.Tech,4,8,C,22,82.78,80.6,31.27,56.02,65.53,8.72,21.03,69.35,Average
STU002450,Meera Gupta,EEE,B.Tech,1,2,A,19,92.54,77.75,33.07,72.28,78.75,8.06,29.7,87.17,Good
STU002451,Krishna Verma,AI & DS,B.Tech,2,4,A,20,82.65,76.13,37.11,68.19,74.04,7.67,25.78,77.26,Good
STU002452,Zoya Mehta,CSE,B.Tech,2,3,B,19,68.08,77.14,36.61,68.14,75.31,7.97,24.18,61.99,Average
STU002453,Karan Bose,CSE,B.Tech,2,4,D,20,85.95,78.99,35.24,77.52,86.8,9.19,20.82,77.86,Excellent
STU002454,Kavya Mehta,Civil,B.Tech,4,8,C,21,76.64,75.46,38.03,71.34,71.92,8.11,21.76,65.95,Good
STU002455,Riya Joshi,IT,B.Tech,3,5,C,22,80.65,71.67,37.48,67.78,70.94,8.19,20.68,72.48,Good
STU002456,Zoya Patel,Civil,B.Tech,1,1,A,18,71.46,70.12,37.1,74.25,85.56,8.86,21.74,74.81,Average
STU002457,Rahul Pillai,Mechanical,B.Tech,2,4,C,20,90.26,67.96,33.93,61.65,69.66,7.69,20.68,80.65,Average
STU002458,Aarav Bose,Civil,B.Tech,1,2,C,19,79.39,51.14,22.33,53.09,62.5,7.46,15.12,71.21,Average
STU002459,Aditya Mehta,Mechanical,B.Tech,3,5,A,21,90.08,79.0,42.09,61.94,70.64,8.92,24.48,79.55,Good
STU002460,Yash Iyer,AI & DS,M.Tech,2,4,B,24,74.39,67.08,30.88,72.64,63.88,8.06,23.02,83.17,Average
STU002461,Ishaan Kumar,Mechanical,B.Tech,2,3,A,21,68.54,72.81,33.28,59.41,73.79,8.32,18.69,54.37,Average
STU002462,Akash Sharma,CSE,B.Tech,1,1,B,18,69.72,62.04,29.32,53.49,65.4,7.35,18.19,59.41,Average
STU002463,Shreya Iyer,CSE,B.Tech,4,8,B,23,80.49,78.55,33.38,65.76,65.83,8.48,24.14,78.84,Average
STU002464,Vikram Das,EEE,B.Tech,4,8,C,23,77.94,84.7,35.72,83.28,82.03,8.26,24.48,67.89,Good
STU002465,Bhavya Verma,EEE,B.Tech,4,8,A,22,68.34,73.88,34.32,60.95,72.81,7.35,21.96,81.73,Average
STU002466,Vikram Kumar,ECE,B.Tech,2,3,D,19,72.55,64.94,30.24,55.3,70.54,8.02,18.11,67.76,Average
STU002467,Riya Menon,ECE,B.Tech,3,6,B,22,99.78,80.19,36.59,69.54,78.69,8.07,21.48,80.57,Good
STU002468,Isha Rao,Mechanical,B.Tech,1,1,D,18,85.18,70.75,29.24,61.87,68.09,7.94,15.47,66.06,Average
STU002469,Isha Chatterjee,AI & DS,B.Tech,2,3,D,20,82.25,77.02,31.5,59.12,75.72,7.55,17.45,84.7,Good
STU002470,Sanjay Chatterjee,Mechanical,B.Tech,4,7,C,21,87.25,80.33,42.65,57.33,79.81,7.79,18.2,66.88,Good
STU002471,Manish Menon,CSE,M.Tech,1,1,A,23,72.65,64.2,27.45,58.05,57.05,7.16,21.57,67.02,Average
STU002472,Sai Menon,Mechanical,B.Tech,1,2,A,19,77.94,59.36,32.36,49.86,71.16,7.72,19.91,61.43,Good
STU002473,Karan Verma,Mechanical,B.Tech,2,3,D,21,87.84,61.73,35.36,64.85,72.87,7.73,18.5,84.14,Good
STU002474,Surya Das,Civil,B.Tech,3,5,A,22,64.63,76.0,36.73,71.58,78.93,8.81,19.81,73.84,At Risk
STU002475,Ishaan Sharma,ECE,B.Tech,1,1,C,18,79.46,65.92,36.34,59.95,48.87,7.97,20.39,68.74,At Risk
STU002476,Nisha Kumar,ECE,B.Tech,2,4,A,20,94.4,73.89,34.43,64.95,75.12,8.35,19.06,73.4,Good
STU002477,Sanjay Menon,Civil,B.Tech,1,1,D,20,76.92,66.95,29.69,59.03,64.95,8.43,20.99,66.38,Average
STU002478,Aditi Das,Mechanical,B.Tech,3,5,D,21,75.0,64.88,31.77,63.92,69.65,7.25,22.29,76.78,Average
STU002479,Rahul Bose,ECE,B.Tech,1,2,B,18,82.22,75.62,34.76,71.6,81.53,7.57,29.8,89.25,Good
STU002480,Surya Rao,EEE,B.Tech,3,6,A,20,87.11,63.06,30.7,49.67,60.51,7.17,17.13,63.64,Average
STU002481,Vikram Krishnan,CSE,B.Tech,2,4,D,19,90.3,83.37,37.91,70.22,91.64,8.49,21.21,83.15,Excellent
STU002482,Vikram Mishra,AI & DS,B.Tech,1,1,C,19,82.25,74.8,33.64,60.88,75.16,7.75,21.65,69.52,Good
STU002483,Kavya Gupta,CSE,B.Tech,3,6,D,22,89.07,84.47,34.42,77.52,100,8.76,26.61,84.39,Excellent
STU002484,Aarav Das,CSE,B.Tech,4,7,C,21,81.56,87.73,40.56,79.74,85.08,8.78,23.23,87.5,Excellent
STU002485,Meera Shah,CSE,B.Tech,3,5,B,22,90.29,71.52,32.86,64.33,68.9,7.22,20.95,79.01,Average
STU002486,Bhavya Bose,CSE,B.Tech,2,4,A,21,82.07,76.37,37.66,70.13,72.44,8.44,21.71,67.86,Good
STU002487,Tanvi Gupta,CSE,B.Tech,2,3,A,20,86.96,72.18,37.17,61.66,66.86,8.23,20.86,75.85,Average
STU002488,Kavya Sharma,EEE,B.Tech,4,7,C,22,76.22,59.74,23.22,40.27,60.43,7.43,19.05,60.54,Average
STU002489,Arjun Singh,Mechanical,B.Tech,4,8,D,23,79.38,72.7,30.5,59.74,58.05,7.58,21.25,71.63,Average
STU002490,Ishaan Bose,CSE,B.Tech,3,5,B,22,91.07,78.0,36.11,54.36,83.66,8.16,25.05,83.37,Good
STU002491,Meera Chatterjee,Civil,B.Tech,1,2,D,19,73.48,89.24,37.81,76.58,84.42,8.85,21.4,74.19,Average
STU002492,Sneha Mishra,CSE,B.Tech,4,7,B,22,80.62,65.57,30.96,59.9,77.47,7.63,20.28,70.34,Good
STU002493,Aditya Joshi,ECE,B.Tech,3,5,A,20,80.51,61.59,33.53,53.09,74.68,8.36,17.11,72.15,Good
STU002494,Aditya Das,IT,M.Tech,2,3,A,25,74.07,57.44,30.4,49.8,50.39,7.58,12.84,74.08,At Risk
STU002495,Bhavya Mishra,AI & DS,B.Tech,1,1,B,20,83.97,61.35,31.88,60.56,66.14,7.33,20.54,74.57,Average
STU002496,Riya Patel,ECE,B.Tech,1,2,B,19,86.46,65.14,39.95,72.43,63.32,8.6,16.0,79.65,Average
STU002497,Ananya Verma,Mechanical,B.Tech,4,8,A,21,81.47,85.27,34.35,67.76,71.42,7.59,22.59,85.97,Good
STU002498,Aarav Singh,AI & DS,B.Tech,4,7,B,21,91.75,74.23,32.72,58.96,69.38,7.77,23.47,77.68,Average
STU002499,Bhavya Mehta,EEE,B.Tech,1,2,C,18,69.21,75.16,40.76,61.63,76.98,7.98,21.95,66.6,Average
STU002500,Ishaan Nair,AI & DS,B.Tech,4,7,C,22,84.15,81.94,33.08,81.6,88.34,7.75,29.09,90.6,Excellent
STU002501,Surya Joshi,Mechanical,M.Tech,2,4,A,26,92.02,84.42,38.49,61.87,76.73,7.69,16.94,80.75,Good
STU002502,Ananya Krishnan,Mechanical,B.Tech,1,1,D,19,81.59,72.56,38.42,72.64,89.43,7.85,14.9,65.6,Excellent
STU002503,Aditya Chatterjee,CSE,B.Tech,3,5,A,21,81.94,75.52,28.33,59.39,82.12,7.99,24.26,64.46,Good
STU002504,Isha Rao,IT,B.Tech,3,5,B,21,76.4,74.9,36.66,65.2,73.57,7.86,21.62,77.0,Good
STU002505,Aarav Pillai,IT,B.Tech,4,7,B,21,91.07,75.11,38.13,56.11,74.74,7.58,22.0,70.7,Good
STU002506,Krishna Krishnan,IT,B.Tech,1,2,D,19,79.63,73.86,30.08,64.96,79.05,7.86,17.24,76.96,Good
STU002507,Shreya Chatterjee,Civil,B.Tech,1,1,C,20,72.3,81.14,31.39,54.61,84.78,7.97,24.64,77.73,Average
STU002508,Kavya Sharma,Mechanical,B.Tech,3,5,D,22,84.82,62.84,32.05,68.55,69.47,7.95,16.17,76.42,Average
STU002509,Riya Reddy,ECE,B.Tech,1,2,D,19,74.42,61.07,34.51,53.55,56.23,7.26,19.87,60.76,Average
STU002510,Rahul Singh,CSE,B.Tech,3,5,A,21,76.57,73.4,30.91,61.57,68.77,7.17,20.78,80.01,Average
STU002511,Yash Mehta,ECE,B.Tech,2,3,A,21,65.85,74.03,30.93,60.01,77.03,7.13,18.53,66.38,Average
STU002512,Riya Shah,Mechanical,B.Tech,4,7,B,21,75.87,77.9,33.8,64.72,78.42,8.23,23.35,94.55,Good
STU002513,Shreya Reddy,ECE,B.Tech,3,6,C,22,64.61,64.18,26.17,56.85,66.84,7.57,18.63,66.61,At Risk
STU002514,Rohan Chatterjee,AI & DS,M.Tech,1,2,C,25,85.51,71.2,32.96,61.35,63.96,7.66,24.29,73.82,Average
STU002515,Sai Iyer,EEE,B.Tech,2,3,B,21,69.24,62.21,35.03,48.02,59.5,6.81,16.79,61.93,Average
STU002516,Vikram Joshi,IT,B.Tech,1,2,B,20,85.98,67.84,36.29,51.79,67.02,7.96,16.93,75.82,Average
STU002517,Isha Menon,Mechanical,B.Tech,3,6,C,20,71.65,51.5,24.04,41.67,55.37,7.2,9.14,70.28,Average
STU002518,Ananya Krishnan,Mechanical,B.Tech,3,5,C,20,91.61,61.51,27.89,59.41,54.34,8.22,20.65,73.74,At Risk
STU002519,Nisha Gupta,Mechanical,B.Tech,2,3,C,19,81.54,86.32,39.65,69.49,72.15,7.86,23.65,66.84,Good
STU002520,Tanvi Pillai,CSE,B.Tech,4,8,C,23,97.22,75.49,28.11,63.41,73.6,7.85,26.97,95.57,Good
STU002521,Yash Krishnan,ECE,B.Tech,1,1,B,19,78.75,76.14,37.8,64.81,82.25,8.72,18.46,77.32,Good
STU002522,Krishna Reddy,CSE,B.Tech,1,1,A,18,77.33,68.94,33.26,70.83,73.8,8.73,17.21,78.81,Good
STU002523,Karan Reddy,EEE,B.Tech,4,7,A,22,80.02,59.98,28.44,44.81,66.36,7.47,18.89,68.52,Average
STU002524,Sai Das,ECE,B.Tech,4,8,C,21,59.95,59.46,28.76,46.78,63.13,7.88,18.06,76.95,At Risk
STU002525,Nisha Nair,EEE,B.Tech,3,6,C,20,81.93,81.54,35.94,68.94,85.07,9.89,25.25,73.93,Excellent
STU002526,Aditi Shah,IT,B.Tech,1,2,C,19,85.97,72.29,33.5,60.79,70.44,7.8,21.63,79.49,Good
STU002527,Manish Joshi,ECE,B.Tech,2,4,A,19,71.05,73.5,32.94,62.87,73.35,8.3,17.2,68.71,Average
STU002528,Varun Mishra,AI & DS,B.Tech,2,4,A,19,92.54,78.86,42.13,63.28,73.3,8.25,23.08,80.89,Good
STU002529,Kavya Mehta,CSE,B.Tech,4,8,D,22,91.57,66.28,28.4,53.28,71.16,7.2,21.05,75.45,Good
STU002530,Kavya Nair,Civil,B.Tech,2,3,D,21,84.92,63.23,30.43,69.76,74.25,8.63,16.77,87.57,Good
STU002531,Karan Gupta,Civil,B.Tech,2,4,A,21,90.47,61.42,26.73,59.18,64.77,7.8,23.15,79.46,Average
STU002532,Kavya Bose,ECE,M.Tech,2,4,D,26,74.98,70.07,33.12,66.41,70.56,7.09,18.21,72.73,Average
STU002533,Shreya Pillai,Mechanical,M.Tech,1,2,A,24,64.81,72.03,33.86,53.21,65.57,7.93,13.56,66.78,At Risk
STU002534,Meera Shah,CSE,B.Tech,3,6,C,20,81.95,68.86,37.47,60.92,64.92,8.1,15.09,71.98,Average
STU002535,Yash Chatterjee,CSE,B.Tech,3,6,A,20,68.88,69.89,28.51,63.74,73.29,8.28,18.58,67.75,Average
STU002536,Krishna Mehta,Mechanical,B.Tech,4,8,A,23,92.95,84.09,36.89,60.32,83.05,7.51,23.12,78.67,Good
STU002537,Kavya Gupta,CSE,B.Tech,1,2,A,19,83.96,78.86,35.95,66.76,81.3,8.72,18.36,87.16,Good
STU002538,Tanvi Menon,IT,B.Tech,2,4,D,19,67.99,78.64,35.37,68.31,70.9,8.22,23.47,63.23,Average
STU002539,Pooja Patel,IT,B.Tech,1,1,D,20,73.46,83.2,38.73,70.3,75.58,7.63,20.71,92.75,Average
STU002540,Sneha Mishra,Civil,B.Tech,4,7,A,21,73.87,74.46,33.08,66.68,67.29,7.94,23.01,70.04,Average
STU002541,Ishaan Verma,ECE,B.Tech,3,6,C,20,80.91,69.28,33.82,57.34,67.12,6.98,21.12,67.83,Average
STU002542,Surya Bose,Mechanical,B.Tech,3,5,B,22,80.57,63.62,30.91,68.72,71.4,7.17,17.32,68.06,Good
STU002543,Aarav Verma,EEE,B.Tech,3,6,A,22,87.83,67.73,28.49,50.96,52.77,7.71,20.82,90.71,At Risk
STU002544,Diya Kumar,CSE,B.Tech,1,2,D,20,79.6,83.58,37.8,85.2,73.25,9.77,24.14,82.4,Good
STU002545,Ishaan Bose,Mechanical,B.Tech,1,2,C,20,73.53,74.23,30.47,62.09,75.13,7.7,21.81,69.88,Average
STU002546,Aditya Chatterjee,ECE,B.Tech,1,2,B,20,79.2,80.76,34.03,72.04,78.52,8.07,25.65,78.91,Good
STU002547,Krishna Singh,ECE,B.Tech,2,3,B,19,86.66,81.4,34.18,77.05,85.49,7.8,27.02,87.03,Excellent
STU002548,Rahul Iyer,IT,B.Tech,4,7,D,23,87.46,64.25,30.96,65.83,71.15,8.43,22.26,76.97,Good
STU002549,Sanjay Sharma,AI & DS,B.Tech,4,8,A,21,84.39,79.14,34.83,62.83,72.5,7.83,18.8,71.13,Good
STU002550,Akash Joshi,EEE,M.Tech,2,4,D,23,78.55,65.65,30.84,56.21,82.91,7.37,22.87,73.23,Good
STU002551,Aryan Mishra,EEE,M.Tech,2,3,C,23,88.3,70.8,32.07,62.02,70.95,7.71,24.39,76.64,Good
STU002552,Riya Iyer,CSE,B.Tech,2,3,D,21,85.44,74.2,34.47,68.08,81.55,8.27,19.9,85.81,Good
STU002553,Manish Patel,EEE,B.Tech,3,6,C,20,75.39,57.67,32.72,47.11,68.58,7.26,17.35,65.49,Average
STU002554,Aditi Joshi,CSE,B.Tech,3,6,A,20,82.85,74.65,38.69,58.32,77.17,8.55,22.71,73.32,Good
STU002555,Varun Menon,AI & DS,M.Tech,1,2,D,25,75.74,86.83,37.21,60.08,72.76,7.8,24.46,76.0,Good
STU002556,Surya Pillai,AI & DS,B.Tech,4,7,A,21,78.47,67.18,34.65,64.54,69.15,7.51,22.52,84.03,Average
STU002557,Aarav Rao,CSE,B.Tech,1,2,C,20,80.62,80.27,36.69,63.56,64.82,8.24,20.06,76.4,Average
STU002558,Yash Rao,CSE,M.Tech,2,4,B,24,97.79,81.39,35.74,57.49,84.26,8.18,21.87,92.02,Good
STU002559,Meera Bose,Mechanical,M.Tech,2,3,D,23,84.06,83.11,39.51,64.73,78.26,7.6,22.74,83.8,Good
STU002560,Pooja Mehta,CSE,B.Tech,1,1,C,20,83.36,82.55,42.91,66.55,87.42,8.79,20.83,79.78,Excellent
STU002561,Zoya Pillai,Mechanical,B.Tech,4,8,D,22,84.71,64.35,31.93,66.01,59.98,8.06,15.99,71.25,Average
STU002562,Pooja Rao,AI & DS,B.Tech,1,2,D,18,71.12,71.35,33.69,54.71,84.32,8.01,17.08,72.26,Average
STU002563,Pooja Joshi,ECE,B.Tech,4,8,A,21,78.97,61.58,31.12,42.5,71.6,7.55,17.29,72.51,Good
STU002564,Sai Verma,Mechanical,B.Tech,2,4,A,21,66.35,61.68,34.57,55.99,57.26,7.71,16.56,67.14,Average
STU002565,Nikhil Iyer,Mechanical,B.Tech,1,1,A,20,75.91,71.17,40.07,61.55,70.01,7.94,21.79,69.37,Good
STU002566,Aryan Mishra,CSE,B.Tech,3,6,B,20,75.85,64.11,33.77,54.66,61.39,7.05,22.4,75.63,Average
STU002567,Karan Nair,ECE,B.Tech,3,5,B,21,78.3,72.67,39.13,69.4,80.33,8.91,17.89,70.16,Good
STU002568,Surya Das,CSE,B.Tech,4,7,D,23,94.95,81.19,38.61,67.44,81.09,7.77,25.72,75.27,Good
STU002569,Sai Patel,IT,B.Tech,3,6,B,20,77.36,83.35,42.32,75.6,87.53,8.79,19.3,60.78,Good
STU002570,Isha Patel,AI & DS,B.Tech,1,1,C,20,86.8,75.72,34.01,77.75,80.82,7.97,25.25,78.92,Good
STU002571,Karan Bose,ECE,B.Tech,4,8,A,22,80.93,83.56,36.66,74.08,86.5,8.3,22.8,72.87,Excellent
STU002572,Vikram Das,ECE,B.Tech,4,7,A,21,82.28,87.49,39.7,83.13,92.49,8.68,27.03,82.12,Excellent
STU002573,Yash Pillai,CSE,B.Tech,4,7,C,23,75.14,74.5,37.02,71.12,58.1,8.28,16.75,80.57,Average
STU002574,Vikram Mishra,ECE,B.Tech,1,2,A,18,64.1,69.26,32.23,68.48,73.32,7.58,24.32,65.28,At Risk
STU002575,Aryan Mehta,AI & DS,B.Tech,1,1,B,20,69.85,67.5,32.93,62.61,66.75,7.17,18.33,68.42,Average
STU002576,Aditya Rao,Mechanical,B.Tech,3,6,B,21,91.17,71.09,38.73,60.76,69.25,7.87,24.35,80.1,Average
STU002577,Isha Chatterjee,ECE,B.Tech,1,2,D,20,83.29,67.3,29.45,46.21,66.34,8.04,17.88,73.26,Average
STU002578,Sneha Sharma,Mechanical,B.Tech,1,1,B,18,82.99,70.57,29.17,60.35,76.02,7.85,22.18,82.88,Good
STU002579,Rohan Iyer,AI & DS,B.Tech,3,6,A,20,85.01,74.08,36.14,76.12,88.41,7.95,21.84,68.05,Excellent
STU002580,Rohan Mishra,CSE,B.Tech,2,3,A,19,88.78,73.49,32.0,60.48,80.14,7.87,23.05,71.65,Good
STU002581,Zoya Bose,IT,B.Tech,4,7,D,22,95.08,65.29,34.9,67.83,84.75,8.9,18.99,73.7,Good
STU002582,Sneha Mehta,ECE,B.Tech,3,6,B,22,72.83,71.88,29.57,64.08,64.94,7.57,17.5,63.03,Average
STU002583,Nisha Mishra,EEE,B.Tech,1,1,C,20,97.28,75.41,34.05,53.17,77.62,8.01,21.88,95.08,Good
STU002584,Ishaan Shah,Civil,B.Tech,1,2,D,18,68.92,75.91,39.23,64.12,77.3,7.91,17.71,71.89,Average
STU002585,Ishaan Rao,IT,B.Tech,3,5,B,21,77.65,72.19,29.64,60.78,60.82,8.03,17.7,63.03,Average
STU002586,Nikhil Sharma,CSE,B.Tech,1,1,A,20,86.11,65.2,30.48,46.44,61.26,8.18,16.12,70.62,Average
STU002587,Yash Menon,EEE,B.Tech,2,3,C,19,72.66,64.24,33.19,61.1,62.09,8.37,21.75,68.43,Average
STU002588,Sneha Verma,CSE,B.Tech,3,5,B,20,92.75,64.84,29.46,64.46,75.89,6.99,27.88,94.2,Good
STU002589,Rohan Das,Civil,M.Tech,1,1,D,22,95.85,75.4,36.23,69.18,64.8,8.75,21.98,87.01,Average
STU002590,Bhavya Bose,AI & DS,B.Tech,4,7,C,23,90.85,77.66,37.46,74.81,90.3,8.48,20.01,81.98,Excellent
STU002591,Surya Joshi,Mechanical,B.Tech,4,7,A,22,72.59,72.83,33.71,54.54,81.93,7.45,18.17,59.56,Average
STU002592,Meera Das,AI & DS,B.Tech,1,1,D,19,92.59,60.36,27.81,53.77,53.8,7.76,24.62,77.84,At Risk
STU002593,Karan Rao,Mechanical,B.Tech,2,3,C,19,64.76,61.95,34.75,56.01,65.24,7.58,19.36,64.89,At Risk
STU002594,Sanjay Krishnan,CSE,B.Tech,4,8,A,23,71.1,68.22,32.27,59.54,66.08,7.56,16.12,70.29,Average
STU002595,Pooja Singh,CSE,B.Tech,1,2,B,18,72.01,73.23,35.91,68.52,84.32,7.59,25.57,87.98,Average
STU002596,Isha Verma,CSE,B.Tech,1,2,B,19,84.73,76.19,45.13,68.97,88.71,7.88,23.45,78.37,Excellent
STU002597,Rahul Joshi,AI & DS,B.Tech,4,8,B,23,74.66,84.09,43.04,92.94,96.44,9.46,28.59,75.49,Average
STU002598,Tanvi Iyer,ECE,B.Tech,4,8,A,23,86.23,67.25,36.78,59.41,73.61,8.32,19.96,88.97,Good
STU002599,Arjun Nair,Civil,B.Tech,3,5,D,20,85.43,83.84,33.58,78.24,80.47,8.34,26.26,84.22,Good
STU002600,Varun Nair,ECE,B.Tech,1,1,C,20,67.59,82.51,38.31,71.62,75.0,8.79,24.02,73.06,Average
STU002601,Shreya Gupta,IT,B.Tech,2,4,A,20,88.48,76.35,31.16,67.05,68.66,7.96,24.28,73.0,Average
STU002602,Nisha Patel,ECE,B.Tech,1,2,C,20,89.29,72.44,29.2,58.46,74.35,7.16,24.98,77.96,Good
STU002603,Sneha Kumar,CSE,B.Tech,2,3,C,20,82.52,79.16,39.47,62.52,63.01,8.14,19.42,78.92,Average
STU002604,Rahul Kumar,ECE,B.Tech,2,3,C,21,90.28,87.25,38.08,74.91,96.53,8.35,25.99,92.92,Excellent
STU002605,Nisha Singh,IT,B.Tech,3,6,D,22,86.76,75.51,35.07,64.5,87.51,8.25,22.72,69.95,Excellent
STU002606,Nisha Joshi,ECE,B.Tech,4,7,D,21,80.61,76.49,33.36,63.9,96.73,8.88,26.56,82.98,Excellent
STU002607,Krishna Chatterjee,Civil,B.Tech,3,6,C,22,77.25,61.2,30.47,54.96,62.92,7.9,16.49,63.46,Average
STU002608,Sanjay Mishra,AI & DS,B.Tech,3,6,B,21,84.6,73.85,36.78,68.89,83.84,7.89,26.09,69.17,Good
STU002609,Varun Das,AI & DS,B.Tech,3,6,D,22,64.49,57.56,32.5,60.44,60.85,7.77,18.65,77.91,At Risk
STU002610,Manish Gupta,EEE,B.Tech,3,6,A,22,79.91,65.57,30.63,61.48,77.27,7.22,15.35,70.65,Good
STU002611,Aditi Sharma,IT,B.Tech,3,6,A,21,79.51,74.86,36.02,63.59,68.39,8.17,20.84,74.92,Average
STU002612,Kavya Chatterjee,CSE,B.Tech,1,2,A,20,87.52,65.65,22.01,59.86,74.76,7.46,17.38,86.13,Good
STU002613,Rahul Shah,CSE,B.Tech,4,7,C,22,86.55,74.47,30.56,69.5,67.35,7.59,26.82,87.21,Average
STU002614,Nikhil Bose,AI & DS,B.Tech,1,2,C,20,76.23,64.14,26.12,53.86,56.56,7.03,17.93,71.49,Average
STU002615,Vikram Iyer,CSE,B.Tech,2,3,D,19,69.61,67.55,36.18,47.75,51.55,7.51,16.14,74.5,At Risk
STU002616,Arjun Sharma,ECE,B.Tech,1,2,D,18,72.54,67.48,29.21,49.25,56.08,7.31,13.31,63.22,Average
STU002617,Meera Joshi,ECE,M.Tech,1,2,B,23,71.24,83.2,35.66,60.82,85.94,8.4,11.58,64.66,Average
STU002618,Isha Singh,ECE,B.Tech,1,2,B,20,80.73,65.27,29.07,59.24,68.64,7.23,24.9,86.66,Average
STU002619,Diya Pillai,ECE,B.Tech,2,4,A,19,72.58,71.48,31.62,54.28,56.68,7.98,22.16,68.29,Average
STU002620,Pooja Krishnan,IT,B.Tech,3,6,A,22,86.96,72.45,44.4,81.97,71.2,8.31,22.96,79.09,Good
STU002621,Sanjay Rao,Mechanical,B.Tech,3,5,B,21,86.39,85.93,36.22,74.97,77.38,7.3,22.48,80.87,Good
STU002622,Aryan Das,AI & DS,B.Tech,3,5,B,22,84.68,79.33,36.66,71.21,84.62,7.69,25.54,70.51,Good
STU002623,Akash Singh,ECE,B.Tech,1,2,C,19,71.47,72.46,33.17,60.23,67.43,8.46,16.66,66.79,Average
STU002624,Tanvi Kumar,EEE,B.Tech,1,2,D,18,72.9,78.14,36.82,69.41,77.21,8.3,20.74,91.36,Average
STU002625,Rahul Joshi,CSE,B.Tech,2,4,A,20,87.24,61.72,30.97,60.94,69.08,7.91,17.46,86.85,Average
STU002626,Ananya Rao,EEE,B.Tech,2,3,C,20,78.78,80.19,35.42,49.99,64.39,8.43,20.28,64.13,Average
STU002627,Zoya Shah,ECE,M.Tech,2,3,D,24,85.05,70.04,31.45,56.93,73.94,8.28,16.23,62.26,Good
STU002628,Ananya Iyer,ECE,B.Tech,3,5,A,21,92.78,68.25,29.01,70.78,65.12,8.45,17.86,83.44,Average
STU002629,Rahul Mehta,AI & DS,B.Tech,3,6,D,21,73.01,70.43,32.45,62.7,69.17,8.25,18.8,79.94,Average
STU002630,Isha Menon,ECE,B.Tech,4,8,B,23,80.27,76.95,30.62,67.9,83.15,7.73,23.95,69.39,Good
STU002631,Vikram Gupta,AI & DS,B.Tech,2,4,C,19,94.56,75.62,42.25,75.66,85.45,8.8,24.18,90.7,Excellent
STU002632,Manish Verma,EEE,B.Tech,1,1,A,20,88.96,79.14,33.5,72.74,92.26,8.06,26.24,75.07,Excellent
STU002633,Aarav Bose,ECE,B.Tech,1,1,C,20,83.81,67.03,32.77,62.96,70.31,8.05,18.83,77.07,Good
STU002634,Aryan Patel,Mechanical,B.Tech,1,1,C,20,72.24,71.26,36.49,69.97,73.97,7.98,17.2,76.99,Average
STU002635,Pooja Joshi,AI & DS,B.Tech,3,5,A,22,86.37,62.89,29.43,52.96,65.19,7.46,17.18,72.58,Average
STU002636,Vikram Krishnan,EEE,B.Tech,1,2,C,20,90.3,68.61,30.52,65.48,85.88,8.91,21.16,81.29,Excellent
STU002637,Shreya Sharma,ECE,B.Tech,1,1,A,19,75.4,69.88,22.53,71.06,68.13,7.12,22.03,84.35,Average
STU002638,Sanjay Bose,IT,B.Tech,1,1,C,20,74.66,75.46,35.74,58.63,67.23,8.51,22.43,79.39,Average
STU002639,Nikhil Chatterjee,Civil,B.Tech,2,3,A,20,61.84,69.49,33.29,49.34,60.11,8.32,13.05,72.02,At Risk
STU002640,Shreya Bose,CSE,B.Tech,2,3,A,20,79.96,71.74,30.9,64.73,85.29,8.29,27.0,75.46,Good
STU002641,Arjun Singh,CSE,M.Tech,2,4,C,25,78.78,70.32,34.17,66.54,67.44,8.87,17.74,79.05,Average
STU002642,Krishna Kumar,Mechanical,B.Tech,4,8,A,21,77.48,65.9,26.79,65.34,54.53,8.01,14.7,70.9,At Risk
STU002643,Aditya Pillai,CSE,B.Tech,3,6,D,22,73.28,74.97,34.92,69.85,71.06,8.35,20.48,77.27,Average
STU002644,Aryan Shah,Mechanical,B.Tech,2,4,A,21,69.35,77.6,34.35,65.24,86.26,8.41,18.12,70.98,Average
STU002645,Aryan Mishra,IT,B.Tech,4,8,C,21,90.73,84.29,37.74,73.14,88.9,8.12,24.8,78.89,Excellent
STU002646,Arjun Mishra,CSE,B.Tech,2,4,D,19,81.44,65.6,35.13,55.4,65.45,7.65,22.92,72.78,Average
STU002647,Pooja Mehta,CSE,B.Tech,3,6,D,20,76.54,72.12,28.68,49.17,57.11,7.96,21.46,74.71,Average
STU002648,Rohan Kumar,CSE,B.Tech,4,8,A,23,81.2,76.19,30.14,54.52,76.19,8.0,22.37,76.22,Good
STU002649,Riya Sharma,AI & DS,B.Tech,2,4,B,21,77.98,70.33,32.72,60.67,56.25,8.05,19.17,78.02,Average
STU002650,Pooja Mishra,EEE,B.Tech,1,1,C,20,81.95,65.71,36.73,53.48,56.72,7.56,20.78,77.55,Average
STU002651,Sanjay Mishra,AI & DS,B.Tech,2,4,C,20,84.96,68.55,29.48,53.31,75.69,6.65,18.31,72.17,Good
STU002652,Aditi Gupta,AI & DS,B.Tech,3,5,C,20,90.71,79.84,38.98,68.29,80.51,8.46,21.47,81.66,Good
STU002653,Diya Das,CSE,B.Tech,3,6,B,20,73.39,71.33,36.39,65.26,81.16,8.22,16.34,69.6,Average
STU002654,Yash Nair,Mechanical,M.Tech,2,4,C,24,97.7,85.22,41.55,81.02,87.6,10.0,25.41,92.28,Excellent
STU002655,Zoya Das,CSE,M.Tech,2,4,D,23,65.14,77.91,34.43,68.24,81.55,7.6,22.05,76.97,Average
STU002656,Arjun Pillai,CSE,M.Tech,1,2,C,22,75.18,73.86,33.17,61.56,76.99,7.87,18.47,67.19,Good
STU002657,Nisha Menon,EEE,B.Tech,3,6,A,22,61.09,63.52,26.59,66.75,60.46,6.94,19.75,62.19,At Risk
STU002658,Vikram Iyer,EEE,B.Tech,2,3,A,19,70.22,62.17,35.49,60.16,72.69,7.43,18.21,60.55,Average
STU002659,Vikram Singh,Mechanical,B.Tech,1,1,B,18,95.9,72.79,35.52,57.97,64.86,8.16,16.78,77.95,Average
STU002660,Zoya Iyer,CSE,B.Tech,2,3,B,21,86.91,73.53,37.36,68.27,78.68,8.52,18.39,77.08,Good
STU002661,Nisha Rao,IT,B.Tech,2,3,D,20,92.29,89.45,38.4,75.0,90.35,9.19,20.64,87.27,Excellent
STU002662,Akash Iyer,EEE,B.Tech,1,1,A,19,94.67,62.33,31.24,63.86,73.55,7.37,23.35,78.75,Good
STU002663,Aditya Sharma,Civil,B.Tech,3,5,A,21,77.65,67.6,34.95,60.11,72.11,7.78,19.64,66.37,Good
STU002664,Nisha Joshi,CSE,B.Tech,3,5,B,21,59.26,53.27,27.27,53.28,46.53,6.62,18.23,59.88,At Risk
STU002665,Aditya Kumar,ECE,B.Tech,2,4,A,19,93.51,85.2,37.59,74.37,85.42,7.95,24.55,97.05,Excellent
STU002666,Isha Verma,IT,B.Tech,1,2,B,19,77.0,80.02,32.83,75.08,96.46,8.72,22.8,69.16,Good
STU002667,Sai Rao,AI & DS,B.Tech,4,7,C,23,77.66,62.65,27.77,62.62,75.38,8.24,22.69,79.13,Good
STU002668,Nisha Joshi,CSE,M.Tech,2,4,D,25,74.1,59.97,30.35,49.5,53.4,7.32,20.64,80.71,At Risk
STU002669,Arjun Chatterjee,IT,B.Tech,2,4,B,20,81.95,63.32,29.92,56.72,71.77,7.9,16.74,70.14,Good
STU002670,Sanjay Menon,Civil,M.Tech,2,4,C,24,74.1,78.0,37.35,68.87,72.62,7.61,13.88,72.25,Average
STU002671,Aditi Pillai,IT,B.Tech,3,5,C,20,85.1,77.72,36.7,56.82,74.79,8.12,19.53,71.95,Good
STU002672,Pooja Menon,Civil,B.Tech,3,5,B,22,82.07,59.5,28.71,55.12,66.66,7.35,19.11,69.37,Average
STU002673,Varun Pillai,EEE,B.Tech,1,1,D,18,69.86,62.12,25.83,58.72,49.38,7.09,22.69,65.63,At Risk
STU002674,Aryan Iyer,Civil,B.Tech,4,8,B,22,94.35,69.86,36.18,73.99,78.22,8.32,22.84,68.96,Good
STU002675,Ishaan Chatterjee,Civil,B.Tech,2,4,D,20,83.24,66.42,36.51,55.53,63.92,7.06,17.49,78.26,Average
STU002676,Aditi Reddy,IT,B.Tech,4,8,A,22,65.64,81.34,36.23,62.39,77.69,7.6,18.97,76.59,Average
STU002677,Manish Nair,AI & DS,B.Tech,3,6,D,22,83.36,71.53,35.7,76.91,80.74,8.56,23.32,78.59,Good
STU002678,Akash Krishnan,Mechanical,B.Tech,3,6,A,20,88.8,60.4,28.03,51.42,74.42,7.87,17.99,73.3,Good
STU002679,Varun Mishra,ECE,B.Tech,2,3,A,19,73.71,78.01,38.57,87.5,89.84,8.71,18.23,71.85,Average
STU002680,Meera Das,AI & DS,B.Tech,4,8,B,21,85.9,79.97,37.31,64.23,78.1,8.11,21.02,80.31,Good
STU002681,Aditya Iyer,CSE,B.Tech,1,2,B,18,72.74,80.16,33.84,59.67,86.04,8.47,23.08,70.23,Average
STU002682,Bhavya Rao,IT,B.Tech,1,1,B,20,78.93,68.08,33.79,76.01,82.21,8.69,21.32,65.06,Good
STU002683,Varun Nair,EEE,B.Tech,4,8,B,21,87.43,67.93,32.28,61.03,69.17,7.62,18.08,83.39,Average
STU002684,Ishaan Verma,CSE,B.Tech,4,8,C,21,75.56,70.82,26.85,70.19,82.91,8.12,20.18,92.92,Good
STU002685,Sanjay Menon,Civil,B.Tech,1,1,D,20,83.05,85.66,37.69,73.54,86.55,8.44,20.75,72.35,Excellent
STU002686,Meera Iyer,CSE,B.Tech,3,5,D,22,80.91,71.91,33.84,61.2,66.45,7.65,19.04,74.43,Average
STU002687,Tanvi Singh,Mechanical,B.Tech,4,7,C,22,94.57,68.47,32.37,63.05,65.98,7.22,20.43,76.44,Average
STU002688,Ananya Patel,CSE,B.Tech,4,7,D,22,81.51,67.8,31.52,56.68,60.11,7.86,18.5,79.19,Average
STU002689,Meera Das,AI & DS,B.Tech,1,1,C,19,76.98,81.89,37.66,57.35,84.4,9.26,16.48,59.77,Good
STU002690,Riya Gupta,CSE,B.Tech,2,3,B,21,80.92,71.72,27.61,61.97,62.89,8.23,18.07,86.12,Average
STU002691,Ishaan Iyer,Mechanical,B.Tech,3,6,C,21,68.22,71.33,31.94,63.54,61.98,7.9,20.59,73.9,Average
STU002692,Krishna Joshi,Civil,B.Tech,4,7,C,23,92.39,71.84,31.15,66.86,66.18,6.92,22.84,81.97,Average
STU002693,Aarav Iyer,AI & DS,B.Tech,2,4,D,21,75.88,81.05,36.37,66.41,86.57,8.01,15.81,66.44,Good
STU002694,Shreya Nair,CSE,B.Tech,4,7,A,21,88.84,78.64,38.63,69.46,72.36,8.32,19.86,67.93,Good
STU002695,Sanjay Sharma,CSE,B.Tech,3,6,A,22,80.08,80.24,37.72,59.11,68.47,9.0,18.59,87.55,Average
STU002696,Manish Nair,AI & DS,B.Tech,2,4,A,20,93.71,85.45,43.43,84.77,92.6,8.57,23.01,85.19,Excellent
STU002697,Varun Shah,Mechanical,B.Tech,3,5,C,22,90.76,74.74,38.07,72.09,86.09,7.86,21.25,77.2,Excellent
STU002698,Karan Shah,Mechanical,B.Tech,1,2,B,19,67.4,87.3,28.42,67.42,83.67,7.58,26.65,74.85,Average
STU002699,Diya Krishnan,Mechanical,B.Tech,2,4,C,20,67.96,66.31,25.85,66.04,73.26,7.8,18.44,52.01,Average
STU002700,Rahul Verma,Mechanical,B.Tech,3,6,C,21,70.08,72.05,25.31,48.8,68.22,7.24,18.08,70.53,Average
STU002701,Yash Das,Civil,B.Tech,2,4,C,20,83.96,73.11,35.95,56.85,66.23,7.64,15.36,79.17,Average
STU002702,Rohan Singh,ECE,B.Tech,3,6,A,22,92.02,65.48,34.14,61.08,65.67,7.56,16.71,64.54,Average
STU002703,Zoya Kumar,IT,B.Tech,1,2,B,20,75.31,61.24,27.9,58.96,77.98,8.19,16.29,63.56,Good
STU002704,Surya Nair,CSE,B.Tech,2,3,D,20,83.36,75.99,36.45,66.87,83.78,8.75,20.15,77.98,Good
STU002705,Krishna Joshi,IT,B.Tech,2,4,A,20,91.04,70.69,33.09,58.66,81.5,7.49,26.68,76.12,Good
STU002706,Kavya Iyer,IT,B.Tech,1,2,C,19,84.87,65.6,32.76,52.84,73.19,7.77,19.28,81.85,Good
STU002707,Diya Patel,ECE,B.Tech,1,2,D,20,79.25,62.96,31.15,58.21,75.47,7.51,14.34,75.3,Good
STU002708,Pooja Reddy,Mechanical,B.Tech,3,6,D,21,77.49,72.55,30.61,55.09,81.82,8.04,19.61,67.6,Good
STU002709,Aarav Singh,ECE,B.Tech,2,4,A,19,82.6,69.28,39.28,69.88,78.88,7.88,19.77,80.8,Good
STU002710,Varun Singh,Mechanical,B.Tech,2,4,C,21,69.59,67.5,33.55,60.01,67.23,8.09,17.09,62.42,Average
STU002711,Varun Mishra,Civil,B.Tech,4,8,C,23,79.43,60.04,29.61,49.91,71.0,7.79,19.37,70.83,Good
STU002712,Kavya Patel,ECE,B.Tech,3,5,C,22,76.96,76.43,41.12,74.24,72.05,8.5,20.9,59.61,Good
STU002713,Sai Sharma,AI & DS,B.Tech,4,7,A,22,91.28,64.61,35.04,67.26,67.14,8.26,15.83,77.83,Average
STU002714,Nikhil Reddy,ECE,B.Tech,2,3,A,19,82.0,69.8,28.73,59.07,72.07,6.9,26.19,73.19,Good
STU002715,Zoya Iyer,CSE,B.Tech,3,6,D,22,78.58,69.97,30.92,56.5,63.96,7.68,24.02,70.24,Average
STU002716,Aryan Shah,AI & DS,B.Tech,1,2,B,20,82.41,72.8,33.81,49.53,66.56,6.91,20.72,85.4,Average
STU002717,Rahul Chatterjee,AI & DS,B.Tech,1,1,C,20,70.0,63.35,26.29,59.66,68.99,7.48,21.73,72.09,Average
STU002718,Vikram Rao,Civil,B.Tech,2,4,A,21,74.54,86.81,40.06,79.97,100,8.41,20.64,68.8,Average
STU002719,Diya Verma,EEE,B.Tech,3,6,D,22,71.97,64.33,31.63,73.42,77.72,8.12,23.74,72.63,Average
STU002720,Kavya Rao,ECE,B.Tech,3,6,B,21,75.99,63.04,32.45,70.95,53.77,6.88,20.29,79.3,At Risk
STU002721,Riya Rao,CSE,B.Tech,1,2,C,18,93.64,63.34,31.96,55.4,63.25,7.27,26.15,66.26,Average
STU002722,Krishna Reddy,Mechanical,B.Tech,1,1,B,18,74.13,67.32,34.84,72.22,73.04,7.9,24.34,74.91,Average
STU002723,Rahul Reddy,AI & DS,B.Tech,4,7,D,21,84.06,71.49,30.58,63.26,69.82,7.35,21.67,71.8,Average
STU002724,Isha Patel,CSE,B.Tech,2,3,A,19,80.41,59.61,26.75,57.15,58.0,7.52,20.62,59.9,Average
STU002725,Kavya Bose,Civil,B.Tech,1,2,B,20,84.44,83.13,36.94,73.98,77.25,8.34,20.51,92.28,Good
STU002726,Zoya Kumar,ECE,B.Tech,1,2,A,20,74.64,73.54,31.39,56.96,75.39,8.46,19.31,70.52,Average
STU002727,Vikram Pillai,Mechanical,M.Tech,1,2,A,22,95.11,73.19,31.45,60.47,61.22,8.2,18.75,85.46,Average
STU002728,Akash Mehta,ECE,M.Tech,2,3,D,25,87.63,68.48,31.62,73.74,79.94,8.57,22.14,77.22,Good
STU002729,Tanvi Krishnan,EEE,M.Tech,1,2,A,24,82.46,86.42,42.64,69.1,84.55,9.34,21.53,76.23,Good
STU002730,Isha Patel,IT,M.Tech,2,4,A,23,77.34,84.16,31.21,67.11,81.28,8.43,25.3,71.15,Good
STU002731,Aditi Krishnan,Mechanical,M.Tech,2,4,B,24,82.54,80.32,32.47,53.84,75.68,7.51,26.97,83.28,Good
STU002732,Kavya Verma,AI & DS,M.Tech,1,1,C,22,73.56,71.72,30.36,59.87,71.98,8.53,18.69,73.36,Average
STU002733,Sanjay Singh,AI & DS,B.Tech,1,1,B,20,88.69,69.43,32.83,67.32,65.33,8.07,14.27,72.72,Average
STU002734,Karan Singh,IT,B.Tech,1,2,C,20,82.92,77.07,33.58,64.81,84.49,8.61,22.21,70.83,Good
STU002735,Ananya Mishra,Civil,B.Tech,2,4,C,19,65.87,69.47,31.69,67.58,70.49,8.9,22.49,75.42,Average
STU002736,Rohan Sharma,Civil,B.Tech,3,6,B,22,85.26,87.5,40.64,81.03,90.8,7.95,24.26,93.83,Excellent
STU002737,Riya Reddy,Mechanical,B.Tech,4,8,B,21,85.73,87.48,41.23,64.76,61.84,7.9,20.04,89.23,Average
STU002738,Varun Pillai,EEE,B.Tech,4,8,C,22,85.19,56.53,25.63,49.97,43.72,6.62,24.44,68.16,At Risk
STU002739,Aarav Mishra,AI & DS,B.Tech,4,8,D,23,87.74,69.93,33.86,56.33,80.3,7.05,17.55,70.89,Good
STU002740,Zoya Pillai,EEE,B.Tech,2,3,D,21,58.5,72.11,33.11,68.03,72.12,7.94,19.53,64.91,At Risk
STU002741,Kavya Menon,EEE,B.Tech,3,5,C,21,66.86,72.72,29.53,51.98,67.77,7.98,16.43,68.92,Average
STU002742,Yash Mehta,CSE,B.Tech,2,4,D,20,65.31,72.55,28.96,63.27,64.44,7.67,17.88,85.9,Average
STU002743,Sneha Rao,IT,B.Tech,2,3,D,21,84.69,72.31,34.2,67.56,76.33,7.62,21.41,81.05,Good
STU002744,Ishaan Gupta,Mechanical,B.Tech,3,6,C,22,73.66,73.8,32.98,71.38,73.81,8.75,18.86,72.66,Average
STU002745,Meera Chatterjee,ECE,B.Tech,2,4,A,21,66.57,62.55,30.18,60.67,78.9,8.15,21.7,71.26,Average
STU002746,Sneha Pillai,EEE,B.Tech,4,8,B,23,71.73,74.41,30.28,65.68,84.58,8.12,21.56,60.44,Average
STU002747,Meera Mishra,EEE,B.Tech,3,6,B,21,82.45,63.63,27.43,64.98,68.25,7.63,18.85,70.03,Average
STU002748,Sai Patel,ECE,B.Tech,3,6,A,20,88.11,69.81,34.56,49.9,59.79,8.19,20.62,79.42,Average
STU002749,Manish Chatterjee,ECE,B.Tech,2,3,D,21,63.14,77.27,30.34,60.67,77.52,8.44,23.1,79.89,At Risk
STU002750,Isha Gupta,ECE,B.Tech,1,2,D,19,80.79,68.18,36.73,62.48,82.9,8.47,22.11,78.43,Good
STU002751,Sneha Reddy,CSE,B.Tech,2,4,C,19,87.18,81.53,37.35,67.24,81.16,8.04,21.57,82.76,Good
STU002752,Aditya Sharma,CSE,B.Tech,1,1,C,18,74.68,76.97,30.07,63.86,69.64,7.31,22.37,71.9,Average
STU002753,Nisha Verma,ECE,B.Tech,3,6,C,22,82.67,50.91,29.84,58.04,56.79,7.84,19.62,58.13,Average
STU002754,Pooja Chatterjee,Mechanical,M.Tech,1,1,C,22,73.41,75.7,25.1,51.44,86.93,7.68,25.22,72.65,Average
STU002755,Aditya Sharma,EEE,B.Tech,1,1,D,19,85.02,67.28,27.88,59.82,75.61,8.06,23.62,71.29,Good
STU002756,Aditya Verma,CSE,B.Tech,4,7,A,23,83.93,80.75,34.67,57.35,71.94,7.4,22.47,72.21,Good
STU002757,Arjun Joshi,CSE,B.Tech,4,8,D,21,83.6,66.49,28.98,46.96,54.82,7.88,25.87,72.31,At Risk
STU002758,Rahul Gupta,AI & DS,B.Tech,3,6,B,22,69.38,79.69,38.27,70.72,72.11,8.4,21.32,70.57,Average
STU002759,Tanvi Chatterjee,Mechanical,B.Tech,3,6,D,21,84.76,63.83,37.65,54.44,68.51,8.04,19.39,76.47,Average
STU002760,Aditi Mehta,AI & DS,B.Tech,4,8,A,22,75.54,72.01,33.08,61.35,74.3,8.44,24.88,81.93,Good
STU002761,Aarav Menon,EEE,B.Tech,2,4,C,20,77.22,74.88,34.97,56.34,68.54,8.75,23.17,75.25,Average
STU002762,Sai Pillai,ECE,B.Tech,2,4,C,21,81.86,81.65,39.66,69.56,92.44,9.28,24.46,70.7,Excellent
STU002763,Akash Joshi,EEE,B.Tech,1,1,A,19,73.79,75.83,34.74,66.31,64.27,8.53,17.94,75.45,Average
STU002764,Sneha Iyer,AI & DS,B.Tech,4,8,D,22,88.49,74.75,33.45,64.2,70.52,8.41,16.55,79.31,Good
STU002765,Sanjay Joshi,AI & DS,B.Tech,2,4,A,20,100,57.75,37.32,48.94,55.65,7.83,19.54,84.7,Average
STU002766,Arjun Bose,Mechanical,B.Tech,4,8,B,22,58.74,62.48,26.34,56.28,73.03,7.13,19.84,66.51,At Risk
STU002767,Ananya Bose,Mechanical,M.Tech,1,2,B,22,82.61,65.06,32.72,52.46,64.66,7.19,22.49,62.56,Average
STU002768,Nikhil Joshi,CSE,B.Tech,4,8,D,21,85.13,59.71,30.3,53.12,56.55,7.11,21.1,86.7,Average
STU002769,Sneha Shah,IT,B.Tech,1,2,D,19,83.01,70.67,36.14,77.66,72.87,8.4,20.13,82.36,Good
STU002770,Akash Reddy,Mechanical,B.Tech,3,6,A,20,77.45,61.01,30.6,63.15,55.33,7.41,14.99,56.97,Average
STU002771,Bhavya Joshi,Civil,B.Tech,3,5,A,22,89.82,64.92,29.65,65.81,75.95,7.22,21.2,69.56,Good
STU002772,Ishaan Mehta,Mechanical,B.Tech,1,1,D,19,86.85,74.0,30.79,59.95,61.89,7.12,20.45,80.17,Average
STU002773,Aditya Menon,AI & DS,B.Tech,3,5,C,21,97.8,69.74,36.72,73.35,71.81,7.89,23.63,84.46,Good
STU002774,Isha Krishnan,Mechanical,B.Tech,2,4,A,21,71.5,72.66,31.2,63.46,79.55,7.18,25.55,71.81,Average
STU002775,Aarav Menon,ECE,B.Tech,3,6,C,22,79.91,73.67,37.06,69.15,58.21,7.85,18.62,80.57,Average
STU002776,Surya Krishnan,ECE,B.Tech,2,3,D,20,85.53,87.54,35.7,67.12,83.6,8.5,23.07,86.52,Good
STU002777,Kavya Chatterjee,CSE,B.Tech,3,5,B,22,83.21,72.59,35.93,67.18,92.15,8.32,19.09,77.48,Excellent
STU002778,Bhavya Reddy,ECE,B.Tech,4,8,D,23,87.36,67.3,32.47,60.97,75.03,7.18,22.82,73.92,Good
STU002779,Tanvi Reddy,ECE,B.Tech,3,5,A,21,79.47,55.89,28.33,50.16,61.17,7.36,18.37,61.99,Average
STU002780,Tanvi Iyer,Mechanical,B.Tech,4,7,A,23,97.03,81.64,36.06,61.36,76.86,8.37,22.74,77.88,Good
STU002781,Aarav Mishra,AI & DS,M.Tech,1,1,B,25,84.73,75.27,39.6,66.27,77.04,8.44,22.98,78.61,Good
STU002782,Aditya Das,CSE,B.Tech,1,1,A,19,80.5,76.05,29.87,69.07,70.54,7.66,28.62,74.46,Good
STU002783,Aditi Chatterjee,CSE,B.Tech,1,2,C,20,77.84,78.76,30.97,73.64,75.03,8.3,21.8,79.0,Good
STU002784,Arjun Pillai,EEE,B.Tech,1,1,D,20,84.06,70.95,37.39,62.62,66.35,7.96,27.38,80.05,Average
STU002785,Krishna Nair,ECE,B.Tech,1,2,D,19,98.07,78.12,39.26,69.28,76.37,8.2,23.15,98.03,Good
STU002786,Sai Kumar,IT,B.Tech,1,1,A,20,89.68,75.12,32.3,66.36,76.08,8.14,28.25,88.44,Good
STU002787,Vikram Menon,IT,B.Tech,2,3,A,20,85.26,70.03,30.86,65.87,66.66,8.34,20.61,89.36,Average
STU002788,Isha Joshi,ECE,B.Tech,3,6,B,21,76.97,83.05,35.17,67.73,90.22,8.26,29.75,76.27,Good
STU002789,Riya Bose,IT,B.Tech,2,3,A,19,86.64,69.81,37.24,51.22,59.57,7.18,18.48,83.52,Average
STU002790,Rohan Shah,AI & DS,B.Tech,2,4,A,20,75.45,66.74,34.07,66.49,75.13,7.49,19.65,77.19,Good
STU002791,Zoya Joshi,CSE,B.Tech,4,7,C,22,83.18,73.45,38.62,78.71,69.08,8.0,20.5,81.35,Average
STU002792,Manish Chatterjee,Civil,B.Tech,3,6,C,20,80.35,71.13,29.85,55.4,67.21,8.04,21.05,71.3,Average
STU002793,Zoya Kumar,ECE,B.Tech,2,4,B,20,92.44,75.4,32.61,67.37,72.27,8.62,23.42,75.04,Good
STU002794,Riya Shah,Mechanical,B.Tech,4,7,D,21,78.49,77.29,34.38,76.83,79.75,7.97,16.64,72.11,Good
STU002795,Manish Nair,IT,B.Tech,1,2,B,18,79.08,69.94,35.51,67.78,67.91,8.59,17.03,78.23,Average
STU002796,Rohan Patel,CSE,B.Tech,3,6,B,21,78.26,79.82,38.29,70.89,87.74,8.31,22.29,64.81,Good
STU002797,Rahul Menon,AI & DS,B.Tech,4,7,D,23,82.47,63.31,33.62,59.46,73.8,8.37,21.75,75.07,Good
STU002798,Rohan Das,CSE,B.Tech,4,8,C,22,72.54,67.33,32.7,74.53,77.22,7.92,17.23,59.1,Average
STU002799,Karan Kumar,CSE,B.Tech,2,4,A,21,93.72,66.09,34.74,63.79,73.25,8.52,28.35,75.71,Good
STU002800,Krishna Pillai,AI & DS,B.Tech,2,4,D,21,68.1,50.48,24.58,40.7,57.81,6.63,17.69,68.95,Average
STU002801,Riya Pillai,IT,M.Tech,1,1,C,25,81.31,72.06,33.91,57.96,77.45,7.97,21.43,75.66,Good
STU002802,Sanjay Krishnan,Mechanical,M.Tech,2,4,B,25,94.18,74.53,38.06,58.65,84.49,8.68,26.41,79.93,Good
STU002803,Sneha Joshi,Civil,B.Tech,1,2,B,19,86.99,69.51,38.53,66.01,70.41,7.84,18.17,68.1,Good
STU002804,Rohan Krishnan,Mechanical,B.Tech,2,4,C,19,73.53,66.05,27.88,55.26,65.04,7.16,16.81,58.22,Average
STU002805,Tanvi Patel,AI & DS,B.Tech,2,3,C,21,89.85,81.09,35.06,67.79,63.71,8.3,28.03,92.72,Average
STU002806,Aryan Rao,ECE,B.Tech,1,2,A,20,76.72,65.16,31.21,62.23,64.61,7.09,17.7,62.04,Average
STU002807,Karan Menon,CSE,B.Tech,3,6,A,22,77.43,66.05,33.26,58.23,69.9,7.44,18.1,74.14,Average
STU002808,Arjun Das,Civil,B.Tech,2,3,C,21,67.18,66.66,30.68,57.13,71.29,7.73,15.83,72.56,Average
STU002809,Tanvi Pillai,AI & DS,B.Tech,2,3,B,21,69.53,76.7,34.93,73.36,62.84,8.8,15.48,78.37,Average
STU002810,Aarav Chatterjee,Civil,B.Tech,1,2,B,18,90.73,72.71,31.59,62.43,71.31,7.44,26.68,89.47,Good
STU002811,Sai Kumar,Mechanical,B.Tech,1,1,B,20,85.6,64.12,31.92,57.81,66.83,7.8,20.14,80.0,Average
STU002812,Bhavya Verma,CSE,B.Tech,1,1,C,18,74.07,67.41,36.71,62.08,72.22,8.24,13.71,72.27,Average
STU002813,Sai Reddy,CSE,B.Tech,1,2,C,18,80.32,86.42,41.12,69.93,96.81,8.51,18.64,62.27,Excellent
STU002814,Rahul Bose,EEE,B.Tech,3,5,B,20,84.29,71.06,31.36,64.88,87.8,7.96,23.17,84.58,Excellent
STU002815,Diya Kumar,CSE,B.Tech,4,7,D,21,84.44,81.73,37.86,60.91,77.33,7.43,23.11,73.7,Good
STU002816,Meera Singh,CSE,B.Tech,2,3,C,21,60.44,61.72,29.06,64.55,65.72,7.22,14.11,59.57,At Risk
STU002817,Nikhil Das,AI & DS,B.Tech,4,8,D,23,100,73.4,32.52,62.93,78.16,7.65,27.42,81.38,Good
STU002818,Sneha Kumar,ECE,B.Tech,4,7,A,21,75.96,66.95,38.02,57.34,64.26,7.04,15.92,69.13,Average
STU002819,Yash Chatterjee,Civil,B.Tech,3,6,B,21,76.28,67.79,35.84,53.18,73.0,8.69,14.49,76.73,Good
STU002820,Diya Iyer,IT,B.Tech,3,5,B,21,85.77,69.01,33.37,53.19,61.91,7.62,22.06,69.1,Average
STU002821,Aditya Kumar,Civil,B.Tech,4,7,D,21,82.26,83.71,36.5,91.66,83.67,8.53,25.12,81.98,Good
STU002822,Shreya Mehta,ECE,B.Tech,3,6,A,21,65.85,73.8,33.2,67.88,63.81,8.23,20.6,69.09,Average
STU002823,Manish Rao,CSE,M.Tech,1,2,C,23,66.74,81.65,37.56,71.83,90.24,7.51,17.09,73.66,Average
STU002824,Aryan Nair,Mechanical,M.Tech,1,2,A,23,94.72,64.42,29.42,57.93,63.68,8.43,18.67,73.38,Average
STU002825,Meera Chatterjee,EEE,B.Tech,1,1,B,18,91.8,74.46,34.97,80.72,87.83,8.19,29.88,89.12,Excellent
STU002826,Karan Nair,EEE,B.Tech,4,8,D,23,68.09,69.93,33.47,51.82,57.17,8.09,19.12,71.97,Average
STU002827,Rahul Bose,EEE,B.Tech,4,7,C,21,83.69,66.37,36.51,63.35,75.08,7.53,22.61,80.62,Good
STU002828,Arjun Bose,EEE,B.Tech,4,8,B,21,81.05,77.75,35.06,70.26,81.7,8.24,19.43,71.85,Good
STU002829,Meera Menon,Mechanical,B.Tech,1,1,D,20,95.03,67.81,41.71,66.52,74.51,6.9,15.49,80.09,Good
STU002830,Karan Gupta,ECE,B.Tech,2,4,C,19,80.7,76.37,39.0,68.8,74.36,8.47,19.9,74.35,Good
STU002831,Surya Menon,Civil,B.Tech,3,6,D,22,95.11,68.24,34.95,70.45,79.45,8.39,24.85,79.4,Good
STU002832,Surya Rao,CSE,B.Tech,3,5,C,20,82.3,84.3,42.45,85.12,92.52,8.6,23.54,95.13,Excellent
STU002833,Aryan Verma,Civil,B.Tech,4,7,C,23,68.83,75.72,34.59,69.16,84.4,8.26,24.46,64.74,Average
STU002834,Sneha Pillai,ECE,B.Tech,3,6,C,20,75.98,63.22,32.35,50.35,65.13,7.25,18.35,70.84,Average
STU002835,Karan Das,CSE,B.Tech,1,1,A,18,81.56,75.56,36.97,62.93,79.75,8.1,20.7,74.45,Good
STU002836,Arjun Sharma,ECE,B.Tech,3,5,D,22,84.18,66.92,36.2,69.82,72.61,8.56,19.42,75.1,Good
STU002837,Arjun Rao,EEE,B.Tech,3,5,A,20,85.16,78.81,33.31,74.73,79.98,8.61,24.88,76.22,Good
STU002838,Varun Shah,Mechanical,B.Tech,3,5,D,21,72.54,74.35,28.73,58.01,50.39,7.74,21.99,73.3,At Risk
STU002839,Yash Sharma,ECE,B.Tech,2,4,C,20,89.23,78.11,39.99,64.06,82.73,8.08,20.68,82.25,Good
STU002840,Ananya Pillai,AI & DS,M.Tech,2,3,D,25,85.59,66.55,30.24,51.83,66.64,7.64,22.44,80.5,Average
STU002841,Surya Kumar,CSE,B.Tech,4,8,C,21,87.42,75.26,32.79,68.61,64.95,7.72,25.61,75.58,Average
STU002842,Ananya Das,EEE,B.Tech,1,2,A,19,85.54,79.46,34.86,83.58,92.26,7.95,17.19,74.46,Excellent
STU002843,Akash Rao,CSE,B.Tech,4,7,D,21,74.69,72.89,35.7,66.96,66.11,8.52,19.03,76.66,Average
STU002844,Rohan Das,ECE,B.Tech,3,5,B,20,81.22,71.23,32.4,59.87,78.83,8.53,18.96,69.79,Good
STU002845,Karan Shah,Mechanical,M.Tech,1,2,A,23,76.31,72.73,32.15,59.78,78.46,7.36,20.42,66.85,Good
STU002846,Nikhil Krishnan,CSE,B.Tech,3,6,D,21,86.71,60.31,35.63,59.09,57.93,7.42,15.17,76.32,Average
STU002847,Bhavya Sharma,CSE,B.Tech,1,1,B,20,75.74,71.35,30.53,63.12,76.71,8.27,24.25,72.77,Good
STU002848,Aditi Iyer,CSE,B.Tech,2,4,A,21,73.69,79.04,28.35,59.56,64.49,7.11,22.08,79.46,Average
STU002849,Vikram Chatterjee,IT,B.Tech,3,5,A,21,83.37,79.97,36.99,75.87,83.56,8.03,22.74,69.44,Good
STU002850,Surya Bose,EEE,B.Tech,2,3,A,21,74.8,75.55,32.09,57.42,69.97,8.51,15.71,73.91,Average
STU002851,Karan Mehta,IT,B.Tech,4,8,D,22,70.2,60.12,34.25,56.15,64.98,8.68,21.39,69.26,Average
STU002852,Yash Verma,EEE,B.Tech,3,5,A,22,82.39,67.62,29.25,52.34,77.49,7.69,17.27,62.22,Good
STU002853,Sanjay Sharma,IT,B.Tech,4,8,C,22,85.03,78.76,35.98,67.59,70.77,7.12,17.21,63.1,Good
STU002854,Rahul Kumar,CSE,B.Tech,1,2,D,20,87.04,85.07,46.11,81.17,77.36,8.78,22.95,83.03,Good
STU002855,Isha Mishra,ECE,B.Tech,2,4,A,20,81.15,78.26,28.52,65.69,81.05,7.42,22.82,67.34,Good
STU002856,Riya Rao,IT,B.Tech,1,2,C,19,90.64,70.97,35.64,61.89,52.82,7.79,17.31,63.79,At Risk
STU002857,Nisha Mehta,IT,B.Tech,4,8,D,22,72.83,68.44,30.86,64.36,65.01,9.03,20.59,68.29,Average
STU002858,Aditya Nair,ECE,B.Tech,1,1,A,18,82.52,69.2,32.18,80.4,82.92,8.2,17.02,71.18,Good
STU002859,Varun Menon,ECE,B.Tech,3,5,A,20,60.31,74.8,29.75,78.55,80.58,8.1,19.04,71.3,At Risk
STU002860,Yash Mehta,ECE,B.Tech,2,4,A,19,83.52,69.03,34.09,64.23,73.65,7.97,27.42,84.35,Good
STU002861,Zoya Mishra,Mechanical,B.Tech,4,8,B,21,89.32,73.09,31.51,65.23,80.5,7.66,23.94,81.48,Good
STU002862,Aditya Mishra,EEE,B.Tech,4,7,C,23,79.17,72.77,31.17,59.85,74.77,8.58,25.93,78.27,Good
STU002863,Shreya Krishnan,ECE,B.Tech,3,5,C,21,66.66,67.92,30.31,57.96,70.91,7.2,22.8,75.83,Average
STU002864,Ananya Gupta,Mechanical,B.Tech,3,6,C,21,85.25,73.95,37.16,72.49,100,7.34,24.45,85.35,Excellent
STU002865,Karan Mishra,AI & DS,M.Tech,2,3,D,25,94.42,81.71,39.55,60.94,78.36,7.95,18.32,84.2,Good
STU002866,Pooja Mehta,ECE,B.Tech,4,8,D,22,87.84,67.43,26.3,62.81,62.59,7.23,28.25,74.78,Average
STU002867,Diya Chatterjee,CSE,B.Tech,4,8,D,22,88.81,75.39,35.31,73.63,80.87,7.42,24.61,83.21,Good
STU002868,Meera Chatterjee,ECE,B.Tech,1,1,D,20,80.11,72.62,30.1,65.5,61.48,7.57,19.49,78.04,Average
STU002869,Zoya Krishnan,ECE,B.Tech,3,5,B,22,72.9,71.45,38.05,74.13,72.27,8.04,20.63,87.22,Average
STU002870,Ishaan Reddy,ECE,B.Tech,2,3,D,19,81.16,71.17,34.11,61.58,71.27,8.03,19.83,67.3,Good
STU002871,Ananya Kumar,Mechanical,B.Tech,1,2,C,20,73.93,63.13,33.46,57.62,67.19,7.61,19.07,76.75,Average
STU002872,Zoya Kumar,CSE,B.Tech,1,2,D,19,69.67,70.41,30.08,47.78,56.03,7.41,22.33,73.29,Average
STU002873,Aditi Chatterjee,CSE,M.Tech,2,3,C,25,85.4,72.06,30.41,54.64,63.83,7.83,20.54,77.53,Average
STU002874,Zoya Menon,CSE,B.Tech,1,1,B,19,77.07,79.98,44.18,84.12,83.27,9.11,25.97,85.92,Good
STU002875,Aditya Bose,IT,B.Tech,3,5,A,20,93.75,81.07,39.71,70.62,90.77,8.17,25.17,79.42,Excellent
STU002876,Aryan Mehta,ECE,B.Tech,2,4,B,19,74.69,74.18,36.01,61.3,78.0,7.34,13.68,69.09,Average
STU002877,Yash Singh,Mechanical,B.Tech,2,3,A,19,72.29,74.05,34.61,69.2,72.16,7.53,17.96,66.11,Average
STU002878,Manish Krishnan,AI & DS,B.Tech,3,6,D,20,85.1,70.25,26.82,62.85,69.55,7.22,20.43,75.11,Average
STU002879,Surya Krishnan,IT,B.Tech,3,6,D,21,77.01,71.3,31.71,69.81,85.75,8.73,21.97,78.51,Good
STU002880,Nisha Iyer,CSE,B.Tech,1,2,A,20,87.71,79.33,35.33,83.79,88.92,8.11,28.78,85.73,Excellent
STU002881,Rohan Rao,CSE,B.Tech,3,5,D,20,71.71,65.49,28.3,63.77,65.55,7.21,21.21,59.8,Average
STU002882,Shreya Rao,Mechanical,M.Tech,2,3,A,23,75.09,69.29,33.48,68.2,74.13,8.22,17.86,80.74,Good
STU002883,Yash Nair,AI & DS,B.Tech,4,8,C,23,80.57,76.55,36.19,66.28,89.07,8.15,22.65,76.75,Excellent
STU002884,Aditi Mishra,AI & DS,B.Tech,4,7,B,21,80.43,72.76,38.32,68.2,58.47,8.03,23.07,75.11,Average
STU002885,Manish Singh,AI & DS,M.Tech,2,3,D,23,70.1,69.17,34.2,48.01,51.4,7.01,15.32,55.81,At Risk
STU002886,Akash Joshi,AI & DS,B.Tech,3,6,A,20,64.32,76.72,36.62,71.17,74.99,9.48,13.13,71.59,At Risk
STU002887,Pooja Mishra,CSE,B.Tech,1,2,C,20,82.96,69.65,29.73,65.3,56.97,6.96,22.26,84.44,Average
STU002888,Vikram Shah,Civil,B.Tech,4,7,A,23,64.53,70.58,29.71,58.23,64.85,8.09,17.42,66.81,At Risk
STU002889,Akash Joshi,Mechanical,B.Tech,2,4,A,20,97.09,68.16,39.72,72.09,90.03,8.67,27.75,85.61,Excellent
STU002890,Bhavya Gupta,CSE,M.Tech,1,1,C,24,73.25,65.13,26.93,49.98,73.27,7.25,20.81,79.86,Average
STU002891,Karan Kumar,CSE,B.Tech,1,2,A,18,77.5,68.66,38.66,68.72,72.72,8.11,12.64,79.88,Good
STU002892,Zoya Mehta,IT,B.Tech,2,4,D,20,80.8,70.44,35.5,61.3,75.64,7.94,15.43,65.63,Good
STU002893,Meera Chatterjee,AI & DS,B.Tech,4,7,A,21,96.07,68.15,33.57,61.1,68.8,8.33,20.72,84.62,Average
STU002894,Akash Sharma,CSE,M.Tech,2,4,A,25,95.5,97.09,39.8,73.12,93.88,8.31,23.84,87.48,Excellent
STU002895,Nisha Gupta,ECE,B.Tech,3,5,A,21,78.57,80.22,34.85,63.0,69.43,7.42,20.65,67.55,Average
STU002896,Sneha Gupta,AI & DS,M.Tech,2,4,B,23,83.07,79.52,38.81,63.49,77.33,7.14,20.08,70.72,Good
STU002897,Arjun Menon,IT,B.Tech,1,1,B,19,86.27,81.25,36.61,66.86,69.11,7.96,24.62,87.9,Average
STU002898,Bhavya Pillai,ECE,B.Tech,1,2,B,19,83.24,67.82,27.24,59.73,71.0,7.37,24.16,66.25,Good
STU002899,Tanvi Rao,ECE,B.Tech,1,1,D,19,82.04,76.64,31.63,68.67,73.78,8.43,15.12,81.58,Good
STU002900,Aryan Pillai,CSE,B.Tech,2,4,D,21,99.59,71.44,31.9,54.49,63.04,7.39,23.63,84.34,Average
STU002901,Ishaan Verma,Mechanical,B.Tech,4,7,D,23,83.79,72.88,30.96,58.22,70.1,8.25,17.78,59.01,Good
STU002902,Aryan Patel,Mechanical,B.Tech,2,4,B,19,68.42,61.23,37.37,65.24,84.27,8.7,21.03,67.96,Average
STU002903,Krishna Rao,ECE,B.Tech,2,3,B,21,56.94,87.03,36.08,73.76,74.12,9.09,14.26,77.5,At Risk
STU002904,Zoya Singh,CSE,B.Tech,2,4,A,21,87.08,74.43,35.63,64.84,80.06,7.99,19.87,74.93,Good
STU002905,Akash Menon,ECE,B.Tech,3,5,A,21,92.46,66.98,31.09,58.45,62.17,6.83,20.86,75.72,Average
STU002906,Ishaan Das,Mechanical,B.Tech,1,1,A,18,83.82,80.85,41.89,84.78,77.55,8.5,29.37,80.6,Good
STU002907,Kavya Kumar,Mechanical,M.Tech,2,3,D,24,66.19,69.67,29.89,54.38,64.68,7.66,16.73,51.25,Average
STU002908,Manish Singh,IT,M.Tech,2,3,A,26,55.69,80.23,37.48,65.58,67.44,8.08,19.11,76.46,At Risk
STU002909,Isha Das,IT,B.Tech,4,7,A,22,73.99,60.07,31.72,52.68,60.17,7.75,15.71,69.41,Average
STU002910,Zoya Shah,Civil,B.Tech,4,7,D,22,70.44,67.16,38.74,60.74,68.31,9.15,17.86,78.62,Average
STU002911,Pooja Reddy,ECE,B.Tech,1,2,C,19,81.95,82.64,45.6,69.69,82.2,8.29,22.54,70.16,Good
STU002912,Ishaan Reddy,IT,B.Tech,4,7,D,23,59.39,73.14,36.74,64.97,62.17,7.49,20.58,64.79,At Risk
STU002913,Isha Bose,IT,M.Tech,1,2,B,22,83.33,72.09,32.03,70.96,77.67,7.57,23.98,81.47,Good
STU002914,Aarav Shah,EEE,B.Tech,4,7,B,23,92.26,81.05,37.62,71.19,75.42,8.53,27.94,82.33,Good
STU002915,Sneha Mishra,CSE,B.Tech,1,1,C,20,69.59,66.45,34.06,69.51,72.23,7.59,20.27,78.88,Average
STU002916,Ishaan Mehta,CSE,B.Tech,2,3,C,21,85.2,82.43,30.25,65.87,85.34,8.09,22.62,58.36,Excellent
STU002917,Vikram Iyer,IT,B.Tech,1,1,D,18,75.76,86.71,40.18,76.12,80.13,8.66,29.49,90.22,Good
STU002918,Sneha Patel,ECE,B.Tech,3,6,A,22,97.6,71.24,34.91,67.24,78.82,7.2,20.62,70.2,Good
STU002919,Arjun Menon,AI & DS,B.Tech,3,5,A,20,75.9,64.87,36.53,54.85,71.28,8.14,19.68,61.16,Good
STU002920,Surya Rao,IT,B.Tech,3,5,A,22,81.37,67.19,32.04,50.05,64.5,6.86,27.04,83.03,Average
STU002921,Sneha Shah,ECE,B.Tech,1,1,C,19,100,75.89,37.36,58.18,78.42,8.29,17.0,80.96,Good
STU002922,Riya Kumar,EEE,B.Tech,4,7,A,23,87.18,73.83,42.1,65.67,85.37,8.79,22.04,85.45,Excellent
STU002923,Sanjay Iyer,AI & DS,B.Tech,1,1,C,18,90.52,65.49,31.25,62.11,84.0,7.81,20.12,65.28,Good
STU002924,Yash Sharma,Mechanical,B.Tech,4,8,A,21,88.86,73.94,25.4,63.03,81.98,8.01,25.0,63.28,Good
STU002925,Riya Bose,Mechanical,B.Tech,2,4,A,20,68.94,76.93,36.48,72.01,74.68,7.86,22.27,69.72,Average
STU002926,Aarav Sharma,IT,B.Tech,4,7,A,22,83.49,85.49,40.52,72.09,70.68,8.59,22.86,90.04,Good
STU002927,Aryan Mishra,ECE,B.Tech,1,2,B,20,79.04,72.2,30.54,53.52,72.31,7.74,22.19,78.29,Good
STU002928,Diya Rao,CSE,M.Tech,1,2,C,23,82.31,62.26,33.25,53.82,65.75,7.78,22.08,70.26,Average
STU002929,Diya Rao,IT,B.Tech,1,1,A,20,89.78,62.7,31.24,57.08,65.51,7.98,16.16,80.69,Average
STU002930,Manish Nair,AI & DS,B.Tech,1,1,D,18,78.6,73.32,25.39,66.03,70.82,8.34,26.42,73.78,Good
STU002931,Diya Pillai,IT,B.Tech,2,4,B,20,79.52,78.53,36.8,70.48,80.66,8.67,19.81,80.38,Good
STU002932,Aditya Mehta,Mechanical,M.Tech,2,3,A,25,83.27,76.4,35.44,55.75,66.25,7.72,20.32,84.97,Average
STU002933,Aarav Krishnan,Mechanical,B.Tech,3,6,B,20,76.81,61.73,34.04,53.47,62.6,8.1,15.78,66.22,Average
STU002934,Tanvi Menon,EEE,B.Tech,4,7,D,22,70.75,75.82,36.83,70.52,76.34,8.53,25.38,84.16,Average
STU002935,Meera Sharma,CSE,B.Tech,4,7,C,21,67.6,69.6,32.52,62.5,75.77,7.97,18.83,69.14,Average
STU002936,Sai Menon,AI & DS,B.Tech,2,4,A,21,88.03,74.5,33.06,74.09,78.37,7.35,21.55,75.93,Good
STU002937,Riya Reddy,EEE,B.Tech,3,6,C,20,82.06,63.81,29.93,61.54,68.94,7.9,19.06,79.53,Average
STU002938,Nikhil Kumar,CSE,B.Tech,2,4,B,20,79.96,73.38,41.63,62.59,65.6,7.61,15.89,58.15,Average
STU002939,Shreya Krishnan,CSE,B.Tech,2,4,C,19,85.21,72.22,32.98,67.83,78.05,7.68,18.47,77.0,Good
STU002940,Aditi Bose,AI & DS,B.Tech,1,1,B,20,83.69,74.34,32.17,82.07,71.9,7.55,27.49,77.72,Good
STU002941,Sai Chatterjee,EEE,B.Tech,3,5,A,20,78.24,79.73,32.58,64.17,77.84,8.94,19.81,77.87,Good
STU002942,Tanvi Mishra,Mechanical,B.Tech,1,2,C,18,75.54,74.35,34.9,57.97,62.5,7.53,23.83,74.42,Average
STU002943,Akash Singh,CSE,B.Tech,2,3,C,21,83.74,85.36,38.36,61.17,72.9,7.58,18.74,68.88,Good
STU002944,Tanvi Shah,AI & DS,B.Tech,2,3,B,21,100,89.4,42.35,90.8,88.25,8.71,27.42,85.47,Excellent
STU002945,Nikhil Chatterjee,AI & DS,M.Tech,2,4,A,26,84.51,79.84,32.34,54.54,73.97,7.56,27.12,76.48,Good
STU002946,Aarav Reddy,Mechanical,B.Tech,2,3,C,20,81.49,78.03,37.83,64.17,79.33,7.77,24.18,81.32,Good
STU002947,Bhavya Bose,EEE,B.Tech,1,2,D,18,86.53,74.51,41.26,68.67,70.97,7.9,24.76,83.54,Good
STU002948,Nikhil Krishnan,ECE,B.Tech,3,5,D,20,65.15,74.47,27.58,56.44,75.94,8.0,17.39,65.72,Average
STU002949,Kavya Reddy,IT,B.Tech,3,5,A,20,74.13,76.13,35.39,65.08,87.78,8.3,19.59,80.17,Average
STU002950,Nisha Sharma,AI & DS,B.Tech,2,3,C,20,82.47,76.31,37.83,89.63,90.59,8.51,18.25,80.78,Excellent
STU002951,Zoya Rao,ECE,B.Tech,4,8,A,21,90.57,70.9,31.75,57.56,73.4,8.3,24.53,76.14,Good
STU002952,Aryan Nair,EEE,B.Tech,3,6,B,22,82.43,85.52,32.26,67.62,86.96,8.5,19.88,73.93,Excellent
STU002953,Bhavya Das,Mechanical,B.Tech,1,2,D,19,87.75,77.9,36.93,62.31,81.86,8.36,20.09,81.89,Good
STU002954,Varun Pillai,Mechanical,B.Tech,2,3,A,20,89.16,71.13,40.44,76.77,75.24,8.78,19.86,88.42,Good
STU002955,Arjun Menon,Civil,B.Tech,3,5,D,21,69.41,78.29,34.23,67.46,70.36,8.42,17.79,63.46,Average
STU002956,Aditi Verma,AI & DS,B.Tech,3,5,C,21,69.4,88.7,39.37,70.99,80.68,8.22,28.53,67.41,Average
STU002957,Akash Das,AI & DS,B.Tech,3,5,C,20,85.67,77.57,30.08,68.86,87.24,7.72,25.15,72.33,Excellent
STU002958,Sai Krishnan,IT,B.Tech,4,7,B,22,75.5,80.68,33.0,70.64,80.25,8.73,26.1,81.9,Good
STU002959,Vikram Iyer,CSE,M.Tech,2,3,D,23,83.01,59.4,30.58,43.49,56.75,7.74,22.24,69.68,Average
STU002960,Krishna Nair,Mechanical,B.Tech,2,4,B,21,82.15,70.86,28.71,46.53,64.85,7.97,24.08,76.35,Average
STU002961,Diya Patel,Civil,B.Tech,2,3,C,21,95.78,86.26,39.6,74.64,94.65,9.37,17.45,85.54,Excellent
STU002962,Sneha Rao,CSE,B.Tech,2,4,D,20,98.81,68.23,30.63,60.02,71.32,7.69,19.71,68.4,Good
STU002963,Surya Gupta,Mechanical,B.Tech,4,8,D,23,98.28,69.41,35.3,62.98,76.01,7.72,21.19,77.4,Good
STU002964,Aryan Pillai,AI & DS,B.Tech,1,1,B,19,80.85,79.64,33.39,55.91,70.99,9.2,22.54,77.35,Good
STU002965,Kavya Rao,CSE,M.Tech,2,3,C,26,81.92,84.39,42.85,78.79,99.93,8.79,22.07,71.58,Excellent
STU002966,Kavya Shah,CSE,B.Tech,4,8,C,23,80.23,70.86,35.93,65.52,70.99,7.66,26.74,83.4,Good
STU002967,Karan Kumar,ECE,B.Tech,4,8,B,23,80.54,85.79,36.92,59.36,93.71,7.43,27.95,74.98,Excellent
STU002968,Sai Reddy,IT,B.Tech,2,4,B,20,87.25,87.93,44.91,76.88,74.82,8.15,27.05,91.3,Good
STU002969,Akash Shah,Civil,B.Tech,4,8,A,21,81.53,77.39,31.65,65.34,72.46,8.39,21.7,76.54,Good
STU002970,Nikhil Mehta,Civil,B.Tech,3,6,A,20,81.17,71.22,33.89,62.58,70.32,8.68,17.38,69.71,Good
STU002971,Karan Nair,CSE,B.Tech,2,4,C,20,70.48,68.06,33.8,69.3,86.54,7.86,16.87,67.83,Average
STU002972,Tanvi Joshi,ECE,B.Tech,2,4,A,21,74.88,89.24,38.26,62.62,87.86,8.41,26.99,80.23,Average
STU002973,Nikhil Das,ECE,B.Tech,3,5,C,20,68.48,88.23,44.21,74.93,97.35,8.6,20.6,80.09,Average
STU002974,Pooja Gupta,AI & DS,B.Tech,1,2,A,19,84.47,70.83,35.36,58.51,60.05,8.11,15.84,69.37,Average
STU002975,Diya Chatterjee,ECE,B.Tech,3,5,C,22,68.36,74.72,35.08,67.42,76.82,7.36,14.95,84.31,Average
STU002976,Diya Kumar,Mechanical,B.Tech,2,3,A,21,80.75,61.1,32.96,58.54,64.63,7.75,19.72,81.85,Average
STU002977,Krishna Patel,Mechanical,B.Tech,3,5,B,22,63.63,80.09,36.84,59.44,77.51,8.55,14.02,74.98,At Risk
STU002978,Kavya Krishnan,IT,M.Tech,2,4,B,24,76.99,78.61,35.8,60.01,68.53,8.31,27.87,93.01,Average
STU002979,Arjun Gupta,IT,B.Tech,1,2,C,20,86.81,73.29,38.28,70.24,80.85,7.65,21.59,75.59,Good
STU002980,Bhavya Rao,ECE,B.Tech,3,5,D,22,94.67,78.4,35.48,68.66,87.32,8.86,21.56,78.58,Excellent
STU002981,Aarav Reddy,AI & DS,B.Tech,3,6,C,22,74.25,69.29,34.81,56.43,71.98,7.66,20.1,75.63,Average
STU002982,Ishaan Menon,CSE,B.Tech,1,1,A,20,80.79,68.54,31.93,67.92,99.08,8.4,23.19,76.71,Excellent
STU002983,Shreya Shah,CSE,B.Tech,3,6,D,21,92.79,69.8,29.67,50.16,63.73,6.67,24.53,74.15,Average
STU002984,Arjun Kumar,ECE,B.Tech,1,2,D,20,74.01,68.88,28.7,60.6,67.17,7.99,17.64,76.29,Average
STU002985,Rahul Rao,AI & DS,M.Tech,1,2,C,23,80.67,74.53,35.46,61.25,65.64,8.27,29.06,88.03,Average
STU002986,Manish Menon,CSE,B.Tech,3,6,A,20,95.2,85.07,45.2,69.72,89.08,8.79,21.94,80.52,Excellent
STU002987,Pooja Bose,CSE,B.Tech,3,5,A,21,100,82.8,34.24,74.55,84.64,7.66,21.9,88.22,Good
STU002988,Riya Menon,EEE,M.Tech,1,1,A,25,92.22,70.01,35.69,64.88,80.67,7.77,16.35,74.78,Good
STU002989,Sai Patel,Mechanical,B.Tech,4,8,A,22,92.3,61.42,29.83,56.36,65.86,8.03,21.05,78.24,Average
STU002990,Aditi Joshi,CSE,B.Tech,1,1,B,20,90.07,59.31,30.82,66.65,62.86,7.59,15.69,78.68,Average
STU002991,Sai Reddy,Civil,B.Tech,3,5,C,22,76.96,58.32,30.36,59.6,58.74,7.81,15.93,71.15,Average
STU002992,Manish Sharma,AI & DS,M.Tech,1,2,B,22,75.67,72.49,30.42,60.16,56.42,7.53,21.51,72.31,Average
STU002993,Zoya Das,Civil,B.Tech,3,5,A,22,96.5,68.64,32.81,80.4,53.23,7.23,20.62,99.37,At Risk
STU002994,Bhavya Iyer,AI & DS,B.Tech,2,3,D,20,62.07,73.22,34.05,54.45,74.9,7.51,18.37,69.08,At Risk
STU002995,Riya Reddy,IT,B.Tech,3,5,C,20,79.2,76.78,37.94,71.1,76.36,7.84,24.2,79.62,Good
STU002996,Rahul Das,CSE,B.Tech,1,2,B,20,70.94,67.86,32.31,60.29,57.21,7.04,15.0,67.09,Average
STU002997,Ishaan Gupta,AI & DS,B.Tech,3,5,D,22,87.79,78.03,38.47,68.94,91.96,8.68,17.49,88.3,Excellent
STU002998,Rahul Das,Civil,B.Tech,1,2,D,20,70.56,72.6,36.01,65.89,79.72,7.38,21.19,79.06,Average
STU002999,Meera Iyer,CSE,B.Tech,1,1,C,20,94.62,69.34,35.46,64.61,77.8,6.93,17.23,78.56,Good
STU003000,Karan Bose,Mechanical,B.Tech,4,8,D,23,78.52,63.61,30.69,67.56,73.68,8.37,18.63,69.46,Good
STU003001,Nisha Chatterjee,IT,B.Tech,2,3,A,20,84.05,80.7,38.6,62.9,95.29,8.19,27.84,82.2,Excellent
STU003002,Diya Singh,IT,B.Tech,3,5,A,22,75.93,68.86,35.5,68.72,67.98,8.2,24.5,80.3,Average
STU003003,Ishaan Nair,Mechanical,B.Tech,1,2,B,20,76.7,66.21,33.27,57.25,67.14,7.14,20.73,66.47,Average
STU003004,Rahul Gupta,CSE,B.Tech,2,4,A,20,94.55,75.77,35.01,69.74,82.69,8.54,21.46,76.51,Good
STU003005,Krishna Kumar,CSE,B.Tech,4,8,B,23,64.44,56.81,33.27,53.31,65.95,7.01,16.27,63.19,At Risk
STU003006,Manish Das,CSE,B.Tech,3,5,A,21,82.22,71.22,38.25,61.7,65.43,8.05,20.66,73.87,Average
STU003007,Zoya Gupta,IT,B.Tech,2,4,C,20,60.22,76.36,24.47,67.98,59.32,7.6,18.76,64.73,At Risk
STU003008,Ishaan Patel,Mechanical,B.Tech,2,3,D,21,82.03,81.68,43.66,75.2,68.92,8.01,28.6,80.51,Average
STU003009,Sai Bose,Mechanical,B.Tech,1,1,A,20,67.98,70.2,36.53,63.16,77.13,8.26,22.51,69.22,Average
STU003010,Pooja Patel,ECE,M.Tech,1,1,B,25,85.52,78.96,35.82,63.22,55.12,8.05,25.13,72.4,Average
STU003011,Aditya Bose,AI & DS,B.Tech,3,5,A,21,87.98,79.49,34.56,64.39,73.82,9.02,18.67,83.1,Good
STU003012,Aditi Reddy,Civil,B.Tech,2,3,B,21,76.07,75.32,35.05,70.66,66.27,8.33,21.37,86.66,Average
STU003013,Aditya Mishra,CSE,B.Tech,3,5,D,22,88.34,61.75,22.95,53.19,71.91,6.84,21.72,77.1,Good
STU003014,Krishna Singh,IT,B.Tech,4,7,A,23,85.92,72.19,30.27,67.69,76.21,9.29,23.87,83.45,Good
STU003015,Sanjay Gupta,AI & DS,B.Tech,4,8,C,22,83.27,73.07,41.4,66.7,71.27,8.19,16.85,84.55,Good
STU003016,Aryan Chatterjee,CSE,B.Tech,2,3,B,21,100,78.03,38.57,84.06,76.15,7.85,22.86,89.74,Good
STU003017,Sneha Kumar,ECE,B.Tech,4,8,B,21,74.83,57.98,30.26,57.42,58.45,8.11,16.86,69.66,Average
STU003018,Nikhil Krishnan,Civil,B.Tech,1,1,A,18,85.78,74.51,35.18,63.23,76.01,7.44,24.04,82.21,Good
STU003019,Vikram Singh,AI & DS,B.Tech,4,7,C,22,80.71,72.51,32.46,72.16,76.55,8.47,20.76,72.14,Good
STU003020,Sanjay Menon,CSE,B.Tech,1,1,C,18,74.4,78.61,32.12,47.58,69.93,7.77,22.33,68.08,Average
STU003021,Sanjay Bose,CSE,B.Tech,2,3,B,21,96.46,79.48,35.39,70.43,84.67,7.89,23.45,89.42,Good
STU003022,Shreya Krishnan,ECE,B.Tech,4,8,C,23,73.04,65.19,28.42,67.43,61.52,7.57,19.39,81.42,Average
STU003023,Meera Chatterjee,CSE,B.Tech,4,7,D,21,73.75,59.43,30.78,58.17,67.78,7.54,18.43,67.72,Average
STU003024,Nikhil Reddy,CSE,M.Tech,1,2,A,22,99.08,68.62,37.8,74.61,81.14,8.29,23.29,69.79,Good
STU003025,Nikhil Joshi,EEE,B.Tech,1,2,B,18,84.1,62.0,32.38,55.13,57.89,7.97,25.02,79.17,Average
STU003026,Rahul Sharma,Mechanical,B.Tech,3,5,D,20,76.85,63.02,25.93,59.11,64.02,7.32,19.13,78.38,Average
STU003027,Diya Verma,ECE,B.Tech,4,7,C,23,70.99,69.51,32.81,61.48,72.72,8.01,19.8,76.04,Average
STU003028,Riya Krishnan,IT,B.Tech,2,4,D,21,86.52,65.1,30.76,57.54,69.36,6.79,18.25,87.31,Average
STU003029,Pooja Singh,CSE,B.Tech,1,2,D,18,84.01,68.26,37.87,69.62,63.28,8.24,19.57,81.21,Average
STU003030,Bhavya Nair,ECE,B.Tech,2,3,A,19,76.57,72.91,34.69,72.21,86.7,8.12,18.93,76.42,Good
STU003031,Krishna Mishra,AI & DS,M.Tech,2,3,D,26,75.2,68.21,31.21,67.67,71.64,8.38,20.33,71.42,Good
STU003032,Nisha Chatterjee,ECE,B.Tech,3,6,A,21,74.9,66.99,34.69,59.34,68.31,7.2,17.62,66.27,Average
STU003033,Aryan Patel,Mechanical,B.Tech,3,6,C,22,77.44,82.79,38.96,78.08,100,8.02,22.24,90.65,Good
STU003034,Bhavya Menon,Civil,B.Tech,2,3,D,21,88.0,89.39,40.58,68.34,86.79,8.7,23.13,76.92,Excellent
STU003035,Nikhil Shah,IT,B.Tech,4,8,C,22,75.27,73.83,33.2,67.22,81.2,7.95,18.21,72.53,Good
STU003036,Rahul Sharma,ECE,B.Tech,2,3,D,20,82.27,70.87,31.12,50.49,69.28,7.89,19.45,74.34,Average
STU003037,Rahul Gupta,EEE,B.Tech,1,1,D,18,70.23,71.68,34.08,55.84,61.09,8.12,19.41,75.66,Average
STU003038,Riya Mehta,CSE,B.Tech,1,1,C,19,76.46,82.71,40.89,78.4,88.64,8.6,20.09,95.25,Good
STU003039,Nikhil Mehta,CSE,B.Tech,2,3,A,19,68.86,53.37,24.24,53.01,54.32,8.64,11.02,62.27,At Risk
STU003040,Kavya Reddy,IT,B.Tech,3,6,A,21,81.8,72.28,30.25,58.89,61.16,7.71,21.52,72.56,Average
STU003041,Yash Krishnan,Mechanical,B.Tech,4,8,D,21,80.76,70.71,30.53,52.29,69.33,7.58,19.08,83.38,Average
STU003042,Karan Reddy,IT,B.Tech,4,7,A,23,76.36,62.08,32.48,58.76,63.96,8.18,21.74,63.46,Average
STU003043,Kavya Rao,ECE,B.Tech,3,5,D,21,97.03,75.67,30.04,57.39,70.84,7.82,22.78,84.66,Good
STU003044,Arjun Joshi,ECE,B.Tech,4,7,B,23,79.79,81.57,36.04,75.96,89.72,8.46,17.68,73.92,Good
STU003045,Nisha Shah,Civil,M.Tech,1,1,A,25,74.86,62.24,27.57,55.75,67.05,8.25,25.49,68.4,Average
STU003046,Ishaan Joshi,CSE,M.Tech,2,3,B,24,79.91,73.75,32.15,70.71,79.5,7.78,19.57,79.24,Good
STU003047,Ishaan Krishnan,Civil,B.Tech,2,4,A,21,77.51,89.32,36.9,75.39,85.49,8.18,21.65,83.01,Good
STU003048,Ananya Mehta,IT,B.Tech,1,2,D,18,81.9,66.62,27.39,48.94,56.09,7.33,22.9,67.16,Average
STU003049,Sanjay Kumar,IT,B.Tech,4,7,C,22,82.41,82.03,37.84,77.67,77.67,8.36,20.61,73.7,Good
STU003050,Akash Mishra,AI & DS,B.Tech,2,3,D,19,72.3,76.98,34.35,79.53,81.83,8.7,17.36,78.21,Average
STU003051,Kavya Iyer,IT,B.Tech,4,7,C,22,76.53,66.91,31.05,51.56,70.79,7.44,25.92,82.17,Good
STU003052,Rahul Iyer,IT,M.Tech,1,2,B,24,83.45,84.41,28.55,68.58,84.28,8.29,28.59,89.23,Good
STU003053,Pooja Chatterjee,AI & DS,B.Tech,4,7,B,23,91.34,76.04,38.94,74.96,80.24,8.01,16.3,65.76,Good
STU003054,Sai Nair,IT,B.Tech,4,8,C,22,86.21,81.62,33.03,70.18,92.14,8.57,20.13,78.23,Excellent
STU003055,Aryan Gupta,AI & DS,B.Tech,3,5,A,20,77.88,91.01,37.1,78.42,83.72,7.96,26.0,80.53,Good
STU003056,Diya Reddy,AI & DS,B.Tech,1,2,A,18,75.18,72.53,29.03,65.05,71.37,7.31,18.8,69.63,Good
STU003057,Rohan Shah,CSE,M.Tech,1,2,D,24,84.02,61.21,29.05,59.98,75.03,7.37,20.66,67.22,Good
STU003058,Ishaan Chatterjee,IT,B.Tech,2,4,A,19,81.48,72.43,41.89,62.47,78.76,8.56,18.59,77.28,Good
STU003059,Rohan Reddy,CSE,B.Tech,4,8,A,22,75.6,64.28,32.69,66.42,62.62,7.56,19.51,66.91,Average
STU003060,Krishna Krishnan,ECE,B.Tech,2,4,D,20,76.99,77.31,38.13,65.69,68.02,7.16,20.41,68.45,Average
STU003061,Diya Singh,CSE,B.Tech,3,6,B,22,90.25,82.37,36.49,65.05,79.63,8.33,23.16,87.15,Good
STU003062,Isha Patel,Civil,B.Tech,4,7,D,22,90.98,67.17,25.01,62.76,72.55,8.1,24.06,64.84,Good
STU003063,Aditya Bose,CSE,B.Tech,1,2,A,20,92.24,77.97,31.37,69.46,64.83,7.99,25.52,82.2,Average
STU003064,Sanjay Shah,Civil,B.Tech,1,1,C,19,78.89,74.44,30.35,55.39,69.39,7.46,22.94,74.65,Average
STU003065,Karan Menon,Civil,B.Tech,3,6,B,22,80.66,63.76,32.65,56.42,64.85,7.9,21.78,70.8,Average
STU003066,Varun Chatterjee,CSE,B.Tech,3,6,A,20,80.64,83.45,37.16,67.27,95.27,7.77,22.74,77.85,Excellent
STU003067,Kavya Rao,CSE,B.Tech,1,1,B,20,78.23,58.18,28.89,58.25,74.61,7.46,21.59,73.58,Good
STU003068,Ananya Joshi,IT,M.Tech,2,4,D,23,92.38,67.29,38.06,64.35,58.99,7.27,23.06,63.68,Average
STU003069,Rahul Nair,Mechanical,B.Tech,4,8,A,23,89.24,68.26,29.58,47.99,50.03,7.62,11.11,68.61,At Risk
STU003070,Aditya Mishra,IT,B.Tech,2,3,D,21,80.3,65.51,23.36,51.79,75.67,7.44,22.3,78.39,Good
STU003071,Arjun Menon,IT,B.Tech,1,1,D,20,81.33,63.81,33.54,54.13,63.26,7.48,19.27,75.5,Average
STU003072,Aarav Verma,IT,B.Tech,1,1,B,19,64.11,68.87,28.49,60.22,60.63,7.92,19.87,56.81,At Risk
STU003073,Aryan Patel,AI & DS,B.Tech,2,3,B,21,70.47,65.76,27.56,56.82,63.49,7.15,13.48,63.07,Average
STU003074,Akash Verma,IT,B.Tech,2,4,D,20,90.92,69.57,33.87,50.75,59.56,7.72,24.83,70.96,Average
STU003075,Vikram Sharma,ECE,B.Tech,2,4,B,20,81.81,73.0,33.1,72.45,80.41,8.59,21.81,68.54,Good
STU003076,Zoya Kumar,EEE,B.Tech,4,8,A,22,78.41,74.77,33.02,61.15,79.64,7.65,23.26,72.49,Good
STU003077,Nisha Kumar,AI & DS,B.Tech,3,6,C,21,77.07,60.67,29.87,56.33,58.04,8.02,16.88,67.34,Average
STU003078,Nikhil Joshi,ECE,B.Tech,2,4,C,20,67.64,82.75,34.16,74.58,76.15,8.65,16.74,62.36,Average
STU003079,Rohan Menon,Mechanical,B.Tech,3,5,B,20,87.75,83.39,36.95,63.28,82.69,7.77,23.5,81.38,Good
STU003080,Kavya Sharma,ECE,B.Tech,3,5,C,21,73.19,78.93,38.95,75.69,77.72,8.13,19.8,75.36,Average
STU003081,Meera Verma,ECE,B.Tech,3,6,D,22,74.97,78.51,38.94,74.97,74.87,8.1,23.46,84.47,Average
STU003082,Manish Verma,CSE,B.Tech,4,8,D,22,76.15,60.63,32.1,52.7,44.66,7.39,15.41,55.59,At Risk
STU003083,Zoya Mishra,CSE,M.Tech,1,1,C,25,73.05,68.68,34.55,65.84,68.6,7.98,18.27,79.51,Average
STU003084,Manish Krishnan,Mechanical,B.Tech,2,4,B,21,77.03,86.18,39.83,77.96,86.57,9.08,22.09,74.24,Good
STU003085,Kavya Shah,ECE,B.Tech,3,5,C,20,72.31,77.0,38.75,59.84,72.41,8.54,20.1,64.19,Average
STU003086,Isha Chatterjee,Civil,B.Tech,3,6,D,22,77.64,58.37,32.75,51.17,54.07,7.39,17.78,77.28,At Risk
STU003087,Rahul Menon,AI & DS,B.Tech,4,7,C,23,68.34,85.15,40.25,63.42,79.83,8.23,23.83,70.13,Average
STU003088,Nikhil Patel,Civil,B.Tech,1,2,C,19,74.29,63.37,39.12,62.15,68.64,8.2,22.56,69.8,Average
STU003089,Manish Joshi,IT,B.Tech,3,5,C,21,75.79,74.32,39.02,72.56,78.34,8.65,22.07,70.65,Good
STU003090,Krishna Patel,CSE,B.Tech,3,5,B,21,71.54,72.41,37.23,75.13,91.4,7.86,23.74,74.25,Average
STU003091,Rahul Gupta,EEE,M.Tech,2,3,C,23,73.35,68.93,34.25,52.74,63.84,8.43,18.96,64.86,Average
STU003092,Isha Chatterjee,CSE,B.Tech,4,8,B,23,78.74,65.52,32.42,55.64,76.81,7.19,18.22,73.05,Good
STU003093,Ananya Krishnan,CSE,M.Tech,1,2,D,25,61.16,72.65,25.37,58.35,66.64,8.05,16.65,78.49,At Risk
STU003094,Vikram Gupta,CSE,B.Tech,3,5,B,20,71.51,64.44,25.7,52.79,74.25,8.2,20.79,76.02,Average
STU003095,Yash Rao,IT,B.Tech,3,6,A,22,80.92,55.99,24.97,53.89,63.08,7.03,16.83,62.26,Average
STU003096,Krishna Das,CSE,B.Tech,2,4,C,20,75.4,82.39,32.34,59.81,72.98,9.12,21.4,76.32,Good
STU003097,Bhavya Nair,CSE,B.Tech,2,3,C,20,92.1,71.04,33.67,55.68,80.9,7.77,21.44,80.4,Good
STU003098,Sai Das,ECE,B.Tech,4,8,B,22,76.32,88.5,39.45,70.65,68.82,8.15,22.59,81.21,Average
STU003099,Arjun Krishnan,EEE,M.Tech,2,3,D,23,79.43,73.86,37.19,70.63,71.15,7.56,24.16,91.6,Good
STU003100,Rohan Nair,Mechanical,B.Tech,3,6,A,20,87.42,69.43,35.05,70.49,81.42,7.82,24.67,77.61,Good
STU003101,Nisha Mishra,AI & DS,B.Tech,2,3,A,19,80.98,66.31,34.58,56.95,78.89,7.04,25.46,88.15,Good
STU003102,Aditya Iyer,Mechanical,M.Tech,2,4,D,23,62.47,77.32,27.54,61.43,68.34,7.51,25.08,73.91,At Risk
STU003103,Ananya Chatterjee,ECE,B.Tech,3,5,D,21,72.5,67.22,32.87,58.37,73.0,7.6,17.78,73.64,Average
STU003104,Sneha Krishnan,EEE,B.Tech,4,8,D,21,81.99,85.09,44.55,72.66,79.59,8.28,15.44,72.57,Good
STU003105,Surya Verma,CSE,B.Tech,1,2,A,19,85.99,67.81,31.83,62.48,73.75,7.11,26.6,75.59,Good
STU003106,Karan Kumar,AI & DS,B.Tech,4,7,D,21,74.83,76.08,33.18,63.02,71.11,8.19,24.03,68.73,Average
STU003107,Zoya Patel,Civil,M.Tech,1,2,B,22,79.77,60.45,26.24,63.21,59.59,7.92,19.68,73.96,Average
STU003108,Diya Chatterjee,IT,B.Tech,2,4,D,20,66.97,73.09,30.59,72.9,80.63,8.46,18.12,69.66,Average
STU003109,Arjun Reddy,CSE,B.Tech,2,4,A,20,84.41,66.43,39.49,71.53,69.57,7.59,19.56,71.79,Average
STU003110,Meera Krishnan,IT,B.Tech,2,4,D,20,68.4,70.16,33.4,70.91,73.55,7.7,17.59,68.84,Average
STU003111,Arjun Verma,CSE,B.Tech,4,7,B,23,76.8,85.42,38.51,64.35,92.79,7.96,27.65,83.63,Good
STU003112,Rohan Pillai,ECE,B.Tech,1,2,C,19,83.79,77.15,35.64,61.56,62.37,8.6,18.26,85.48,Average
STU003113,Zoya Rao,IT,B.Tech,2,4,A,19,87.84,77.75,42.61,77.31,93.12,8.58,17.25,74.91,Excellent
STU003114,Rahul Reddy,IT,B.Tech,2,4,C,19,80.94,74.2,35.98,62.2,78.58,8.23,20.66,71.07,Good
STU003115,Aarav Rao,Civil,B.Tech,3,5,D,22,82.35,83.5,38.13,80.78,88.31,8.64,25.11,79.47,Excellent
STU003116,Shreya Menon,EEE,B.Tech,4,8,C,21,81.75,78.86,36.36,61.79,76.32,8.01,19.17,72.38,Good
STU003117,Karan Bose,ECE,B.Tech,3,6,D,22,67.77,69.01,27.04,60.61,67.14,7.44,20.77,67.54,Average
STU003118,Ishaan Joshi,IT,B.Tech,1,1,D,18,100,69.27,33.26,69.47,73.44,7.47,22.34,89.94,Good
STU003119,Aditya Rao,IT,B.Tech,2,4,C,20,82.43,85.93,33.61,73.23,73.79,7.47,20.93,83.0,Good
STU003120,Nikhil Nair,EEE,B.Tech,1,1,D,19,70.25,65.74,29.47,57.86,65.41,8.01,20.52,62.88,Average
STU003121,Kavya Verma,Civil,B.Tech,4,8,D,21,75.9,63.46,22.67,52.56,66.8,7.23,20.15,71.93,Average
STU003122,Vikram Rao,ECE,B.Tech,2,4,B,19,81.74,70.88,36.46,62.45,62.36,7.88,21.23,81.37,Average
STU003123,Bhavya Pillai,Mechanical,B.Tech,3,5,B,20,88.64,82.37,41.21,78.07,81.05,8.73,25.08,93.9,Good
STU003124,Rohan Krishnan,EEE,B.Tech,3,5,C,21,74.28,76.54,32.89,65.65,71.29,7.61,16.28,72.32,Average
STU003125,Ananya Bose,Mechanical,B.Tech,3,5,C,20,90.09,92.17,42.37,78.05,83.85,8.84,23.43,78.01,Good
STU003126,Rohan Patel,EEE,B.Tech,2,3,B,19,85.59,74.55,28.89,60.8,85.01,8.62,22.2,86.11,Excellent
STU003127,Nisha Mehta,Civil,B.Tech,1,2,B,19,71.73,70.83,34.73,68.95,75.16,6.84,20.34,60.73,Average
STU003128,Varun Reddy,AI & DS,B.Tech,3,6,D,21,81.13,72.29,34.86,73.82,79.2,8.38,23.73,70.12,Good
STU003129,Aryan Joshi,Civil,B.Tech,1,2,A,20,86.62,60.71,33.02,49.88,60.37,7.4,20.21,64.98,Average
STU003130,Akash Patel,AI & DS,B.Tech,2,3,B,20,93.43,93.97,35.56,94.52,100,9.63,32.24,83.84,Excellent
STU003131,Zoya Pillai,CSE,B.Tech,4,7,A,23,62.25,64.63,38.07,50.36,62.28,7.45,18.77,65.03,At Risk
STU003132,Manish Gupta,Mechanical,B.Tech,2,3,A,19,70.9,76.11,30.04,60.37,78.3,7.64,20.56,65.09,Average
STU003133,Sanjay Das,Civil,B.Tech,2,3,D,21,66.48,65.56,29.15,66.23,72.76,7.43,15.7,55.22,Average
STU003134,Pooja Rao,CSE,B.Tech,3,6,B,22,74.96,83.74,33.7,64.78,69.11,7.79,18.88,82.02,Average
STU003135,Aarav Mishra,CSE,B.Tech,2,4,A,20,89.3,81.11,35.97,73.26,81.92,8.14,21.39,82.99,Good
STU003136,Yash Verma,AI & DS,M.Tech,2,3,A,24,71.74,81.64,36.35,68.48,85.56,8.4,20.54,63.25,Average
STU003137,Aditi Mishra,IT,B.Tech,2,4,B,21,78.75,76.51,34.82,54.89,59.07,7.89,21.75,78.41,Average
STU003138,Varun Menon,CSE,B.Tech,2,3,C,19,74.86,65.14,33.82,53.79,57.65,7.56,25.69,79.28,Average
STU003139,Riya Chatterjee,CSE,M.Tech,1,2,B,23,76.99,75.88,33.64,66.3,79.56,7.82,20.79,67.05,Good
STU003140,Karan Mishra,CSE,B.Tech,1,2,B,18,82.75,81.07,32.47,70.46,75.33,7.6,23.18,71.47,Good
STU003141,Pooja Patel,CSE,B.Tech,3,6,C,22,84.8,70.73,32.19,63.54,84.39,8.48,21.93,64.35,Good
STU003142,Sneha Kumar,ECE,B.Tech,3,5,B,20,79.77,77.85,32.25,68.36,66.15,8.28,27.29,79.75,Average
STU003143,Kavya Chatterjee,AI & DS,B.Tech,3,6,C,22,80.13,64.97,29.99,50.83,52.58,8.02,23.57,61.16,At Risk
STU003144,Sai Bose,Civil,B.Tech,2,3,A,21,88.42,65.99,33.8,55.87,72.22,8.6,20.17,69.0,Good
STU003145,Karan Iyer,EEE,B.Tech,3,6,D,21,71.82,81.11,35.9,80.01,82.0,7.96,18.32,72.71,Average
STU003146,Akash Menon,AI & DS,B.Tech,4,8,A,23,82.14,59.2,29.36,61.08,73.16,7.73,20.13,80.34,Good
STU003147,Vikram Gupta,ECE,B.Tech,4,7,C,22,71.51,64.19,33.31,59.1,72.2,7.34,20.26,70.2,Average
STU003148,Riya Rao,Civil,B.Tech,2,3,D,21,90.82,81.1,30.37,66.24,78.01,7.59,23.61,93.7,Good
STU003149,Shreya Das,CSE,B.Tech,2,3,A,20,89.51,78.21,38.56,70.21,80.66,8.81,15.35,72.65,Good
STU003150,Varun Mehta,CSE,B.Tech,1,1,D,20,69.16,82.22,37.71,71.25,85.36,8.56,19.21,76.64,Average
STU003151,Karan Kumar,EEE,M.Tech,1,1,D,23,82.95,67.86,30.87,66.7,68.43,7.37,26.55,76.43,Average
STU003152,Shreya Nair,Mechanical,B.Tech,1,1,D,20,70.61,66.01,32.58,65.35,70.17,7.66,20.28,65.43,Average
STU003153,Rohan Sharma,AI & DS,M.Tech,2,3,C,24,80.35,67.76,33.88,64.46,66.04,8.77,21.72,64.61,Average
STU003154,Aditya Krishnan,CSE,B.Tech,3,5,B,22,75.47,71.22,25.04,62.95,60.22,6.2,23.84,64.59,Average
STU003155,Meera Mehta,ECE,B.Tech,2,3,D,21,82.17,74.68,32.66,70.85,75.47,7.35,27.29,86.32,Good
STU003156,Ishaan Krishnan,CSE,B.Tech,4,7,A,22,92.12,75.78,34.88,72.52,81.31,7.81,28.86,82.25,Good
STU003157,Tanvi Gupta,EEE,B.Tech,4,8,D,22,65.12,76.97,35.58,65.49,78.01,8.02,13.87,65.81,Average
STU003158,Sanjay Krishnan,CSE,B.Tech,1,2,A,20,93.75,88.58,39.06,82.68,94.19,8.58,27.77,82.11,Excellent
STU003159,Aditi Chatterjee,ECE,B.Tech,2,3,D,20,79.91,83.66,43.76,64.72,70.27,8.23,24.97,81.65,Good
STU003160,Akash Das,EEE,B.Tech,4,8,D,22,76.66,73.39,36.63,59.47,71.24,7.67,20.79,66.33,Good
STU003161,Nikhil Mishra,CSE,B.Tech,3,5,B,21,78.39,89.74,44.51,65.9,85.52,7.62,25.03,82.83,Good
STU003162,Aditya Patel,CSE,B.Tech,1,1,A,19,81.8,59.48,29.02,42.67,70.06,8.04,25.1,72.77,Good
STU003163,Sneha Menon,CSE,B.Tech,2,3,B,20,89.09,89.09,42.28,75.93,78.52,8.0,25.07,85.66,Good
STU003164,Riya Iyer,EEE,B.Tech,1,2,C,19,85.13,81.8,35.87,69.74,88.04,8.79,22.2,80.27,Excellent
STU003165,Zoya Nair,ECE,B.Tech,4,8,C,22,76.41,69.69,36.07,60.39,78.59,9.03,18.27,63.61,Good
STU003166,Aditi Shah,CSE,B.Tech,2,4,B,20,59.5,83.32,33.92,68.25,79.99,7.92,24.89,69.07,At Risk
STU003167,Shreya Krishnan,EEE,B.Tech,1,2,D,18,79.5,71.03,36.7,69.44,76.56,7.73,20.51,74.44,Good
STU003168,Rohan Kumar,IT,B.Tech,3,6,A,20,89.46,84.82,37.53,68.33,81.7,8.49,21.39,79.82,Good
STU003169,Kavya Menon,Mechanical,B.Tech,2,3,A,21,83.34,67.25,33.41,67.99,79.53,7.28,25.93,84.01,Good
STU003170,Shreya Joshi,EEE,M.Tech,2,3,A,25,77.54,79.5,37.14,64.91,65.91,8.2,10.24,54.14,Average
STU003171,Zoya Singh,ECE,B.Tech,2,4,D,20,90.36,63.21,31.33,45.53,66.65,7.39,21.7,80.1,Average
STU003172,Sneha Iyer,CSE,B.Tech,3,6,D,21,87.12,79.22,37.81,86.84,100,8.86,22.85,87.45,Excellent
STU003173,Zoya Verma,ECE,B.Tech,3,6,A,22,87.24,77.46,37.01,63.64,89.33,7.28,27.85,83.28,Excellent
STU003174,Diya Chatterjee,AI & DS,B.Tech,2,3,A,19,84.19,82.91,37.1,65.64,74.62,9.29,17.56,61.86,Good
STU003175,Rahul Kumar,ECE,B.Tech,2,4,B,19,84.16,82.33,35.95,71.72,79.97,8.05,26.22,77.42,Good
STU003176,Meera Iyer,CSE,B.Tech,4,8,C,22,74.69,70.89,34.81,60.8,73.89,8.56,19.86,62.98,Average
STU003177,Akash Shah,AI & DS,B.Tech,2,3,D,21,92.96,77.69,38.77,73.86,81.3,7.85,31.23,75.5,Good
STU003178,Varun Iyer,EEE,B.Tech,3,6,A,20,80.83,78.32,40.65,72.57,73.47,8.6,20.83,82.28,Good
STU003179,Sai Patel,CSE,B.Tech,2,4,A,21,78.65,73.73,36.22,67.61,72.39,8.31,25.59,79.67,Good
STU003180,Rahul Gupta,Civil,B.Tech,3,5,A,22,72.39,81.07,32.96,63.18,84.35,7.91,26.67,76.0,Average
STU003181,Zoya Das,Civil,B.Tech,2,3,A,21,75.19,62.67,28.97,72.56,71.85,7.5,22.36,68.87,Good
STU003182,Manish Krishnan,ECE,B.Tech,1,1,A,18,88.52,84.16,37.94,69.1,83.23,8.49,31.03,76.44,Good
STU003183,Aditi Rao,AI & DS,B.Tech,2,3,A,21,74.89,64.88,31.02,65.78,61.39,8.06,22.22,65.27,Average
STU003184,Sai Sharma,Mechanical,B.Tech,4,7,B,21,86.56,79.82,40.13,68.43,76.48,8.94,26.77,68.84,Good
STU003185,Rohan Iyer,CSE,B.Tech,4,8,A,21,83.41,64.28,25.81,58.0,67.13,8.0,19.94,84.6,Average
STU003186,Ananya Das,Mechanical,B.Tech,4,8,B,22,82.59,74.87,37.57,69.87,75.85,7.97,22.4,82.13,Good
STU003187,Tanvi Shah,ECE,M.Tech,1,1,D,23,78.28,79.33,37.31,75.97,78.82,8.32,21.21,75.63,Good
STU003188,Aarav Pillai,ECE,B.Tech,3,5,B,22,79.57,63.85,34.91,66.98,84.49,7.89,21.83,86.14,Good
STU003189,Shreya Das,ECE,M.Tech,1,2,D,24,81.79,77.04,34.52,66.52,75.45,8.38,22.56,78.23,Good
STU003190,Rahul Das,ECE,B.Tech,3,5,B,21,81.88,66.28,29.9,65.6,64.77,8.18,16.95,86.53,Average
STU003191,Sneha Chatterjee,Mechanical,B.Tech,2,4,B,20,91.89,75.71,37.38,71.88,77.1,7.86,23.79,88.65,Good
STU003192,Tanvi Bose,EEE,B.Tech,3,5,B,22,77.21,73.7,38.14,59.33,87.3,7.47,25.49,68.07,Good
STU003193,Ishaan Gupta,CSE,B.Tech,2,4,C,19,85.74,71.36,33.62,63.47,70.83,7.66,23.41,78.06,Good
STU003194,Shreya Sharma,CSE,B.Tech,4,7,B,22,83.68,69.67,30.15,50.45,65.35,7.76,23.28,89.29,Average
STU003195,Rahul Menon,IT,B.Tech,2,4,D,19,79.12,73.41,37.37,53.4,73.68,7.87,22.48,64.0,Good
STU003196,Vikram Das,IT,B.Tech,3,6,D,20,72.66,61.72,30.4,53.3,74.39,7.78,17.41,58.89,Average
STU003197,Tanvi Mishra,EEE,B.Tech,3,6,C,22,82.32,78.36,33.44,61.64,74.65,7.85,19.02,69.52,Good
STU003198,Surya Verma,Civil,B.Tech,3,5,C,22,94.47,68.26,36.17,66.35,85.65,8.08,18.96,82.74,Excellent
STU003199,Diya Sharma,CSE,B.Tech,3,5,C,20,78.81,70.2,33.85,55.44,75.36,7.99,15.28,66.67,Good
STU003200,Kavya Verma,IT,B.Tech,2,4,B,20,75.42,65.53,32.94,71.78,69.51,7.63,22.63,72.76,Average
STU003201,Rohan Patel,AI & DS,B.Tech,1,2,A,20,83.77,67.2,30.73,58.89,83.9,7.36,22.12,74.97,Good
STU003202,Arjun Verma,CSE,B.Tech,1,2,D,20,78.32,67.38,32.79,42.91,54.67,8.15,18.01,68.15,At Risk
STU003203,Karan Pillai,IT,B.Tech,2,4,C,19,78.56,72.75,33.42,68.33,66.67,8.36,22.51,67.78,Average
STU003204,Arjun Reddy,Civil,B.Tech,4,7,A,22,80.82,74.88,40.39,62.02,59.07,8.73,22.44,68.14,Average
STU003205,Nisha Verma,AI & DS,B.Tech,2,3,C,20,88.67,81.11,40.71,54.77,76.05,7.54,22.94,80.7,Good
STU003206,Surya Sharma,Civil,B.Tech,1,2,C,19,77.72,63.14,27.55,44.56,61.49,8.34,18.2,73.59,Average
STU003207,Ishaan Das,Mechanical,B.Tech,1,1,B,20,71.1,66.21,34.49,65.47,61.44,8.28,13.3,75.26,Average
STU003208,Pooja Joshi,EEE,B.Tech,2,3,A,19,89.19,82.48,33.37,70.65,77.95,7.83,20.7,78.49,Good
STU003209,Sai Joshi,EEE,B.Tech,3,6,D,22,81.94,58.09,28.28,49.02,66.66,7.72,14.87,69.74,Average
STU003210,Aditi Nair,IT,B.Tech,4,8,A,23,94.0,67.93,32.42,59.42,74.03,6.73,24.82,79.52,Good
STU003211,Vikram Mehta,IT,B.Tech,2,3,B,20,76.46,70.74,37.64,54.61,64.4,7.64,15.35,80.92,Average
STU003212,Sai Iyer,AI & DS,M.Tech,2,3,A,23,71.52,60.54,25.96,51.53,57.65,8.11,18.2,66.94,Average
STU003213,Yash Menon,CSE,B.Tech,4,8,C,22,90.51,78.93,33.58,53.47,84.71,8.5,24.19,70.35,Good
STU003214,Diya Patel,Mechanical,B.Tech,2,4,B,19,74.76,69.49,35.08,59.71,70.01,7.61,21.92,79.69,Average
STU003215,Krishna Bose,CSE,B.Tech,4,8,D,22,80.36,79.03,35.75,76.16,91.44,8.03,23.48,88.67,Excellent
STU003216,Kavya Patel,Mechanical,B.Tech,3,5,D,20,91.14,69.62,31.65,65.78,78.9,7.77,19.02,77.65,Good
STU003217,Yash Das,CSE,B.Tech,4,7,C,23,79.05,60.67,35.03,57.43,57.34,8.39,15.48,72.31,Average
STU003218,Karan Reddy,AI & DS,B.Tech,3,6,A,22,85.03,74.85,40.65,61.46,76.11,9.41,23.42,81.49,Good
STU003219,Yash Iyer,IT,B.Tech,4,7,D,23,77.25,64.17,32.62,71.46,83.68,7.52,16.57,71.05,Good
STU003220,Aryan Singh,CSE,B.Tech,4,7,B,23,91.7,78.1,36.47,68.49,75.79,7.89,24.41,77.93,Good
STU003221,Meera Chatterjee,ECE,B.Tech,2,4,A,19,75.88,60.61,27.36,46.08,55.65,7.18,17.48,69.91,Average
STU003222,Rahul Kumar,EEE,B.Tech,2,3,A,21,69.89,63.49,31.65,56.16,55.84,7.89,10.25,67.16,Average
STU003223,Aarav Iyer,AI & DS,B.Tech,1,1,D,19,83.38,70.89,31.78,65.79,65.0,7.94,18.02,79.95,Average
STU003224,Aditya Verma,IT,M.Tech,2,3,A,23,81.05,77.58,34.13,58.68,79.13,8.29,21.61,64.0,Good
STU003225,Nisha Nair,EEE,B.Tech,2,4,A,21,73.09,71.27,37.42,55.08,64.46,7.59,18.83,65.11,Average
STU003226,Shreya Verma,Mechanical,B.Tech,3,6,B,21,68.88,65.96,31.5,59.79,71.79,7.83,17.79,80.82,Average
STU003227,Nikhil Gupta,Mechanical,B.Tech,3,6,A,20,69.79,77.59,38.52,73.51,91.81,8.57,16.94,68.05,Average
STU003228,Isha Joshi,CSE,B.Tech,4,8,B,22,69.44,72.1,30.12,52.05,64.63,8.26,17.47,77.13,Average
STU003229,Aditya Krishnan,Civil,B.Tech,1,1,B,18,65.32,73.12,33.24,68.32,81.75,8.09,16.01,74.4,Average
STU003230,Sai Das,ECE,B.Tech,4,8,D,23,73.94,80.57,37.69,79.88,72.42,8.24,24.26,85.14,Average
STU003231,Ananya Reddy,CSE,B.Tech,3,5,B,22,70.86,63.67,30.24,58.47,58.17,7.81,16.26,76.07,Average
STU003232,Arjun Patel,Mechanical,B.Tech,1,2,A,19,77.12,80.54,38.87,74.73,88.73,8.58,24.91,86.31,Good
STU003233,Nikhil Reddy,Civil,B.Tech,1,2,B,20,89.8,77.72,38.63,75.8,88.27,8.48,26.26,76.11,Excellent
STU003234,Karan Pillai,Civil,B.Tech,2,4,A,21,75.14,66.93,31.35,54.15,66.58,7.91,19.3,66.26,Average
STU003235,Tanvi Rao,ECE,B.Tech,2,4,B,20,85.02,85.15,37.93,69.5,67.41,7.95,16.29,73.68,Average
STU003236,Ananya Singh,CSE,B.Tech,4,8,D,23,79.46,79.09,35.26,57.16,75.32,7.02,24.37,64.32,Good
STU003237,Sanjay Verma,CSE,B.Tech,3,5,C,22,87.59,73.13,37.05,68.09,84.95,7.72,19.03,71.15,Good
STU003238,Tanvi Rao,IT,B.Tech,2,4,A,20,80.16,77.16,36.58,77.83,74.34,8.5,20.0,80.99,Good
STU003239,Tanvi Krishnan,Mechanical,B.Tech,1,1,B,20,71.1,58.65,31.97,70.07,78.71,7.57,19.56,71.02,Average
STU003240,Yash Gupta,CSE,B.Tech,3,5,A,22,84.4,81.0,43.03,53.2,72.82,9.16,18.67,65.44,Good
STU003241,Nisha Gupta,Civil,B.Tech,2,4,A,20,67.83,65.38,30.71,65.81,73.29,8.41,14.98,60.59,Average
STU003242,Pooja Menon,AI & DS,B.Tech,4,7,B,23,91.05,76.2,35.34,61.26,81.92,7.79,18.62,65.96,Good
STU003243,Kavya Verma,IT,B.Tech,4,7,B,21,87.89,82.45,42.54,73.44,76.05,9.26,22.15,75.5,Good
STU003244,Surya Chatterjee,ECE,B.Tech,2,4,C,21,82.7,86.71,34.56,67.12,83.55,7.49,17.25,71.06,Good
STU003245,Isha Patel,AI & DS,B.Tech,2,4,C,19,72.88,75.3,38.96,64.58,64.34,7.45,24.02,75.14,Average
STU003246,Isha Pillai,AI & DS,M.Tech,2,4,B,25,77.84,67.46,35.97,65.97,58.56,7.34,24.04,79.06,Average
STU003247,Isha Pillai,AI & DS,B.Tech,3,5,D,21,91.38,82.42,34.01,64.53,83.09,7.76,28.68,80.45,Good
STU003248,Sai Shah,CSE,B.Tech,1,2,A,18,74.66,65.23,30.72,60.54,74.4,7.33,17.34,72.19,Average
STU003249,Tanvi Gupta,EEE,B.Tech,2,4,D,21,66.77,72.15,30.45,65.02,59.96,8.31,20.04,71.82,Average
STU003250,Vikram Rao,IT,B.Tech,3,6,A,21,72.46,70.13,32.79,61.46,63.47,7.5,23.88,72.86,Average
STU003251,Ishaan Reddy,CSE,B.Tech,2,3,D,20,61.06,70.0,29.11,72.24,74.13,8.57,16.12,73.54,At Risk
STU003252,Arjun Gupta,ECE,B.Tech,2,4,B,19,78.66,75.32,38.12,68.37,90.13,8.4,26.48,76.76,Good
STU003253,Rohan Gupta,ECE,B.Tech,4,8,C,23,81.88,82.47,29.97,56.07,75.94,7.86,21.5,84.83,Good
STU003254,Vikram Iyer,CSE,B.Tech,4,7,B,22,79.78,64.94,32.09,56.73,66.62,8.37,13.13,68.38,Average
STU003255,Aarav Iyer,AI & DS,B.Tech,2,4,B,20,93.67,67.81,26.67,54.88,64.99,8.19,15.8,76.17,Average
STU003256,Meera Mishra,CSE,B.Tech,2,4,A,20,69.36,62.75,25.93,47.48,62.08,7.29,21.99,78.51,Average
STU003257,Sneha Mehta,CSE,M.Tech,2,4,B,25,78.46,77.03,36.25,62.1,65.62,7.45,26.43,78.19,Average
STU003258,Rahul Patel,CSE,B.Tech,3,6,A,22,78.24,74.67,35.76,51.07,76.79,7.4,17.32,71.79,Good
STU003259,Vikram Joshi,CSE,M.Tech,2,3,A,26,72.68,63.1,33.51,53.09,63.19,7.17,23.22,68.12,Average
STU003260,Isha Bose,AI & DS,M.Tech,1,2,C,23,84.27,83.18,45.0,73.74,94.15,8.84,20.35,82.95,Excellent
STU003261,Sanjay Das,Mechanical,B.Tech,1,2,A,18,80.72,62.72,28.9,75.26,61.96,7.73,21.88,78.25,Average
STU003262,Nikhil Bose,ECE,B.Tech,2,3,B,19,80.96,73.49,33.02,74.04,81.55,8.82,22.22,82.55,Good
STU003263,Surya Patel,ECE,M.Tech,2,4,B,25,77.28,70.5,34.86,67.45,76.99,7.83,25.24,71.73,Good
STU003264,Sanjay Patel,AI & DS,B.Tech,2,3,A,19,93.75,71.87,31.69,67.75,91.25,7.94,20.35,80.83,Excellent
STU003265,Pooja Verma,EEE,B.Tech,2,4,C,20,72.63,59.31,29.27,61.92,74.49,8.19,19.02,68.49,Average
STU003266,Meera Verma,AI & DS,B.Tech,3,6,D,22,73.19,73.16,29.48,51.87,77.66,8.3,17.29,79.37,Average
STU003267,Kavya Shah,CSE,B.Tech,2,3,A,20,99.25,83.73,43.3,67.2,85.06,8.05,26.64,86.68,Excellent
STU003268,Sneha Joshi,EEE,B.Tech,2,3,B,19,76.65,66.94,28.7,62.67,69.54,8.03,23.01,72.98,Average
STU003269,Aditya Gupta,CSE,B.Tech,2,4,D,21,86.97,76.52,34.44,43.91,67.5,7.98,20.7,81.24,Average
STU003270,Aditya Kumar,AI & DS,B.Tech,2,3,B,19,90.41,76.94,36.52,73.5,85.91,7.57,20.32,84.96,Excellent
STU003271,Surya Mehta,ECE,B.Tech,1,2,D,19,80.67,58.61,30.66,69.68,66.58,8.16,14.99,62.6,Average
STU003272,Nisha Patel,IT,B.Tech,3,6,A,20,70.21,62.26,31.89,60.86,68.4,7.56,20.64,72.31,Average
STU003273,Rohan Singh,AI & DS,B.Tech,2,3,C,20,77.94,54.56,30.66,59.18,65.26,7.93,19.35,77.91,Average
STU003274,Akash Iyer,Mechanical,B.Tech,3,5,A,20,89.74,82.73,40.38,80.78,78.67,8.21,23.47,84.34,Good
STU003275,Shreya Shah,ECE,B.Tech,3,5,C,21,88.18,72.0,32.66,69.35,72.32,7.29,20.08,74.83,Good
STU003276,Aryan Kumar,CSE,B.Tech,4,7,A,22,71.93,78.79,32.81,61.78,78.42,8.12,17.52,69.42,Average
STU003277,Manish Das,IT,B.Tech,4,7,C,23,79.12,70.66,35.54,74.04,81.98,7.85,23.4,72.51,Good
STU003278,Aditi Menon,CSE,B.Tech,3,5,B,20,75.67,68.75,29.59,51.05,58.01,7.22,22.37,69.67,Average
STU003279,Bhavya Iyer,AI & DS,B.Tech,1,2,D,19,87.71,65.87,36.87,58.03,69.22,9.23,19.18,83.25,Average
STU003280,Pooja Mishra,CSE,B.Tech,3,6,D,20,87.97,81.08,38.97,65.79,87.76,8.25,18.95,71.78,Excellent
STU003281,Ishaan Mehta,ECE,B.Tech,1,2,D,19,82.08,67.69,33.98,59.3,71.11,7.0,25.77,68.25,Good
STU003282,Yash Patel,Civil,B.Tech,2,3,C,21,78.7,76.99,34.14,81.5,85.19,8.58,21.14,76.39,Good
STU003283,Pooja Mehta,CSE,M.Tech,1,1,C,23,71.23,82.08,30.64,60.23,76.53,7.82,21.71,64.35,Average
STU003284,Sai Krishnan,AI & DS,B.Tech,4,7,A,23,85.04,83.9,38.26,60.37,74.46,8.66,24.23,80.39,Good
STU003285,Nikhil Bose,ECE,B.Tech,4,7,A,22,81.65,66.85,34.52,56.19,61.93,7.63,21.83,71.76,Average
STU003286,Yash Kumar,Mechanical,B.Tech,4,8,A,21,89.73,61.5,25.8,56.95,69.57,8.18,24.33,57.98,Average
STU003287,Manish Kumar,CSE,B.Tech,1,1,B,18,79.26,65.67,33.94,67.3,69.76,7.54,24.19,86.43,Average
STU003288,Arjun Das,CSE,B.Tech,3,5,C,21,86.6,79.22,33.1,55.0,77.85,8.18,16.96,78.58,Good
STU003289,Pooja Verma,CSE,B.Tech,3,6,B,20,96.98,70.84,37.14,54.93,61.4,7.08,22.13,72.84,Average
STU003290,Aarav Chatterjee,CSE,B.Tech,4,7,D,21,90.23,72.28,33.56,60.83,76.84,8.16,19.43,80.56,Good
STU003291,Aryan Krishnan,AI & DS,B.Tech,4,7,A,23,62.83,58.43,32.41,56.19,60.17,8.19,14.97,60.51,At Risk
STU003292,Tanvi Shah,IT,B.Tech,4,8,D,22,78.31,81.47,35.54,77.48,84.83,8.61,19.29,71.46,Good
STU003293,Rohan Rao,ECE,B.Tech,3,6,D,22,81.38,64.53,32.24,60.92,72.73,9.27,18.79,71.71,Good
STU003294,Akash Krishnan,IT,B.Tech,3,6,C,21,79.0,68.32,36.03,65.19,78.61,8.2,22.12,70.94,Good
STU003295,Pooja Menon,Mechanical,B.Tech,3,5,D,21,83.79,72.96,40.22,68.25,67.66,7.44,20.06,80.0,Average
STU003296,Ishaan Menon,Mechanical,B.Tech,4,7,A,22,78.56,84.79,41.56,72.07,85.79,8.17,18.05,77.37,Good
STU003297,Aarav Bose,Mechanical,B.Tech,1,2,D,18,75.54,70.83,37.63,66.3,73.23,7.98,17.08,72.76,Good
STU003298,Sanjay Kumar,AI & DS,B.Tech,2,3,B,19,83.23,83.52,42.81,69.23,71.66,6.92,20.46,89.28,Good
STU003299,Meera Mishra,CSE,B.Tech,4,8,D,21,98.75,59.33,31.87,62.67,77.6,7.59,25.88,80.17,Good
STU003300,Rahul Nair,Mechanical,B.Tech,1,2,D,18,64.91,69.67,35.42,58.68,70.93,7.76,21.94,75.95,At Risk
STU003301,Isha Kumar,ECE,B.Tech,1,2,B,19,79.15,69.21,31.99,55.7,49.1,7.51,20.61,87.77,At Risk
STU003302,Diya Chatterjee,EEE,B.Tech,4,8,D,23,79.54,66.95,28.64,64.5,72.78,7.15,22.43,63.91,Good
STU003303,Krishna Iyer,EEE,B.Tech,1,2,D,18,84.74,66.99,25.29,52.99,70.4,7.32,20.15,82.85,Good
STU003304,Aditi Krishnan,Mechanical,B.Tech,1,2,C,18,93.05,90.29,33.94,72.62,78.92,8.91,29.37,79.71,Good
STU003305,Isha Kumar,CSE,B.Tech,3,5,C,22,70.04,72.14,38.43,65.41,89.21,8.46,20.72,71.83,Average
STU003306,Rahul Patel,CSE,B.Tech,3,6,A,21,95.1,74.51,32.02,56.02,81.84,6.85,24.27,79.98,Good
STU003307,Surya Patel,IT,B.Tech,1,2,C,19,86.11,68.56,25.75,66.21,71.2,7.68,16.65,84.02,Good
STU003308,Ananya Rao,ECE,B.Tech,1,2,D,20,79.03,56.2,29.09,57.58,68.46,7.74,21.37,69.47,Average
STU003309,Sneha Iyer,CSE,B.Tech,2,3,B,20,78.22,79.37,31.85,62.82,92.62,8.4,21.7,70.59,Good
STU003310,Pooja Joshi,Mechanical,B.Tech,3,5,D,20,93.28,68.31,36.6,68.04,73.52,8.27,17.31,77.95,Good
STU003311,Manish Shah,ECE,B.Tech,1,1,D,20,89.69,76.51,39.31,66.4,77.21,8.22,23.58,86.36,Good
STU003312,Rahul Bose,Mechanical,B.Tech,2,4,A,20,75.87,78.86,38.17,68.84,80.74,8.4,23.09,86.83,Good
STU003313,Nisha Joshi,CSE,B.Tech,3,5,D,20,58.57,60.73,28.49,60.45,73.16,8.0,16.92,68.37,At Risk
STU003314,Yash Chatterjee,ECE,B.Tech,4,8,D,23,89.74,78.83,44.5,61.56,79.75,8.45,21.45,78.1,Good
STU003315,Sneha Bose,AI & DS,B.Tech,4,7,D,22,82.03,71.94,32.74,62.19,81.0,7.4,24.15,83.53,Good
STU003316,Diya Iyer,Mechanical,B.Tech,3,6,B,20,82.26,73.59,27.97,62.46,99.37,8.99,28.26,83.27,Excellent
STU003317,Sneha Bose,AI & DS,B.Tech,1,1,B,20,74.09,73.72,31.94,54.59,77.92,7.97,21.26,79.48,Average
STU003318,Sai Patel,CSE,B.Tech,1,2,D,19,75.71,72.35,34.03,63.59,70.09,7.55,22.71,95.01,Good
STU003319,Aditya Krishnan,IT,B.Tech,1,2,C,19,77.27,74.58,29.75,73.89,89.75,8.35,23.38,76.71,Good
STU003320,Bhavya Shah,AI & DS,B.Tech,2,4,A,19,93.15,71.59,24.96,67.8,75.61,7.07,27.3,79.41,Good
STU003321,Ananya Rao,AI & DS,B.Tech,2,3,A,19,80.39,70.27,37.26,62.45,75.19,7.78,20.59,75.07,Good
STU003322,Surya Krishnan,AI & DS,B.Tech,1,1,B,20,79.5,76.19,34.76,71.31,76.17,7.97,20.81,64.21,Good
STU003323,Sneha Das,ECE,B.Tech,1,2,B,19,80.41,73.93,33.28,57.73,78.96,7.34,23.64,69.94,Good
STU003324,Bhavya Kumar,CSE,B.Tech,1,2,B,18,75.64,73.5,39.52,61.48,79.84,8.8,19.86,63.51,Good
STU003325,Nisha Chatterjee,IT,B.Tech,2,4,B,20,84.86,60.33,32.84,52.04,60.42,7.19,22.2,65.66,Average
STU003326,Tanvi Chatterjee,ECE,B.Tech,4,7,B,21,92.57,72.54,36.0,66.6,72.5,7.3,21.75,71.36,Good
STU003327,Shreya Reddy,AI & DS,B.Tech,3,6,A,22,85.81,70.43,37.79,54.12,69.32,7.52,21.08,82.13,Average
STU003328,Riya Mehta,CSE,B.Tech,3,5,A,22,79.65,76.72,31.68,72.53,72.72,8.03,20.23,72.96,Good
STU003329,Zoya Sharma,IT,B.Tech,4,7,B,22,87.96,78.39,40.38,68.97,80.7,8.63,19.92,76.56,Good
STU003330,Bhavya Joshi,CSE,B.Tech,1,1,C,18,69.47,62.51,29.62,60.61,54.17,7.69,21.86,64.52,At Risk
STU003331,Isha Chatterjee,IT,B.Tech,4,8,A,22,93.04,76.75,36.1,67.21,88.11,8.08,27.52,81.2,Excellent
STU003332,Shreya Sharma,Civil,B.Tech,3,5,B,20,77.56,76.77,36.05,78.55,68.09,7.97,21.41,79.88,Average
STU003333,Sanjay Shah,AI & DS,B.Tech,4,8,B,23,92.68,72.41,31.66,62.79,79.86,8.22,24.07,74.48,Good
STU003334,Bhavya Menon,Mechanical,B.Tech,1,2,A,20,74.36,65.88,33.97,50.16,59.52,7.04,16.27,60.05,Average
STU003335,Sneha Rao,EEE,B.Tech,3,5,B,22,88.92,64.57,29.58,67.81,77.93,7.73,18.37,80.11,Good
STU003336,Shreya Iyer,AI & DS,B.Tech,2,4,C,19,68.79,58.32,29.21,69.42,75.68,8.14,15.41,76.14,Average
STU003337,Sanjay Iyer,ECE,B.Tech,2,3,C,21,83.57,73.81,38.08,81.16,71.86,7.92,21.22,64.2,Good
STU003338,Rahul Das,CSE,B.Tech,4,7,C,23,69.63,76.44,38.14,66.4,67.82,8.97,15.6,59.26,Average
STU003339,Meera Chatterjee,CSE,B.Tech,4,8,B,23,84.04,83.12,30.45,68.46,72.63,7.51,22.29,77.89,Good
STU003340,Riya Joshi,EEE,B.Tech,3,6,D,22,67.78,63.09,30.22,58.19,55.84,7.34,19.74,71.61,Average
STU003341,Pooja Pillai,CSE,B.Tech,2,3,A,20,81.23,74.85,37.8,68.89,79.28,8.25,21.81,80.62,Good
STU003342,Ananya Das,Mechanical,B.Tech,2,4,D,19,80.8,66.39,27.98,63.46,72.95,7.1,25.75,76.61,Good
STU003343,Yash Gupta,CSE,M.Tech,2,3,D,26,81.03,84.24,37.67,60.48,85.37,7.53,28.06,86.08,Excellent
STU003344,Bhavya Das,Civil,B.Tech,2,3,D,20,91.48,81.36,37.78,68.47,89.52,8.53,25.67,79.21,Excellent
STU003345,Surya Patel,AI & DS,B.Tech,1,1,A,18,81.03,59.75,30.64,51.67,67.24,7.32,22.26,78.54,Average
STU003346,Aarav Sharma,CSE,B.Tech,1,2,B,19,65.86,70.53,38.57,59.37,69.21,8.31,16.61,70.37,Average
STU003347,Karan Gupta,EEE,B.Tech,3,5,D,20,83.85,74.41,35.55,67.04,66.12,8.06,22.63,58.74,Average
STU003348,Riya Iyer,EEE,B.Tech,4,8,A,21,71.08,72.8,35.65,71.05,81.17,7.88,22.32,74.27,Average
STU003349,Shreya Mehta,AI & DS,B.Tech,2,3,A,20,86.15,83.12,33.54,52.07,77.21,7.56,21.17,67.49,Good
STU003350,Aryan Rao,Civil,B.Tech,1,1,D,18,80.58,79.57,37.83,63.89,75.71,8.76,18.86,83.71,Good
STU003351,Arjun Reddy,Mechanical,B.Tech,1,1,B,18,81.09,77.37,32.48,69.23,83.45,7.97,23.47,79.76,Good
STU003352,Surya Pillai,AI & DS,B.Tech,3,6,D,20,68.64,71.33,32.14,60.53,74.17,8.21,16.14,66.37,Average
STU003353,Aryan Menon,ECE,B.Tech,4,7,D,22,86.39,58.74,25.99,49.82,55.26,6.21,22.7,61.99,Average
STU003354,Isha Singh,IT,B.Tech,3,5,C,22,73.03,67.68,32.71,61.6,68.42,7.59,17.81,84.33,Average
STU003355,Surya Chatterjee,CSE,B.Tech,4,8,D,22,78.76,77.52,36.75,71.97,81.86,9.93,19.44,63.98,Good
STU003356,Manish Nair,IT,B.Tech,1,2,B,20,90.23,71.23,38.25,62.87,79.11,8.12,22.63,76.29,Good
STU003357,Diya Reddy,AI & DS,B.Tech,1,2,C,20,84.68,86.32,41.94,75.78,76.99,8.95,24.18,74.66,Good
STU003358,Meera Das,ECE,B.Tech,3,5,A,20,60.84,67.34,32.84,63.84,68.25,8.54,20.93,70.43,At Risk
STU003359,Zoya Kumar,IT,B.Tech,2,3,D,20,68.17,66.52,36.79,64.7,73.54,8.1,14.89,55.15,Average
STU003360,Manish Kumar,CSE,B.Tech,1,2,D,18,85.77,77.78,35.38,62.32,81.99,8.37,21.22,86.36,Good
STU003361,Arjun Iyer,AI & DS,B.Tech,1,1,A,20,73.38,71.35,28.88,59.18,74.69,7.72,18.78,79.36,Average
STU003362,Aditya Gupta,ECE,B.Tech,1,2,D,19,75.74,79.89,34.49,61.52,69.87,8.97,19.62,56.71,Average
STU003363,Yash Kumar,CSE,B.Tech,4,7,D,22,74.06,74.85,28.14,57.86,62.67,8.19,15.64,70.55,Average
STU003364,Shreya Pillai,IT,B.Tech,2,4,A,21,91.81,76.21,32.46,55.69,66.78,8.09,24.3,64.5,Average
STU003365,Sneha Pillai,EEE,B.Tech,4,8,B,22,71.96,59.29,25.15,55.0,50.59,7.05,17.52,72.42,At Risk
STU003366,Sai Shah,ECE,B.Tech,2,4,A,19,76.36,73.49,34.19,63.74,69.54,7.74,22.03,63.07,Average
STU003367,Shreya Rao,AI & DS,B.Tech,1,1,D,19,81.57,72.56,34.22,64.61,71.56,8.1,17.07,67.85,Good
STU003368,Sneha Sharma,Civil,B.Tech,1,2,B,18,79.84,79.13,39.19,52.06,77.5,8.81,20.24,78.28,Good
STU003369,Akash Mishra,AI & DS,B.Tech,1,1,A,19,63.68,68.59,32.49,63.09,64.84,7.86,16.47,65.68,At Risk
STU003370,Tanvi Patel,AI & DS,B.Tech,4,7,B,21,88.44,57.71,26.18,41.36,59.67,7.76,16.0,77.1,Average
STU003371,Bhavya Nair,CSE,B.Tech,1,2,C,20,74.07,83.23,37.93,66.86,66.55,8.0,20.47,76.51,Average
STU003372,Ananya Shah,ECE,B.Tech,3,6,A,21,74.99,64.62,25.31,45.41,65.92,6.88,21.6,74.95,Average
STU003373,Rahul Singh,AI & DS,B.Tech,3,5,A,21,76.54,73.73,40.06,66.63,88.07,7.86,23.43,74.25,Good
STU003374,Shreya Menon,IT,B.Tech,3,5,A,22,79.79,61.81,36.19,65.05,72.69,7.81,14.67,68.01,Good
STU003375,Kavya Nair,IT,B.Tech,4,7,A,21,76.32,71.18,27.92,64.03,70.14,8.97,19.4,66.44,Good
STU003376,Kavya Mehta,EEE,B.Tech,3,6,D,21,83.1,71.28,34.99,64.89,81.5,8.17,19.49,74.78,Good
STU003377,Meera Kumar,EEE,B.Tech,1,1,D,18,70.62,85.28,41.02,72.12,85.03,9.61,14.35,65.76,Average
STU003378,Sanjay Shah,ECE,B.Tech,1,1,B,18,57.14,57.74,30.96,37.43,61.28,7.75,13.53,54.09,At Risk
STU003379,Arjun Kumar,IT,B.Tech,3,6,C,20,76.47,79.65,34.3,64.24,80.62,8.43,25.09,72.32,Good
STU003380,Ananya Gupta,IT,M.Tech,2,3,B,25,84.55,72.65,32.22,56.34,83.98,7.65,21.67,66.0,Good
STU003381,Manish Iyer,CSE,B.Tech,4,8,C,21,77.62,76.31,35.83,58.93,82.22,8.07,20.35,76.31,Good
STU003382,Karan Nair,CSE,B.Tech,2,3,B,19,63.79,66.51,29.2,60.92,80.89,7.09,18.95,58.0,At Risk
STU003383,Arjun Chatterjee,CSE,B.Tech,1,2,B,20,82.08,63.91,29.32,66.78,84.04,7.31,20.87,71.16,Good
STU003384,Krishna Verma,EEE,M.Tech,2,4,A,24,60.54,76.06,31.5,64.7,75.24,7.78,18.32,75.47,At Risk
STU003385,Aditya Das,IT,B.Tech,4,8,B,23,85.79,76.01,32.81,74.8,76.21,8.19,19.69,73.11,Good
STU003386,Karan Mishra,ECE,B.Tech,1,2,C,19,89.3,76.44,32.95,58.79,75.69,8.3,19.68,74.01,Good
STU003387,Krishna Mehta,CSE,B.Tech,1,1,C,19,74.85,77.39,37.66,65.02,82.96,9.5,18.62,71.01,Average
STU003388,Rohan Gupta,CSE,B.Tech,1,1,D,20,89.4,73.13,27.31,57.26,69.7,7.21,24.58,77.91,Average
STU003389,Arjun Rao,AI & DS,B.Tech,2,4,B,20,98.96,70.67,39.61,62.38,72.52,7.51,24.35,87.92,Good
STU003390,Isha Kumar,AI & DS,B.Tech,3,5,A,22,83.62,63.44,30.96,65.29,53.89,7.85,18.72,77.01,At Risk
STU003391,Aditi Gupta,Civil,B.Tech,4,8,C,22,66.38,60.05,30.38,52.86,66.2,7.7,25.14,63.19,Average
STU003392,Aarav Patel,ECE,B.Tech,3,5,A,22,69.92,73.87,34.12,61.39,59.36,7.22,24.47,73.41,Average
STU003393,Aarav Bose,IT,B.Tech,4,8,A,23,92.46,65.2,36.67,64.7,78.47,7.34,19.21,82.9,Good
STU003394,Yash Nair,Mechanical,B.Tech,3,5,A,21,97.11,81.78,46.7,77.25,91.78,8.81,24.04,76.09,Excellent
STU003395,Riya Nair,IT,B.Tech,3,5,B,22,93.74,97.13,39.26,86.66,96.8,8.29,29.58,89.03,Excellent
STU003396,Pooja Nair,AI & DS,M.Tech,1,2,D,22,66.96,64.16,28.72,58.44,66.94,8.13,13.75,70.41,Average
STU003397,Aryan Krishnan,CSE,B.Tech,1,1,B,19,81.84,65.51,34.14,55.46,55.49,7.6,20.09,67.15,Average
STU003398,Surya Singh,IT,B.Tech,2,3,C,19,78.84,70.01,36.48,68.04,78.78,9.13,17.44,67.71,Good
STU003399,Vikram Rao,AI & DS,B.Tech,3,5,C,20,73.33,73.16,41.28,55.28,68.58,8.04,16.02,78.65,Average
STU003400,Tanvi Das,AI & DS,B.Tech,4,8,C,22,85.39,77.68,37.82,75.3,85.28,8.24,19.42,69.58,Excellent
STU003401,Nikhil Verma,ECE,B.Tech,1,1,C,19,70.03,70.35,37.87,79.58,82.43,8.73,17.65,69.43,Average
STU003402,Rohan Gupta,IT,B.Tech,4,8,D,21,84.39,75.81,40.7,60.92,76.7,7.42,25.99,77.58,Good
STU003403,Sneha Shah,Mechanical,B.Tech,1,2,B,19,71.96,67.5,32.66,63.05,72.37,8.63,19.83,70.83,Average
STU003404,Zoya Krishnan,IT,M.Tech,2,4,D,24,89.48,84.56,36.03,71.19,83.85,8.63,24.29,77.49,Good
STU003405,Arjun Chatterjee,IT,B.Tech,1,1,B,20,87.76,77.69,39.11,82.03,84.57,7.54,19.94,82.66,Good
STU003406,Sanjay Rao,AI & DS,B.Tech,4,7,D,22,87.53,81.46,41.37,71.29,74.53,7.59,26.76,88.38,Good
STU003407,Aryan Rao,EEE,B.Tech,3,6,C,21,95.49,75.39,40.34,66.11,83.38,8.16,22.91,80.56,Good
STU003408,Sneha Chatterjee,Civil,B.Tech,3,6,A,22,78.91,73.13,37.48,61.33,72.95,7.85,13.7,76.2,Good
STU003409,Akash Verma,Mechanical,B.Tech,2,3,D,19,87.26,77.85,28.68,58.59,62.58,7.74,26.86,85.07,Average
STU003410,Akash Mehta,AI & DS,B.Tech,2,4,D,20,87.23,65.39,30.62,45.44,61.58,6.84,11.73,77.75,Average
STU003411,Diya Nair,ECE,B.Tech,4,7,B,21,71.75,63.91,22.47,61.59,63.12,7.26,19.39,64.7,Average
STU003412,Shreya Gupta,Civil,B.Tech,1,2,D,18,74.29,69.97,31.82,75.49,76.09,7.5,24.25,74.89,Average
STU003413,Isha Iyer,IT,B.Tech,1,2,B,20,89.84,77.9,36.76,72.53,83.43,8.18,27.56,88.99,Good
STU003414,Akash Reddy,CSE,B.Tech,2,3,A,21,90.25,76.16,29.32,75.16,83.82,7.92,23.2,86.42,Good
STU003415,Pooja Singh,EEE,B.Tech,3,6,B,22,76.98,76.63,39.64,70.4,70.29,7.55,18.83,83.3,Good
STU003416,Aryan Joshi,EEE,B.Tech,3,6,D,22,78.81,73.83,35.17,78.41,73.17,8.88,18.07,83.97,Good
STU003417,Surya Gupta,AI & DS,M.Tech,1,1,A,25,87.85,86.15,36.87,57.79,76.6,8.23,22.26,77.04,Good
STU003418,Diya Joshi,Mechanical,B.Tech,2,4,A,21,71.32,66.89,28.07,70.23,70.17,8.02,23.07,73.56,Average
STU003419,Rahul Gupta,IT,B.Tech,2,4,C,21,92.81,59.43,33.42,61.93,65.79,7.61,18.13,84.5,Average
STU003420,Tanvi Krishnan,Mechanical,B.Tech,1,1,D,20,83.96,83.45,38.39,75.31,84.5,8.39,29.51,92.03,Good
STU003421,Shreya Pillai,ECE,M.Tech,2,4,A,24,61.22,67.97,31.07,56.39,68.49,8.2,19.11,58.87,At Risk
STU003422,Karan Das,EEE,B.Tech,1,2,D,19,67.62,74.1,33.39,60.21,81.45,7.64,23.09,70.21,Average
STU003423,Nisha Joshi,ECE,B.Tech,4,8,D,22,90.03,65.25,34.54,59.25,74.28,7.38,19.19,85.74,Good
STU003424,Ishaan Patel,CSE,B.Tech,2,4,B,21,96.55,73.71,37.53,65.37,73.1,7.32,21.68,89.5,Good
STU003425,Sai Patel,EEE,B.Tech,3,6,C,20,83.3,79.45,37.49,62.68,63.01,8.11,20.05,68.96,Average
STU003426,Pooja Bose,AI & DS,B.Tech,3,6,A,22,87.23,74.29,38.58,66.67,59.38,7.0,25.14,77.92,Average
STU003427,Surya Singh,AI & DS,B.Tech,2,4,B,21,72.5,88.06,43.39,82.85,76.16,8.0,26.97,84.3,Average
STU003428,Aarav Verma,CSE,B.Tech,3,5,C,20,86.72,67.74,34.77,55.82,75.43,8.05,17.06,79.79,Good
STU003429,Sanjay Joshi,Mechanical,B.Tech,2,3,B,19,86.69,96.26,39.88,63.77,91.19,7.78,24.45,88.29,Excellent
STU003430,Sanjay Verma,AI & DS,B.Tech,4,8,A,21,73.12,80.69,36.86,68.47,76.45,8.09,18.99,84.8,Average
STU003431,Vikram Gupta,Mechanical,B.Tech,1,1,D,19,69.46,79.56,33.57,74.99,89.01,8.51,21.06,75.24,Average
STU003432,Arjun Patel,Mechanical,B.Tech,1,1,D,19,76.54,62.45,32.92,52.29,69.93,8.1,15.69,66.59,Average
STU003433,Riya Reddy,ECE,B.Tech,4,7,B,23,66.2,60.36,29.14,48.87,56.5,7.15,20.23,63.49,Average
STU003434,Tanvi Mishra,AI & DS,B.Tech,2,3,C,21,82.27,68.07,29.57,64.59,70.74,8.15,23.55,79.88,Good
STU003435,Akash Mehta,AI & DS,B.Tech,3,6,C,21,89.01,76.4,32.4,65.42,83.27,7.6,20.62,77.72,Good
STU003436,Kavya Menon,CSE,B.Tech,4,7,D,23,81.03,56.25,30.4,56.3,68.6,7.09,21.59,82.51,Average
STU003437,Akash Mehta,IT,B.Tech,4,7,B,21,71.34,60.87,24.37,44.78,60.51,7.42,19.68,71.86,Average
STU003438,Sai Mishra,IT,B.Tech,1,1,D,18,62.28,55.46,32.99,50.92,64.4,8.3,15.48,69.36,At Risk
STU003439,Karan Gupta,EEE,B.Tech,1,2,D,18,90.7,77.86,36.73,81.5,79.09,8.36,22.32,94.75,Good
STU003440,Ananya Krishnan,Mechanical,B.Tech,1,1,C,19,73.0,51.67,23.23,46.64,65.92,6.87,20.11,67.68,Average
STU003441,Rohan Reddy,AI & DS,B.Tech,1,1,B,18,73.87,68.27,32.68,66.41,67.02,7.1,22.0,66.4,Average
STU003442,Varun Joshi,EEE,B.Tech,4,8,D,22,68.17,68.87,32.52,64.26,84.13,7.03,14.26,76.82,Average
STU003443,Sai Kumar,ECE,B.Tech,1,1,C,18,64.32,79.15,36.98,59.12,76.52,7.62,22.1,58.03,At Risk
STU003444,Nikhil Patel,EEE,B.Tech,1,1,A,20,95.31,59.26,25.03,50.29,55.09,6.91,23.54,59.92,Average
STU003445,Aditi Verma,CSE,B.Tech,2,3,B,19,78.63,68.2,24.79,55.82,60.25,7.86,22.78,79.98,Average
STU003446,Manish Shah,Civil,B.Tech,2,4,C,19,77.4,77.32,37.11,65.93,69.59,7.97,24.62,69.01,Average
STU003447,Sneha Krishnan,CSE,B.Tech,2,4,B,20,79.58,75.59,33.73,75.26,69.4,7.34,21.25,69.8,Average
STU003448,Sneha Menon,EEE,B.Tech,3,5,A,20,75.4,75.02,33.05,69.17,85.31,8.72,20.35,73.95,Good
STU003449,Karan Pillai,CSE,B.Tech,2,4,D,20,76.29,84.28,36.52,74.19,84.46,9.77,24.79,82.66,Good
STU003450,Yash Sharma,EEE,B.Tech,4,8,C,21,83.06,70.97,29.78,53.11,58.97,7.39,16.44,80.52,Average
STU003451,Bhavya Joshi,CSE,M.Tech,2,4,D,26,78.91,64.99,35.69,58.91,69.46,8.96,17.82,75.65,Average
STU003452,Sneha Mishra,Civil,B.Tech,4,8,D,21,75.79,79.78,35.91,73.81,85.11,9.13,24.67,68.02,Good
STU003453,Aarav Gupta,CSE,B.Tech,4,8,A,21,84.64,66.29,30.44,43.95,59.42,7.16,23.78,73.86,Average
STU003454,Sai Pillai,CSE,B.Tech,3,6,A,22,81.17,74.39,29.05,54.46,61.9,7.42,17.79,78.5,Average
STU003455,Varun Mishra,ECE,B.Tech,3,5,D,21,83.92,60.2,29.68,56.51,72.67,6.83,21.09,76.89,Good
STU003456,Meera Joshi,AI & DS,B.Tech,3,6,C,22,87.0,81.14,35.29,71.05,86.86,8.71,25.86,79.72,Excellent
STU003457,Manish Sharma,EEE,B.Tech,4,7,A,21,83.5,67.18,36.63,64.94,72.36,8.3,21.26,69.07,Good
STU003458,Varun Shah,Civil,B.Tech,4,8,A,23,79.56,65.94,29.59,67.33,62.08,8.27,11.89,70.06,Average
STU003459,Kavya Kumar,Civil,M.Tech,2,4,A,26,71.65,75.49,27.54,48.33,58.83,8.48,19.32,79.59,Average
STU003460,Varun Krishnan,Civil,B.Tech,1,1,D,18,92.45,71.13,34.72,71.57,61.92,8.15,22.87,82.02,Average
STU003461,Kavya Iyer,CSE,B.Tech,3,5,B,21,83.72,65.65,30.65,57.44,66.94,7.8,21.78,76.51,Average
STU003462,Zoya Krishnan,Mechanical,B.Tech,4,7,D,23,85.2,66.16,37.95,67.12,76.14,8.2,17.08,64.88,Good
STU003463,Zoya Krishnan,Mechanical,B.Tech,1,2,D,19,83.27,69.16,28.98,57.51,50.02,7.1,23.57,81.82,At Risk
STU003464,Riya Krishnan,Mechanical,B.Tech,2,3,D,20,97.47,73.66,31.86,60.3,68.42,7.81,27.36,80.52,Average
STU003465,Ishaan Krishnan,ECE,B.Tech,3,5,C,22,85.01,71.91,36.47,65.32,80.96,8.93,22.44,76.93,Good
STU003466,Zoya Menon,EEE,B.Tech,2,4,A,20,83.67,86.36,39.1,76.26,83.89,8.68,22.39,87.23,Good
STU003467,Nisha Das,CSE,B.Tech,4,7,A,23,73.26,85.02,35.49,62.74,75.38,7.2,19.02,70.18,Average
STU003468,Ananya Bose,ECE,B.Tech,4,8,C,21,84.53,62.97,33.04,64.03,68.33,8.54,21.56,80.36,Average
STU003469,Krishna Joshi,CSE,B.Tech,3,5,B,20,87.23,58.89,27.86,56.52,57.36,7.96,22.77,73.45,Average
STU003470,Surya Shah,EEE,B.Tech,3,5,A,20,91.23,77.41,32.02,56.78,73.24,7.06,19.4,89.68,Good
STU003471,Rahul Patel,EEE,B.Tech,3,6,B,22,75.64,62.89,30.73,60.03,71.92,9.14,16.22,77.25,Good
STU003472,Tanvi Gupta,ECE,B.Tech,3,5,A,21,70.8,66.34,30.83,67.16,76.78,7.73,19.71,72.67,Average
STU003473,Sanjay Nair,Mechanical,B.Tech,2,3,B,19,81.24,84.69,39.61,87.58,92.41,9.38,27.8,81.34,Excellent
STU003474,Nikhil Joshi,IT,B.Tech,2,4,D,20,92.92,74.08,29.29,55.33,83.65,7.33,24.11,68.28,Good
STU003475,Sai Singh,IT,B.Tech,4,7,B,21,66.12,76.19,31.98,61.41,65.14,8.65,22.83,68.2,Average
STU003476,Sneha Chatterjee,IT,B.Tech,2,3,D,21,64.35,69.63,25.63,61.15,63.2,6.26,21.34,69.81,At Risk
STU003477,Vikram Pillai,CSE,B.Tech,4,8,D,23,58.2,61.7,31.71,70.06,80.55,8.01,16.86,60.48,At Risk
STU003478,Ananya Bose,AI & DS,B.Tech,4,8,C,23,81.42,79.21,31.14,60.17,78.8,6.94,24.18,76.92,Good
STU003479,Rahul Shah,Mechanical,B.Tech,3,5,C,22,91.66,88.18,32.78,74.56,67.98,8.89,22.76,69.54,Average
STU003480,Aarav Reddy,Civil,B.Tech,1,2,C,19,92.77,78.97,35.75,71.56,75.56,8.42,23.09,81.9,Good
STU003481,Aryan Gupta,IT,B.Tech,1,1,B,19,80.77,91.87,36.57,68.24,83.35,7.93,22.51,79.41,Good
STU003482,Kavya Joshi,Mechanical,B.Tech,4,8,B,21,80.88,71.56,36.93,58.05,61.89,9.29,18.47,74.11,Average
STU003483,Bhavya Chatterjee,EEE,B.Tech,3,6,D,22,100,71.55,34.69,61.19,83.52,7.9,22.58,82.26,Good
STU003484,Arjun Kumar,ECE,B.Tech,2,4,A,21,83.83,65.59,30.42,65.95,67.08,8.04,16.18,81.77,Average
STU003485,Aditya Mishra,IT,B.Tech,3,5,C,21,81.08,94.93,40.77,66.56,92.75,8.54,19.84,84.29,Excellent
STU003486,Aarav Sharma,CSE,B.Tech,3,6,A,21,72.61,75.95,36.42,73.94,88.14,9.02,25.06,78.73,Average
STU003487,Kavya Das,AI & DS,B.Tech,3,5,D,21,78.99,77.33,30.13,55.97,56.52,8.01,18.49,76.66,Average
STU003488,Aryan Nair,CSE,B.Tech,4,8,B,21,95.27,65.47,32.75,60.17,67.32,7.96,21.65,71.47,Average
STU003489,Nikhil Patel,IT,B.Tech,3,6,A,21,79.86,80.61,32.53,76.79,82.28,9.23,24.06,86.34,Good
STU003490,Meera Iyer,CSE,M.Tech,2,3,D,26,76.02,66.47,32.05,57.02,57.85,8.28,14.88,75.08,Average
STU003491,Rohan Shah,ECE,B.Tech,3,5,C,22,78.79,66.92,33.02,63.66,75.1,8.66,12.8,78.76,Good
STU003492,Aryan Das,EEE,M.Tech,2,4,A,26,91.59,86.5,37.65,66.9,87.48,9.0,23.64,85.13,Excellent
STU003493,Meera Bose,ECE,B.Tech,1,1,D,19,73.28,63.0,39.31,65.27,71.01,7.94,17.33,85.11,Average
STU003494,Zoya Joshi,ECE,B.Tech,2,3,A,20,75.39,77.79,31.59,64.67,67.24,8.83,17.47,75.9,Average
STU003495,Aryan Kumar,ECE,B.Tech,4,8,B,23,73.84,78.31,35.29,66.23,86.35,8.16,19.76,79.21,Average
STU003496,Arjun Sharma,Civil,B.Tech,2,4,A,19,72.46,64.29,30.57,67.28,74.17,8.3,22.46,76.05,Average
STU003497,Isha Menon,CSE,B.Tech,2,3,A,19,92.38,72.46,34.69,62.32,83.79,7.55,20.48,91.22,Good
STU003498,Manish Nair,Mechanical,B.Tech,1,1,B,19,77.1,64.98,30.79,58.3,72.14,7.71,22.04,73.35,Good
STU003499,Ananya Nair,Civil,B.Tech,1,2,A,18,85.99,61.44,30.81,71.62,69.67,8.17,26.55,71.12,Average
STU003500,Arjun Reddy,CSE,B.Tech,2,3,B,20,75.59,76.4,34.53,65.5,78.16,8.53,22.53,70.64,Good
STU003501,Isha Menon,EEE,B.Tech,1,1,A,20,92.12,75.4,31.92,58.68,66.18,8.47,26.09,79.37,Average
STU003502,Varun Chatterjee,Mechanical,B.Tech,1,2,D,18,58.81,72.71,34.48,56.54,71.93,8.6,17.69,68.99,At Risk
STU003503,Aditya Bose,EEE,B.Tech,2,3,A,19,79.36,87.31,37.7,67.67,87.74,8.17,24.16,70.94,Good
STU003504,Karan Singh,AI & DS,B.Tech,3,6,A,21,75.01,74.53,31.78,60.92,70.67,8.92,13.75,65.42,Good
STU003505,Nisha Patel,Mechanical,M.Tech,2,3,A,25,67.9,72.3,32.47,56.53,59.59,8.0,17.43,67.56,Average
STU003506,Vikram Reddy,IT,M.Tech,2,3,A,23,91.31,64.82,34.12,69.4,61.03,7.14,20.62,75.39,Average
STU003507,Riya Chatterjee,CSE,B.Tech,4,8,C,21,98.19,81.5,40.78,76.39,90.77,8.23,28.12,81.34,Excellent
STU003508,Vikram Verma,Civil,B.Tech,1,2,D,20,84.45,86.36,38.75,67.73,86.03,7.54,18.07,72.09,Excellent
STU003509,Aryan Bose,AI & DS,B.Tech,3,6,C,21,78.75,70.38,36.86,69.18,90.95,7.87,19.41,71.02,Good
STU003510,Vikram Mishra,IT,B.Tech,2,4,C,19,73.47,80.87,42.81,72.66,77.57,7.89,13.93,77.48,Average
STU003511,Varun Reddy,IT,B.Tech,2,3,D,21,91.38,93.15,38.71,70.75,78.18,8.6,24.6,87.6,Good
STU003512,Surya Menon,Civil,B.Tech,4,8,B,23,84.77,68.31,39.65,71.31,76.96,8.26,14.26,81.02,Good
STU003513,Isha Pillai,EEE,B.Tech,3,5,D,22,71.75,80.3,31.74,65.97,61.9,8.61,16.91,77.67,Average
STU003514,Zoya Das,ECE,B.Tech,4,8,C,22,100,84.44,36.95,67.73,69.31,8.44,23.81,85.42,Average
STU003515,Tanvi Rao,IT,B.Tech,4,7,A,21,80.32,68.88,31.56,69.93,81.77,8.56,17.67,76.53,Good
STU003516,Sai Patel,ECE,B.Tech,3,5,B,20,84.62,75.01,38.39,74.96,66.21,7.08,24.84,74.66,Average
STU003517,Aryan Verma,CSE,B.Tech,3,6,D,20,73.28,74.68,34.04,62.44,61.16,8.13,22.59,77.42,Average
STU003518,Ishaan Joshi,Civil,B.Tech,2,4,D,20,72.14,66.02,28.32,43.0,51.51,7.65,14.86,65.04,At Risk
STU003519,Aryan Iyer,CSE,B.Tech,4,8,C,22,70.49,81.33,41.88,69.77,87.88,8.55,16.6,69.9,Average
STU003520,Surya Joshi,CSE,M.Tech,1,1,A,23,90.57,76.95,34.16,69.03,72.64,7.32,23.18,81.28,Good
STU003521,Bhavya Mishra,ECE,B.Tech,2,3,A,20,75.89,71.7,29.03,57.84,71.31,7.28,22.44,82.96,Good
STU003522,Arjun Patel,IT,B.Tech,4,7,B,21,90.66,69.26,40.84,63.47,83.6,7.76,26.42,89.78,Good
STU003523,Aarav Das,ECE,B.Tech,4,7,D,22,80.07,76.64,35.49,59.6,71.65,7.89,19.44,80.71,Good
STU003524,Varun Shah,IT,B.Tech,4,7,B,22,76.82,66.03,29.21,67.65,78.73,8.1,23.44,72.67,Good
STU003525,Bhavya Verma,CSE,B.Tech,2,3,D,21,89.74,68.19,29.94,54.43,67.61,7.73,21.46,76.02,Average
STU003526,Nikhil Patel,Mechanical,B.Tech,2,3,B,20,84.96,79.54,33.68,71.0,72.77,7.95,20.65,87.72,Good
STU003527,Varun Shah,AI & DS,B.Tech,1,2,D,18,75.1,78.45,34.78,71.69,84.77,7.99,28.39,93.7,Good
STU003528,Akash Menon,EEE,B.Tech,3,5,B,21,85.95,71.99,33.95,77.12,72.8,8.29,21.99,79.06,Good
STU003529,Surya Shah,Civil,B.Tech,4,7,B,22,83.35,73.81,34.2,61.4,69.63,8.05,20.32,75.39,Average
STU003530,Rohan Joshi,ECE,B.Tech,3,5,B,22,75.32,68.01,34.77,67.65,67.45,7.35,21.18,73.75,Average
STU003531,Pooja Gupta,AI & DS,B.Tech,4,7,B,22,79.01,84.37,40.56,66.04,82.98,8.65,21.98,64.64,Good
STU003532,Yash Iyer,AI & DS,B.Tech,2,3,B,19,74.22,83.26,33.37,62.3,68.61,8.21,21.82,62.37,Average
STU003533,Kavya Nair,CSE,B.Tech,2,4,A,20,78.4,62.39,31.02,52.92,48.04,7.29,19.25,80.73,At Risk
STU003534,Nisha Shah,IT,B.Tech,2,4,D,21,59.01,62.37,28.64,58.68,59.07,7.47,17.81,65.38,At Risk
STU003535,Ananya Sharma,Civil,B.Tech,1,2,A,20,77.19,72.26,36.59,69.4,69.63,8.14,19.15,70.26,Average
STU003536,Riya Chatterjee,Mechanical,B.Tech,4,8,D,23,80.6,76.9,38.44,63.36,84.04,8.4,24.19,85.55,Good
STU003537,Yash Mishra,CSE,B.Tech,3,6,A,21,76.61,70.69,36.75,63.81,76.88,7.53,21.63,82.71,Good
STU003538,Arjun Krishnan,CSE,B.Tech,3,6,D,20,79.85,71.5,34.64,56.0,59.1,6.96,18.82,75.6,Average
STU003539,Krishna Verma,IT,B.Tech,1,2,C,19,79.54,83.98,34.33,56.29,87.91,8.48,27.89,74.92,Good
STU003540,Meera Menon,AI & DS,M.Tech,2,3,C,24,75.57,72.72,34.21,67.65,82.32,8.67,24.97,79.13,Good
STU003541,Vikram Singh,EEE,B.Tech,2,4,B,19,90.27,65.6,32.17,59.06,85.78,8.31,21.8,65.55,Excellent
STU003542,Isha Nair,CSE,B.Tech,1,2,B,20,91.94,68.85,33.83,65.29,65.09,7.57,23.38,82.51,Average
STU003543,Arjun Gupta,ECE,B.Tech,2,4,B,21,86.46,65.16,32.16,47.29,65.52,7.35,17.87,70.78,Average
STU003544,Nikhil Krishnan,IT,B.Tech,3,5,C,21,94.11,84.31,40.09,80.94,100,9.1,25.29,95.19,Excellent
STU003545,Shreya Verma,CSE,B.Tech,3,5,D,22,68.78,50.94,23.23,64.27,68.61,7.86,14.66,68.14,Average
STU003546,Arjun Krishnan,CSE,B.Tech,4,7,D,22,66.94,76.51,36.32,66.91,76.03,7.39,19.01,68.51,Average
STU003547,Meera Gupta,CSE,B.Tech,2,4,D,20,91.29,75.23,35.99,70.51,68.39,8.32,21.5,87.48,Average
STU003548,Tanvi Patel,CSE,B.Tech,4,8,B,23,96.77,82.17,44.77,84.68,86.1,8.33,20.98,88.03,Excellent
STU003549,Varun Verma,IT,B.Tech,4,7,B,22,84.0,66.26,34.57,76.48,73.25,7.5,16.03,70.72,Good
STU003550,Meera Nair,IT,B.Tech,1,2,C,20,66.1,55.36,24.98,52.04,52.03,7.23,17.78,58.96,At Risk
STU003551,Sneha Verma,IT,B.Tech,2,3,C,21,81.6,81.77,38.31,71.15,80.54,8.53,22.93,77.22,Good
STU003552,Nikhil Shah,Civil,B.Tech,2,3,A,21,72.55,76.69,36.03,66.67,70.84,7.91,20.41,66.58,Average
STU003553,Isha Shah,Civil,B.Tech,2,4,D,21,67.7,69.29,33.58,58.32,71.75,7.61,14.26,64.07,Average
STU003554,Manish Iyer,CSE,B.Tech,3,6,A,22,100,83.25,37.89,62.63,80.36,8.01,25.04,82.75,Good
STU003555,Ishaan Krishnan,Mechanical,B.Tech,1,1,C,20,83.09,80.64,36.83,84.92,81.26,8.47,23.38,88.9,Good
STU003556,Aditi Rao,EEE,M.Tech,1,2,A,23,83.34,86.73,37.83,71.82,88.11,8.83,23.41,84.11,Excellent
STU003557,Nisha Nair,IT,B.Tech,1,1,D,20,77.01,86.0,38.79,64.76,78.31,8.69,17.02,87.52,Good
STU003558,Diya Das,CSE,B.Tech,3,6,D,20,82.53,79.11,39.23,78.57,90.79,7.91,24.72,79.29,Excellent
STU003559,Ananya Mehta,IT,B.Tech,3,5,B,21,99.0,83.96,39.41,65.08,90.79,8.86,17.51,85.49,Excellent
STU003560,Varun Patel,CSE,B.Tech,4,7,A,21,74.58,71.53,33.74,62.16,82.34,8.61,25.66,68.45,Average
STU003561,Tanvi Nair,CSE,B.Tech,1,2,C,18,79.8,74.68,30.11,81.28,64.13,9.1,25.37,87.13,Average
STU003562,Shreya Verma,CSE,M.Tech,1,2,C,23,86.09,78.21,35.45,71.51,73.99,7.95,21.29,81.25,Good
STU003563,Kavya Bose,Mechanical,B.Tech,1,1,B,18,87.96,74.4,38.04,71.22,61.28,7.82,24.35,82.8,Average
STU003564,Aryan Das,CSE,B.Tech,4,7,D,22,86.66,65.49,27.66,56.68,60.09,7.59,19.93,68.66,Average
STU003565,Isha Shah,Civil,B.Tech,4,8,C,21,85.23,58.05,25.44,41.43,63.15,6.91,14.22,72.55,Average
STU003566,Vikram Mehta,AI & DS,B.Tech,1,2,B,20,85.72,58.76,25.57,47.03,45.27,6.98,17.87,72.83,At Risk
STU003567,Diya Gupta,AI & DS,B.Tech,4,8,A,21,96.9,87.23,37.75,66.34,81.61,8.01,24.62,76.99,Good
STU003568,Vikram Bose,CSE,B.Tech,3,5,C,22,77.54,81.77,30.29,76.16,90.11,8.41,29.28,72.41,Good
STU003569,Sanjay Kumar,ECE,B.Tech,1,2,A,20,74.96,80.16,35.21,80.61,89.55,8.36,29.27,79.34,Average
STU003570,Nisha Krishnan,CSE,B.Tech,3,6,C,22,71.54,72.56,33.82,56.41,65.42,8.19,15.88,75.2,Average
STU003571,Sneha Verma,CSE,B.Tech,4,7,D,23,94.33,76.54,37.68,67.96,83.54,8.21,23.12,76.03,Good
STU003572,Akash Sharma,Civil,B.Tech,4,8,A,22,85.2,63.91,34.86,65.72,65.55,8.21,25.73,87.04,Average
STU003573,Rahul Kumar,CSE,B.Tech,3,5,D,20,77.35,73.12,31.71,64.14,77.76,7.52,22.64,75.7,Good
STU003574,Aditya Singh,IT,B.Tech,4,8,B,22,84.37,82.31,38.36,71.16,89.09,8.16,22.6,70.03,Excellent
STU003575,Kavya Gupta,CSE,B.Tech,4,7,D,21,85.42,67.88,32.39,69.76,76.86,8.45,18.12,75.74,Good
STU003576,Varun Rao,AI & DS,B.Tech,1,1,C,18,73.71,66.95,30.45,53.74,81.41,7.21,18.43,70.21,Average
STU003577,Arjun Shah,IT,B.Tech,3,5,A,22,76.95,67.26,28.06,48.35,51.73,7.52,19.86,73.18,At Risk
STU003578,Aryan Mehta,EEE,B.Tech,2,4,B,20,86.01,73.0,30.35,61.86,85.71,7.84,25.25,79.99,Excellent
STU003579,Nikhil Bose,AI & DS,M.Tech,2,4,B,25,70.51,63.25,31.65,67.9,71.39,8.65,24.46,65.45,Average
STU003580,Varun Reddy,CSE,B.Tech,1,1,A,18,81.85,78.64,37.73,75.56,75.6,8.3,23.51,73.66,Good
STU003581,Surya Rao,AI & DS,B.Tech,4,7,D,22,78.26,76.56,30.72,63.68,64.17,8.0,20.08,73.0,Average
STU003582,Tanvi Nair,Civil,B.Tech,3,5,A,22,77.56,83.12,36.74,73.65,85.98,8.58,23.56,81.34,Good
STU003583,Ananya Chatterjee,ECE,B.Tech,2,3,C,19,81.29,69.5,32.29,69.12,72.13,6.9,21.1,83.05,Good
STU003584,Arjun Das,AI & DS,B.Tech,1,1,D,19,94.24,80.88,39.92,69.16,76.58,7.87,22.83,83.67,Good
STU003585,Shreya Kumar,CSE,B.Tech,2,4,A,19,77.71,79.68,39.45,60.54,65.87,7.54,21.22,83.63,Average
STU003586,Isha Nair,CSE,B.Tech,3,5,A,21,95.25,75.65,36.9,62.89,90.5,7.19,20.8,71.99,Excellent
STU003587,Manish Reddy,CSE,B.Tech,1,2,B,19,63.84,74.4,29.73,68.37,75.69,7.2,27.0,73.43,At Risk
STU003588,Diya Chatterjee,Civil,B.Tech,2,4,A,20,83.51,79.11,32.92,67.35,73.58,7.41,26.86,87.72,Good
STU003589,Isha Patel,Mechanical,B.Tech,4,7,A,21,88.41,77.99,35.26,70.88,93.51,8.52,20.15,77.44,Excellent
STU003590,Aditya Das,Civil,B.Tech,4,8,B,22,89.1,77.38,36.71,71.08,71.58,8.28,22.8,85.14,Good
STU003591,Tanvi Joshi,AI & DS,B.Tech,1,1,A,19,79.39,60.63,34.35,55.37,59.91,6.91,21.05,74.11,Average
STU003592,Krishna Reddy,IT,B.Tech,1,2,D,18,76.64,69.42,36.38,55.1,66.29,7.36,20.3,62.65,Average
STU003593,Aditi Rao,Mechanical,B.Tech,4,8,D,21,84.99,67.29,32.5,60.19,70.01,7.68,25.0,84.49,Good
STU003594,Akash Reddy,Mechanical,B.Tech,2,4,C,21,94.35,65.51,28.67,53.92,65.38,7.03,20.36,85.53,Average
STU003595,Isha Bose,Civil,B.Tech,2,4,B,20,76.07,67.99,25.96,57.91,62.21,6.86,22.76,65.29,Average
STU003596,Zoya Menon,CSE,B.Tech,2,3,A,20,75.53,56.33,21.74,46.26,52.6,8.0,20.14,65.59,At Risk
STU003597,Karan Gupta,AI & DS,B.Tech,1,1,C,18,70.7,76.94,33.88,64.1,70.3,7.89,21.09,77.75,Average
STU003598,Nikhil Verma,ECE,M.Tech,1,2,A,22,71.24,89.75,41.4,83.17,100,8.76,21.76,79.87,Average
STU003599,Akash Sharma,Civil,B.Tech,4,7,D,23,86.35,84.55,34.4,60.49,86.52,7.85,26.73,89.2,Excellent
STU003600,Manish Kumar,CSE,B.Tech,4,8,C,22,87.83,65.7,29.84,54.22,56.41,7.54,21.01,77.15,Average
STU003601,Tanvi Krishnan,Mechanical,B.Tech,4,8,C,22,71.19,72.16,32.12,69.91,55.73,7.94,16.43,81.36,Average
STU003602,Zoya Bose,EEE,B.Tech,2,3,D,20,85.48,70.27,32.48,61.77,86.35,8.07,20.17,75.63,Excellent
STU003603,Isha Pillai,AI & DS,B.Tech,1,2,C,20,87.48,67.45,28.61,58.87,71.79,8.11,18.46,62.05,Good
STU003604,Aryan Verma,CSE,B.Tech,2,3,B,19,91.9,84.38,34.94,68.52,90.5,8.22,20.19,86.49,Excellent
STU003605,Aryan Bose,IT,B.Tech,2,4,C,21,94.24,83.88,39.35,60.96,81.32,8.05,20.23,86.55,Good
STU003606,Ananya Shah,CSE,B.Tech,2,3,C,21,74.53,79.99,35.96,69.42,68.59,7.62,18.54,63.79,Average
STU003607,Zoya Krishnan,EEE,B.Tech,3,5,D,22,86.71,69.56,32.94,63.13,68.37,8.11,20.45,72.35,Average
STU003608,Varun Mehta,CSE,B.Tech,2,3,A,21,84.93,71.84,37.12,61.14,77.86,7.89,16.01,72.21,Good
STU003609,Manish Iyer,CSE,M.Tech,2,4,A,23,79.6,78.43,38.94,75.0,78.95,8.01,26.18,83.37,Good
STU003610,Pooja Mehta,CSE,M.Tech,1,1,A,25,83.88,75.43,30.67,68.85,78.18,8.13,25.86,78.83,Good
STU003611,Zoya Chatterjee,Mechanical,B.Tech,3,6,B,21,88.33,64.99,33.19,52.28,70.98,8.56,22.15,80.67,Good
STU003612,Tanvi Reddy,IT,B.Tech,3,6,B,21,82.48,73.51,31.15,71.69,64.02,8.07,22.68,77.68,Average
STU003613,Vikram Bose,Civil,B.Tech,2,4,A,20,73.77,72.82,38.02,72.26,82.01,8.58,13.12,63.47,Average
STU003614,Tanvi Chatterjee,EEE,B.Tech,1,2,A,18,81.71,56.45,25.86,33.97,60.35,6.29,24.12,63.06,Average
STU003615,Bhavya Nair,ECE,B.Tech,2,3,D,20,73.84,76.93,35.09,56.42,81.61,7.66,23.92,82.85,Average
STU003616,Nikhil Bose,ECE,B.Tech,2,4,A,20,65.68,69.91,35.03,62.42,62.32,8.91,12.56,61.63,Average
STU003617,Surya Iyer,EEE,B.Tech,3,6,D,21,76.55,51.65,25.86,51.37,56.67,7.62,16.71,76.13,Average
STU003618,Diya Mishra,CSE,B.Tech,4,8,A,22,74.9,79.12,33.23,53.27,70.39,7.63,15.2,77.94,Average
STU003619,Isha Iyer,ECE,B.Tech,2,3,B,21,81.04,74.78,34.14,60.67,83.78,8.1,25.35,88.17,Good
STU003620,Krishna Mishra,AI & DS,B.Tech,2,3,A,19,72.73,70.14,30.15,55.09,62.88,8.31,24.07,73.51,Average
STU003621,Kavya Verma,ECE,B.Tech,4,8,D,21,64.38,67.73,32.75,60.7,73.64,8.23,17.11,55.89,At Risk
STU003622,Rahul Pillai,EEE,B.Tech,3,6,A,21,70.87,70.28,35.82,58.68,75.9,8.04,15.5,81.72,Average
STU003623,Kavya Joshi,ECE,B.Tech,4,7,B,21,84.56,74.41,31.47,63.06,72.06,7.21,25.24,77.54,Good
STU003624,Sneha Kumar,Civil,B.Tech,1,2,C,20,73.48,65.79,30.06,58.11,54.65,7.82,20.42,76.08,At Risk
STU003625,Shreya Menon,Mechanical,B.Tech,2,4,C,20,86.88,74.11,43.92,73.91,87.97,9.02,21.23,85.91,Excellent
STU003626,Rahul Patel,AI & DS,B.Tech,2,3,C,20,80.99,61.04,32.99,66.34,71.93,7.95,17.57,77.02,Good
STU003627,Sanjay Sharma,Mechanical,B.Tech,3,6,D,21,73.95,69.19,32.57,60.35,58.92,8.14,24.26,67.82,Average
STU003628,Pooja Kumar,ECE,B.Tech,4,7,D,22,68.36,60.01,29.72,51.35,75.49,7.28,16.73,63.4,Average
STU003629,Isha Shah,ECE,B.Tech,3,6,A,22,69.15,61.88,23.67,64.33,64.39,8.4,18.16,60.76,Average
STU003630,Surya Chatterjee,AI & DS,B.Tech,3,6,A,21,73.64,79.15,34.84,62.03,73.54,8.15,15.61,65.25,Average
STU003631,Rahul Mishra,CSE,M.Tech,1,2,D,23,78.78,59.22,28.51,59.29,63.9,6.08,20.6,73.49,Average
STU003632,Yash Iyer,Civil,B.Tech,3,6,A,20,84.3,75.09,32.34,64.19,68.76,7.48,23.63,74.56,Average
STU003633,Pooja Iyer,AI & DS,B.Tech,2,4,A,21,61.07,67.2,34.08,51.93,58.19,8.21,17.07,52.22,At Risk
STU003634,Rohan Rao,CSE,B.Tech,4,8,A,23,85.1,70.77,26.76,53.79,56.78,6.68,25.5,76.09,Average
STU003635,Varun Reddy,CSE,B.Tech,1,2,A,18,86.03,73.85,29.01,49.2,74.06,7.68,22.8,72.83,Good
STU003636,Riya Nair,EEE,B.Tech,1,1,B,19,67.87,80.56,30.44,77.95,82.02,7.65,22.32,70.74,Average
STU003637,Sneha Singh,AI & DS,B.Tech,1,1,D,19,82.49,76.08,35.79,62.18,82.82,8.0,23.61,74.62,Good
STU003638,Karan Shah,ECE,B.Tech,2,3,C,20,94.2,70.52,33.29,61.98,88.58,8.81,20.31,63.94,Excellent
STU003639,Arjun Reddy,AI & DS,B.Tech,4,8,C,21,86.74,76.99,35.99,59.15,56.87,7.37,27.77,87.07,Average
STU003640,Krishna Mishra,ECE,B.Tech,4,8,B,23,73.35,72.65,34.66,66.86,68.35,7.82,15.05,72.83,Average
STU003641,Sanjay Joshi,AI & DS,B.Tech,2,4,A,19,81.24,50.58,27.79,44.72,71.73,8.06,14.52,66.89,Good
STU003642,Aarav Bose,Civil,B.Tech,2,4,C,21,70.9,73.67,28.75,63.5,61.65,6.22,26.88,66.09,Average
STU003643,Akash Singh,AI & DS,B.Tech,1,1,A,20,87.81,72.55,32.51,60.16,62.85,7.96,22.89,66.93,Average
STU003644,Varun Sharma,CSE,B.Tech,1,1,B,18,96.4,75.06,33.6,61.61,65.47,8.29,28.02,84.05,Average
STU003645,Varun Patel,ECE,B.Tech,1,2,A,20,77.6,76.08,46.24,70.07,83.77,8.96,19.48,79.36,Good
STU003646,Rahul Bose,IT,B.Tech,3,6,A,21,85.8,76.71,35.95,59.45,75.41,7.26,14.38,60.06,Good
STU003647,Shreya Bose,IT,B.Tech,4,7,C,22,84.27,84.57,32.91,57.19,75.16,9.09,17.51,86.15,Good
STU003648,Aditi Joshi,EEE,M.Tech,1,1,A,22,73.74,85.42,37.73,62.47,86.18,7.32,22.7,67.82,Average
STU003649,Aditya Patel,AI & DS,B.Tech,4,7,A,22,76.54,72.76,24.73,63.13,81.83,8.27,19.2,78.72,Good
STU003650,Aryan Verma,EEE,B.Tech,2,3,A,19,84.85,68.68,27.5,71.76,69.03,7.6,22.6,73.62,Average
STU003651,Tanvi Krishnan,CSE,B.Tech,2,3,B,21,88.73,64.89,32.63,62.15,68.86,7.04,21.99,70.97,Average
STU003652,Sneha Gupta,ECE,B.Tech,2,3,C,21,75.31,74.35,37.26,73.81,74.5,7.91,19.31,85.66,Good
STU003653,Rahul Verma,IT,B.Tech,4,8,C,23,84.8,72.03,36.13,69.35,91.29,8.11,23.07,55.1,Excellent
STU003654,Aarav Mishra,Civil,B.Tech,2,3,C,21,80.19,79.2,36.95,57.6,63.67,8.16,24.14,80.94,Average
STU003655,Isha Bose,AI & DS,B.Tech,1,1,D,20,90.21,74.85,36.85,71.65,83.72,8.17,21.54,88.78,Good
STU003656,Aditya Reddy,Mechanical,M.Tech,2,3,C,23,78.37,60.5,29.73,46.79,67.93,8.25,12.4,65.42,Average
STU003657,Arjun Menon,ECE,B.Tech,3,6,C,22,68.06,68.16,30.88,53.23,57.96,8.66,16.71,73.99,Average
STU003658,Krishna Rao,CSE,B.Tech,4,7,B,23,81.42,83.25,31.29,68.43,87.32,7.9,25.96,72.58,Excellent
STU003659,Nikhil Singh,ECE,B.Tech,3,6,B,22,82.74,69.78,30.95,71.33,78.69,8.06,19.52,83.5,Good
STU003660,Akash Singh,Mechanical,B.Tech,3,5,D,22,76.95,71.71,33.34,64.6,73.98,7.72,24.62,80.46,Good
STU003661,Akash Krishnan,IT,B.Tech,3,5,C,22,68.23,79.61,39.53,67.0,71.92,7.8,19.88,51.48,Average
STU003662,Aryan Sharma,Civil,B.Tech,1,2,D,18,93.82,78.63,40.46,74.45,76.52,8.66,17.26,82.54,Good
STU003663,Yash Reddy,CSE,B.Tech,2,4,B,19,85.15,56.09,29.37,54.38,52.25,7.54,24.7,76.27,At Risk
STU003664,Meera Mehta,IT,B.Tech,3,6,B,21,80.97,70.52,43.03,79.46,87.15,8.51,18.2,68.79,Excellent
STU003665,Aarav Joshi,CSE,B.Tech,2,4,B,21,81.54,59.33,34.93,46.12,57.94,7.18,21.87,72.77,Average
STU003666,Sanjay Menon,AI & DS,B.Tech,3,6,B,21,78.5,84.77,32.0,73.08,88.83,8.42,24.38,73.41,Good
STU003667,Isha Nair,CSE,B.Tech,4,7,D,21,84.39,93.26,42.59,74.82,95.85,8.61,22.35,78.7,Excellent
STU003668,Sneha Mishra,CSE,B.Tech,3,5,B,22,66.42,70.42,34.98,71.11,75.97,8.64,17.35,71.05,Average
STU003669,Bhavya Bose,IT,B.Tech,4,8,B,23,80.43,77.93,34.41,74.32,82.58,8.67,15.69,57.92,Good
STU003670,Manish Rao,IT,B.Tech,4,7,A,21,97.3,82.54,45.11,74.16,69.02,8.12,26.92,98.26,Average
STU003671,Manish Mehta,CSE,B.Tech,2,3,B,21,84.16,69.6,30.26,62.34,66.84,7.59,27.72,70.76,Average
STU003672,Manish Chatterjee,ECE,B.Tech,1,2,A,18,86.5,64.27,35.71,71.04,68.37,7.48,24.98,71.07,Average
STU003673,Karan Mishra,IT,B.Tech,3,5,C,20,69.32,84.58,31.54,58.53,75.08,8.13,20.59,69.64,Average
STU003674,Tanvi Das,IT,B.Tech,2,4,A,19,73.2,75.47,40.6,72.23,84.84,8.8,17.17,68.56,Average
STU003675,Pooja Das,IT,B.Tech,4,8,B,22,89.62,73.4,34.47,65.79,74.02,7.34,20.98,76.36,Good
STU003676,Sneha Krishnan,IT,B.Tech,1,1,C,20,88.37,73.18,45.58,81.14,82.33,9.0,25.63,82.66,Good
STU003677,Riya Pillai,Mechanical,B.Tech,4,7,A,22,93.19,90.79,40.42,85.32,98.4,8.15,25.72,89.78,Excellent
STU003678,Meera Singh,IT,B.Tech,2,4,A,21,78.98,63.69,31.05,55.14,79.39,8.4,22.42,84.06,Good
STU003679,Bhavya Chatterjee,IT,B.Tech,2,4,D,20,84.07,72.64,34.51,60.93,65.91,8.02,23.41,72.63,Average
STU003680,Aditya Krishnan,IT,M.Tech,1,2,C,25,85.4,72.15,34.13,58.13,77.05,7.34,19.56,85.61,Good
STU003681,Nisha Mehta,CSE,B.Tech,2,3,A,19,80.07,79.16,33.5,67.38,88.99,7.29,21.0,82.14,Excellent
STU003682,Sanjay Mehta,CSE,B.Tech,3,5,A,22,69.99,75.63,33.55,64.47,66.96,8.38,25.41,56.89,Average
STU003683,Zoya Krishnan,AI & DS,B.Tech,1,1,B,18,79.66,74.45,34.95,55.23,74.76,9.33,18.65,60.28,Good
STU003684,Shreya Menon,IT,B.Tech,2,4,B,19,83.59,78.26,36.21,61.4,74.47,8.06,24.36,71.05,Good
STU003685,Diya Reddy,Civil,B.Tech,2,3,C,20,82.09,71.63,30.68,60.52,67.1,8.02,16.25,78.4,Average
STU003686,Nikhil Reddy,AI & DS,B.Tech,1,1,A,20,100,71.66,42.85,68.89,80.51,8.27,22.94,80.56,Good
STU003687,Meera Menon,Mechanical,B.Tech,3,5,D,20,84.87,83.24,41.97,66.42,72.15,8.5,20.83,81.06,Good
STU003688,Riya Pillai,EEE,B.Tech,2,3,D,20,88.53,67.5,39.5,62.13,75.42,7.81,17.79,59.04,Good
STU003689,Aryan Mehta,ECE,B.Tech,2,4,C,20,71.48,89.49,39.89,70.08,85.33,9.01,19.73,70.53,Average
STU003690,Diya Bose,CSE,B.Tech,1,1,A,18,75.12,65.58,28.61,57.99,70.32,8.32,16.4,72.65,Good
STU003691,Meera Joshi,Mechanical,B.Tech,3,5,D,22,90.18,72.94,26.0,64.11,69.65,7.71,26.3,83.03,Average
STU003692,Nikhil Mehta,AI & DS,B.Tech,1,1,C,19,77.49,74.74,35.23,71.31,84.22,8.14,21.55,80.8,Good
STU003693,Pooja Pillai,EEE,B.Tech,1,1,D,20,83.73,80.38,41.94,69.53,81.37,8.25,17.69,81.62,Good
STU003694,Yash Iyer,CSE,B.Tech,3,6,D,20,81.98,70.91,36.15,59.11,68.71,8.62,19.87,54.96,Average
STU003695,Nikhil Patel,AI & DS,B.Tech,4,7,A,21,90.08,68.88,34.16,60.48,86.78,7.46,22.59,82.65,Excellent
STU003696,Tanvi Das,ECE,B.Tech,3,6,A,20,74.77,68.64,31.33,77.16,77.53,7.87,18.56,68.19,Average
STU003697,Sanjay Mishra,AI & DS,B.Tech,4,8,C,21,78.66,60.36,31.78,68.9,61.39,8.67,14.62,73.39,Average
STU003698,Meera Krishnan,ECE,B.Tech,2,4,C,19,75.21,64.85,30.81,56.24,78.25,7.3,17.71,67.38,Good
STU003699,Aryan Nair,CSE,B.Tech,4,7,D,22,73.92,70.7,33.41,60.75,70.5,7.96,17.47,67.67,Average
STU003700,Tanvi Mishra,Mechanical,B.Tech,4,8,D,22,98.9,83.54,45.21,74.24,86.71,7.67,29.64,86.17,Excellent
STU003701,Surya Pillai,AI & DS,B.Tech,1,1,B,18,65.51,60.04,31.3,66.82,57.59,7.03,20.25,73.67,Average
STU003702,Krishna Pillai,CSE,B.Tech,1,2,D,19,74.15,67.42,35.27,71.38,91.08,8.04,20.57,65.21,Average
STU003703,Ishaan Krishnan,ECE,B.Tech,4,8,C,22,79.29,67.83,31.28,64.63,69.22,7.37,23.4,75.32,Average
STU003704,Rohan Gupta,EEE,B.Tech,4,8,D,21,91.51,81.89,31.44,61.68,76.09,8.8,26.28,87.25,Good
STU003705,Arjun Bose,CSE,B.Tech,4,8,C,21,87.76,67.41,34.23,67.64,87.0,7.43,21.72,72.87,Excellent
STU003706,Meera Krishnan,CSE,B.Tech,4,8,B,21,61.98,70.51,34.55,59.67,80.11,7.56,18.06,58.42,At Risk
STU003707,Rohan Bose,Mechanical,B.Tech,2,4,D,19,74.27,70.2,28.9,50.01,57.91,7.62,16.71,66.52,Average
STU003708,Pooja Das,Mechanical,B.Tech,1,1,C,20,97.41,80.85,39.61,75.14,83.37,7.79,22.55,94.74,Good
STU003709,Varun Shah,CSE,B.Tech,4,8,B,22,59.49,65.79,29.88,52.26,71.36,8.48,18.49,64.91,At Risk
STU003710,Aryan Bose,CSE,B.Tech,4,7,B,23,87.55,60.12,30.94,57.24,46.78,7.29,14.46,78.76,At Risk
STU003711,Karan Verma,IT,B.Tech,4,8,D,22,62.63,60.39,27.76,53.68,67.59,7.16,18.69,65.36,At Risk
STU003712,Yash Sharma,AI & DS,B.Tech,1,2,B,18,71.97,78.59,34.15,58.0,83.48,8.17,26.41,75.66,Average
STU003713,Ananya Patel,EEE,B.Tech,3,5,C,20,80.59,78.39,34.62,58.93,90.47,7.97,25.72,75.54,Excellent
STU003714,Manish Gupta,IT,B.Tech,3,6,B,21,80.81,72.52,37.25,63.32,72.35,6.9,22.1,74.82,Good
STU003715,Arjun Das,AI & DS,B.Tech,2,4,B,20,91.4,62.02,29.11,53.5,54.57,7.97,18.44,71.79,At Risk
STU003716,Tanvi Iyer,Civil,B.Tech,2,3,C,19,79.29,79.81,34.14,68.4,70.0,8.11,28.17,68.65,Good
STU003717,Krishna Joshi,IT,B.Tech,4,8,B,21,82.51,69.08,31.02,65.38,79.82,7.66,21.9,73.55,Good
STU003718,Arjun Verma,AI & DS,B.Tech,1,2,C,20,79.37,60.26,29.57,52.15,59.73,8.3,25.04,75.42,Average
STU003719,Sneha Joshi,CSE,B.Tech,1,2,D,18,84.59,76.68,40.53,68.81,74.33,8.26,21.66,74.99,Good
STU003720,Akash Reddy,EEE,B.Tech,1,1,A,18,79.86,54.41,29.74,55.03,85.83,8.2,17.72,68.15,Good
STU003721,Manish Menon,CSE,B.Tech,3,5,B,20,80.99,76.12,31.95,72.75,88.29,8.41,22.12,69.35,Excellent
STU003722,Bhavya Mishra,AI & DS,B.Tech,4,7,A,21,89.88,70.01,31.6,70.37,85.49,8.34,15.28,80.73,Excellent
STU003723,Aarav Iyer,IT,B.Tech,2,4,B,21,82.84,60.84,29.46,61.52,72.11,7.25,19.7,82.53,Good
STU003724,Tanvi Shah,ECE,B.Tech,4,7,C,22,72.07,66.66,26.08,64.76,74.2,7.67,22.43,78.17,Average
STU003725,Rohan Chatterjee,AI & DS,B.Tech,4,8,B,21,79.02,69.98,32.29,65.19,70.2,9.08,22.46,74.35,Good
STU003726,Rahul Krishnan,AI & DS,B.Tech,3,6,C,22,79.59,73.46,36.31,67.74,68.02,7.95,20.46,70.04,Average
STU003727,Kavya Chatterjee,CSE,B.Tech,1,1,B,19,83.03,89.58,42.73,76.7,100,7.64,23.24,84.47,Excellent
STU003728,Sai Verma,IT,B.Tech,2,3,B,19,80.14,65.43,27.84,70.52,67.1,7.55,23.07,76.93,Average
STU003729,Diya Bose,CSE,B.Tech,2,3,D,19,75.34,84.85,35.4,70.62,87.21,8.4,21.91,72.36,Good
STU003730,Yash Patel,ECE,B.Tech,1,2,B,18,76.62,78.18,39.83,62.39,66.74,7.87,19.18,70.08,Average
STU003731,Zoya Mishra,Mechanical,M.Tech,2,4,C,23,87.58,83.46,33.39,62.48,84.74,8.19,22.43,76.96,Good
STU003732,Yash Menon,Mechanical,B.Tech,2,4,D,19,86.67,73.86,36.55,80.94,80.16,7.12,25.49,79.99,Good
STU003733,Arjun Bose,Civil,B.Tech,1,1,B,20,86.75,68.74,32.76,68.59,70.29,8.2,20.96,68.14,Good
STU003734,Kavya Singh,IT,B.Tech,1,1,C,19,86.52,76.75,32.78,65.7,75.48,7.49,22.8,89.06,Good
STU003735,Tanvi Gupta,Civil,B.Tech,4,7,A,21,83.79,70.38,36.31,52.62,52.2,6.93,22.67,85.44,At Risk
STU003736,Nisha Sharma,EEE,B.Tech,4,7,A,22,83.65,78.86,35.55,44.58,61.91,6.97,22.04,84.4,Average
STU003737,Yash Chatterjee,AI & DS,B.Tech,3,5,D,22,76.11,79.35,34.45,59.2,69.28,8.6,17.8,68.45,Average
STU003738,Shreya Shah,CSE,B.Tech,3,6,D,20,79.08,80.83,32.79,63.13,67.41,8.35,22.73,78.97,Average
STU003739,Zoya Rao,Civil,B.Tech,1,1,C,20,90.65,77.35,39.03,58.98,71.09,8.64,26.61,87.72,Good
STU003740,Bhavya Sharma,CSE,B.Tech,3,6,B,22,80.22,74.19,33.32,62.14,72.08,8.03,16.07,76.52,Good
STU003741,Aditi Mishra,Civil,M.Tech,2,3,A,23,55.15,61.12,33.05,49.36,66.47,6.62,19.15,60.56,At Risk
STU003742,Surya Rao,CSE,B.Tech,4,8,D,21,86.9,78.67,38.66,72.48,87.05,7.93,24.68,78.22,Excellent
STU003743,Varun Mehta,Civil,B.Tech,1,1,C,19,78.94,79.85,39.66,69.73,86.23,9.14,20.24,79.0,Good
STU003744,Yash Gupta,Mechanical,B.Tech,4,7,B,23,94.8,77.54,28.7,42.97,63.32,6.98,22.46,73.49,Average
STU003745,Karan Chatterjee,CSE,B.Tech,1,1,B,20,84.25,67.74,30.36,72.47,70.71,8.86,19.2,75.85,Good
STU003746,Akash Nair,Civil,B.Tech,1,2,B,19,70.7,73.89,35.32,64.77,79.24,7.98,21.45,81.59,Average
STU003747,Riya Reddy,EEE,B.Tech,4,8,D,23,89.14,88.33,38.31,65.58,75.81,8.88,28.59,93.79,Good
STU003748,Vikram Shah,AI & DS,B.Tech,1,2,A,18,82.24,60.14,29.97,70.63,62.29,7.37,26.77,88.11,Average
STU003749,Yash Pillai,CSE,B.Tech,3,5,C,20,83.1,78.61,41.91,61.75,81.47,8.52,22.35,75.96,Good
STU003750,Arjun Patel,AI & DS,B.Tech,4,7,C,22,93.31,74.28,33.86,54.09,87.74,7.78,24.32,84.8,Excellent
STU003751,Diya Patel,ECE,B.Tech,3,6,D,20,85.63,76.74,31.04,61.52,73.48,7.83,24.45,73.97,Good
STU003752,Pooja Mishra,EEE,B.Tech,2,3,C,19,83.24,75.91,33.35,64.31,71.91,7.6,18.93,70.97,Good
STU003753,Kavya Patel,AI & DS,B.Tech,1,2,A,18,83.87,80.81,40.5,71.72,81.93,8.41,22.7,77.01,Good
STU003754,Shreya Nair,CSE,B.Tech,2,3,A,21,79.03,74.9,35.97,71.88,92.08,8.39,23.3,79.24,Good
STU003755,Surya Krishnan,Civil,B.Tech,1,1,D,19,88.79,71.1,28.54,64.74,78.56,7.76,20.45,85.46,Good
STU003756,Shreya Chatterjee,IT,B.Tech,2,4,D,20,90.6,76.43,39.97,64.15,75.41,8.0,21.81,75.82,Good
STU003757,Riya Chatterjee,Mechanical,B.Tech,4,7,D,23,75.74,72.94,37.97,83.25,84.97,8.44,24.34,64.54,Good
STU003758,Aditi Iyer,EEE,B.Tech,3,6,D,20,68.77,75.06,29.93,77.33,75.46,7.86,16.19,70.73,Average
STU003759,Aditi Krishnan,CSE,M.Tech,1,1,D,23,84.15,74.86,39.37,74.6,77.02,8.36,20.86,71.57,Good
STU003760,Yash Chatterjee,CSE,B.Tech,2,3,B,19,76.02,61.3,27.05,42.02,47.45,7.78,22.39,76.46,At Risk
STU003761,Zoya Singh,CSE,B.Tech,1,2,A,20,70.11,69.07,33.27,62.28,72.01,7.56,19.95,75.57,Average
STU003762,Pooja Iyer,AI & DS,B.Tech,3,6,D,20,80.35,73.43,35.51,63.88,76.69,7.99,21.31,65.1,Good
STU003763,Tanvi Nair,EEE,B.Tech,2,3,B,19,75.72,82.25,43.44,76.6,90.61,9.42,22.25,76.61,Good
STU003764,Aditi Sharma,AI & DS,B.Tech,4,7,A,21,78.92,75.68,34.94,76.12,91.09,8.51,21.91,79.33,Good
STU003765,Isha Singh,CSE,B.Tech,4,8,D,23,84.58,79.16,39.5,78.95,80.49,9.36,22.01,84.77,Good
STU003766,Varun Nair,EEE,B.Tech,1,1,C,19,80.44,66.04,29.61,56.45,54.16,7.96,15.36,69.53,At Risk
STU003767,Sneha Rao,AI & DS,M.Tech,2,3,B,23,99.22,80.86,38.89,72.23,88.64,8.42,21.83,82.89,Excellent
STU003768,Bhavya Menon,AI & DS,B.Tech,1,2,B,19,100,78.9,33.79,76.0,82.97,7.28,23.65,84.61,Good
STU003769,Ananya Kumar,IT,B.Tech,3,6,D,22,87.53,76.7,35.12,71.26,67.88,7.92,21.57,79.97,Average
STU003770,Aditya Shah,AI & DS,B.Tech,1,1,A,20,76.73,75.16,34.75,64.28,77.25,8.1,25.71,76.9,Good
STU003771,Rahul Nair,ECE,M.Tech,2,3,D,24,67.9,69.22,28.72,67.82,72.36,8.3,19.08,73.44,Average
STU003772,Rahul Nair,CSE,M.Tech,1,2,D,22,79.97,71.92,34.08,71.29,76.24,8.98,24.91,64.87,Good
STU003773,Aarav Joshi,Mechanical,M.Tech,2,3,A,26,74.86,70.85,38.91,59.68,65.24,7.66,25.45,78.21,Average
STU003774,Rohan Sharma,AI & DS,M.Tech,1,2,A,25,79.25,75.1,33.13,68.97,75.47,7.96,24.4,74.59,Good
STU003775,Rohan Gupta,CSE,B.Tech,4,8,C,22,76.1,82.94,36.0,86.66,69.6,8.86,24.29,76.05,Average
STU003776,Zoya Rao,CSE,B.Tech,2,4,D,21,78.66,81.56,38.16,62.35,65.41,7.58,23.28,72.54,Average
STU003777,Yash Krishnan,ECE,B.Tech,3,5,C,22,87.61,61.76,28.14,53.43,62.41,7.74,25.52,76.86,Average
STU003778,Rahul Kumar,Civil,B.Tech,1,1,D,18,82.38,81.13,35.7,67.12,79.94,7.66,20.72,78.42,Good
STU003779,Aditya Krishnan,IT,B.Tech,1,2,B,19,79.89,80.84,38.34,62.55,85.27,8.54,18.7,72.7,Good
STU003780,Bhavya Nair,ECE,B.Tech,3,6,D,21,73.82,65.82,28.59,64.37,72.67,7.52,19.42,65.95,Average
STU003781,Pooja Rao,IT,B.Tech,1,1,B,20,86.11,71.52,25.89,62.36,52.97,6.92,21.17,76.41,At Risk
STU003782,Rahul Reddy,IT,B.Tech,1,1,C,20,100,80.11,37.49,59.03,89.65,8.21,22.59,90.28,Excellent
STU003783,Shreya Mishra,AI & DS,B.Tech,1,1,A,19,72.93,67.6,30.17,61.72,60.41,8.24,16.03,64.66,Average
STU003784,Akash Shah,Civil,B.Tech,1,1,A,19,73.7,72.86,31.78,53.6,80.89,7.59,21.59,76.42,Average
STU003785,Ananya Iyer,AI & DS,M.Tech,1,1,C,24,98.08,75.27,35.1,66.59,81.37,8.24,28.07,81.56,Good
STU003786,Manish Kumar,Civil,M.Tech,2,3,B,26,75.9,66.32,35.24,52.24,59.28,7.75,20.23,63.45,Average
STU003787,Tanvi Krishnan,IT,B.Tech,2,4,C,20,83.86,69.48,35.48,63.79,61.49,8.56,19.19,76.59,Average
STU003788,Kavya Shah,IT,B.Tech,2,4,D,20,74.61,70.76,31.46,61.69,77.51,8.21,23.85,72.43,Average
STU003789,Sai Verma,ECE,B.Tech,2,4,D,19,61.62,58.39,33.66,63.55,66.59,7.48,15.51,61.57,At Risk
STU003790,Aditi Reddy,Mechanical,B.Tech,4,7,A,21,73.53,66.75,29.58,44.71,57.27,8.07,15.32,62.8,Average
STU003791,Vikram Das,AI & DS,B.Tech,1,1,D,20,77.33,68.97,29.11,53.8,62.15,6.38,17.14,80.04,Average
STU003792,Zoya Kumar,Civil,B.Tech,3,6,D,20,68.58,73.8,35.19,70.52,73.19,8.15,19.79,87.74,Average
STU003793,Manish Chatterjee,Mechanical,B.Tech,4,8,D,21,87.15,71.44,34.16,68.36,73.41,8.07,23.41,81.93,Good
STU003794,Zoya Singh,AI & DS,B.Tech,2,3,A,21,77.44,80.42,29.11,68.29,67.59,7.76,23.15,74.66,Average
STU003795,Isha Das,Civil,B.Tech,2,3,B,21,93.54,84.29,39.3,61.37,86.7,7.98,23.09,73.44,Excellent
STU003796,Ananya Shah,CSE,B.Tech,2,3,A,19,90.01,77.72,41.03,72.01,76.05,8.41,18.78,92.7,Good
STU003797,Yash Krishnan,Civil,B.Tech,1,1,B,18,84.17,66.47,34.96,70.32,62.28,8.55,20.4,78.66,Average
STU003798,Sanjay Kumar,EEE,B.Tech,3,6,D,21,81.02,77.49,36.11,68.63,79.0,7.59,26.49,87.2,Good
STU003799,Pooja Joshi,CSE,B.Tech,4,8,C,22,76.49,60.4,26.25,57.11,72.55,7.87,18.15,69.17,Good
STU003800,Kavya Gupta,AI & DS,B.Tech,2,4,A,19,71.32,66.69,27.74,53.59,62.94,8.27,12.52,67.65,Average
STU003801,Aryan Kumar,EEE,B.Tech,3,6,D,20,80.16,75.55,32.46,47.5,67.86,7.19,24.43,79.93,Average
STU003802,Meera Singh,ECE,B.Tech,2,4,A,21,63.82,71.69,32.32,62.06,64.74,7.71,15.52,69.49,At Risk
STU003803,Riya Patel,AI & DS,B.Tech,2,4,D,19,87.92,74.42,36.89,74.51,61.92,8.03,17.91,74.29,Average
STU003804,Rahul Mehta,ECE,B.Tech,2,4,A,20,73.51,69.59,31.97,63.92,64.94,7.66,20.82,75.15,Average
STU003805,Ishaan Shah,CSE,B.Tech,1,2,B,20,84.62,64.98,24.5,49.57,52.33,7.03,21.34,76.48,At Risk
STU003806,Aarav Bose,IT,B.Tech,1,2,C,20,69.39,61.33,34.87,61.14,74.55,7.94,16.2,64.84,Average
STU003807,Riya Mishra,IT,B.Tech,3,6,A,20,74.87,63.08,28.17,51.81,60.33,7.24,21.1,60.74,Average
STU003808,Riya Shah,CSE,B.Tech,1,2,C,19,75.3,62.63,23.47,53.17,61.48,7.06,19.74,73.8,Average
STU003809,Surya Mishra,ECE,B.Tech,3,6,C,22,82.06,75.51,32.28,62.48,82.37,7.8,18.3,67.87,Good
STU003810,Aarav Sharma,CSE,B.Tech,4,8,D,23,77.24,76.89,32.65,72.82,75.26,8.12,27.9,86.01,Good
STU003811,Akash Krishnan,CSE,B.Tech,3,5,D,22,73.54,74.44,36.66,66.74,93.71,8.53,17.56,77.89,Average
STU003812,Ananya Rao,IT,B.Tech,4,7,B,23,70.42,78.26,37.47,87.1,79.23,8.22,20.69,61.25,Average
STU003813,Vikram Verma,EEE,B.Tech,1,2,C,19,93.64,70.27,30.98,51.84,73.3,8.23,20.93,76.94,Good
STU003814,Tanvi Pillai,Mechanical,M.Tech,1,2,A,25,90.58,68.55,36.34,60.72,69.21,8.01,16.75,80.97,Average
STU003815,Zoya Krishnan,IT,B.Tech,4,8,D,21,81.18,84.89,36.02,70.03,87.43,8.82,25.29,89.89,Excellent
STU003816,Surya Reddy,CSE,B.Tech,3,6,C,22,72.5,74.42,31.8,66.18,65.08,8.4,15.53,71.47,Average
STU003817,Manish Shah,ECE,B.Tech,4,8,D,23,72.99,71.47,31.31,73.53,81.63,7.81,19.93,75.01,Average
STU003818,Tanvi Mishra,IT,B.Tech,2,4,B,21,77.29,64.32,32.06,62.75,51.7,6.79,18.4,65.31,At Risk
STU003819,Rahul Chatterjee,IT,B.Tech,4,7,C,22,100,81.95,42.55,72.13,80.19,8.5,27.88,80.3,Good
STU003820,Aryan Rao,IT,B.Tech,2,4,D,21,61.73,67.15,33.13,73.04,67.53,7.48,18.89,60.98,At Risk
STU003821,Ananya Singh,ECE,B.Tech,4,8,A,22,88.04,74.76,37.53,70.44,76.48,8.14,20.01,79.4,Good
STU003822,Rohan Pillai,AI & DS,B.Tech,2,3,C,20,83.12,68.88,35.01,58.14,68.36,6.11,27.1,71.17,Average
STU003823,Shreya Das,Civil,B.Tech,2,3,C,20,77.52,62.98,27.45,48.79,57.38,7.04,18.2,73.79,Average
STU003824,Akash Pillai,AI & DS,B.Tech,4,8,D,21,83.35,89.45,40.55,80.45,82.57,8.31,21.57,97.11,Good
STU003825,Nikhil Verma,Civil,B.Tech,1,2,D,20,88.96,74.67,31.7,65.07,62.52,7.89,23.22,76.06,Average
STU003826,Arjun Rao,AI & DS,B.Tech,4,8,C,22,79.89,59.64,27.95,55.58,54.46,7.76,13.67,63.45,At Risk
STU003827,Arjun Mehta,IT,B.Tech,2,4,B,20,65.93,65.53,32.93,70.14,70.48,8.08,19.89,73.21,Average
STU003828,Akash Shah,AI & DS,B.Tech,4,7,A,21,76.27,68.69,30.17,68.72,67.36,7.54,27.25,77.74,Average
STU003829,Tanvi Singh,AI & DS,B.Tech,4,7,B,22,80.32,72.85,30.12,71.6,65.21,7.69,20.16,62.74,Average
STU003830,Ananya Bose,Mechanical,B.Tech,2,3,B,21,77.73,65.39,29.35,61.4,66.39,7.46,19.3,71.65,Average
STU003831,Rohan Pillai,CSE,B.Tech,1,2,C,19,86.77,75.47,42.49,80.15,85.04,9.14,24.19,86.05,Excellent
STU003832,Akash Verma,ECE,B.Tech,1,2,A,18,90.18,71.16,29.97,61.06,71.88,7.47,23.05,72.87,Good
STU003833,Karan Rao,IT,B.Tech,3,6,B,20,88.29,68.68,30.04,58.81,66.62,7.85,21.78,87.92,Average
STU003834,Yash Gupta,CSE,B.Tech,3,6,A,20,79.85,68.2,30.96,72.23,67.97,8.07,25.86,82.65,Average
STU003835,Rahul Verma,AI & DS,M.Tech,1,2,A,22,60.71,78.5,32.71,71.03,70.82,7.7,19.55,63.14,At Risk
STU003836,Sneha Reddy,CSE,M.Tech,2,4,C,24,76.62,57.14,30.45,64.32,70.86,7.64,21.86,60.26,Good
STU003837,Yash Krishnan,CSE,B.Tech,3,6,A,21,96.74,73.85,31.59,66.26,63.25,8.85,20.54,88.09,Average
STU003838,Varun Singh,Mechanical,B.Tech,3,5,B,22,89.44,62.83,25.11,57.66,65.74,6.83,27.17,78.68,Average
STU003839,Meera Chatterjee,CSE,B.Tech,2,3,D,19,74.11,85.31,39.59,71.57,79.23,8.15,22.12,72.49,Average
STU003840,Varun Reddy,EEE,B.Tech,1,1,D,19,69.55,55.42,33.46,61.88,57.83,6.91,19.82,81.19,Average
STU003841,Manish Patel,CSE,B.Tech,2,4,B,21,77.43,74.4,35.87,66.64,60.55,8.14,21.05,76.17,Average
STU003842,Varun Joshi,IT,B.Tech,3,6,C,22,78.14,72.1,30.2,61.02,73.45,7.8,17.82,69.13,Good
STU003843,Rahul Singh,CSE,B.Tech,2,3,D,20,77.2,68.43,31.34,61.64,78.55,7.88,20.39,69.02,Good
STU003844,Diya Das,ECE,B.Tech,3,6,D,21,69.78,75.12,36.78,69.93,74.19,8.23,24.13,71.61,Average
STU003845,Meera Reddy,EEE,B.Tech,4,7,A,22,87.68,80.92,31.61,66.08,90.9,7.86,30.02,89.66,Excellent
STU003846,Pooja Sharma,Civil,B.Tech,2,3,C,21,85.05,74.15,35.63,79.36,75.38,8.25,29.21,76.16,Good
STU003847,Sanjay Reddy,Civil,B.Tech,3,5,B,22,90.18,73.42,33.97,64.35,74.22,7.34,20.01,79.5,Good
STU003848,Nisha Menon,Civil,B.Tech,4,7,D,23,76.16,63.93,30.14,61.16,61.83,8.59,14.06,72.43,Average
STU003849,Shreya Nair,Civil,B.Tech,3,5,B,20,85.42,71.37,38.18,64.73,83.32,7.32,18.16,69.72,Good
STU003850,Diya Das,CSE,B.Tech,4,8,C,22,90.52,71.41,38.03,71.3,57.53,7.5,17.98,85.61,Average
STU003851,Pooja Rao,AI & DS,B.Tech,3,5,B,22,84.55,64.66,29.96,52.12,63.48,6.92,19.88,70.72,Average
STU003852,Ananya Iyer,ECE,B.Tech,4,7,A,22,73.55,69.93,32.09,68.33,71.02,7.91,21.08,67.84,Average
STU003853,Aryan Rao,CSE,M.Tech,1,2,B,23,83.91,79.7,37.69,57.08,75.3,7.87,20.55,63.71,Good
STU003854,Meera Krishnan,ECE,B.Tech,3,5,C,22,89.49,69.49,37.78,62.32,81.78,8.53,33.28,86.53,Good
STU003855,Vikram Shah,CSE,B.Tech,4,8,C,23,69.78,75.42,30.92,61.08,77.67,7.74,17.34,68.27,Average
STU003856,Diya Rao,Mechanical,B.Tech,4,8,D,22,70.73,76.56,34.14,54.61,72.7,7.83,21.83,69.95,Average
STU003857,Bhavya Singh,Mechanical,B.Tech,4,8,B,22,76.85,76.31,31.57,69.6,89.29,8.23,22.24,85.16,Good
STU003858,Riya Chatterjee,ECE,B.Tech,2,3,A,20,87.44,55.9,28.41,56.82,59.27,8.78,23.15,61.83,Average
STU003859,Isha Reddy,ECE,B.Tech,3,6,B,22,81.92,77.31,34.62,67.89,76.51,7.56,26.4,77.04,Good
STU003860,Diya Patel,Civil,B.Tech,3,5,A,21,92.25,72.55,27.44,57.16,66.47,7.7,22.5,83.51,Average
STU003861,Diya Das,AI & DS,B.Tech,3,6,C,21,71.24,66.1,35.04,53.76,66.79,8.14,13.17,60.13,Average
STU003862,Manish Rao,CSE,B.Tech,4,8,D,22,68.04,80.61,34.69,65.45,76.04,7.3,24.13,75.11,Average
STU003863,Bhavya Mishra,CSE,B.Tech,4,8,A,23,76.48,71.14,37.12,76.19,84.21,8.51,22.11,86.57,Good
STU003864,Zoya Iyer,CSE,B.Tech,3,6,D,20,76.63,78.64,37.86,66.47,65.18,7.76,17.25,70.38,Average
STU003865,Pooja Verma,ECE,B.Tech,4,8,D,22,71.01,76.87,33.33,58.72,63.29,7.5,21.87,70.28,Average
STU003866,Yash Reddy,AI & DS,B.Tech,4,8,C,23,86.11,80.04,39.86,87.34,91.59,8.13,21.96,88.33,Excellent
STU003867,Pooja Verma,Civil,B.Tech,2,3,C,19,84.78,71.35,31.02,73.92,79.55,8.23,21.25,79.05,Good
STU003868,Aarav Menon,AI & DS,B.Tech,2,4,D,20,79.58,69.9,30.88,69.72,73.02,7.88,25.2,79.97,Good
STU003869,Ishaan Mehta,EEE,B.Tech,1,1,C,19,71.82,76.87,32.02,65.09,75.78,8.26,14.44,76.14,Average
STU003870,Diya Verma,CSE,B.Tech,2,3,C,19,78.59,73.37,38.06,71.37,76.17,8.45,18.14,73.8,Good
STU003871,Pooja Kumar,ECE,B.Tech,2,3,B,20,89.68,76.84,35.11,56.0,66.3,7.67,27.28,77.78,Average
STU003872,Tanvi Pillai,ECE,B.Tech,1,2,B,19,83.46,76.08,34.52,72.08,78.44,7.58,19.83,78.03,Good
STU003873,Diya Iyer,ECE,B.Tech,4,8,B,22,78.57,75.12,34.67,62.72,72.04,8.33,22.53,75.02,Good
STU003874,Tanvi Patel,Mechanical,B.Tech,1,1,B,19,87.47,58.9,27.03,52.49,65.37,7.53,20.59,65.22,Average
STU003875,Diya Verma,CSE,B.Tech,2,4,B,21,70.24,62.86,28.93,53.9,57.48,7.61,21.91,70.3,Average
STU003876,Yash Iyer,CSE,B.Tech,4,8,D,21,68.17,63.5,24.35,46.55,59.2,7.81,14.12,69.64,Average
STU003877,Meera Mehta,CSE,B.Tech,3,6,D,22,93.77,78.82,38.62,71.86,91.08,8.11,27.37,91.37,Excellent
STU003878,Aarav Reddy,ECE,B.Tech,1,1,A,20,83.09,66.09,23.68,49.84,57.24,6.91,18.59,68.66,Average
STU003879,Nisha Reddy,AI & DS,B.Tech,3,6,C,20,66.73,60.52,29.37,57.5,73.62,7.68,17.36,67.82,Average
STU003880,Sai Singh,IT,B.Tech,3,6,D,21,84.34,68.51,34.01,78.77,82.02,8.53,20.61,73.51,Good
STU003881,Ananya Chatterjee,EEE,B.Tech,3,5,B,22,67.05,83.03,35.14,61.86,64.43,7.92,23.59,80.96,Average
STU003882,Ananya Menon,IT,M.Tech,2,4,B,25,68.73,72.71,30.56,65.36,79.76,8.83,18.64,76.95,Average
STU003883,Aditya Patel,IT,B.Tech,3,6,B,22,76.94,78.24,39.33,68.89,74.73,8.71,16.64,72.55,Good
STU003884,Nisha Kumar,Mechanical,B.Tech,1,2,B,18,69.1,68.14,31.18,59.32,72.41,8.19,15.24,62.74,Average
STU003885,Sai Patel,Civil,B.Tech,3,5,C,22,80.07,75.65,41.55,63.17,83.95,8.68,17.82,64.79,Good
STU003886,Bhavya Das,CSE,B.Tech,2,3,A,21,88.13,68.65,32.36,59.58,69.1,7.93,22.06,78.92,Average
STU003887,Karan Mishra,IT,M.Tech,2,4,D,24,74.57,57.68,35.02,63.05,69.0,8.04,14.83,60.78,Average
STU003888,Akash Menon,IT,M.Tech,2,3,A,23,82.55,76.31,36.23,57.39,78.04,7.08,20.5,73.69,Good
STU003889,Rahul Patel,AI & DS,B.Tech,4,8,D,22,83.59,76.2,39.92,66.51,86.25,8.07,23.99,76.96,Excellent
STU003890,Surya Patel,Civil,B.Tech,2,4,C,21,93.05,69.89,30.93,62.37,75.65,8.41,20.53,74.71,Good
STU003891,Aryan Bose,EEE,B.Tech,2,3,D,19,100,67.58,26.03,56.6,74.42,7.69,24.99,70.15,Good
STU003892,Riya Sharma,Civil,B.Tech,2,4,D,19,88.83,80.83,37.82,75.48,74.52,8.26,23.25,77.66,Good
STU003893,Aditya Chatterjee,Civil,B.Tech,1,2,B,19,80.28,76.82,34.84,71.18,90.28,8.51,24.15,86.23,Excellent
STU003894,Diya Mishra,IT,B.Tech,2,3,C,19,69.92,71.9,32.52,49.08,56.28,6.99,19.89,63.83,Average
STU003895,Tanvi Nair,CSE,B.Tech,2,4,A,21,97.31,73.44,36.95,70.95,81.49,7.57,21.86,95.45,Good
STU003896,Riya Patel,Mechanical,B.Tech,3,5,D,20,75.14,65.46,27.43,55.26,65.99,7.69,19.8,81.25,Average
STU003897,Diya Patel,Civil,B.Tech,4,7,B,21,75.37,79.08,41.59,73.61,82.18,8.89,23.1,69.02,Good
STU003898,Manish Sharma,EEE,B.Tech,2,3,C,21,70.7,69.74,28.7,51.42,56.4,7.07,22.39,80.65,Average
STU003899,Riya Nair,CSE,B.Tech,2,4,C,19,91.07,78.07,39.49,64.48,90.12,7.68,24.97,88.26,Excellent
STU003900,Riya Reddy,Civil,M.Tech,1,1,A,25,79.3,73.28,40.02,65.72,71.43,8.31,22.47,76.23,Good
STU003901,Ananya Joshi,AI & DS,B.Tech,4,8,C,23,79.61,79.62,36.44,68.49,86.4,8.59,24.83,77.53,Good
STU003902,Riya Gupta,AI & DS,B.Tech,3,6,D,20,73.1,70.56,31.27,59.19,68.02,8.36,17.03,78.79,Average
STU003903,Aryan Pillai,Civil,B.Tech,3,5,D,22,72.33,56.86,29.53,62.3,67.57,7.0,17.9,63.58,Average
STU003904,Tanvi Das,Civil,B.Tech,1,2,C,19,65.78,64.92,29.94,57.16,69.57,7.44,17.78,69.73,Average
STU003905,Rahul Das,ECE,B.Tech,2,4,B,20,82.22,63.76,36.09,44.52,71.28,7.72,25.29,95.26,Good
STU003906,Aditi Mishra,ECE,B.Tech,1,1,B,19,88.87,69.19,33.67,53.03,76.85,7.19,18.79,66.56,Good
STU003907,Aryan Rao,Mechanical,B.Tech,1,2,B,18,84.11,73.71,44.37,73.11,85.1,8.52,16.36,78.48,Excellent
STU003908,Rohan Iyer,CSE,M.Tech,2,4,B,26,77.38,64.95,32.25,62.94,70.79,7.6,18.99,68.77,Good
STU003909,Ananya Joshi,EEE,B.Tech,2,4,A,19,86.86,78.43,39.12,62.86,71.06,7.87,23.08,70.43,Good
STU003910,Kavya Patel,Civil,B.Tech,4,7,B,22,64.4,80.98,31.79,75.55,74.31,7.83,22.23,81.13,At Risk
STU003911,Manish Menon,IT,B.Tech,4,7,D,21,91.83,87.53,40.15,65.57,72.51,8.56,26.28,82.58,Good
STU003912,Vikram Iyer,CSE,B.Tech,1,2,A,18,67.96,76.2,35.77,48.21,64.48,9.37,14.86,73.93,Average
STU003913,Shreya Joshi,ECE,B.Tech,4,7,D,23,64.01,73.75,38.78,64.85,81.18,8.5,23.11,70.03,At Risk
STU003914,Sanjay Joshi,ECE,B.Tech,4,7,B,23,86.56,84.96,33.87,74.57,76.75,8.05,30.18,78.2,Good
STU003915,Tanvi Joshi,ECE,B.Tech,3,5,C,20,82.6,70.17,31.85,66.82,77.75,8.16,21.4,74.44,Good
STU003916,Varun Menon,CSE,B.Tech,3,5,C,21,95.52,74.19,35.7,66.95,81.01,7.94,24.95,85.92,Good
STU003917,Karan Nair,EEE,B.Tech,2,4,A,20,86.23,74.81,35.67,78.77,76.19,9.08,19.58,77.46,Good
STU003918,Rohan Pillai,CSE,B.Tech,4,8,C,22,61.88,69.35,26.32,66.5,76.34,8.86,22.55,65.85,At Risk
STU003919,Sanjay Rao,CSE,B.Tech,2,4,D,21,71.0,73.44,27.25,74.8,83.73,7.66,27.5,66.55,Average
STU003920,Shreya Krishnan,CSE,B.Tech,4,7,A,23,78.69,64.99,31.92,63.0,61.87,7.17,20.78,69.58,Average
STU003921,Bhavya Mehta,AI & DS,B.Tech,4,8,C,22,60.41,71.19,34.49,59.6,65.18,7.21,19.51,66.36,At Risk
STU003922,Diya Iyer,CSE,B.Tech,1,2,A,18,69.73,72.56,29.38,61.04,72.54,7.42,26.97,70.3,Average
STU003923,Ananya Patel,Mechanical,B.Tech,1,2,D,18,72.63,77.79,38.09,73.21,84.66,7.25,21.05,68.75,Average
STU003924,Pooja Rao,Civil,B.Tech,1,1,D,20,65.01,68.8,29.24,50.83,68.86,7.46,21.57,84.57,Average
STU003925,Surya Shah,AI & DS,B.Tech,3,6,D,21,90.18,77.1,36.47,69.11,69.91,7.29,22.88,79.99,Average
STU003926,Aryan Krishnan,IT,B.Tech,2,4,C,20,84.5,82.05,38.4,66.92,87.62,8.69,27.02,84.43,Excellent
STU003927,Karan Shah,ECE,B.Tech,4,8,C,22,66.33,83.76,38.02,68.47,75.83,7.96,25.29,67.2,Average
STU003928,Karan Verma,IT,B.Tech,2,3,B,19,83.43,71.16,33.99,61.92,74.95,8.26,18.93,77.33,Good
STU003929,Bhavya Menon,ECE,B.Tech,1,2,A,18,78.28,71.43,34.66,58.18,66.36,6.8,18.49,67.65,Average
STU003930,Sai Nair,CSE,B.Tech,2,3,D,20,79.95,69.8,29.09,58.3,59.34,7.46,11.72,72.09,Average
STU003931,Krishna Pillai,EEE,B.Tech,4,7,A,23,90.91,79.03,36.81,69.0,88.06,8.32,30.19,89.02,Excellent
STU003932,Bhavya Sharma,AI & DS,B.Tech,3,6,A,21,74.02,75.44,30.61,56.66,59.86,8.46,25.84,81.74,Average
STU003933,Sanjay Kumar,AI & DS,B.Tech,2,3,C,21,83.48,64.1,31.49,50.29,71.07,7.36,21.12,88.26,Good
STU003934,Ananya Rao,ECE,B.Tech,3,5,C,20,66.32,70.42,31.56,73.47,72.19,8.3,21.97,70.19,Average
STU003935,Sanjay Menon,CSE,B.Tech,3,5,A,21,70.15,71.07,29.76,56.85,61.56,7.9,21.93,73.45,Average
STU003936,Arjun Nair,IT,B.Tech,2,4,A,21,89.33,77.75,40.98,67.74,77.16,7.51,22.42,74.59,Good
STU003937,Aditya Iyer,CSE,B.Tech,3,5,B,21,96.61,74.48,39.42,59.21,80.16,8.12,18.95,82.01,Good
STU003938,Surya Verma,ECE,B.Tech,4,8,C,23,73.21,83.3,44.29,66.49,75.71,7.99,21.22,71.41,Average
STU003939,Bhavya Menon,IT,B.Tech,2,3,D,20,82.4,77.58,35.91,62.32,72.71,8.04,22.27,85.57,Good
STU003940,Vikram Gupta,IT,B.Tech,3,6,D,21,80.03,68.65,34.91,71.27,76.38,8.18,20.94,69.1,Good
STU003941,Shreya Bose,CSE,B.Tech,4,7,C,23,83.23,74.19,33.95,62.09,86.7,8.28,15.96,80.57,Excellent
STU003942,Rohan Bose,AI & DS,B.Tech,1,2,B,18,77.15,78.44,31.19,63.34,90.88,8.11,21.68,76.97,Good
STU003943,Vikram Verma,ECE,B.Tech,4,7,B,21,87.0,81.82,34.04,71.44,79.85,8.67,30.29,86.47,Good
STU003944,Sneha Reddy,CSE,B.Tech,4,7,C,22,88.93,71.48,33.43,69.23,85.9,7.56,26.84,87.36,Excellent
STU003945,Akash Mehta,AI & DS,B.Tech,3,6,D,20,85.24,85.19,39.84,74.29,89.44,8.16,26.25,89.01,Excellent
STU003946,Zoya Krishnan,Civil,B.Tech,1,2,C,20,74.47,65.39,29.23,60.26,71.59,7.83,21.79,69.46,Average
STU003947,Rohan Das,EEE,B.Tech,2,3,D,19,82.35,78.37,38.0,68.1,92.19,8.41,24.86,80.28,Excellent
STU003948,Rahul Kumar,EEE,B.Tech,1,2,B,18,77.69,72.11,39.09,63.36,71.48,8.66,21.92,70.06,Good
STU003949,Manish Shah,IT,B.Tech,4,7,A,22,70.3,72.88,31.16,55.75,65.6,7.42,25.11,71.41,Average
STU003950,Bhavya Pillai,IT,B.Tech,4,8,A,22,91.94,69.7,35.09,59.29,74.9,8.37,20.72,81.95,Good
STU003951,Arjun Rao,CSE,B.Tech,1,1,A,19,95.36,62.29,31.18,61.22,64.31,8.12,19.29,73.23,Average
STU003952,Rahul Mehta,AI & DS,B.Tech,2,4,B,20,73.03,77.64,28.52,65.76,60.94,8.1,19.89,67.25,Average
STU003953,Aditi Krishnan,IT,B.Tech,4,8,A,22,79.48,71.23,28.06,65.66,63.61,8.09,21.48,77.53,Average
STU003954,Rohan Mishra,ECE,B.Tech,3,6,D,21,81.25,71.9,34.17,68.58,64.57,8.16,19.88,73.08,Average
STU003955,Manish Singh,CSE,B.Tech,2,3,A,19,90.09,75.88,37.22,78.83,73.81,8.55,21.92,68.12,Good
STU003956,Vikram Mehta,CSE,B.Tech,2,3,B,21,84.16,62.91,33.84,68.31,74.98,7.66,18.52,71.99,Good
STU003957,Sneha Nair,CSE,M.Tech,2,4,B,23,69.0,61.49,31.02,47.88,55.07,7.59,15.51,64.0,Average
STU003958,Shreya Nair,CSE,B.Tech,1,1,A,20,86.51,84.73,37.81,66.65,71.93,7.65,25.01,91.29,Good
STU003959,Zoya Verma,Civil,B.Tech,3,6,C,22,75.87,76.95,36.85,69.03,74.41,8.6,17.32,56.52,Good
STU003960,Isha Kumar,AI & DS,B.Tech,1,2,B,19,89.88,69.81,31.67,66.02,77.77,8.3,24.07,83.52,Good
STU003961,Riya Menon,AI & DS,B.Tech,4,8,D,22,76.56,79.76,32.07,64.97,77.73,8.19,18.52,79.16,Good
STU003962,Pooja Sharma,ECE,B.Tech,4,8,D,21,69.75,78.05,34.53,67.03,85.22,8.03,16.26,76.03,Average
STU003963,Riya Verma,ECE,B.Tech,4,7,C,22,75.8,78.37,37.99,75.04,88.15,7.81,21.16,65.11,Good
STU003964,Manish Rao,ECE,B.Tech,3,6,A,20,80.46,83.45,38.98,81.97,100,8.3,22.28,80.47,Excellent
STU003965,Aditi Mehta,CSE,B.Tech,3,5,D,21,80.17,64.52,31.73,65.06,83.74,8.45,20.43,87.47,Good
STU003966,Nisha Bose,IT,B.Tech,3,5,C,21,76.29,80.09,36.96,55.22,77.42,7.72,22.95,62.73,Good
STU003967,Zoya Bose,IT,B.Tech,3,5,C,21,74.86,67.86,31.68,57.34,69.12,7.12,17.61,54.72,Average
STU003968,Shreya Rao,Mechanical,B.Tech,1,2,A,18,84.77,85.56,39.43,64.49,64.76,7.23,18.92,71.32,Average
STU003969,Riya Chatterjee,AI & DS,M.Tech,1,2,D,25,67.73,76.4,27.84,54.08,65.08,8.35,14.66,72.53,Average
STU003970,Ananya Verma,ECE,B.Tech,3,5,B,20,74.92,78.14,36.33,58.4,74.67,8.06,15.76,59.95,Average
STU003971,Akash Nair,ECE,B.Tech,1,2,C,18,81.39,69.9,28.64,62.55,85.2,8.14,24.06,82.84,Excellent
STU003972,Ishaan Nair,Civil,B.Tech,2,4,D,21,67.88,81.62,38.0,71.42,75.47,7.79,19.97,66.26,Average
STU003973,Krishna Menon,AI & DS,B.Tech,1,1,C,20,78.35,74.43,33.56,58.04,72.82,8.02,20.51,69.01,Good
STU003974,Yash Nair,CSE,M.Tech,1,2,B,24,91.81,79.14,37.84,66.2,69.77,7.7,20.34,74.71,Average
STU003975,Akash Chatterjee,ECE,B.Tech,2,4,B,19,72.78,65.24,32.39,53.22,57.89,7.61,20.7,65.3,Average
STU003976,Meera Gupta,CSE,B.Tech,4,8,B,21,76.48,68.31,32.06,65.29,62.35,9.17,19.64,73.63,Average
STU003977,Diya Reddy,CSE,B.Tech,3,5,D,22,86.37,78.76,39.69,80.05,74.89,8.66,17.58,76.88,Good
STU003978,Sai Singh,EEE,B.Tech,1,1,B,19,70.25,68.65,30.35,65.06,71.69,7.74,20.24,84.01,Average
STU003979,Diya Sharma,AI & DS,B.Tech,3,6,D,22,85.14,84.61,37.3,70.66,75.08,8.95,24.27,90.11,Good
STU003980,Manish Sharma,EEE,B.Tech,3,5,D,20,86.06,72.64,27.01,60.0,67.01,8.14,15.5,78.8,Average
STU003981,Rahul Iyer,CSE,B.Tech,2,4,C,20,89.73,78.9,33.31,68.59,70.65,7.97,22.19,90.18,Good
STU003982,Nikhil Kumar,Civil,B.Tech,4,8,B,23,91.48,71.43,32.05,63.78,92.37,7.73,25.25,81.68,Excellent
STU003983,Ananya Shah,EEE,B.Tech,1,1,A,20,72.06,66.73,29.95,75.15,80.68,7.92,17.96,71.01,Average
STU003984,Nisha Nair,Mechanical,B.Tech,2,3,C,21,75.29,73.84,31.89,66.2,81.76,7.23,25.61,70.37,Good
STU003985,Riya Das,EEE,B.Tech,3,6,A,22,93.12,70.01,29.81,52.77,66.1,7.42,21.15,85.53,Average
STU003986,Surya Pillai,EEE,B.Tech,2,4,D,20,76.71,64.11,30.81,50.14,63.83,7.59,14.1,73.8,Average
STU003987,Karan Krishnan,CSE,B.Tech,4,7,B,23,91.09,74.04,30.88,62.21,86.46,7.82,23.49,73.57,Excellent
STU003988,Karan Iyer,CSE,B.Tech,2,4,C,20,84.39,76.82,34.28,62.11,82.0,7.14,27.09,77.58,Good
STU003989,Aarav Kumar,CSE,B.Tech,1,1,A,19,81.16,74.43,32.43,82.16,86.03,7.9,22.9,79.49,Excellent
STU003990,Ishaan Patel,AI & DS,B.Tech,4,7,D,21,90.17,90.7,40.86,87.78,92.54,7.68,25.93,92.22,Excellent
STU003991,Bhavya Verma,Mechanical,M.Tech,2,3,D,25,74.59,69.52,28.07,69.34,80.67,7.54,21.87,70.47,Average
STU003992,Sanjay Chatterjee,AI & DS,B.Tech,2,4,D,21,87.86,74.14,36.14,64.36,60.3,8.37,20.07,77.43,Average
STU003993,Riya Nair,Civil,B.Tech,2,3,C,19,65.57,64.97,29.87,54.01,73.75,6.88,17.06,62.51,Average
STU003994,Surya Verma,ECE,B.Tech,1,2,A,20,84.14,85.89,35.77,52.46,69.23,8.45,23.52,76.34,Average
STU003995,Meera Sharma,ECE,B.Tech,3,6,C,22,62.62,77.79,31.53,72.81,77.67,8.47,20.9,70.49,At Risk
STU003996,Meera Kumar,EEE,B.Tech,1,1,B,19,89.23,70.85,38.06,69.89,69.96,6.87,22.0,82.7,Average
STU003997,Kavya Verma,AI & DS,B.Tech,3,6,C,22,87.35,69.91,33.66,66.61,57.78,7.58,13.24,66.54,Average
STU003998,Sneha Mehta,Civil,B.Tech,3,5,B,20,69.88,77.29,31.74,52.73,67.8,8.41,23.51,67.09,Average
STU003999,Krishna Shah,AI & DS,B.Tech,3,5,D,21,78.49,56.94,31.37,58.35,63.11,7.73,17.14,70.81,Average
STU004000,Ananya Rao,CSE,M.Tech,1,1,C,22,83.23,69.05,39.27,59.48,62.14,7.73,21.23,81.14,Average
STU004001,Rahul Rao,AI & DS,B.Tech,1,2,B,20,94.06,84.37,36.62,63.44,75.92,7.78,22.82,83.35,Good
STU004002,Zoya Nair,Mechanical,B.Tech,1,1,C,19,86.2,62.64,30.88,54.23,66.78,8.12,21.3,78.26,Average
STU004003,Diya Nair,AI & DS,B.Tech,3,5,D,21,91.22,69.65,35.69,61.97,80.67,7.53,25.65,86.56,Good
STU004004,Vikram Mehta,CSE,B.Tech,1,1,A,18,66.57,78.03,36.71,73.33,84.37,8.13,25.36,77.28,Average
STU004005,Sai Kumar,AI & DS,B.Tech,3,5,D,22,65.33,75.6,31.66,66.11,75.28,7.82,24.03,62.87,Average
STU004006,Diya Mishra,AI & DS,B.Tech,2,3,A,19,69.06,61.6,33.24,63.09,65.21,7.66,23.9,61.18,Average
STU004007,Akash Das,AI & DS,B.Tech,1,1,D,20,65.7,68.3,33.34,62.51,67.12,8.27,22.43,72.53,Average
STU004008,Ishaan Sharma,EEE,M.Tech,1,2,A,24,85.32,86.57,37.78,72.6,91.78,8.91,23.53,88.54,Excellent
STU004009,Nisha Mishra,AI & DS,B.Tech,3,5,A,21,90.03,70.37,33.71,55.19,79.53,8.38,19.31,72.5,Good
STU004010,Krishna Chatterjee,ECE,B.Tech,1,2,D,18,63.62,66.1,31.6,66.4,77.06,7.6,20.15,70.91,At Risk
STU004011,Bhavya Verma,Civil,B.Tech,1,1,D,19,91.89,70.71,37.68,62.43,77.16,8.71,17.54,86.8,Good
STU004012,Aditya Das,Civil,B.Tech,4,8,A,21,98.99,77.31,35.27,57.67,83.56,7.56,28.91,81.29,Good
STU004013,Bhavya Singh,EEE,B.Tech,3,5,A,20,86.69,82.03,43.74,74.32,64.86,8.29,23.27,82.75,Average
STU004014,Surya Sharma,CSE,B.Tech,3,6,A,22,89.67,85.33,45.52,84.14,96.98,9.47,26.28,78.19,Excellent
STU004015,Vikram Pillai,CSE,B.Tech,4,7,C,22,58.36,68.28,31.56,65.71,79.93,8.27,20.11,51.13,At Risk
STU004016,Manish Sharma,CSE,B.Tech,1,2,B,20,80.71,66.86,37.46,59.82,78.07,7.82,19.29,80.34,Good
STU004017,Aryan Krishnan,CSE,B.Tech,3,5,D,20,69.44,66.08,31.41,76.59,63.92,7.67,15.31,69.81,Average
STU004018,Riya Rao,AI & DS,B.Tech,1,2,B,18,58.52,71.84,36.46,59.22,71.46,8.67,20.08,84.12,At Risk
STU004019,Aryan Chatterjee,Mechanical,B.Tech,4,8,D,21,82.36,80.2,38.18,79.44,84.57,8.32,14.75,65.04,Good
STU004020,Rohan Sharma,ECE,B.Tech,4,7,B,21,77.44,68.52,35.67,50.39,65.02,8.48,17.74,67.71,Average
STU004021,Nisha Krishnan,CSE,B.Tech,1,2,A,18,92.49,81.15,34.54,78.22,83.72,8.68,19.38,82.15,Good
STU004022,Akash Kumar,Mechanical,B.Tech,1,2,A,20,88.8,74.13,33.25,63.94,63.85,7.46,16.38,65.64,Average
STU004023,Karan Nair,AI & DS,B.Tech,3,6,A,22,80.86,80.37,39.78,74.79,75.11,7.46,25.74,90.19,Good
STU004024,Shreya Pillai,AI & DS,B.Tech,2,4,B,20,84.65,79.69,42.67,76.31,84.42,7.16,22.25,83.03,Good
STU004025,Meera Joshi,Mechanical,B.Tech,4,8,C,21,87.26,69.79,34.75,55.04,73.13,8.04,19.92,80.37,Good
STU004026,Akash Iyer,AI & DS,M.Tech,1,1,C,24,77.08,76.26,32.48,64.46,65.31,8.38,19.84,75.47,Average
STU004027,Aditya Mishra,Civil,B.Tech,1,2,D,20,82.52,81.1,40.15,70.26,84.28,8.27,24.46,76.12,Good
STU004028,Zoya Bose,ECE,B.Tech,2,4,A,21,84.35,69.91,35.49,67.72,66.44,7.81,16.91,81.02,Average
STU004029,Karan Pillai,EEE,B.Tech,1,2,A,20,100,58.82,26.04,51.51,61.09,7.08,24.72,70.47,Average
STU004030,Arjun Mehta,EEE,B.Tech,1,1,D,19,69.95,77.83,32.7,61.87,79.75,8.27,20.25,71.41,Average
STU004031,Ananya Iyer,CSE,B.Tech,1,2,D,20,84.93,64.23,28.3,54.26,72.25,7.95,21.93,67.33,Good
STU004032,Shreya Nair,Mechanical,B.Tech,1,1,D,19,74.2,81.28,43.15,63.81,66.95,8.19,21.24,76.31,Average
STU004033,Ananya Mehta,CSE,M.Tech,1,1,D,24,81.06,70.77,27.92,60.31,75.13,7.25,20.12,85.26,Good
STU004034,Vikram Verma,ECE,B.Tech,4,8,A,22,73.08,70.76,31.77,62.46,74.34,7.57,20.43,73.42,Average
STU004035,Aditya Chatterjee,Civil,B.Tech,2,4,A,21,81.79,73.94,35.16,58.54,76.02,7.94,20.15,67.75,Good
STU004036,Yash Rao,ECE,M.Tech,2,3,A,23,94.77,76.46,34.27,66.67,77.43,7.97,27.11,88.68,Good
STU004037,Rohan Singh,Mechanical,B.Tech,4,7,A,23,85.72,82.33,37.39,66.28,71.73,8.58,18.49,72.33,Good
STU004038,Ananya Reddy,Civil,B.Tech,2,4,B,20,87.49,59.99,25.67,56.91,65.08,7.36,18.65,76.55,Average
STU004039,Isha Bose,Mechanical,B.Tech,2,3,C,19,79.38,72.44,28.81,66.18,67.68,8.4,25.02,74.25,Average
STU004040,Nisha Rao,CSE,B.Tech,4,8,C,23,83.93,71.83,39.89,68.21,81.93,8.2,22.5,81.69,Good
STU004041,Akash Krishnan,Mechanical,B.Tech,2,4,D,19,77.9,58.88,27.82,50.46,53.17,7.52,20.52,70.26,At Risk
STU004042,Sanjay Shah,Mechanical,B.Tech,4,8,B,21,73.51,81.03,35.3,64.64,82.72,8.6,25.93,77.01,Average
STU004043,Zoya Iyer,ECE,B.Tech,3,6,C,21,73.43,64.54,35.6,62.0,70.62,7.63,18.92,76.2,Average
STU004044,Manish Mehta,Mechanical,B.Tech,1,2,B,19,97.7,74.22,33.73,65.26,64.01,7.88,22.39,73.34,Average
STU004045,Rahul Das,CSE,B.Tech,3,5,D,22,74.33,72.45,30.17,49.12,50.59,7.44,20.89,73.17,At Risk
STU004046,Meera Gupta,AI & DS,B.Tech,1,2,C,18,81.4,74.67,34.85,66.24,78.8,8.02,22.35,74.48,Good
STU004047,Shreya Shah,CSE,M.Tech,1,2,B,22,60.59,83.13,36.44,56.16,69.97,8.19,19.94,64.78,At Risk
STU004048,Sneha Krishnan,Civil,B.Tech,2,3,A,20,67.73,75.77,28.5,61.4,62.47,8.49,17.38,68.78,Average
STU004049,Varun Mehta,EEE,B.Tech,4,7,D,22,66.46,64.11,28.63,56.21,59.52,7.81,20.5,64.93,Average
STU004050,Surya Singh,IT,B.Tech,4,8,D,21,80.51,72.33,30.74,64.67,67.2,7.58,19.37,76.02,Average
STU004051,Ananya Krishnan,Mechanical,B.Tech,1,1,C,19,95.04,72.12,32.22,74.6,73.56,7.8,25.97,72.59,Good
STU004052,Aryan Mehta,IT,B.Tech,2,4,C,21,66.62,65.53,37.17,67.83,77.65,7.98,20.01,68.38,Average
STU004053,Nisha Mehta,CSE,B.Tech,3,6,C,20,71.22,81.25,41.27,66.43,74.55,7.33,25.02,70.41,Average
STU004054,Bhavya Sharma,AI & DS,B.Tech,2,3,A,20,83.31,74.88,30.67,74.36,84.1,8.06,22.64,75.58,Good
STU004055,Aditi Krishnan,CSE,B.Tech,4,7,B,21,78.19,79.36,30.44,74.41,82.42,8.45,23.98,74.46,Good
STU004056,Karan Joshi,AI & DS,B.Tech,2,3,C,21,70.13,70.72,34.74,60.4,72.36,7.46,19.95,81.05,Average
STU004057,Yash Gupta,Mechanical,B.Tech,4,8,D,21,76.22,69.12,33.99,67.09,62.92,7.87,20.18,76.64,Average
STU004058,Tanvi Mishra,ECE,B.Tech,1,1,B,18,86.69,73.15,30.89,54.69,71.25,7.62,19.83,83.3,Good
STU004059,Sneha Das,CSE,B.Tech,3,6,D,22,82.71,56.94,27.85,50.05,68.74,7.17,20.11,78.63,Average
STU004060,Tanvi Joshi,Mechanical,B.Tech,1,1,A,19,68.26,69.7,34.41,52.84,63.31,7.4,19.26,65.68,Average
STU004061,Meera Iyer,AI & DS,B.Tech,1,1,C,19,90.46,71.18,31.88,64.67,75.2,7.9,19.84,76.0,Good
STU004062,Sanjay Reddy,Civil,M.Tech,1,2,D,24,70.87,67.9,33.66,65.89,75.25,7.19,17.59,62.98,Average
STU004063,Vikram Joshi,ECE,B.Tech,4,7,D,23,88.19,68.36,29.22,62.04,59.07,6.55,24.54,72.05,Average
STU004064,Tanvi Patel,ECE,B.Tech,2,4,D,20,93.22,81.5,32.74,66.43,80.28,7.3,29.0,83.33,Good
STU004065,Nikhil Krishnan,CSE,M.Tech,2,4,B,26,71.76,61.82,35.02,71.87,88.27,8.8,21.57,76.93,Average
STU004066,Ishaan Mehta,AI & DS,M.Tech,1,1,B,22,81.54,83.61,33.19,73.57,83.61,7.87,22.55,85.45,Good
STU004067,Zoya Rao,EEE,B.Tech,1,1,B,20,66.05,76.23,33.93,72.96,74.56,7.98,20.85,78.3,Average
STU004068,Aarav Mehta,IT,B.Tech,1,2,A,20,72.39,79.03,38.93,79.39,90.93,9.2,20.04,69.74,Average
STU004069,Nikhil Patel,Civil,B.Tech,1,2,A,20,72.58,72.17,31.13,64.34,75.94,8.28,22.44,67.15,Average
STU004070,Nikhil Singh,Mechanical,B.Tech,3,6,C,22,79.38,73.32,36.06,59.88,75.24,8.22,20.39,82.05,Good
STU004071,Bhavya Rao,AI & DS,B.Tech,3,5,B,20,78.75,66.57,36.15,65.93,67.21,8.09,20.57,63.52,Average
STU004072,Sneha Krishnan,Mechanical,B.Tech,3,5,A,21,85.66,63.43,27.25,64.75,65.35,7.14,21.03,76.15,Average
STU004073,Manish Das,Civil,B.Tech,3,6,C,21,68.51,57.45,23.43,49.45,60.77,7.26,14.4,62.87,Average
STU004074,Sanjay Bose,AI & DS,M.Tech,1,2,A,25,84.59,78.19,35.75,60.07,80.63,7.72,24.56,89.75,Good
STU004075,Nisha Sharma,AI & DS,B.Tech,2,3,C,19,79.13,76.04,30.79,60.23,82.8,7.92,22.15,70.47,Good
STU004076,Yash Mishra,ECE,B.Tech,3,6,B,22,55.79,67.44,30.21,69.36,71.21,8.42,12.9,58.66,At Risk
STU004077,Pooja Gupta,CSE,B.Tech,1,2,C,18,92.36,69.66,31.64,66.08,80.72,9.33,24.21,91.01,Good
STU004078,Riya Mishra,EEE,B.Tech,1,1,C,19,83.67,76.13,34.48,71.41,76.82,7.63,21.85,88.03,Good
STU004079,Aditya Joshi,IT,B.Tech,2,4,D,20,70.21,64.83,29.48,47.73,57.91,6.96,21.41,69.85,Average
STU004080,Meera Mehta,CSE,B.Tech,3,5,B,22,68.08,67.31,33.41,60.97,72.6,7.7,23.04,74.57,Average
STU004081,Rahul Verma,CSE,B.Tech,3,6,C,20,87.16,79.15,35.16,59.47,84.09,7.68,18.76,64.97,Good
STU004082,Riya Iyer,CSE,B.Tech,3,5,D,20,70.82,73.79,34.33,67.2,79.68,8.07,17.25,65.02,Average
STU004083,Aditya Nair,ECE,B.Tech,4,8,C,21,65.74,65.17,27.45,52.56,59.93,6.63,15.82,47.96,Average
STU004084,Bhavya Kumar,EEE,B.Tech,3,5,B,22,60.62,75.48,38.52,69.98,73.98,8.01,16.17,74.72,At Risk
STU004085,Pooja Chatterjee,ECE,B.Tech,2,4,B,20,68.6,61.73,31.1,62.98,60.6,8.46,19.52,73.49,Average
STU004086,Shreya Bose,AI & DS,B.Tech,2,4,A,19,77.27,66.97,32.49,65.95,61.63,8.33,21.09,76.37,Average
STU004087,Aarav Joshi,CSE,B.Tech,2,3,C,21,81.11,76.21,35.49,65.22,89.9,8.57,20.67,74.21,Excellent
STU004088,Isha Shah,CSE,B.Tech,3,5,B,20,82.35,69.76,38.67,72.27,87.09,8.19,20.04,83.72,Excellent
STU004089,Isha Kumar,CSE,B.Tech,3,5,B,20,80.76,74.6,40.13,71.85,81.04,7.92,17.41,74.92,Good
STU004090,Tanvi Sharma,CSE,B.Tech,4,7,C,23,80.01,80.47,32.56,53.44,71.46,7.81,24.44,87.38,Good
STU004091,Arjun Menon,IT,M.Tech,2,3,B,25,70.21,67.97,29.46,60.5,55.9,8.51,17.24,72.33,Average
STU004092,Varun Gupta,ECE,B.Tech,3,6,D,20,67.29,69.48,33.29,63.79,65.51,8.22,15.28,62.74,Average
STU004093,Riya Sharma,IT,M.Tech,2,3,D,26,86.1,73.55,35.49,60.49,79.99,7.53,26.43,84.11,Good
STU004094,Krishna Gupta,IT,B.Tech,1,2,C,19,61.49,77.92,34.9,76.05,69.78,7.35,18.48,70.81,At Risk
STU004095,Riya Das,Civil,B.Tech,2,4,A,21,61.39,66.04,23.57,57.58,63.74,7.4,18.74,66.42,At Risk
STU004096,Aditya Menon,EEE,B.Tech,4,8,C,21,84.11,71.21,30.8,73.67,60.36,7.56,21.03,76.1,Average
STU004097,Aryan Das,Civil,B.Tech,4,7,C,23,96.39,67.41,32.84,74.02,72.66,7.9,25.19,81.72,Good
STU004098,Meera Patel,CSE,B.Tech,4,8,B,23,85.3,68.38,28.5,55.56,72.33,6.99,22.63,76.1,Good
STU004099,Tanvi Shah,ECE,B.Tech,1,1,A,20,85.22,67.77,32.68,60.16,66.99,6.59,21.31,66.66,Average
STU004100,Ishaan Gupta,CSE,B.Tech,1,2,C,20,81.39,68.51,25.61,60.91,59.52,7.45,15.98,80.2,Average
STU004101,Aryan Das,CSE,B.Tech,4,7,D,22,86.5,69.59,39.75,73.06,71.38,8.25,24.11,81.28,Good
STU004102,Aryan Mishra,Mechanical,B.Tech,3,6,A,22,77.65,82.13,38.53,82.26,87.79,8.92,25.61,73.53,Good
STU004103,Nikhil Joshi,CSE,B.Tech,4,8,D,22,93.69,71.35,22.98,53.75,71.49,6.18,25.29,80.78,Good
STU004104,Kavya Mishra,AI & DS,B.Tech,4,8,A,23,76.06,66.24,28.64,54.35,54.59,7.96,18.96,77.23,At Risk
STU004105,Aditya Joshi,Mechanical,B.Tech,3,6,A,22,74.33,63.31,38.59,64.95,74.98,8.8,21.46,76.85,Average
STU004106,Aarav Mishra,IT,B.Tech,2,4,D,21,67.52,73.57,32.66,71.29,87.24,8.2,22.07,71.86,Average
STU004107,Arjun Rao,AI & DS,B.Tech,2,3,B,21,88.1,58.93,23.7,61.51,61.27,7.46,15.64,79.56,Average
STU004108,Rohan Pillai,AI & DS,B.Tech,2,4,B,21,80.58,75.46,29.95,63.41,76.99,7.5,22.29,61.79,Good
STU004109,Nisha Menon,EEE,B.Tech,4,7,C,22,72.46,72.48,38.78,66.94,70.58,8.65,13.09,73.21,Average
STU004110,Krishna Kumar,AI & DS,B.Tech,3,6,A,21,74.76,76.1,34.15,60.79,73.8,7.13,21.52,57.92,Average
STU004111,Ananya Krishnan,EEE,B.Tech,2,3,B,19,83.81,70.72,28.44,52.83,72.41,8.42,17.07,68.51,Good
STU004112,Bhavya Pillai,CSE,B.Tech,1,1,D,19,74.65,69.66,32.65,61.97,70.35,7.64,22.5,81.68,Average
STU004113,Sanjay Mehta,Civil,B.Tech,4,8,B,21,86.65,79.63,37.33,70.14,79.43,8.67,22.38,81.58,Good
STU004114,Meera Chatterjee,AI & DS,B.Tech,4,7,B,22,72.88,61.17,21.29,65.32,74.19,7.44,22.42,54.78,Average
STU004115,Ishaan Pillai,CSE,B.Tech,1,1,D,20,82.55,79.27,35.8,69.33,69.9,9.04,34.55,81.61,Average
STU004116,Sanjay Mishra,ECE,B.Tech,2,4,A,19,77.0,66.26,30.44,61.08,63.63,7.76,18.99,61.71,Average
STU004117,Aditya Kumar,Civil,B.Tech,3,5,A,21,77.94,63.24,28.13,65.22,66.87,7.25,16.4,70.91,Average
STU004118,Varun Joshi,CSE,B.Tech,2,3,D,20,78.35,72.07,33.37,58.5,67.87,8.43,22.92,87.25,Average
STU004119,Aditi Das,Mechanical,B.Tech,2,3,B,19,82.63,80.92,39.39,77.88,90.72,8.63,22.93,77.33,Excellent
STU004120,Yash Singh,AI & DS,B.Tech,2,3,B,19,63.14,76.58,34.07,65.78,71.42,7.57,20.53,71.74,At Risk
STU004121,Surya Nair,Mechanical,B.Tech,2,3,B,19,75.32,74.1,41.56,68.04,82.6,7.92,25.94,72.98,Good
STU004122,Akash Nair,CSE,M.Tech,2,3,D,24,81.0,72.16,38.38,84.23,74.99,7.86,20.93,73.01,Good
STU004123,Tanvi Mehta,IT,B.Tech,1,2,D,19,61.39,72.77,29.88,59.97,90.47,8.16,22.69,80.75,At Risk
STU004124,Sneha Joshi,EEE,B.Tech,3,5,A,21,81.17,78.6,32.86,74.39,88.35,7.96,26.73,71.3,Excellent
STU004125,Manish Nair,CSE,B.Tech,1,2,D,18,66.59,74.66,40.7,60.75,63.13,7.96,16.91,63.73,Average
STU004126,Aditya Shah,Civil,B.Tech,1,1,C,20,70.31,64.89,28.99,63.44,75.79,7.79,24.24,67.46,Average
STU004127,Shreya Bose,CSE,B.Tech,4,7,A,23,81.03,60.18,27.14,56.04,61.95,8.06,17.29,63.4,Average
STU004128,Pooja Menon,IT,M.Tech,2,4,C,23,75.13,77.1,33.88,75.64,73.95,7.47,20.15,88.02,Good
STU004129,Manish Mehta,EEE,B.Tech,4,8,D,21,85.16,76.55,35.76,71.9,74.05,8.04,19.48,67.74,Good
STU004130,Meera Singh,CSE,B.Tech,1,1,A,20,89.58,80.3,34.36,70.99,85.36,8.57,24.13,75.05,Excellent
STU004131,Kavya Das,AI & DS,B.Tech,1,2,B,18,75.14,84.43,41.75,74.66,73.83,8.5,24.08,70.8,Good
STU004132,Isha Iyer,CSE,M.Tech,2,4,B,26,98.88,83.23,36.9,69.73,87.73,8.25,22.83,76.33,Excellent
STU004133,Vikram Shah,CSE,B.Tech,4,8,C,21,94.25,89.32,37.79,73.55,88.1,8.66,22.13,88.08,Excellent
STU004134,Isha Shah,EEE,B.Tech,2,4,B,21,81.83,62.8,34.11,55.28,64.51,7.42,20.71,69.94,Average
STU004135,Karan Mehta,Mechanical,M.Tech,1,1,D,23,93.26,81.92,39.8,73.33,86.4,7.96,27.95,96.95,Excellent
STU004136,Karan Das,ECE,B.Tech,1,1,C,19,100,79.72,38.65,69.73,86.65,7.21,28.02,80.82,Excellent
STU004137,Sanjay Menon,EEE,B.Tech,3,5,D,21,90.55,76.34,38.17,72.04,73.35,7.97,21.98,95.96,Good
STU004138,Isha Shah,CSE,M.Tech,1,1,B,23,80.68,78.97,35.41,69.59,79.06,8.14,19.51,72.15,Good
STU004139,Isha Nair,Mechanical,B.Tech,1,1,A,19,79.48,71.64,30.26,65.57,76.39,7.47,23.14,87.83,Good
STU004140,Manish Pillai,CSE,B.Tech,4,7,D,23,84.56,73.78,33.76,62.32,73.37,6.7,21.46,73.95,Good
STU004141,Aarav Kumar,Civil,M.Tech,1,2,A,22,89.42,76.76,38.45,70.01,86.81,8.1,22.01,79.46,Excellent
STU004142,Pooja Nair,Civil,B.Tech,4,8,A,22,73.66,76.12,35.17,67.96,69.04,7.21,20.5,75.88,Average
STU004143,Kavya Nair,EEE,M.Tech,2,3,D,24,76.52,83.37,41.59,75.08,76.32,7.99,21.12,93.66,Good
STU004144,Karan Chatterjee,Mechanical,B.Tech,1,1,D,20,82.71,68.77,39.13,58.18,73.96,7.58,21.04,81.51,Good
STU004145,Tanvi Das,AI & DS,B.Tech,2,4,A,21,99.33,84.56,40.56,76.32,90.13,8.74,30.87,76.84,Excellent
STU004146,Sai Mishra,EEE,B.Tech,2,4,C,19,84.84,87.58,37.63,79.9,84.57,8.91,24.53,92.78,Good
STU004147,Vikram Bose,AI & DS,B.Tech,1,2,B,19,70.85,69.32,36.61,55.22,64.63,7.9,18.8,76.39,Average
STU004148,Shreya Iyer,IT,B.Tech,1,1,C,20,73.36,70.32,33.61,69.63,79.92,7.95,17.23,83.21,Average
STU004149,Sanjay Rao,Civil,B.Tech,4,8,B,22,83.35,62.83,27.02,52.78,63.01,7.16,16.72,67.11,Average
STU004150,Diya Shah,AI & DS,M.Tech,1,1,C,24,75.84,77.84,30.11,54.61,80.09,7.94,17.92,71.48,Good
STU004151,Zoya Rao,ECE,B.Tech,1,1,D,19,71.24,66.81,31.66,67.56,65.44,7.34,21.53,73.93,Average
STU004152,Riya Singh,CSE,B.Tech,3,6,A,21,79.63,72.54,32.26,62.34,74.34,7.62,21.17,88.43,Good
STU004153,Ananya Chatterjee,EEE,B.Tech,2,4,B,21,72.49,80.7,36.11,69.11,91.63,8.51,24.28,77.47,Average
STU004154,Sneha Sharma,Civil,M.Tech,2,4,D,23,74.02,71.17,36.59,58.11,71.66,8.4,18.5,72.94,Average
STU004155,Sneha Iyer,Civil,B.Tech,3,5,A,22,78.25,75.88,36.4,72.39,61.66,8.02,21.54,80.33,Average
STU004156,Yash Reddy,EEE,B.Tech,3,6,C,22,80.52,70.64,32.82,59.46,64.55,8.36,18.01,76.5,Average
STU004157,Surya Mehta,CSE,B.Tech,4,8,D,21,84.85,90.87,38.85,76.55,87.41,9.06,26.65,86.06,Excellent
STU004158,Akash Mehta,IT,M.Tech,1,1,B,23,76.53,59.55,24.35,38.2,66.26,6.98,16.48,61.32,Average
STU004159,Sneha Gupta,EEE,B.Tech,3,6,B,21,77.68,66.67,36.09,56.7,83.53,7.57,19.83,71.71,Good
STU004160,Riya Sharma,AI & DS,B.Tech,1,1,B,18,74.75,79.86,42.1,61.45,74.16,8.03,22.0,65.86,Average
STU004161,Ananya Mishra,Civil,B.Tech,2,4,C,19,62.84,68.36,32.25,60.27,64.08,7.23,19.84,66.96,At Risk
STU004162,Bhavya Verma,Mechanical,B.Tech,2,4,C,20,98.77,85.97,36.48,80.34,86.69,8.34,22.35,86.35,Excellent
STU004163,Nisha Nair,AI & DS,B.Tech,3,6,B,22,81.64,79.72,30.81,71.78,81.68,8.24,18.91,70.15,Good
STU004164,Riya Verma,Mechanical,B.Tech,1,2,D,19,80.95,58.99,27.92,54.12,50.91,7.06,21.7,72.95,At Risk
STU004165,Sneha Bose,IT,B.Tech,2,3,D,19,79.69,69.93,35.83,50.35,75.45,7.39,17.15,72.58,Good
STU004166,Nisha Singh,CSE,B.Tech,1,2,D,20,81.65,66.31,36.22,60.55,85.98,8.34,13.01,80.24,Excellent
STU004167,Tanvi Iyer,Civil,B.Tech,4,8,B,22,83.52,58.37,33.08,51.2,76.18,7.57,20.71,66.06,Good
STU004168,Ishaan Joshi,EEE,B.Tech,2,3,C,19,73.5,76.53,39.06,63.42,82.91,7.77,14.02,75.38,Average
STU004169,Rahul Shah,CSE,B.Tech,4,8,D,22,89.14,79.3,36.52,84.78,87.15,8.16,23.87,78.94,Excellent
STU004170,Aarav Reddy,EEE,B.Tech,4,7,B,23,82.07,87.93,42.81,68.07,84.8,7.5,24.45,82.85,Good
STU004171,Zoya Iyer,EEE,B.Tech,3,6,A,22,80.33,81.33,32.92,75.45,80.84,7.85,17.95,76.66,Good
STU004172,Zoya Gupta,Civil,B.Tech,3,6,C,20,97.89,66.13,25.75,51.2,71.68,7.56,15.16,82.81,Good
STU004173,Karan Menon,Mechanical,B.Tech,2,4,B,20,77.8,67.89,30.96,55.12,78.22,7.89,20.33,82.35,Good
STU004174,Manish Patel,EEE,B.Tech,3,5,A,22,71.63,76.75,30.98,59.18,71.83,7.28,21.55,68.71,Average
STU004175,Pooja Patel,AI & DS,B.Tech,1,1,A,19,73.45,63.32,28.34,59.87,63.6,7.54,17.8,91.03,Average
STU004176,Riya Bose,ECE,B.Tech,4,8,A,22,73.08,76.27,36.25,59.36,72.31,8.92,17.81,70.6,Average
STU004177,Isha Iyer,CSE,B.Tech,4,8,D,22,77.16,75.56,35.72,79.76,83.79,8.51,22.15,75.23,Good
STU004178,Sanjay Sharma,ECE,M.Tech,2,4,A,25,68.02,72.39,28.38,58.1,61.24,7.4,24.02,70.96,Average
STU004179,Sanjay Bose,ECE,B.Tech,3,5,D,22,87.16,68.68,31.1,62.32,60.39,6.62,20.6,72.49,Average
STU004180,Yash Bose,ECE,B.Tech,1,2,B,18,91.13,85.56,40.79,85.69,76.66,9.19,25.51,81.07,Good
STU004181,Aditi Joshi,Civil,B.Tech,2,4,C,20,86.04,70.42,26.91,55.84,62.62,7.71,23.41,80.56,Average
STU004182,Nikhil Sharma,Mechanical,B.Tech,1,1,A,18,100,70.52,36.9,57.84,68.4,7.79,26.85,82.45,Average
STU004183,Rohan Pillai,CSE,B.Tech,3,6,A,20,82.43,67.05,31.55,59.11,80.08,7.86,18.23,79.63,Good
STU004184,Ishaan Mehta,EEE,B.Tech,1,1,A,19,79.35,71.97,32.84,69.57,77.43,7.21,19.5,79.12,Good
STU004185,Pooja Bose,CSE,M.Tech,2,4,C,24,77.69,74.33,28.94,67.78,72.5,8.01,24.41,75.58,Good
STU004186,Akash Pillai,Mechanical,B.Tech,1,2,B,20,84.4,67.61,27.85,54.89,61.82,9.11,16.53,69.36,Average
STU004187,Yash Mehta,EEE,B.Tech,1,2,B,18,76.2,67.81,29.1,50.72,66.08,7.88,16.71,76.03,Average
STU004188,Pooja Mishra,CSE,B.Tech,4,7,B,22,72.08,71.01,34.05,59.26,87.29,8.4,17.93,69.2,Average
STU004189,Kavya Bose,ECE,B.Tech,3,5,B,21,78.46,66.45,32.64,58.64,69.13,7.33,13.46,72.87,Average
STU004190,Aditi Das,AI & DS,M.Tech,1,1,A,24,79.82,76.31,36.57,73.92,85.71,8.1,22.64,80.76,Good
STU004191,Kavya Pillai,AI & DS,B.Tech,1,1,A,19,75.26,51.25,28.75,59.07,53.64,7.64,17.34,62.92,At Risk
STU004192,Zoya Iyer,CSE,B.Tech,1,1,B,18,70.77,85.47,38.8,69.94,80.54,9.38,19.53,72.61,Average
STU004193,Meera Menon,IT,B.Tech,2,4,D,21,70.23,77.28,35.44,72.04,87.55,8.34,19.57,79.13,Average
STU004194,Aarav Krishnan,ECE,M.Tech,2,4,C,23,89.08,74.17,33.3,49.43,74.07,7.06,17.51,82.47,Good
STU004195,Kavya Kumar,EEE,M.Tech,1,2,A,23,84.72,75.44,32.49,67.26,70.09,7.77,27.07,81.86,Good
STU004196,Kavya Patel,IT,B.Tech,4,8,D,21,87.15,84.61,37.31,64.57,76.18,8.72,22.31,83.81,Good
STU004197,Isha Mehta,CSE,B.Tech,2,3,C,19,75.29,63.22,29.43,52.54,75.7,7.82,16.51,76.07,Good
STU004198,Varun Mehta,Civil,B.Tech,4,8,A,23,77.64,73.14,33.55,75.2,78.96,7.42,20.35,67.41,Good
STU004199,Ananya Das,AI & DS,B.Tech,3,5,B,20,89.4,45.38,24.51,39.82,45.59,6.64,12.83,74.39,At Risk
STU004200,Isha Sharma,AI & DS,B.Tech,2,4,A,21,95.67,74.25,36.81,72.03,82.98,8.29,18.88,77.01,Good
STU004201,Vikram Menon,Civil,B.Tech,1,1,C,18,81.28,77.79,32.06,57.38,77.47,7.81,20.28,64.48,Good
STU004202,Ishaan Pillai,ECE,B.Tech,3,5,D,20,70.69,73.03,32.33,63.24,88.66,7.14,22.31,72.71,Average
STU004203,Rohan Verma,IT,B.Tech,3,5,B,21,73.97,71.82,37.6,63.72,68.26,8.1,23.11,72.53,Average
STU004204,Ishaan Patel,Civil,B.Tech,4,7,A,23,89.79,70.99,28.46,52.16,69.72,7.75,18.94,64.09,Average
STU004205,Akash Patel,Civil,B.Tech,2,3,B,21,75.76,81.12,38.0,63.17,88.56,8.57,23.2,78.59,Good
STU004206,Rahul Mishra,Civil,B.Tech,1,2,A,19,79.32,76.39,37.5,54.65,71.16,8.78,15.64,73.34,Good
STU004207,Aryan Kumar,Mechanical,B.Tech,4,7,C,23,64.58,62.64,27.23,49.3,59.03,7.77,16.51,76.42,At Risk
STU004208,Nisha Mehta,AI & DS,M.Tech,2,4,D,24,87.09,76.68,34.95,63.47,74.9,8.05,17.43,77.54,Good
STU004209,Nisha Kumar,Civil,B.Tech,2,3,A,19,81.04,77.49,31.15,70.08,76.06,7.99,28.33,71.25,Good
STU004210,Sanjay Pillai,AI & DS,B.Tech,1,2,A,19,67.88,73.84,29.9,60.5,75.09,7.65,13.65,78.78,Average
STU004211,Isha Menon,EEE,B.Tech,3,5,C,20,57.54,78.85,37.41,69.96,68.48,8.35,17.29,60.85,At Risk
STU004212,Tanvi Kumar,EEE,B.Tech,2,3,D,20,79.07,82.13,31.61,65.23,75.73,7.41,28.85,78.78,Good
STU004213,Sneha Mehta,AI & DS,B.Tech,3,6,B,20,97.63,70.09,36.97,61.7,73.61,7.44,22.14,82.85,Good
STU004214,Aditi Iyer,CSE,B.Tech,3,6,A,21,81.69,70.61,33.25,60.91,85.14,6.88,13.61,80.45,Excellent
STU004215,Nisha Pillai,Civil,B.Tech,1,2,B,18,72.62,63.66,32.79,44.66,67.29,7.28,19.66,74.83,Average
STU004216,Meera Shah,CSE,B.Tech,2,4,B,19,87.72,64.83,38.02,63.61,75.68,8.36,20.9,70.9,Good
STU004217,Aditya Singh,Civil,B.Tech,3,5,D,22,82.49,79.12,35.24,69.12,77.03,8.06,20.27,74.63,Good
STU004218,Ishaan Nair,CSE,B.Tech,1,1,D,18,87.76,75.95,29.69,61.15,81.49,7.99,20.12,77.47,Good
STU004219,Akash Verma,ECE,B.Tech,1,1,C,20,67.83,65.24,35.04,56.94,63.92,8.5,17.79,54.35,Average
STU004220,Isha Iyer,IT,M.Tech,1,1,A,23,70.74,57.5,30.39,62.45,47.72,7.8,18.25,78.67,At Risk
STU004221,Varun Chatterjee,AI & DS,B.Tech,1,2,A,19,65.06,76.41,28.78,67.59,80.39,7.01,15.85,67.13,Average
STU004222,Aryan Nair,Civil,B.Tech,1,2,B,20,70.96,83.74,35.67,75.16,72.98,8.85,18.72,80.12,Average
STU004223,Rohan Kumar,CSE,B.Tech,3,5,C,22,91.74,77.27,36.03,64.05,78.48,8.36,21.58,80.29,Good
STU004224,Yash Singh,ECE,B.Tech,4,7,D,21,84.63,80.0,35.46,76.02,88.7,7.74,27.4,86.74,Excellent
STU004225,Sai Joshi,IT,B.Tech,3,5,A,22,94.26,76.66,32.11,71.96,79.23,8.67,25.17,84.31,Good
STU004226,Arjun Reddy,CSE,B.Tech,4,7,D,23,76.33,64.73,30.68,43.95,41.38,7.85,18.77,57.19,At Risk
STU004227,Tanvi Chatterjee,IT,B.Tech,1,1,C,18,76.87,86.51,35.22,81.54,82.74,9.29,25.48,94.76,Good
STU004228,Aditya Rao,Civil,B.Tech,1,1,B,20,77.08,54.18,26.63,50.43,55.19,6.17,24.57,80.67,Average
STU004229,Yash Pillai,IT,M.Tech,2,4,B,24,74.83,69.76,30.59,68.43,75.8,8.13,21.83,79.92,Average
STU004230,Diya Kumar,AI & DS,M.Tech,1,1,D,24,83.72,93.46,37.79,79.8,97.15,7.88,17.75,79.22,Excellent
STU004231,Bhavya Chatterjee,EEE,B.Tech,3,5,B,20,80.25,63.8,32.6,58.94,67.84,8.32,17.57,89.19,Average
STU004232,Zoya Reddy,AI & DS,B.Tech,3,5,C,20,70.7,69.73,36.0,72.97,75.74,9.39,17.35,79.4,Average
STU004233,Yash Singh,CSE,B.Tech,4,8,C,22,76.57,77.95,34.33,60.97,73.02,8.15,24.9,79.79,Good
STU004234,Manish Menon,ECE,B.Tech,2,4,D,19,76.38,70.69,36.63,60.57,71.65,7.63,14.85,71.37,Good
STU004235,Isha Menon,ECE,B.Tech,4,8,C,22,91.02,81.8,39.78,68.37,82.87,8.0,18.64,80.65,Good
STU004236,Riya Nair,ECE,B.Tech,2,3,B,20,76.74,79.67,35.48,61.77,82.98,7.71,15.53,64.55,Good
STU004237,Diya Chatterjee,AI & DS,B.Tech,1,2,C,20,73.97,80.42,34.2,75.31,84.16,7.48,20.13,71.94,Average
STU004238,Arjun Kumar,EEE,B.Tech,1,1,D,19,93.63,77.85,36.02,68.77,80.82,7.88,25.51,81.32,Good
STU004239,Shreya Krishnan,ECE,B.Tech,2,4,D,19,82.7,81.52,31.48,57.92,68.35,7.8,22.16,87.15,Average
STU004240,Vikram Singh,AI & DS,B.Tech,2,4,C,21,84.57,82.15,33.91,72.79,91.9,8.03,24.44,82.92,Excellent
STU004241,Aditya Rao,AI & DS,B.Tech,3,6,B,21,82.49,86.68,40.92,83.54,91.4,8.62,27.01,83.98,Excellent
STU004242,Ishaan Pillai,ECE,B.Tech,4,7,A,23,75.51,60.53,29.91,48.58,57.21,6.88,23.22,67.28,Average
STU004243,Sai Chatterjee,AI & DS,B.Tech,2,3,B,19,76.69,65.63,31.12,56.06,70.99,8.06,23.36,65.07,Good
STU004244,Aditi Patel,IT,B.Tech,4,8,C,21,99.27,64.99,33.37,56.83,63.38,8.63,23.68,75.12,Average
STU004245,Tanvi Krishnan,CSE,B.Tech,1,1,C,20,65.51,67.59,36.25,64.88,74.57,7.6,16.76,65.46,Average
STU004246,Akash Pillai,AI & DS,B.Tech,3,6,C,22,78.54,63.98,32.29,61.47,73.28,8.49,18.4,67.3,Good
STU004247,Isha Verma,ECE,B.Tech,1,2,D,19,69.41,69.46,30.27,51.57,59.5,7.43,23.07,69.82,Average
STU004248,Isha Patel,CSE,B.Tech,4,7,A,21,85.08,79.12,39.96,65.95,98.54,8.09,27.35,81.68,Excellent
STU004249,Aryan Pillai,AI & DS,B.Tech,3,5,D,22,78.72,64.32,27.31,63.45,77.51,7.76,20.32,71.02,Good
STU004250,Rohan Iyer,CSE,M.Tech,1,2,D,22,81.8,88.49,37.4,76.51,79.87,7.2,30.49,81.84,Good
STU004251,Surya Verma,IT,B.Tech,3,5,D,22,95.68,66.65,35.23,72.18,68.77,7.87,23.19,79.71,Average
STU004252,Sanjay Pillai,IT,B.Tech,4,8,C,21,82.94,71.12,33.05,55.82,65.24,6.67,22.66,76.52,Average
STU004253,Ishaan Mehta,Civil,B.Tech,2,3,B,21,79.6,72.84,31.0,61.27,64.32,7.97,17.47,84.93,Average
STU004254,Karan Nair,IT,M.Tech,2,4,C,25,84.35,81.64,37.52,72.63,88.05,8.74,24.62,85.59,Excellent
STU004255,Diya Pillai,Civil,B.Tech,3,6,A,22,82.84,84.92,44.33,77.08,77.37,8.17,24.01,74.03,Good
STU004256,Ishaan Krishnan,CSE,B.Tech,2,3,B,19,96.3,72.28,36.88,72.46,55.69,7.78,21.25,77.1,Average
STU004257,Nikhil Iyer,Civil,B.Tech,3,5,C,22,70.65,58.43,27.24,60.21,55.7,7.81,18.35,72.16,Average
STU004258,Nisha Mehta,IT,M.Tech,1,1,A,22,77.36,70.35,33.32,64.94,59.74,7.8,17.2,77.92,Average
STU004259,Akash Bose,Mechanical,B.Tech,4,7,C,23,78.88,71.09,29.33,64.69,69.96,7.7,22.62,77.89,Average
STU004260,Rahul Menon,ECE,B.Tech,2,3,B,21,77.33,78.29,33.58,65.19,68.88,7.58,26.44,74.81,Average
STU004261,Ishaan Menon,ECE,B.Tech,3,6,A,21,93.79,67.96,34.92,59.35,69.97,7.09,27.02,85.17,Average
STU004262,Bhavya Joshi,Mechanical,B.Tech,3,5,A,21,81.52,82.28,39.21,68.34,83.08,7.93,27.85,73.52,Good
STU004263,Aarav Chatterjee,ECE,B.Tech,1,2,D,19,79.6,87.38,36.51,79.82,93.14,9.42,21.36,72.07,Good
STU004264,Manish Mishra,Mechanical,B.Tech,2,3,D,20,81.75,81.75,38.37,71.59,75.4,8.12,22.89,70.75,Good
STU004265,Karan Bose,CSE,B.Tech,2,4,B,20,89.16,73.69,36.93,65.82,72.66,8.09,27.57,71.35,Good
STU004266,Isha Bose,IT,B.Tech,3,5,D,21,76.71,75.53,32.21,64.82,79.8,7.8,16.15,80.55,Good
STU004267,Akash Joshi,Mechanical,B.Tech,1,1,C,18,99.37,84.44,38.03,62.49,74.66,7.75,30.68,83.87,Good
STU004268,Manish Pillai,ECE,B.Tech,4,7,B,23,76.63,75.2,35.5,71.39,82.18,7.57,26.42,76.49,Good
STU004269,Riya Sharma,AI & DS,B.Tech,4,7,D,21,72.72,67.86,28.2,55.32,58.26,7.19,21.41,68.68,Average
STU004270,Nikhil Reddy,AI & DS,M.Tech,1,1,A,25,93.29,80.73,39.7,65.63,71.06,8.33,18.29,80.29,Good
STU004271,Arjun Mishra,CSE,B.Tech,4,8,D,22,82.84,87.31,41.3,72.53,88.83,8.21,25.68,77.67,Excellent
STU004272,Bhavya Krishnan,CSE,B.Tech,2,3,B,19,68.81,75.59,28.04,58.38,73.27,8.17,18.6,53.85,Average
STU004273,Bhavya Krishnan,Civil,M.Tech,1,2,A,22,86.38,60.9,27.62,49.49,51.53,7.94,18.64,81.18,At Risk
STU004274,Ananya Reddy,ECE,B.Tech,2,3,C,21,69.25,58.45,26.67,47.98,47.7,7.01,22.59,69.75,At Risk
STU004275,Vikram Mehta,ECE,B.Tech,1,1,C,20,73.22,68.78,27.78,70.23,83.7,7.48,20.73,79.85,Average
STU004276,Pooja Verma,ECE,B.Tech,3,5,C,22,85.92,65.19,35.82,58.37,77.34,6.9,24.47,71.71,Good
STU004277,Aditya Kumar,CSE,B.Tech,3,5,D,20,84.82,80.84,33.3,65.14,69.75,8.47,27.14,84.73,Average
STU004278,Rohan Pillai,CSE,B.Tech,3,5,C,21,91.11,82.08,39.99,84.54,87.47,8.06,28.44,73.21,Excellent
STU004279,Sanjay Nair,EEE,B.Tech,4,8,C,23,84.98,62.65,34.04,63.31,67.69,8.04,15.04,76.56,Average
STU004280,Sneha Verma,IT,B.Tech,2,3,A,21,89.92,78.14,31.16,64.99,81.85,8.18,24.17,97.22,Good
STU004281,Bhavya Mehta,EEE,B.Tech,1,1,A,19,64.18,70.0,31.93,74.37,80.71,8.62,19.89,69.62,At Risk
STU004282,Aarav Nair,ECE,B.Tech,2,4,B,20,69.21,71.81,34.21,60.1,72.72,7.53,14.81,68.09,Average
STU004283,Nisha Reddy,CSE,B.Tech,3,6,D,20,75.93,68.65,37.91,61.32,56.61,7.61,20.27,71.17,Average
STU004284,Sanjay Bose,Mechanical,M.Tech,2,4,C,26,84.63,90.07,40.13,76.97,90.3,8.62,31.4,89.65,Excellent
STU004285,Sanjay Singh,IT,B.Tech,3,5,A,21,70.84,68.39,34.08,62.76,63.75,8.44,20.06,73.21,Average
STU004286,Tanvi Sharma,CSE,B.Tech,1,2,B,20,79.81,63.08,22.66,56.25,75.65,7.66,21.09,84.27,Good
STU004287,Aryan Das,Mechanical,B.Tech,4,7,A,23,85.93,81.33,35.35,81.4,69.36,7.98,21.93,78.08,Average
STU004288,Manish Shah,Mechanical,B.Tech,4,8,D,23,82.37,68.95,25.38,57.04,73.47,7.7,21.01,71.14,Good
STU004289,Manish Iyer,ECE,B.Tech,4,7,B,21,83.07,77.87,37.62,77.0,100,8.29,19.99,80.98,Excellent
STU004290,Bhavya Krishnan,AI & DS,B.Tech,1,2,A,19,75.58,61.18,28.85,54.74,63.96,7.5,18.97,59.33,Average
STU004291,Kavya Singh,Mechanical,B.Tech,3,6,A,20,86.24,77.93,34.08,72.27,78.77,7.89,22.88,78.06,Good
STU004292,Shreya Chatterjee,ECE,B.Tech,4,8,D,21,87.14,74.72,36.95,62.66,87.49,8.42,24.57,78.33,Excellent
STU004293,Aarav Mishra,CSE,B.Tech,1,2,A,18,77.63,67.83,31.25,57.01,74.27,6.98,17.26,63.07,Good
STU004294,Zoya Pillai,IT,B.Tech,3,6,C,20,85.37,65.1,29.8,47.98,87.47,7.69,19.75,57.95,Excellent
STU004295,Riya Singh,Civil,B.Tech,1,2,C,19,80.82,71.3,35.17,63.25,70.95,8.49,19.6,78.21,Good
STU004296,Rahul Menon,IT,B.Tech,3,6,B,22,78.44,72.17,33.25,61.24,77.8,7.95,20.37,79.16,Good
STU004297,Aarav Reddy,AI & DS,B.Tech,3,5,C,20,74.3,76.29,27.77,67.05,72.57,8.2,17.01,54.86,Average
STU004298,Diya Kumar,IT,B.Tech,2,3,B,21,90.09,74.49,31.4,55.67,75.7,8.6,19.93,82.48,Good
STU004299,Aryan Gupta,CSE,B.Tech,4,8,C,21,88.35,69.65,32.5,62.31,73.47,7.19,29.58,81.27,Good
STU004300,Manish Nair,AI & DS,B.Tech,1,2,D,19,75.41,66.5,29.81,59.59,64.61,7.69,20.58,73.87,Average
STU004301,Manish Kumar,AI & DS,M.Tech,1,1,A,24,90.21,76.83,34.4,69.08,87.98,8.55,21.44,79.26,Excellent
STU004302,Diya Chatterjee,IT,B.Tech,3,5,A,20,75.08,78.24,33.78,62.98,84.12,8.17,25.82,66.73,Good
STU004303,Varun Pillai,ECE,M.Tech,1,2,A,25,74.73,58.7,31.2,53.18,68.22,7.29,17.15,56.8,Average
STU004304,Riya Kumar,CSE,B.Tech,3,6,D,20,74.3,73.18,39.37,58.49,63.17,8.08,16.33,80.04,Average
STU004305,Karan Das,Mechanical,B.Tech,4,8,A,23,77.66,56.07,26.59,47.89,51.19,6.98,18.93,64.94,At Risk
STU004306,Nikhil Das,CSE,B.Tech,4,7,C,21,77.59,68.67,31.15,64.53,61.68,7.87,20.57,65.72,Average
STU004307,Manish Gupta,IT,B.Tech,4,8,A,23,79.74,78.12,34.43,73.0,88.95,6.75,30.54,86.46,Good
STU004308,Surya Krishnan,CSE,B.Tech,1,1,D,20,82.0,88.67,42.83,82.94,89.16,8.83,24.71,84.06,Excellent
STU004309,Sanjay Chatterjee,ECE,B.Tech,4,8,C,21,66.93,74.08,30.71,49.34,58.89,7.16,17.8,62.23,Average
STU004310,Aryan Mishra,ECE,B.Tech,3,5,B,20,78.43,71.28,34.75,61.87,72.62,8.09,19.52,74.54,Good
STU004311,Pooja Sharma,CSE,B.Tech,3,5,C,20,90.55,81.79,32.16,72.21,76.54,7.18,30.57,87.95,Good
STU004312,Nisha Shah,AI & DS,B.Tech,3,5,D,21,77.85,67.13,31.7,61.35,64.74,8.23,21.75,76.6,Average
STU004313,Surya Iyer,AI & DS,B.Tech,4,8,D,21,89.73,90.6,37.63,72.86,90.06,8.49,23.04,79.53,Excellent
STU004314,Varun Sharma,Civil,B.Tech,3,5,B,20,75.05,87.65,34.6,62.88,74.28,8.24,23.41,59.75,Good
STU004315,Aryan Mehta,AI & DS,B.Tech,3,5,A,22,82.11,80.48,35.56,60.71,86.43,8.3,24.64,70.52,Excellent
STU004316,Manish Nair,ECE,B.Tech,2,4,D,21,76.41,86.09,44.21,84.33,91.48,8.41,20.06,90.04,Good
STU004317,Zoya Verma,ECE,B.Tech,4,7,C,21,84.45,61.88,31.76,46.69,55.58,6.77,20.04,72.51,Average
STU004318,Pooja Verma,CSE,B.Tech,1,1,A,18,67.1,70.51,29.08,67.84,63.2,7.16,18.77,68.66,Average
STU004319,Nikhil Iyer,Civil,M.Tech,1,1,D,23,84.41,68.1,35.3,56.43,55.88,8.36,22.43,88.05,Average
STU004320,Sanjay Chatterjee,IT,B.Tech,4,8,A,22,75.6,77.33,28.32,49.59,80.98,7.59,24.37,78.88,Good
STU004321,Aditya Mishra,ECE,B.Tech,2,3,A,21,84.63,73.66,32.35,61.08,93.79,8.0,18.15,76.01,Excellent
STU004322,Sanjay Patel,AI & DS,B.Tech,4,7,C,22,85.48,90.57,41.99,78.3,80.45,8.23,23.46,78.07,Good
STU004323,Varun Nair,Civil,B.Tech,4,8,C,22,93.67,68.58,38.01,68.03,82.93,7.9,25.63,74.72,Good
STU004324,Aditi Nair,ECE,B.Tech,1,1,D,19,87.73,68.28,30.6,60.36,73.75,7.87,20.41,74.17,Good
STU004325,Aarav Mishra,ECE,M.Tech,2,3,B,24,76.75,69.53,35.34,58.39,77.35,8.06,19.21,59.67,Good
STU004326,Manish Menon,AI & DS,B.Tech,3,5,B,22,84.32,76.81,37.74,72.66,86.14,7.63,23.78,71.24,Excellent
STU004327,Nisha Chatterjee,IT,B.Tech,2,3,D,21,72.87,71.81,35.59,68.9,78.58,7.75,18.64,79.66,Average
STU004328,Nisha Kumar,Civil,B.Tech,1,1,B,18,85.3,71.02,36.27,61.8,58.81,8.05,24.56,87.62,Average
STU004329,Manish Patel,CSE,B.Tech,3,6,D,22,82.41,69.53,36.09,64.33,74.6,7.93,25.44,74.18,Good
STU004330,Aditi Shah,ECE,B.Tech,1,1,B,18,73.04,81.48,41.03,68.79,73.47,8.84,18.96,76.76,Average
STU004331,Krishna Nair,EEE,B.Tech,3,6,A,21,85.3,68.47,28.8,54.21,73.81,7.04,20.54,76.52,Good
STU004332,Surya Das,IT,B.Tech,1,2,A,18,64.43,57.44,29.41,59.37,64.14,8.56,17.09,66.21,At Risk
STU004333,Pooja Mehta,CSE,B.Tech,4,8,C,22,77.33,83.99,35.0,51.73,56.94,8.44,21.93,74.71,Average
STU004334,Ananya Krishnan,CSE,B.Tech,1,2,B,20,60.49,74.25,33.51,68.14,88.7,7.72,18.04,69.51,At Risk
STU004335,Aryan Krishnan,IT,B.Tech,1,1,B,19,86.06,76.72,40.26,81.51,76.8,8.66,22.11,82.97,Good
STU004336,Nisha Joshi,CSE,B.Tech,1,2,B,20,87.25,77.36,34.58,57.78,78.35,7.86,22.13,81.2,Good
STU004337,Rohan Verma,IT,B.Tech,4,8,C,21,80.28,71.65,32.1,66.59,77.08,6.81,22.43,88.6,Good
STU004338,Akash Mishra,CSE,B.Tech,1,2,A,20,57.1,77.58,33.64,58.59,56.69,7.73,13.48,57.91,At Risk
STU004339,Kavya Gupta,CSE,B.Tech,2,4,B,21,83.54,66.66,29.76,68.14,64.79,7.6,20.19,75.48,Average
STU004340,Vikram Mishra,Mechanical,B.Tech,1,1,A,20,86.09,63.96,30.08,65.03,71.65,8.05,18.37,73.94,Good
STU004341,Yash Shah,CSE,B.Tech,4,8,A,22,78.53,76.22,32.47,64.93,81.46,8.65,18.16,64.93,Good
STU004342,Zoya Krishnan,Mechanical,M.Tech,2,4,C,23,87.24,79.05,38.03,70.02,85.34,8.62,24.79,86.44,Excellent
STU004343,Zoya Kumar,CSE,B.Tech,1,1,D,18,73.03,64.91,32.2,62.77,69.71,7.32,23.6,80.67,Average
STU004344,Diya Kumar,AI & DS,B.Tech,1,1,A,19,74.9,70.78,37.62,69.15,70.54,8.58,22.09,73.75,Average
STU004345,Aditya Chatterjee,ECE,B.Tech,1,1,B,19,69.47,77.02,31.02,67.96,71.52,7.72,21.2,66.62,Average
STU004346,Diya Rao,CSE,B.Tech,4,7,D,21,79.04,71.74,28.98,64.57,71.73,7.49,18.05,65.9,Good
STU004347,Surya Shah,IT,B.Tech,1,2,C,20,72.52,59.64,29.34,55.32,54.13,7.33,18.46,69.41,At Risk
STU004348,Pooja Shah,AI & DS,B.Tech,3,5,C,20,78.55,71.6,38.75,59.99,65.16,7.97,17.43,76.72,Average
STU004349,Rahul Menon,Civil,B.Tech,1,2,C,20,85.0,71.4,31.37,57.83,72.86,7.57,18.52,84.02,Good
STU004350,Shreya Gupta,ECE,M.Tech,1,1,A,24,76.54,65.15,34.13,61.04,72.39,7.59,16.48,54.33,Good
STU004351,Yash Sharma,CSE,M.Tech,2,3,A,26,80.34,65.81,32.05,45.13,51.18,6.56,18.18,73.59,At Risk
STU004352,Zoya Iyer,CSE,B.Tech,4,8,A,23,79.15,77.59,34.95,68.89,80.49,8.54,19.43,73.13,Good
STU004353,Shreya Menon,CSE,M.Tech,1,1,C,22,84.15,76.02,38.67,76.06,79.87,8.77,23.37,82.61,Good
STU004354,Surya Pillai,ECE,B.Tech,1,1,A,18,88.1,67.24,27.94,74.72,77.41,8.75,21.85,81.15,Good
STU004355,Aryan Rao,ECE,B.Tech,2,4,A,19,78.0,63.24,32.64,58.41,52.67,7.85,17.4,68.59,At Risk
STU004356,Sai Mehta,ECE,M.Tech,1,1,D,22,78.27,81.33,37.85,69.06,72.59,7.89,25.5,80.18,Good
STU004357,Diya Verma,Civil,B.Tech,3,5,D,20,76.29,79.6,32.73,64.46,79.31,8.0,21.68,87.99,Good
STU004358,Rohan Chatterjee,CSE,M.Tech,1,2,D,22,76.29,59.6,26.65,50.44,61.46,7.76,21.76,70.19,Average
STU004359,Aditya Sharma,CSE,B.Tech,4,7,C,21,79.76,75.66,36.34,57.06,77.62,7.56,26.31,70.2,Good
STU004360,Diya Mishra,ECE,M.Tech,1,2,A,23,75.45,76.85,31.07,66.18,74.54,8.51,24.3,62.21,Good
STU004361,Tanvi Singh,CSE,B.Tech,4,7,B,23,74.35,62.63,35.69,65.64,63.39,7.46,18.12,62.89,Average
STU004362,Rahul Pillai,Civil,B.Tech,2,4,C,20,89.65,65.67,27.97,58.68,73.95,7.34,22.6,69.54,Good
STU004363,Aryan Pillai,CSE,B.Tech,2,3,A,19,71.04,73.04,31.4,53.86,69.08,8.21,17.07,62.51,Average
STU004364,Rahul Menon,Mechanical,B.Tech,4,7,D,23,85.85,82.72,36.71,69.94,76.12,8.37,23.03,87.27,Good
STU004365,Krishna Shah,IT,B.Tech,2,4,A,21,82.33,68.87,33.32,59.82,71.3,7.59,23.82,80.03,Good
STU004366,Vikram Verma,ECE,B.Tech,1,1,B,20,70.34,69.12,35.04,57.03,76.19,7.87,22.96,70.31,Average
STU004367,Bhavya Iyer,AI & DS,B.Tech,1,2,A,18,81.6,72.62,30.69,52.45,59.44,8.21,22.22,73.72,Average
STU004368,Aditi Das,Civil,B.Tech,3,6,B,21,83.94,73.29,36.18,63.73,78.41,8.32,25.41,85.3,Good
STU004369,Aditya Reddy,CSE,B.Tech,3,5,D,21,91.61,77.15,42.19,66.91,79.27,7.63,22.29,67.69,Good
STU004370,Sai Shah,CSE,B.Tech,3,6,D,22,84.88,67.23,33.75,48.5,53.93,7.2,20.35,84.58,At Risk
STU004371,Riya Shah,CSE,B.Tech,4,7,D,22,81.05,55.25,26.61,47.26,52.8,7.33,21.49,58.81,At Risk
STU004372,Varun Singh,Mechanical,B.Tech,2,4,C,19,90.26,81.27,37.07,51.62,67.2,7.77,21.55,82.6,Average
STU004373,Nikhil Nair,CSE,B.Tech,3,6,A,20,72.68,70.63,32.59,66.58,70.57,8.31,25.06,74.98,Average
STU004374,Aarav Mishra,ECE,B.Tech,3,5,B,22,85.55,80.79,35.69,63.43,74.81,7.61,21.16,81.96,Good
STU004375,Rohan Gupta,IT,B.Tech,2,3,C,21,88.04,80.09,32.0,63.92,74.97,8.3,23.72,90.39,Good
STU004376,Kavya Kumar,Civil,B.Tech,1,1,B,19,74.28,81.32,38.38,59.32,71.61,8.61,14.97,78.76,Average
STU004377,Shreya Menon,Civil,B.Tech,2,4,B,20,79.82,74.04,33.95,63.08,76.83,8.32,19.25,70.1,Good
STU004378,Akash Menon,AI & DS,B.Tech,4,8,A,23,82.66,61.55,29.6,55.07,62.21,6.95,15.27,85.51,Average
STU004379,Manish Reddy,Civil,B.Tech,3,6,A,20,85.07,83.7,36.93,69.05,75.41,7.95,18.5,59.22,Good
STU004380,Aditi Shah,AI & DS,B.Tech,4,8,A,22,91.91,82.69,38.55,73.47,88.78,7.89,20.1,88.49,Excellent
STU004381,Karan Nair,CSE,B.Tech,1,1,A,19,95.44,82.71,38.68,72.68,84.79,8.89,20.84,87.1,Good
STU004382,Shreya Krishnan,IT,B.Tech,2,4,A,19,74.61,79.9,38.29,77.77,88.49,7.72,23.32,75.57,Average
STU004383,Zoya Mishra,IT,B.Tech,4,8,B,22,64.84,76.17,36.93,63.4,79.12,8.85,22.74,74.61,At Risk
STU004384,Riya Bose,ECE,B.Tech,1,2,B,18,77.31,87.47,42.65,63.73,89.51,7.75,15.72,84.88,Good
STU004385,Karan Mishra,Mechanical,B.Tech,4,8,B,22,75.82,67.26,34.3,55.38,69.31,8.14,18.4,62.81,Average
STU004386,Manish Menon,CSE,B.Tech,4,8,C,21,64.71,74.29,39.2,63.21,89.82,8.41,16.02,71.3,At Risk
STU004387,Aryan Reddy,AI & DS,B.Tech,3,6,D,20,81.36,58.81,27.26,53.97,63.61,8.18,18.65,75.15,Average
STU004388,Isha Kumar,EEE,B.Tech,4,8,A,21,69.86,77.68,37.56,61.75,70.67,7.8,22.51,72.11,Average
STU004389,Diya Gupta,EEE,B.Tech,1,2,C,19,72.85,67.2,35.09,61.55,68.53,7.91,18.42,54.84,Average
STU004390,Manish Chatterjee,EEE,B.Tech,2,4,B,19,69.47,70.59,34.48,54.1,81.27,7.19,18.37,66.9,Average
STU004391,Bhavya Singh,CSE,B.Tech,2,4,A,21,85.65,64.1,32.59,57.46,69.99,7.67,20.43,78.1,Average
STU004392,Aryan Krishnan,IT,B.Tech,3,6,A,22,89.98,70.07,35.66,57.72,68.75,8.1,18.84,77.8,Average
STU004393,Sanjay Joshi,Mechanical,B.Tech,3,6,C,20,74.17,79.63,41.9,81.21,76.88,8.38,23.79,80.59,Average
STU004394,Ishaan Mishra,ECE,B.Tech,1,2,D,18,71.89,70.88,34.95,60.4,80.12,8.14,24.2,72.59,Average
STU004395,Sai Sharma,CSE,B.Tech,4,8,B,22,95.87,79.03,34.78,72.62,90.44,8.33,25.08,91.64,Excellent
STU004396,Yash Iyer,IT,B.Tech,2,4,B,20,95.19,69.9,35.14,57.56,77.37,8.08,19.72,82.4,Good
STU004397,Arjun Shah,EEE,B.Tech,1,1,B,19,83.52,89.49,37.08,71.26,84.27,8.7,22.91,70.52,Good
STU004398,Vikram Chatterjee,AI & DS,B.Tech,4,7,A,21,54.63,58.26,28.37,53.82,59.77,7.45,16.14,65.42,At Risk
STU004399,Surya Mehta,ECE,B.Tech,4,7,A,22,79.42,71.5,33.8,60.17,84.36,7.82,29.25,76.65,Good
STU004400,Krishna Bose,EEE,M.Tech,1,1,A,25,73.92,67.15,26.39,55.88,75.96,7.55,19.72,66.41,Average
STU004401,Riya Verma,Mechanical,B.Tech,1,1,A,19,82.93,74.42,31.98,59.93,70.2,7.28,20.98,77.89,Good
STU004402,Tanvi Krishnan,AI & DS,M.Tech,1,1,C,24,75.25,56.39,27.3,56.6,48.46,8.39,18.88,70.22,At Risk
STU004403,Meera Kumar,ECE,B.Tech,3,6,D,21,82.67,69.4,33.71,61.77,73.21,8.06,19.98,76.73,Good
STU004404,Surya Iyer,AI & DS,M.Tech,1,1,D,23,65.95,74.53,39.28,57.66,74.92,7.46,19.1,66.3,Average
STU004405,Pooja Rao,ECE,B.Tech,1,2,A,18,84.63,66.59,32.0,60.44,60.65,7.65,19.15,75.09,Average
STU004406,Aditi Verma,Civil,B.Tech,1,2,D,18,84.15,68.99,39.6,58.78,80.0,7.71,22.76,74.24,Good
STU004407,Ishaan Mehta,EEE,B.Tech,2,4,A,19,75.86,68.51,33.26,52.41,76.22,7.83,25.38,81.46,Good
STU004408,Rahul Bose,CSE,B.Tech,1,1,D,19,67.55,71.41,32.93,52.65,70.84,8.05,10.52,60.32,Average
STU004409,Karan Das,Mechanical,B.Tech,1,1,C,20,84.51,73.13,28.28,65.26,72.73,7.82,22.33,65.23,Good
STU004410,Rohan Joshi,CSE,B.Tech,1,2,A,19,77.4,70.18,32.22,61.88,74.07,9.03,24.06,80.68,Good
STU004411,Akash Krishnan,CSE,B.Tech,2,3,D,20,93.72,63.26,26.82,46.71,60.04,7.65,19.67,73.86,Average
STU004412,Ishaan Mishra,Mechanical,B.Tech,4,8,C,22,69.39,57.07,27.6,49.29,58.89,6.61,26.1,65.18,Average
STU004413,Nikhil Singh,ECE,B.Tech,3,6,A,20,91.21,76.11,33.61,68.37,78.14,7.65,21.02,77.24,Good
STU004414,Bhavya Chatterjee,AI & DS,B.Tech,3,5,C,20,86.69,85.92,32.63,71.57,93.57,8.33,26.41,83.13,Excellent
STU004415,Arjun Menon,Civil,B.Tech,3,5,A,22,69.15,75.39,34.3,73.97,66.59,7.5,16.98,60.11,Average
STU004416,Pooja Patel,AI & DS,B.Tech,2,3,B,21,72.64,69.01,32.2,55.62,53.3,8.09,16.96,76.26,At Risk
STU004417,Arjun Reddy,Civil,B.Tech,3,6,C,22,81.88,69.37,35.2,48.95,64.97,7.58,19.46,69.83,Average
STU004418,Rohan Chatterjee,IT,B.Tech,4,7,B,22,94.02,87.32,36.99,70.95,79.81,8.47,21.49,81.57,Good
STU004419,Yash Rao,Civil,B.Tech,4,7,C,22,70.92,63.84,27.77,56.34,57.64,7.12,15.06,76.76,Average
STU004420,Aditya Mehta,EEE,B.Tech,2,4,B,20,71.38,87.64,41.82,67.47,94.9,8.17,18.64,68.08,Average
STU004421,Ananya Iyer,ECE,M.Tech,2,4,A,23,91.41,72.81,31.83,68.12,53.74,6.56,23.88,83.47,At Risk
STU004422,Vikram Sharma,Civil,B.Tech,2,4,A,21,67.39,78.37,33.81,64.76,98.67,7.75,19.92,64.51,Average
STU004423,Sai Menon,Mechanical,M.Tech,2,4,B,25,72.09,77.68,36.86,56.92,68.28,8.52,17.66,79.69,Average
STU004424,Diya Sharma,AI & DS,B.Tech,1,1,B,20,86.6,58.92,34.28,55.75,61.01,6.72,20.75,84.39,Average
STU004425,Riya Iyer,ECE,B.Tech,3,5,A,20,73.89,65.15,32.65,64.47,66.6,7.77,21.25,68.51,Average
STU004426,Aditya Menon,Civil,M.Tech,1,2,A,24,78.33,81.02,36.6,78.01,78.8,9.31,27.4,88.91,Good
STU004427,Aditya Patel,IT,B.Tech,3,6,D,20,97.04,82.62,35.21,73.11,88.64,7.8,27.95,85.4,Excellent
STU004428,Aditya Patel,Civil,B.Tech,1,1,D,20,71.38,78.74,35.57,57.28,70.87,8.31,29.49,71.78,Average
STU004429,Manish Das,CSE,B.Tech,3,5,C,21,83.12,77.76,37.35,69.94,83.67,8.09,20.82,78.25,Good
STU004430,Zoya Bose,IT,B.Tech,3,5,D,22,79.18,81.31,42.64,48.99,80.26,8.87,15.12,76.73,Good
STU004431,Krishna Bose,ECE,B.Tech,4,8,C,21,81.22,58.32,31.89,70.38,73.84,7.94,20.82,76.89,Good
STU004432,Karan Singh,CSE,M.Tech,2,4,D,26,84.32,73.66,29.84,64.94,71.11,8.43,19.42,64.02,Good
STU004433,Pooja Mehta,Mechanical,B.Tech,1,1,A,20,84.55,80.48,39.48,62.2,81.07,7.54,18.34,74.43,Good
STU004434,Zoya Menon,ECE,B.Tech,4,8,C,23,72.64,63.86,34.6,62.53,67.07,8.09,20.27,63.66,Average
STU004435,Rahul Krishnan,AI & DS,B.Tech,2,3,D,20,81.91,85.79,40.79,65.84,84.07,8.39,23.25,74.71,Good
STU004436,Shreya Menon,Mechanical,B.Tech,1,2,B,19,79.28,64.94,29.35,66.17,66.59,8.16,17.32,67.7,Average
STU004437,Aditi Reddy,EEE,B.Tech,1,1,A,18,76.74,74.2,36.33,65.9,68.77,7.71,23.88,68.64,Average
STU004438,Surya Bose,Mechanical,B.Tech,2,3,B,19,80.09,81.49,35.59,65.73,85.7,8.96,19.39,67.99,Excellent
STU004439,Riya Mehta,EEE,B.Tech,2,3,C,19,92.67,70.87,25.78,54.17,59.4,7.15,24.35,91.58,Average
STU004440,Meera Verma,AI & DS,B.Tech,4,8,D,22,82.94,59.93,30.87,57.6,73.88,8.15,24.69,66.58,Good
STU004441,Ishaan Nair,CSE,B.Tech,2,4,D,20,74.15,59.93,27.74,67.96,68.39,8.12,21.74,70.27,Average
STU004442,Tanvi Krishnan,EEE,B.Tech,1,2,C,20,88.49,63.37,29.73,62.93,68.8,7.17,21.25,75.8,Average
STU004443,Shreya Verma,Mechanical,B.Tech,3,6,B,22,81.07,77.56,39.69,62.98,92.08,8.76,27.61,80.83,Excellent
STU004444,Surya Verma,ECE,B.Tech,4,7,C,22,90.71,74.4,33.88,72.45,75.61,8.66,22.34,82.9,Good
STU004445,Ananya Mehta,Civil,B.Tech,4,8,D,21,66.48,65.79,28.2,55.68,75.06,8.58,12.68,61.54,Average
STU004446,Rohan Sharma,IT,B.Tech,3,6,C,21,90.39,81.31,42.03,63.56,73.11,8.34,22.96,92.43,Good
STU004447,Isha Kumar,CSE,B.Tech,2,3,A,20,81.85,90.64,39.17,80.13,100,9.43,19.78,82.87,Excellent
STU004448,Akash Nair,Mechanical,M.Tech,2,3,C,26,74.07,85.34,38.88,65.41,81.58,8.62,23.42,68.87,Average
STU004449,Sai Iyer,Mechanical,B.Tech,4,8,C,23,81.12,62.05,35.34,51.89,60.56,7.37,18.74,65.94,Average
STU004450,Rohan Pillai,AI & DS,B.Tech,4,7,D,21,74.93,73.68,37.47,76.65,70.7,8.38,22.23,74.19,Average
STU004451,Krishna Sharma,ECE,B.Tech,1,1,D,19,83.71,69.8,36.74,53.9,74.71,6.44,20.93,76.92,Good
STU004452,Diya Pillai,AI & DS,B.Tech,1,2,C,20,75.17,76.3,37.8,68.72,69.58,7.72,20.46,79.41,Average
STU004453,Zoya Krishnan,IT,B.Tech,3,6,B,21,96.08,64.31,28.87,53.95,68.76,6.74,26.1,74.09,Average
STU004454,Tanvi Shah,IT,B.Tech,3,5,D,21,74.12,72.83,40.65,69.33,80.24,8.62,20.2,61.96,Average
STU004455,Tanvi Mishra,AI & DS,B.Tech,3,5,C,21,93.17,71.66,39.35,60.6,87.42,8.35,24.05,86.59,Excellent
STU004456,Aditya Sharma,Mechanical,B.Tech,4,8,D,21,84.36,74.61,33.66,70.19,77.79,8.73,24.24,71.0,Good
STU004457,Diya Singh,CSE,B.Tech,1,2,B,19,77.67,66.55,36.91,66.01,77.42,9.24,16.91,66.2,Good
STU004458,Pooja Chatterjee,AI & DS,B.Tech,2,4,A,19,87.06,64.57,31.06,39.85,71.7,8.01,17.85,72.28,Good
STU004459,Tanvi Mishra,CSE,B.Tech,1,1,B,18,77.13,84.02,37.33,70.88,81.02,8.09,24.21,77.96,Good
STU004460,Aryan Mishra,Mechanical,M.Tech,1,2,D,25,83.3,83.04,38.7,58.24,70.75,8.17,22.53,65.97,Good
STU004461,Aryan Shah,ECE,B.Tech,2,3,D,21,83.29,81.4,42.62,61.24,81.95,8.25,19.38,74.64,Good
STU004462,Zoya Pillai,Mechanical,B.Tech,4,8,D,21,81.48,72.67,32.64,58.01,84.85,6.87,20.82,73.09,Good
STU004463,Nisha Iyer,AI & DS,B.Tech,2,3,A,21,80.35,81.53,35.13,65.75,86.79,8.49,17.95,75.37,Excellent
STU004464,Shreya Reddy,AI & DS,B.Tech,4,7,A,23,75.71,62.96,30.77,56.73,60.33,7.28,20.7,64.76,Average
STU004465,Yash Reddy,Mechanical,B.Tech,1,1,A,19,78.45,87.53,37.17,71.07,77.01,8.61,24.62,79.05,Good
STU004466,Manish Reddy,ECE,B.Tech,4,7,D,23,72.84,83.33,38.64,67.4,85.22,8.31,22.88,79.84,Average
STU004467,Diya Bose,CSE,B.Tech,4,8,C,21,67.93,72.21,35.65,62.25,73.88,8.43,17.57,82.67,Average
STU004468,Aarav Pillai,Civil,B.Tech,3,6,D,22,86.9,74.71,39.16,73.25,79.95,8.07,23.87,78.76,Good
STU004469,Surya Mishra,IT,M.Tech,1,1,A,22,77.78,71.14,35.26,68.31,93.41,7.85,16.6,74.21,Good
STU004470,Zoya Menon,Civil,B.Tech,4,8,B,21,84.04,60.57,28.15,50.4,63.38,7.83,20.32,66.08,Average
STU004471,Varun Kumar,Civil,B.Tech,4,8,B,22,79.55,53.25,34.49,65.67,73.71,7.43,23.29,64.89,Good
STU004472,Varun Nair,CSE,B.Tech,4,8,A,21,82.59,72.68,40.78,70.37,69.61,7.17,20.65,69.35,Average
STU004473,Yash Rao,Civil,B.Tech,4,8,B,22,94.78,69.54,35.44,52.33,65.2,8.18,20.55,75.12,Average
STU004474,Nisha Mishra,CSE,B.Tech,1,2,C,18,74.47,71.02,28.9,59.56,67.41,8.19,19.88,76.5,Average
STU004475,Tanvi Chatterjee,IT,M.Tech,1,2,B,23,91.75,66.23,33.4,61.0,75.4,8.03,20.57,70.7,Good
STU004476,Krishna Mishra,ECE,B.Tech,2,3,B,19,85.18,92.43,39.38,66.22,81.74,8.16,26.99,78.72,Good
STU004477,Sanjay Gupta,ECE,B.Tech,3,6,B,20,78.08,64.26,38.26,62.76,74.04,7.75,13.39,65.19,Good
STU004478,Tanvi Pillai,ECE,B.Tech,1,1,A,19,97.16,76.26,28.84,72.46,69.8,7.19,24.26,84.28,Average
STU004479,Rohan Nair,IT,B.Tech,2,3,C,21,67.11,64.74,31.63,65.66,53.43,7.36,19.18,78.67,At Risk
STU004480,Vikram Singh,AI & DS,B.Tech,3,6,B,20,78.36,73.99,27.41,54.64,61.83,8.15,17.32,83.78,Average
STU004481,Yash Sharma,CSE,B.Tech,2,3,A,20,79.35,65.0,30.42,53.47,58.74,7.85,16.49,90.61,Average
STU004482,Tanvi Gupta,CSE,B.Tech,4,8,C,22,87.31,72.17,32.56,66.34,70.48,7.98,17.07,78.77,Good
STU004483,Varun Bose,CSE,B.Tech,4,7,A,23,89.12,91.55,41.63,75.46,84.27,8.66,25.5,87.03,Good
STU004484,Sai Joshi,ECE,M.Tech,2,3,B,23,77.38,71.37,34.27,68.5,81.65,8.7,20.49,72.93,Good
STU004485,Surya Mishra,CSE,B.Tech,2,4,C,19,87.35,78.48,42.05,91.15,86.38,8.39,24.87,84.65,Excellent
STU004486,Ishaan Rao,EEE,B.Tech,1,2,C,18,73.86,58.15,30.42,44.13,56.1,7.06,15.15,66.14,Average
STU004487,Akash Bose,Civil,B.Tech,3,6,D,21,86.35,59.46,31.07,52.61,61.52,7.56,18.37,83.86,Average
STU004488,Tanvi Das,CSE,B.Tech,1,1,C,20,89.42,77.63,33.72,69.29,76.34,9.09,28.29,77.97,Good
STU004489,Meera Nair,IT,B.Tech,2,3,C,21,86.69,70.63,36.84,66.27,71.07,7.23,23.48,77.62,Good
STU004490,Ishaan Reddy,AI & DS,B.Tech,1,1,A,19,67.35,72.79,31.73,55.78,73.06,8.11,20.71,69.38,Average
STU004491,Rahul Gupta,CSE,B.Tech,4,8,A,23,97.55,74.44,32.11,61.1,74.94,8.14,25.61,84.42,Good
STU004492,Arjun Joshi,CSE,B.Tech,3,6,B,21,83.51,67.55,34.9,56.75,55.17,8.78,17.98,67.85,Average
STU004493,Krishna Menon,ECE,B.Tech,4,8,C,21,64.53,66.2,32.27,59.37,54.15,7.82,17.34,74.22,At Risk
STU004494,Aditi Iyer,CSE,B.Tech,3,5,A,20,79.51,73.88,38.84,75.28,83.11,8.49,17.42,82.05,Good
STU004495,Rahul Singh,Mechanical,B.Tech,1,1,D,20,81.18,73.76,32.12,75.51,83.4,7.77,23.39,82.0,Good
STU004496,Shreya Rao,IT,B.Tech,1,2,D,18,66.44,77.96,31.88,48.22,67.68,6.87,24.1,66.53,Average
STU004497,Manish Shah,Mechanical,B.Tech,1,2,D,19,86.96,70.8,33.8,71.66,79.86,7.4,25.33,68.3,Good
STU004498,Shreya Mehta,Mechanical,B.Tech,2,4,C,20,77.44,73.69,32.02,53.49,69.5,7.57,19.35,71.01,Average
STU004499,Aditya Reddy,ECE,B.Tech,1,1,C,20,71.8,75.94,32.08,62.72,74.36,7.27,26.06,77.41,Average
STU004500,Riya Joshi,IT,B.Tech,3,6,C,22,72.4,62.94,29.86,48.58,58.17,6.88,18.49,69.85,Average
STU004501,Sneha Iyer,ECE,B.Tech,4,7,B,22,81.17,86.26,35.18,77.87,81.84,8.5,25.53,84.9,Good
STU004502,Nisha Pillai,EEE,B.Tech,3,6,C,21,67.19,61.31,31.25,50.68,64.26,8.44,23.64,76.06,Average
STU004503,Sanjay Patel,Civil,B.Tech,2,3,C,19,62.88,73.58,28.91,59.14,69.25,8.18,11.61,70.73,At Risk
STU004504,Diya Nair,IT,B.Tech,4,7,C,21,83.93,70.74,28.84,53.64,76.06,7.48,19.91,68.3,Good
STU004505,Akash Pillai,CSE,B.Tech,2,4,A,21,86.46,62.48,25.42,51.34,55.81,7.22,17.11,65.59,Average
STU004506,Shreya Nair,AI & DS,B.Tech,2,4,D,20,87.74,72.25,36.53,63.73,70.74,7.37,22.1,74.06,Good
STU004507,Akash Iyer,AI & DS,B.Tech,4,7,C,23,78.33,59.31,32.98,62.31,75.98,8.54,16.56,82.38,Good
STU004508,Aryan Pillai,EEE,B.Tech,3,5,C,21,95.42,82.94,38.69,59.26,58.79,7.67,27.15,82.36,Average
STU004509,Sai Verma,EEE,B.Tech,3,5,D,20,81.53,82.69,39.97,74.91,77.32,8.76,27.85,69.03,Good
STU004510,Sneha Reddy,Mechanical,B.Tech,4,8,A,22,83.53,70.39,36.36,66.71,82.69,6.9,21.9,89.08,Good
STU004511,Ishaan Verma,Mechanical,M.Tech,2,3,D,25,81.03,73.86,33.57,57.35,69.72,8.22,26.35,81.03,Average
STU004512,Nisha Kumar,ECE,B.Tech,4,7,B,23,65.18,70.41,30.09,71.3,65.91,7.33,20.84,74.34,Average
STU004513,Shreya Menon,ECE,B.Tech,3,6,A,22,90.85,64.2,26.27,62.04,61.49,8.32,24.92,76.18,Average
STU004514,Kavya Mehta,ECE,B.Tech,2,3,D,21,91.09,88.83,32.43,69.3,88.61,7.9,23.35,78.87,Excellent
STU004515,Bhavya Menon,IT,B.Tech,2,3,C,21,87.72,71.56,32.2,56.25,64.97,7.18,25.0,81.53,Average
STU004516,Isha Krishnan,Civil,B.Tech,3,5,B,20,90.71,81.3,38.29,60.46,77.72,8.2,20.11,92.33,Good
STU004517,Bhavya Bose,Mechanical,B.Tech,2,4,C,20,80.22,74.98,38.62,64.97,72.06,7.64,21.64,67.92,Good
STU004518,Zoya Joshi,AI & DS,B.Tech,2,4,A,19,88.81,87.59,38.24,71.07,90.4,7.87,22.79,86.04,Excellent
STU004519,Tanvi Rao,CSE,B.Tech,1,1,A,19,67.68,58.36,30.35,51.04,57.27,8.12,18.44,64.27,Average
STU004520,Kavya Chatterjee,AI & DS,B.Tech,4,8,D,22,69.36,71.86,34.71,66.69,74.79,8.6,23.09,78.31,Average
STU004521,Nikhil Kumar,Civil,B.Tech,2,3,D,19,82.55,79.44,35.36,66.56,82.99,7.93,25.23,70.7,Good
STU004522,Tanvi Iyer,ECE,B.Tech,2,4,A,21,74.04,68.01,31.96,67.87,73.61,7.86,18.19,83.92,Average
STU004523,Sai Chatterjee,ECE,B.Tech,3,5,D,22,88.77,74.52,34.36,74.42,87.21,8.13,26.06,72.93,Excellent
STU004524,Shreya Nair,AI & DS,B.Tech,4,8,C,22,71.41,64.33,27.5,63.4,66.63,7.92,17.62,62.03,Average
STU004525,Karan Shah,CSE,B.Tech,2,3,A,19,77.9,65.76,36.36,63.66,74.29,8.53,11.81,62.13,Good
STU004526,Bhavya Pillai,IT,B.Tech,2,3,C,21,81.11,56.59,29.83,54.42,45.61,7.19,16.93,73.32,At Risk
STU004527,Karan Krishnan,IT,B.Tech,1,2,D,19,88.4,71.39,34.45,66.9,84.64,7.96,22.09,75.93,Good
STU004528,Rohan Patel,CSE,B.Tech,1,1,C,18,80.68,64.93,27.69,57.13,57.2,7.59,13.51,72.93,Average
STU004529,Aditi Sharma,CSE,B.Tech,4,7,C,23,71.05,70.22,35.71,60.83,61.99,7.29,20.63,76.12,Average
STU004530,Akash Joshi,ECE,B.Tech,2,4,C,19,80.25,55.94,28.21,48.69,55.55,8.32,19.19,67.81,Average
STU004531,Sai Bose,Civil,M.Tech,2,4,B,24,82.5,79.2,32.65,64.55,75.7,8.08,22.22,72.51,Good
STU004532,Rahul Patel,IT,B.Tech,4,7,B,21,83.94,75.45,35.31,80.43,95.64,8.45,25.33,96.26,Excellent
STU004533,Tanvi Verma,Mechanical,B.Tech,4,8,A,23,90.37,76.74,34.83,72.81,64.1,7.82,20.86,78.35,Average
STU004534,Manish Verma,AI & DS,B.Tech,4,8,D,21,83.04,76.82,29.7,58.93,65.89,7.81,21.33,60.83,Average
STU004535,Kavya Kumar,IT,M.Tech,1,1,B,25,80.37,78.47,34.55,71.09,86.13,8.42,20.93,82.58,Excellent
STU004536,Nikhil Mehta,CSE,B.Tech,2,3,C,19,69.46,78.85,37.6,75.88,84.71,8.67,21.77,80.3,Average
STU004537,Zoya Shah,CSE,B.Tech,2,4,B,21,76.04,62.01,31.03,48.5,51.6,6.73,26.11,83.21,At Risk
STU004538,Shreya Nair,ECE,B.Tech,1,2,B,18,74.92,75.8,36.78,73.53,73.89,8.89,16.84,60.94,Average
STU004539,Krishna Iyer,Mechanical,B.Tech,3,5,A,20,78.17,76.38,37.72,74.29,69.81,8.23,20.14,71.79,Average
STU004540,Ananya Joshi,ECE,B.Tech,2,4,C,20,88.66,63.73,33.6,54.96,59.58,8.03,27.3,78.45,Average
STU004541,Zoya Nair,AI & DS,M.Tech,1,1,A,22,79.22,70.65,30.33,51.15,55.39,7.75,21.37,81.33,Average
STU004542,Karan Das,ECE,B.Tech,1,2,B,18,83.06,79.09,35.01,59.79,73.85,7.7,20.74,71.79,Good
STU004543,Zoya Krishnan,AI & DS,B.Tech,2,4,B,20,75.37,67.93,25.76,58.48,69.79,7.88,21.79,68.78,Average
STU004544,Kavya Rao,CSE,B.Tech,4,7,B,23,82.86,75.63,34.51,66.77,69.44,8.43,21.88,86.57,Average
STU004545,Nikhil Bose,CSE,B.Tech,4,7,B,21,73.26,75.54,27.16,63.63,80.02,7.66,23.17,63.61,Average
STU004546,Sanjay Shah,EEE,B.Tech,1,2,B,20,90.86,85.15,37.35,58.27,66.4,7.26,22.15,69.47,Average
STU004547,Krishna Menon,ECE,B.Tech,3,5,C,22,90.61,82.89,43.27,78.99,88.24,8.13,20.19,78.78,Excellent
STU004548,Rahul Bose,IT,M.Tech,2,3,D,24,79.97,84.55,27.99,66.28,79.11,8.15,20.35,82.8,Good
STU004549,Kavya Gupta,AI & DS,B.Tech,2,4,A,21,96.66,66.82,34.72,64.64,80.57,7.14,24.5,89.63,Good
STU004550,Aditi Singh,Civil,B.Tech,3,5,D,21,75.66,68.96,37.68,59.54,72.46,8.04,17.48,69.37,Good
STU004551,Krishna Rao,CSE,B.Tech,4,7,A,22,83.8,49.73,29.35,51.66,68.46,7.39,15.68,77.32,Average
STU004552,Bhavya Reddy,Mechanical,B.Tech,4,7,C,23,85.03,76.88,35.05,56.63,78.19,7.6,23.75,75.9,Good
STU004553,Kavya Iyer,Civil,B.Tech,1,2,B,20,80.76,75.46,35.26,60.77,77.18,7.02,19.05,60.46,Good
STU004554,Aditi Iyer,ECE,B.Tech,2,4,D,20,78.32,67.85,30.36,55.84,68.06,8.67,21.31,84.64,Average
STU004555,Manish Joshi,IT,B.Tech,3,6,B,22,97.84,82.57,40.45,77.65,83.56,7.84,21.31,87.95,Good
STU004556,Rahul Rao,IT,B.Tech,1,2,A,20,83.96,81.03,34.01,72.38,88.48,8.25,21.8,77.53,Excellent
STU004557,Aarav Krishnan,ECE,B.Tech,3,5,B,22,63.3,69.98,32.37,49.99,63.95,7.48,19.13,75.42,At Risk
STU004558,Akash Chatterjee,Mechanical,B.Tech,3,5,D,21,62.81,81.45,35.14,73.77,71.69,8.28,24.67,65.89,At Risk
STU004559,Nisha Reddy,EEE,B.Tech,3,6,D,22,83.04,65.0,36.12,60.53,63.26,7.38,18.43,76.06,Average
STU004560,Sneha Pillai,Mechanical,B.Tech,2,3,C,19,73.42,67.39,29.74,53.87,75.23,6.92,16.71,54.68,Average
STU004561,Shreya Reddy,CSE,B.Tech,2,3,B,21,84.85,73.91,37.11,57.92,70.49,8.1,21.66,72.46,Good
STU004562,Zoya Pillai,Mechanical,B.Tech,1,1,C,18,77.99,72.44,39.11,65.62,78.61,7.52,23.69,81.75,Good
STU004563,Surya Chatterjee,CSE,B.Tech,1,2,C,19,77.94,86.55,39.83,82.26,92.08,8.9,25.95,71.31,Good
STU004564,Ishaan Verma,AI & DS,B.Tech,4,8,D,22,80.62,83.02,40.3,69.67,75.86,8.13,24.96,70.6,Good
STU004565,Ishaan Pillai,AI & DS,B.Tech,3,5,C,20,75.69,58.1,28.3,44.35,54.81,7.24,17.57,59.09,At Risk
STU004566,Aditi Menon,CSE,B.Tech,1,2,A,18,92.09,73.55,36.34,63.87,84.62,7.47,23.22,88.39,Good
STU004567,Isha Krishnan,IT,B.Tech,4,8,D,21,91.72,72.83,32.39,71.77,80.0,8.34,26.0,78.59,Good
STU004568,Kavya Pillai,CSE,B.Tech,4,7,B,21,65.06,82.54,36.35,56.85,72.32,8.77,15.49,59.5,Average
STU004569,Nikhil Iyer,EEE,B.Tech,4,8,A,22,73.16,52.57,31.9,48.91,45.57,8.32,14.22,64.24,At Risk
STU004570,Varun Shah,CSE,B.Tech,4,7,D,21,68.47,75.01,35.52,59.33,68.86,7.69,21.67,63.39,Average
STU004571,Krishna Mishra,IT,M.Tech,1,2,A,22,69.65,74.33,39.09,56.84,67.18,8.09,13.58,59.96,Average
STU004572,Akash Das,AI & DS,M.Tech,2,3,D,26,84.89,69.54,36.64,62.12,91.66,8.46,18.44,75.59,Excellent
STU004573,Arjun Chatterjee,CSE,B.Tech,1,1,B,19,91.45,72.66,37.27,70.09,74.51,8.87,21.93,77.33,Good
STU004574,Diya Gupta,CSE,B.Tech,3,6,A,21,84.74,67.67,31.62,64.31,84.65,8.24,20.86,87.22,Good
STU004575,Zoya Das,ECE,B.Tech,4,8,A,21,74.62,73.32,31.77,52.1,54.34,7.44,17.61,62.55,At Risk
STU004576,Aryan Gupta,EEE,B.Tech,1,2,B,20,68.25,74.68,31.52,58.32,72.28,7.51,18.57,72.95,Average
STU004577,Varun Verma,AI & DS,M.Tech,1,1,C,23,93.37,65.3,34.08,54.07,69.06,7.52,15.21,84.76,Average
STU004578,Sanjay Chatterjee,AI & DS,B.Tech,3,6,C,20,83.8,72.18,42.21,66.13,78.51,7.72,21.52,72.0,Good
STU004579,Rahul Reddy,IT,B.Tech,2,4,D,21,79.45,68.1,32.03,65.31,70.08,7.67,23.55,73.21,Good
STU004580,Nisha Patel,EEE,B.Tech,3,5,B,22,78.52,79.5,37.2,85.64,90.78,7.49,23.79,82.36,Good
STU004581,Kavya Patel,ECE,B.Tech,2,4,A,20,71.26,65.2,28.01,45.67,65.69,7.39,23.47,80.27,Average
STU004582,Tanvi Shah,IT,B.Tech,2,3,D,21,60.19,75.08,37.81,66.2,80.05,8.37,18.53,69.82,At Risk
STU004583,Zoya Joshi,CSE,B.Tech,3,6,D,22,76.0,66.67,32.74,56.47,60.21,8.61,20.24,78.21,Average
STU004584,Riya Sharma,AI & DS,B.Tech,1,1,B,20,77.39,67.3,31.84,72.99,77.17,7.9,20.32,68.54,Good
STU004585,Kavya Krishnan,ECE,B.Tech,3,6,B,21,72.7,73.2,32.94,58.83,65.01,7.81,17.55,61.94,Average
STU004586,Yash Kumar,Civil,M.Tech,1,1,D,25,75.49,79.68,34.27,66.88,66.98,8.51,20.96,76.34,Average
STU004587,Sanjay Chatterjee,ECE,B.Tech,3,5,D,21,71.71,81.13,39.45,69.55,80.08,9.26,19.15,70.9,Average
STU004588,Yash Pillai,Mechanical,B.Tech,1,1,C,19,89.09,78.99,37.47,61.82,62.74,8.02,24.96,71.78,Average
STU004589,Arjun Singh,IT,M.Tech,1,2,D,25,64.4,80.86,32.47,67.88,79.21,7.22,22.42,72.61,At Risk
STU004590,Yash Patel,Mechanical,B.Tech,4,7,C,21,73.77,79.79,41.22,79.87,69.05,8.61,20.21,85.71,Average
STU004591,Varun Bose,Mechanical,M.Tech,1,1,D,24,83.41,75.02,36.83,72.06,85.59,7.37,21.24,71.71,Excellent
STU004592,Diya Nair,ECE,B.Tech,2,4,D,20,79.03,60.64,28.6,52.73,67.25,7.96,24.31,67.62,Average
STU004593,Pooja Gupta,CSE,B.Tech,4,8,C,21,81.54,79.2,38.08,77.68,79.72,8.2,26.11,87.75,Good
STU004594,Zoya Patel,ECE,B.Tech,4,8,C,22,93.51,76.92,39.29,62.4,84.23,7.23,24.86,79.0,Good
STU004595,Riya Krishnan,CSE,B.Tech,3,5,D,21,81.38,71.69,33.59,53.31,78.01,7.7,23.74,85.87,Good
STU004596,Aditya Menon,ECE,B.Tech,2,4,B,20,62.81,75.18,33.86,68.95,75.07,9.33,16.94,71.8,At Risk
STU004597,Aditya Patel,CSE,B.Tech,1,2,A,19,79.34,76.42,39.82,63.77,77.03,7.88,18.67,71.93,Good
STU004598,Arjun Singh,Civil,B.Tech,2,4,A,20,89.23,82.05,37.88,71.96,73.31,8.13,16.92,81.94,Good
STU004599,Aryan Sharma,IT,M.Tech,2,4,A,25,65.78,72.17,37.87,60.18,84.98,8.78,18.79,78.81,Average
STU004600,Kavya Gupta,IT,B.Tech,1,2,B,20,85.91,77.42,34.04,69.49,72.78,7.59,21.62,85.32,Good
STU004601,Tanvi Rao,ECE,B.Tech,2,3,C,21,71.3,75.08,37.98,71.84,94.22,8.05,18.21,63.21,Average
STU004602,Yash Das,CSE,M.Tech,2,4,C,24,95.26,77.16,32.32,54.23,49.68,7.47,16.79,100,At Risk
STU004603,Surya Mishra,AI & DS,B.Tech,2,4,B,19,87.52,76.29,36.34,66.02,92.32,8.34,17.73,80.33,Excellent
STU004604,Diya Kumar,Civil,B.Tech,1,1,D,20,82.94,85.92,40.13,82.07,91.78,8.46,29.32,86.14,Excellent
STU004605,Tanvi Sharma,Civil,B.Tech,2,4,C,21,81.79,72.53,39.49,74.61,89.0,8.12,22.11,77.76,Excellent
STU004606,Ananya Mehta,Mechanical,B.Tech,4,8,D,23,85.75,68.72,29.86,71.16,77.37,8.33,26.4,75.1,Good
STU004607,Aditi Mehta,Civil,B.Tech,1,1,C,18,84.64,75.63,32.82,72.91,72.14,8.3,18.65,67.54,Good
STU004608,Vikram Pillai,AI & DS,M.Tech,2,3,D,24,76.18,61.6,30.03,51.89,51.69,7.17,16.47,69.7,At Risk
STU004609,Nikhil Pillai,CSE,B.Tech,4,7,C,23,82.24,48.13,24.78,53.47,63.49,7.21,22.66,71.8,Average
STU004610,Riya Joshi,Mechanical,B.Tech,4,8,A,23,84.3,79.01,36.74,76.11,74.06,8.25,22.87,77.87,Good
STU004611,Aarav Kumar,Mechanical,B.Tech,1,1,D,20,59.41,64.27,26.45,48.42,70.71,7.28,14.73,64.89,At Risk
STU004612,Sneha Singh,AI & DS,B.Tech,2,3,C,19,77.02,77.46,34.87,52.15,64.19,8.61,17.92,75.27,Average
STU004613,Yash Kumar,CSE,B.Tech,4,7,B,22,84.7,80.86,37.5,65.8,72.26,8.3,20.6,77.32,Good
STU004614,Isha Pillai,CSE,B.Tech,3,5,B,20,79.98,88.33,35.89,68.28,86.59,8.98,33.25,82.59,Good
STU004615,Ananya Iyer,Civil,B.Tech,3,5,A,22,79.18,95.02,47.54,70.29,86.98,9.3,23.22,79.16,Good
STU004616,Karan Mishra,IT,B.Tech,2,3,D,21,83.78,73.89,34.5,65.21,75.45,7.31,20.24,80.29,Good
STU004617,Manish Chatterjee,AI & DS,B.Tech,1,1,C,19,89.02,81.25,39.41,68.27,76.28,8.18,28.15,83.67,Good
STU004618,Ananya Verma,CSE,B.Tech,3,6,B,21,95.24,76.74,37.2,56.02,83.4,8.21,19.65,82.32,Good
STU004619,Aarav Kumar,EEE,B.Tech,1,1,C,19,78.78,69.08,31.14,46.14,77.13,8.4,20.26,78.62,Good
STU004620,Surya Kumar,IT,B.Tech,4,7,B,22,80.75,67.38,30.13,44.24,68.16,7.91,20.22,82.25,Average
STU004621,Nikhil Pillai,AI & DS,M.Tech,2,4,B,26,78.46,74.38,33.17,74.16,89.12,8.25,13.34,82.27,Good
STU004622,Ananya Das,Civil,B.Tech,4,7,D,21,89.15,80.57,36.72,76.56,97.41,8.22,25.76,75.74,Excellent
STU004623,Ishaan Mishra,IT,B.Tech,3,6,D,20,81.2,77.83,31.4,62.5,78.83,8.41,20.45,79.5,Good
STU004624,Akash Mehta,IT,B.Tech,1,1,A,20,86.09,76.65,34.92,68.11,68.67,7.9,19.92,75.06,Average
STU004625,Arjun Pillai,AI & DS,M.Tech,1,2,C,25,79.71,66.06,32.94,46.82,54.26,7.53,18.07,73.04,At Risk
STU004626,Karan Krishnan,ECE,B.Tech,4,7,C,21,98.8,82.61,31.76,60.36,70.55,7.41,24.15,89.19,Good
STU004627,Sanjay Krishnan,IT,B.Tech,2,4,C,21,84.52,83.33,32.52,66.21,80.24,7.06,25.74,80.34,Good
STU004628,Zoya Mishra,IT,B.Tech,3,5,A,20,70.87,81.41,38.55,73.17,79.02,8.5,23.34,73.18,Average
STU004629,Sai Nair,ECE,B.Tech,3,6,A,22,68.4,64.36,31.24,57.3,57.4,7.58,15.21,69.98,Average
STU004630,Sanjay Das,IT,B.Tech,1,1,D,20,71.49,81.22,37.42,63.23,74.08,8.47,23.07,88.03,Average
STU004631,Bhavya Mehta,AI & DS,B.Tech,1,2,B,18,97.25,86.55,38.94,80.74,96.69,8.27,23.17,98.61,Excellent
STU004632,Rahul Joshi,AI & DS,B.Tech,2,3,B,19,76.69,59.22,28.08,48.92,62.43,7.85,15.21,71.24,Average
STU004633,Aryan Chatterjee,CSE,B.Tech,3,6,D,22,95.46,77.94,36.75,73.79,78.6,8.63,28.59,86.92,Good
STU004634,Aryan Gupta,AI & DS,B.Tech,3,5,D,22,78.4,66.81,30.2,49.1,56.67,7.96,20.53,65.12,Average
STU004635,Surya Reddy,CSE,B.Tech,4,8,A,21,83.12,65.43,31.44,72.02,60.34,7.59,19.49,77.22,Average
STU004636,Vikram Rao,EEE,B.Tech,4,8,C,22,59.53,73.29,33.65,66.71,61.36,8.47,10.33,62.92,At Risk
STU004637,Arjun Reddy,ECE,B.Tech,4,7,D,22,82.18,68.6,35.99,56.32,66.53,8.12,15.96,87.32,Average
STU004638,Aryan Kumar,EEE,B.Tech,4,7,A,21,85.04,76.52,43.86,75.69,73.93,8.62,18.97,66.01,Good
STU004639,Varun Joshi,CSE,M.Tech,1,1,D,23,93.26,73.18,38.44,71.56,77.12,7.63,22.5,77.67,Good
STU004640,Aryan Verma,CSE,B.Tech,4,8,D,23,73.26,81.9,34.14,58.64,63.95,8.37,28.56,81.84,Average
STU004641,Rahul Gupta,EEE,B.Tech,2,4,C,21,78.31,64.62,34.4,50.44,65.01,8.01,22.79,75.15,Average
STU004642,Isha Patel,IT,B.Tech,4,8,A,21,84.51,61.14,19.08,55.07,58.75,7.45,15.01,66.67,Average
STU004643,Karan Mehta,ECE,M.Tech,2,4,C,24,74.36,82.24,40.67,72.45,72.63,8.23,26.68,79.91,Average
STU004644,Diya Verma,CSE,B.Tech,2,3,C,19,84.51,79.49,38.89,73.23,78.76,8.4,22.85,91.92,Good
STU004645,Shreya Verma,IT,B.Tech,3,6,C,22,72.63,71.7,38.86,67.09,83.44,8.47,19.88,76.1,Average
STU004646,Varun Das,CSE,B.Tech,3,6,B,21,82.09,64.26,32.47,45.16,67.96,7.65,16.71,62.56,Average
STU004647,Kavya Pillai,EEE,B.Tech,3,5,D,22,91.94,71.82,34.33,72.26,82.09,8.22,24.35,74.35,Good
STU004648,Nikhil Gupta,CSE,B.Tech,3,5,B,22,84.78,74.9,37.77,78.29,88.27,8.2,29.85,87.41,Excellent
STU004649,Krishna Bose,Civil,B.Tech,3,6,D,22,71.85,65.32,32.82,69.89,75.02,7.54,21.04,75.38,Average
STU004650,Varun Iyer,EEE,B.Tech,3,5,B,21,85.04,81.97,39.54,81.84,89.04,7.9,23.88,87.73,Excellent
STU004651,Nisha Reddy,Civil,B.Tech,4,8,B,23,82.83,84.82,35.56,69.91,66.69,8.71,20.81,81.28,Average
STU004652,Ishaan Kumar,IT,B.Tech,4,7,D,21,76.98,70.36,30.67,66.48,81.5,7.85,21.07,76.44,Good
STU004653,Aditi Sharma,CSE,B.Tech,2,4,C,19,85.08,76.97,39.93,72.55,72.68,9.15,18.1,68.3,Good
STU004654,Sanjay Gupta,Mechanical,B.Tech,2,3,C,21,83.0,84.21,36.5,78.25,87.38,7.75,27.75,81.65,Excellent
STU004655,Karan Das,CSE,B.Tech,1,2,C,18,79.31,86.91,31.63,58.84,70.5,7.83,27.82,72.73,Good
STU004656,Karan Singh,ECE,B.Tech,2,3,C,19,84.7,67.19,28.73,66.23,80.44,8.03,20.15,64.34,Good
STU004657,Aditya Kumar,CSE,B.Tech,1,1,B,19,68.53,65.89,39.33,64.95,78.76,7.7,17.98,71.15,Average
STU004658,Sanjay Das,AI & DS,B.Tech,1,1,D,19,90.78,74.99,32.39,62.8,64.76,7.33,20.89,75.23,Average
STU004659,Ananya Sharma,ECE,M.Tech,2,3,D,23,86.3,74.4,26.58,64.63,70.91,7.32,22.27,66.77,Good
STU004660,Aryan Gupta,ECE,B.Tech,4,7,B,23,66.25,84.82,39.03,70.14,86.56,7.94,21.94,68.52,Average
STU004661,Bhavya Das,EEE,B.Tech,2,3,A,19,90.52,72.57,38.74,69.73,72.13,8.13,23.82,71.35,Good
STU004662,Sanjay Verma,CSE,B.Tech,4,8,C,21,91.38,69.09,28.95,68.66,58.45,7.77,21.57,78.83,Average
STU004663,Nisha Joshi,IT,B.Tech,4,7,C,22,87.19,64.35,29.84,64.18,64.07,8.24,18.07,72.43,Average
STU004664,Manish Nair,EEE,B.Tech,2,4,A,21,83.52,76.59,31.62,67.09,64.76,8.35,21.96,68.26,Average
STU004665,Arjun Kumar,EEE,B.Tech,4,7,C,21,88.02,93.01,40.98,90.49,83.4,7.92,27.82,78.75,Good
STU004666,Ananya Rao,ECE,B.Tech,4,8,D,21,82.49,66.56,33.13,58.75,63.2,7.03,17.17,72.02,Average
STU004667,Nisha Nair,Mechanical,B.Tech,3,5,D,21,75.76,70.82,31.88,62.57,69.0,6.86,19.41,67.07,Average
STU004668,Surya Singh,IT,B.Tech,1,2,C,18,78.71,72.65,26.88,46.38,62.35,6.79,26.73,75.32,Average
STU004669,Zoya Joshi,Mechanical,B.Tech,1,1,D,18,74.52,69.64,26.82,49.18,57.54,7.76,19.95,78.87,Average
STU004670,Riya Pillai,Civil,B.Tech,1,1,C,18,88.85,74.15,34.03,72.57,68.14,7.97,20.83,82.51,Average
STU004671,Rahul Pillai,CSE,B.Tech,1,2,C,19,90.81,78.88,40.78,80.75,99.65,7.95,28.23,82.35,Excellent
STU004672,Nikhil Mehta,Mechanical,B.Tech,3,5,C,20,71.51,82.39,35.82,71.61,68.79,9.52,16.62,80.34,Average
STU004673,Isha Krishnan,CSE,B.Tech,3,6,B,20,95.89,70.85,32.7,50.56,73.45,8.49,25.94,80.66,Good
STU004674,Isha Patel,CSE,B.Tech,2,3,D,21,72.94,77.2,36.55,65.04,92.43,7.96,23.13,65.31,Average
STU004675,Riya Reddy,Mechanical,B.Tech,1,2,B,20,74.31,66.52,34.73,65.66,64.74,8.24,15.61,60.31,Average
STU004676,Akash Kumar,EEE,B.Tech,3,6,C,22,88.46,76.13,31.94,50.17,59.25,8.18,23.5,72.21,Average
STU004677,Krishna Menon,CSE,B.Tech,3,6,C,22,72.42,66.36,36.53,62.57,68.06,8.35,22.53,66.16,Average
STU004678,Vikram Krishnan,IT,B.Tech,2,3,C,20,82.86,77.03,31.43,75.69,57.53,7.44,23.86,82.22,Average
STU004679,Nisha Rao,EEE,B.Tech,1,2,D,20,80.18,82.4,34.84,66.71,64.98,8.15,19.72,79.59,Average
STU004680,Diya Pillai,ECE,B.Tech,3,5,B,21,75.47,73.88,34.41,72.44,84.67,7.69,20.3,76.79,Good
STU004681,Yash Mishra,CSE,B.Tech,1,2,C,18,81.72,58.13,31.05,60.15,69.08,8.28,23.45,59.71,Average
STU004682,Pooja Singh,ECE,B.Tech,2,3,C,21,91.84,68.27,31.01,58.65,61.3,6.68,26.69,79.83,Average
STU004683,Sanjay Rao,EEE,B.Tech,3,5,C,21,96.06,72.47,40.07,74.12,85.49,7.56,19.2,75.18,Excellent
STU004684,Karan Reddy,IT,B.Tech,2,3,B,21,94.26,63.48,30.95,59.73,66.81,7.61,26.23,76.57,Average
STU004685,Akash Verma,AI & DS,B.Tech,3,5,D,21,83.0,72.78,32.8,52.2,66.06,7.36,18.09,90.43,Average
STU004686,Diya Krishnan,Mechanical,B.Tech,1,2,B,19,74.06,77.19,36.39,63.96,67.8,8.28,17.56,76.58,Average
STU004687,Karan Sharma,IT,B.Tech,1,1,C,19,72.33,73.93,32.55,62.13,72.77,7.56,22.33,72.16,Average
STU004688,Arjun Iyer,Mechanical,B.Tech,2,3,C,20,72.82,64.67,36.08,67.57,69.87,7.42,17.51,74.97,Average
STU004689,Isha Patel,Civil,B.Tech,1,2,C,20,77.51,70.96,32.3,77.79,73.8,7.81,21.58,82.42,Good
STU004690,Aditi Mehta,CSE,B.Tech,3,6,B,20,79.88,75.4,37.5,57.43,76.4,8.06,18.99,80.53,Good
STU004691,Aryan Gupta,EEE,B.Tech,1,2,D,18,79.73,71.44,31.07,59.84,80.22,7.26,19.22,73.65,Good
STU004692,Ananya Chatterjee,CSE,B.Tech,4,8,A,22,84.87,77.5,37.24,75.9,76.29,8.95,21.19,77.58,Good
STU004693,Tanvi Mehta,IT,B.Tech,2,4,D,21,78.73,80.79,35.28,73.88,88.09,8.45,23.04,73.81,Good
STU004694,Aryan Bose,CSE,B.Tech,1,2,A,18,80.74,69.0,28.84,57.28,75.98,6.98,21.08,84.14,Good
STU004695,Manish Menon,CSE,B.Tech,4,8,A,22,85.3,62.05,25.4,59.63,65.78,7.08,23.7,78.59,Average
STU004696,Bhavya Shah,CSE,B.Tech,4,8,C,23,79.3,76.91,35.07,70.27,69.54,8.37,18.83,66.65,Average
STU004697,Akash Bose,Mechanical,B.Tech,3,5,D,20,82.27,72.36,32.32,65.29,75.59,6.83,22.25,80.69,Good
STU004698,Aditya Gupta,EEE,B.Tech,4,7,A,22,82.5,64.2,33.61,66.86,75.7,8.38,18.07,71.16,Good
STU004699,Arjun Rao,CSE,M.Tech,2,3,C,25,73.08,67.05,34.57,70.51,69.05,7.05,23.57,70.22,Average
STU004700,Yash Krishnan,CSE,M.Tech,1,2,C,24,73.14,62.07,25.73,58.37,67.69,7.79,17.64,79.09,Average
STU004701,Aryan Pillai,AI & DS,B.Tech,4,7,C,21,80.99,68.46,33.13,63.25,68.01,7.13,18.21,80.84,Average
STU004702,Karan Kumar,AI & DS,B.Tech,1,1,C,19,80.79,55.04,27.92,43.7,48.17,7.67,15.36,71.72,At Risk
STU004703,Ishaan Menon,IT,B.Tech,4,8,C,23,74.56,69.83,30.95,45.25,55.53,6.85,23.74,75.1,Average
STU004704,Nikhil Iyer,AI & DS,B.Tech,3,6,A,22,69.84,74.8,30.82,73.96,69.89,8.65,20.22,72.62,Average
STU004705,Meera Das,Mechanical,B.Tech,1,1,B,20,71.1,69.09,30.63,55.67,54.69,7.86,17.7,78.47,At Risk
STU004706,Pooja Pillai,CSE,B.Tech,2,3,A,19,72.15,65.86,25.37,52.54,69.86,8.22,18.27,70.43,Average
STU004707,Rahul Reddy,ECE,B.Tech,2,3,D,19,81.4,69.02,32.83,57.22,69.07,8.02,19.27,65.43,Average
STU004708,Meera Chatterjee,IT,B.Tech,1,2,B,19,78.94,72.27,28.23,50.39,65.85,8.0,20.52,66.9,Average
STU004709,Pooja Joshi,ECE,B.Tech,1,1,C,18,69.74,77.9,33.86,64.69,66.41,8.21,18.94,64.45,Average
STU004710,Aarav Nair,EEE,B.Tech,1,1,A,19,84.3,74.17,26.58,59.26,80.33,7.15,24.77,68.42,Good
STU004711,Nikhil Iyer,IT,B.Tech,2,3,B,21,82.63,82.71,40.82,68.82,75.17,8.32,25.54,85.39,Good
STU004712,Bhavya Shah,CSE,B.Tech,4,8,C,22,91.31,66.93,39.19,63.99,74.73,7.44,25.1,92.37,Good
STU004713,Aditya Chatterjee,AI & DS,B.Tech,4,8,C,21,84.27,77.74,39.41,67.4,63.75,8.82,24.06,84.92,Average
STU004714,Ananya Verma,CSE,B.Tech,3,6,B,22,72.34,74.59,36.66,71.99,84.83,8.98,22.59,77.43,Average
STU004715,Meera Verma,EEE,M.Tech,2,4,A,23,76.88,64.52,35.15,49.66,73.94,7.68,12.96,58.15,Good
STU004716,Vikram Rao,Mechanical,M.Tech,2,3,A,24,76.27,64.88,35.34,75.72,84.21,7.83,22.48,61.89,Good
STU004717,Krishna Verma,AI & DS,B.Tech,1,1,D,20,80.91,78.56,33.13,55.74,67.41,7.28,21.99,80.71,Average
STU004718,Varun Patel,IT,M.Tech,1,1,B,23,78.18,84.83,31.9,63.96,80.45,7.45,29.27,70.81,Good
STU004719,Aditi Nair,AI & DS,B.Tech,1,2,C,19,76.07,73.83,29.86,73.45,86.21,7.85,16.95,82.51,Good
STU004720,Nikhil Bose,IT,M.Tech,1,1,C,25,68.75,51.98,31.22,42.04,57.6,7.84,16.03,53.63,Average
STU004721,Karan Shah,CSE,B.Tech,4,8,C,21,83.69,58.52,29.76,61.31,66.97,7.5,17.9,67.38,Average
STU004722,Zoya Verma,AI & DS,B.Tech,1,1,C,20,74.86,72.22,31.19,51.28,75.37,7.27,17.99,77.53,Average
STU004723,Sanjay Das,IT,B.Tech,1,1,D,19,74.25,81.32,34.61,71.75,87.2,8.24,18.99,71.67,Average
STU004724,Rohan Sharma,IT,B.Tech,2,3,D,21,87.49,74.55,36.07,67.68,68.5,7.68,22.48,79.85,Average
STU004725,Aditi Mehta,EEE,B.Tech,1,1,B,20,80.57,74.25,36.8,73.42,76.87,7.68,26.34,80.37,Good
STU004726,Meera Chatterjee,CSE,B.Tech,3,5,C,21,79.01,76.49,36.11,62.41,65.77,8.48,17.37,72.57,Average
STU004727,Krishna Verma,CSE,B.Tech,3,6,A,22,82.87,100,40.84,78.53,100,8.58,33.79,86.09,Excellent
STU004728,Tanvi Singh,CSE,B.Tech,3,6,C,22,86.27,71.43,34.45,54.58,62.72,8.54,19.53,76.8,Average
STU004729,Sai Menon,ECE,B.Tech,4,8,B,23,92.82,69.62,36.63,61.51,70.27,7.48,17.93,72.9,Good
STU004730,Rahul Das,IT,M.Tech,1,1,A,23,67.48,78.44,31.99,57.17,53.46,8.29,19.86,69.17,At Risk
STU004731,Krishna Menon,AI & DS,B.Tech,4,7,A,22,88.58,79.12,32.35,72.87,79.83,8.09,27.64,84.16,Good
STU004732,Varun Krishnan,AI & DS,B.Tech,4,7,D,23,71.83,80.24,34.38,62.38,81.56,8.38,21.57,68.54,Average
STU004733,Ishaan Chatterjee,IT,B.Tech,3,6,D,20,85.16,92.88,44.16,70.13,94.79,8.28,26.04,86.75,Excellent
STU004734,Sanjay Das,AI & DS,B.Tech,2,3,B,19,87.91,77.91,35.88,65.45,62.38,7.34,22.64,86.69,Average
STU004735,Varun Krishnan,ECE,B.Tech,4,8,A,22,84.5,71.83,37.13,70.29,76.21,7.96,23.7,75.0,Good
STU004736,Meera Kumar,AI & DS,B.Tech,4,7,B,21,77.62,76.19,35.04,62.62,71.07,7.99,18.82,73.38,Good
STU004737,Sai Reddy,EEE,B.Tech,3,6,D,22,88.07,74.58,32.57,56.56,65.26,7.95,24.4,84.3,Average
STU004738,Surya Mehta,AI & DS,B.Tech,2,3,C,19,75.06,67.2,32.46,65.01,87.83,8.11,19.95,65.94,Good
STU004739,Aarav Patel,CSE,B.Tech,2,3,C,21,97.07,62.52,31.43,58.36,57.06,7.24,21.94,80.56,Average
STU004740,Yash Mishra,CSE,B.Tech,1,1,C,18,83.98,75.81,35.87,58.77,70.5,7.54,21.59,78.5,Good
STU004741,Surya Kumar,EEE,B.Tech,1,1,C,19,70.9,66.13,30.78,49.93,59.98,7.13,17.44,78.34,Average
STU004742,Ananya Patel,CSE,B.Tech,1,1,B,18,87.58,83.74,34.36,67.05,73.07,8.13,25.08,75.12,Good
STU004743,Pooja Shah,Mechanical,B.Tech,1,2,C,18,60.01,68.44,31.85,66.45,68.69,8.53,22.47,66.06,At Risk
STU004744,Kavya Singh,CSE,B.Tech,3,6,A,21,75.14,80.34,38.68,70.57,76.95,8.59,20.2,63.05,Good
STU004745,Rahul Rao,IT,B.Tech,4,8,D,22,93.07,75.0,35.45,77.64,85.73,7.76,26.13,81.97,Excellent
STU004746,Bhavya Shah,CSE,B.Tech,4,7,A,23,68.21,81.44,33.87,64.86,77.52,7.86,24.47,66.69,Average
STU004747,Varun Nair,AI & DS,B.Tech,3,6,D,22,58.74,74.63,32.79,55.56,74.84,7.57,14.92,73.45,At Risk
STU004748,Zoya Rao,ECE,B.Tech,4,8,B,21,74.56,64.73,31.98,47.51,59.36,7.92,16.58,63.07,Average
STU004749,Diya Mehta,IT,M.Tech,1,2,B,23,83.61,66.53,28.33,58.14,61.35,8.34,20.01,84.6,Average
STU004750,Nikhil Krishnan,ECE,B.Tech,4,7,D,23,93.25,74.05,33.76,66.9,84.93,8.18,24.81,85.73,Good
STU004751,Aditi Chatterjee,Mechanical,B.Tech,4,8,D,23,68.86,58.46,35.74,53.68,80.28,7.04,19.25,70.46,Average
STU004752,Pooja Patel,Civil,B.Tech,1,2,C,19,84.75,79.02,39.34,80.8,99.1,8.05,27.55,88.31,Excellent
STU004753,Surya Patel,ECE,B.Tech,3,5,C,20,69.66,70.18,33.62,71.12,73.0,6.7,20.64,60.43,Average
STU004754,Nikhil Mishra,AI & DS,B.Tech,1,1,D,20,72.17,63.31,26.95,54.15,65.3,7.95,19.59,79.63,Average
STU004755,Bhavya Chatterjee,IT,B.Tech,3,5,C,20,81.35,69.69,33.93,68.04,74.56,8.0,21.46,73.44,Good
STU004756,Pooja Pillai,Mechanical,B.Tech,4,8,B,22,71.24,66.76,32.55,52.11,68.73,6.98,17.78,66.66,Average
STU004757,Tanvi Patel,IT,B.Tech,1,2,A,20,72.11,68.34,28.51,54.12,74.64,6.39,21.81,59.68,Average
STU004758,Karan Pillai,AI & DS,B.Tech,3,5,C,22,80.23,76.93,37.27,77.69,87.86,9.13,24.24,76.44,Excellent
STU004759,Ananya Mishra,ECE,B.Tech,2,4,C,19,78.52,67.47,34.3,56.35,75.1,8.36,15.78,72.27,Good
STU004760,Nikhil Kumar,IT,B.Tech,1,2,D,20,70.02,72.56,34.24,60.5,73.62,7.36,18.12,66.52,Average
STU004761,Yash Kumar,CSE,B.Tech,4,7,B,23,80.55,70.91,25.64,66.82,57.13,7.57,22.98,68.4,Average
STU004762,Ishaan Mishra,AI & DS,B.Tech,4,7,C,22,78.08,77.65,41.58,64.46,82.6,7.92,19.11,69.07,Good
STU004763,Bhavya Iyer,IT,B.Tech,3,5,A,20,85.83,69.08,33.45,47.74,72.0,7.28,25.1,84.38,Good
STU004764,Karan Patel,IT,B.Tech,1,1,B,18,96.87,84.78,34.44,81.86,93.51,8.26,23.1,78.73,Excellent
STU004765,Bhavya Iyer,CSE,B.Tech,3,5,B,21,92.56,84.03,36.39,76.9,88.97,8.15,28.51,93.86,Excellent
STU004766,Akash Patel,ECE,B.Tech,3,6,C,21,71.13,76.96,31.09,59.03,78.52,7.88,17.7,65.97,Average
STU004767,Rohan Nair,CSE,M.Tech,1,2,B,24,84.18,76.76,34.48,62.43,78.2,8.14,22.37,75.29,Good
STU004768,Rohan Shah,CSE,B.Tech,1,2,B,19,97.51,85.51,38.83,73.07,88.94,8.02,25.27,72.31,Excellent
STU004769,Manish Singh,AI & DS,B.Tech,2,3,A,20,69.91,68.32,39.9,58.71,67.54,8.94,21.92,74.24,Average
STU004770,Arjun Mehta,ECE,B.Tech,2,3,D,21,85.46,81.27,40.97,81.33,87.22,8.64,19.2,84.81,Excellent
STU004771,Sneha Joshi,EEE,B.Tech,1,1,B,20,68.37,68.17,27.51,62.14,63.13,8.05,16.23,74.24,Average
STU004772,Isha Chatterjee,IT,B.Tech,4,7,B,21,76.29,72.68,37.44,50.12,71.56,7.08,20.64,68.84,Good
STU004773,Aditi Verma,EEE,B.Tech,4,7,C,21,85.92,77.1,29.32,38.05,65.49,6.84,21.32,68.48,Average
STU004774,Yash Sharma,AI & DS,B.Tech,2,3,C,21,78.3,84.4,35.2,75.18,75.01,8.73,24.54,81.24,Good
STU004775,Sanjay Das,EEE,M.Tech,2,4,A,24,85.43,73.86,33.16,74.1,79.5,7.79,21.82,85.18,Good
STU004776,Bhavya Sharma,Mechanical,M.Tech,2,3,C,23,85.5,70.03,33.56,60.88,78.89,8.62,16.22,75.92,Good
STU004777,Rahul Rao,Mechanical,B.Tech,1,2,A,19,74.0,75.47,34.07,75.22,72.0,8.6,22.35,76.28,Average
STU004778,Rahul Mishra,Mechanical,B.Tech,2,4,D,20,86.09,72.79,35.01,63.12,80.6,7.89,27.21,83.51,Good
STU004779,Ishaan Reddy,CSE,B.Tech,4,8,C,22,71.67,77.11,35.06,77.2,85.5,8.62,27.29,68.2,Average
STU004780,Karan Nair,IT,M.Tech,2,4,C,23,84.12,73.94,33.8,61.41,67.49,8.45,18.25,78.76,Average
STU004781,Arjun Nair,CSE,B.Tech,1,2,D,20,65.81,80.96,37.56,82.89,79.21,8.26,23.41,65.46,Average
STU004782,Aditya Krishnan,ECE,B.Tech,1,1,B,18,80.38,76.47,29.89,69.09,82.44,7.5,26.6,75.71,Good
STU004783,Ananya Mishra,IT,B.Tech,4,8,C,22,79.25,80.59,37.05,78.68,67.54,7.68,21.68,76.8,Average
STU004784,Ishaan Reddy,IT,B.Tech,1,2,A,19,76.14,87.65,37.32,72.32,91.3,7.72,22.07,78.7,Good
STU004785,Ishaan Pillai,Civil,M.Tech,1,2,C,24,92.46,70.73,34.43,59.63,76.35,7.49,20.29,75.18,Good
STU004786,Sai Krishnan,Mechanical,B.Tech,3,6,C,22,90.42,87.79,40.38,68.11,80.56,7.39,22.69,91.6,Good
STU004787,Manish Kumar,IT,B.Tech,2,4,A,21,87.08,80.48,38.54,81.97,82.06,7.67,26.38,87.62,Good
STU004788,Ishaan Joshi,CSE,B.Tech,3,5,B,22,71.64,67.05,39.69,59.97,71.48,7.54,18.63,75.1,Average
STU004789,Varun Sharma,EEE,B.Tech,4,7,A,21,87.94,68.91,35.32,66.57,77.94,7.53,20.4,73.14,Good
STU004790,Ishaan Singh,CSE,M.Tech,2,4,C,25,88.9,72.11,41.25,62.71,76.77,7.41,27.49,76.83,Good
STU004791,Kavya Das,Civil,B.Tech,4,7,B,22,75.17,71.28,30.73,62.62,67.4,7.7,20.77,70.95,Average
STU004792,Meera Nair,ECE,B.Tech,4,8,B,21,71.36,65.81,32.09,51.9,68.88,8.62,20.47,55.28,Average
STU004793,Surya Patel,CSE,B.Tech,3,5,A,21,86.34,83.11,39.15,64.9,64.14,8.79,18.64,70.3,Average
STU004794,Ananya Patel,CSE,B.Tech,3,5,C,20,95.46,72.01,40.25,64.78,69.31,7.25,20.72,81.79,Average
STU004795,Sneha Kumar,AI & DS,B.Tech,4,8,D,22,79.95,67.38,38.99,67.97,64.78,8.03,15.11,56.36,Average
STU004796,Rahul Sharma,CSE,B.Tech,2,4,B,21,98.83,78.84,38.22,79.53,84.62,8.33,29.21,91.12,Good
STU004797,Varun Mishra,EEE,B.Tech,4,8,D,23,84.21,67.6,27.82,53.3,59.15,7.55,28.25,78.61,Average
STU004798,Aditi Gupta,AI & DS,B.Tech,1,1,B,18,79.54,81.08,33.97,63.11,88.91,8.53,21.99,74.84,Good
STU004799,Rahul Chatterjee,IT,B.Tech,4,7,C,21,69.45,66.38,36.8,52.75,69.8,8.22,18.1,63.77,Average
STU004800,Varun Rao,EEE,B.Tech,3,6,A,22,86.02,55.81,24.5,47.68,59.96,6.72,22.2,75.72,Average
STU004801,Pooja Bose,AI & DS,B.Tech,3,6,D,22,77.67,79.12,38.48,77.63,87.27,8.14,19.1,65.9,Good
STU004802,Yash Joshi,ECE,B.Tech,2,3,C,21,94.1,68.49,38.61,59.46,60.14,6.92,16.77,82.95,Average
STU004803,Aditi Iyer,AI & DS,B.Tech,2,4,B,19,81.33,59.91,30.61,44.67,75.26,7.69,22.59,79.8,Good
STU004804,Nikhil Gupta,EEE,B.Tech,2,4,A,19,93.95,70.23,42.89,71.9,74.76,9.04,31.9,84.51,Good
STU004805,Sai Shah,EEE,B.Tech,4,8,A,21,65.3,83.62,33.85,74.65,69.51,8.67,18.08,76.1,Average
STU004806,Yash Mishra,CSE,B.Tech,2,3,A,19,83.42,71.09,35.73,63.43,79.38,7.28,26.24,83.45,Good
STU004807,Aditi Gupta,Mechanical,B.Tech,2,3,C,20,85.02,80.88,38.74,64.36,76.99,8.31,22.52,72.62,Good
STU004808,Meera Gupta,CSE,M.Tech,1,1,B,25,82.83,83.01,39.24,64.19,87.56,8.24,22.21,79.8,Excellent
STU004809,Sanjay Joshi,ECE,B.Tech,1,2,A,18,76.19,68.26,33.35,66.47,78.04,9.27,21.5,80.71,Good
STU004810,Sai Shah,CSE,B.Tech,1,2,B,20,96.78,82.43,37.27,72.49,70.29,7.26,24.6,83.27,Good
STU004811,Bhavya Verma,EEE,B.Tech,1,1,D,19,67.91,74.19,35.54,69.11,70.83,8.13,19.42,63.02,Average
STU004812,Varun Pillai,ECE,B.Tech,3,6,C,21,91.27,71.11,29.93,59.85,68.05,7.18,24.35,76.84,Average
STU004813,Diya Verma,EEE,B.Tech,4,7,D,22,84.16,80.99,39.7,66.83,74.41,8.37,23.46,85.76,Good
STU004814,Sanjay Das,AI & DS,B.Tech,2,4,D,20,91.88,74.1,44.53,66.08,70.41,7.32,19.4,71.9,Good
STU004815,Diya Kumar,Mechanical,B.Tech,3,5,C,21,80.07,88.25,40.91,63.9,79.89,7.99,23.2,82.19,Good
STU004816,Isha Nair,ECE,M.Tech,2,3,B,24,52.36,75.48,31.23,78.04,74.83,8.79,19.6,69.58,At Risk
STU004817,Rohan Mehta,ECE,B.Tech,2,4,B,20,92.45,81.31,32.56,69.66,90.07,8.91,24.87,77.9,Excellent
STU004818,Aryan Das,CSE,B.Tech,2,3,B,19,86.28,79.88,40.01,72.28,79.45,7.96,18.18,79.8,Good
STU004819,Sai Das,Mechanical,B.Tech,1,1,A,18,77.83,69.52,33.49,65.62,78.04,8.54,17.68,65.96,Good
STU004820,Sneha Singh,Mechanical,B.Tech,3,5,C,21,74.65,73.11,32.66,59.17,68.01,8.57,22.36,58.55,Average
STU004821,Shreya Patel,AI & DS,B.Tech,1,2,C,18,91.9,65.14,35.96,72.7,58.39,6.9,23.57,75.59,Average
STU004822,Aditya Mishra,CSE,B.Tech,2,4,A,21,73.3,82.5,36.27,73.07,75.58,8.27,20.14,72.13,Average
STU004823,Meera Rao,CSE,B.Tech,3,5,D,22,91.4,82.84,40.62,64.6,69.05,8.45,24.6,86.15,Average
STU004824,Vikram Mishra,Mechanical,B.Tech,4,8,A,23,85.11,74.81,31.22,74.6,70.62,8.26,24.7,73.42,Good
STU004825,Rahul Bose,IT,B.Tech,3,6,B,21,74.29,70.48,30.74,58.69,76.82,8.23,16.64,62.14,Average
STU004826,Diya Nair,CSE,B.Tech,4,8,D,23,77.37,71.59,35.08,59.06,77.51,7.38,18.44,78.3,Good
STU004827,Karan Shah,IT,B.Tech,2,4,D,20,74.71,78.76,35.98,74.66,80.13,8.16,19.97,79.52,Average
STU004828,Manish Kumar,Civil,B.Tech,1,1,D,18,83.06,76.56,38.16,65.43,81.92,8.32,22.43,74.5,Good
STU004829,Varun Joshi,ECE,B.Tech,4,8,C,21,63.89,73.45,31.74,49.23,66.11,7.62,15.56,58.1,At Risk
STU004830,Bhavya Verma,Civil,B.Tech,3,5,D,20,77.67,84.45,37.01,72.09,76.76,8.75,25.6,77.14,Good
STU004831,Aditya Iyer,Mechanical,B.Tech,4,7,A,23,87.71,63.1,32.85,76.36,74.53,7.87,19.43,66.88,Good
STU004832,Rohan Mehta,CSE,B.Tech,4,7,C,23,80.03,71.16,26.88,60.41,72.28,6.97,23.7,75.68,Good
STU004833,Krishna Sharma,AI & DS,B.Tech,1,2,B,19,90.67,70.99,34.72,71.77,74.34,7.71,23.56,76.29,Good
STU004834,Surya Singh,ECE,B.Tech,2,4,C,21,77.96,62.59,29.91,59.89,51.59,8.03,24.66,64.44,At Risk
STU004835,Aditya Krishnan,ECE,B.Tech,4,8,D,23,75.17,68.77,37.15,62.28,70.47,7.55,17.31,78.29,Good
STU004836,Pooja Patel,AI & DS,B.Tech,1,2,B,19,100,70.65,33.84,50.93,58.7,8.06,24.58,73.72,Average
STU004837,Diya Verma,AI & DS,B.Tech,3,6,C,22,66.39,69.04,31.81,65.84,68.88,7.86,19.1,67.18,Average
STU004838,Varun Joshi,IT,B.Tech,1,1,A,20,75.93,81.15,35.64,64.74,66.82,8.85,20.08,84.17,Average
STU004839,Kavya Mehta,AI & DS,M.Tech,2,4,D,26,75.23,75.52,37.04,52.27,65.66,8.18,22.15,74.56,Average
STU004840,Meera Gupta,CSE,B.Tech,3,6,D,21,87.61,77.28,34.85,65.76,80.38,7.94,23.8,69.46,Good
STU004841,Aditya Nair,Mechanical,B.Tech,2,4,A,19,80.2,75.07,33.63,63.74,69.53,7.93,21.9,76.35,Average
STU004842,Manish Menon,EEE,B.Tech,2,3,D,19,81.14,79.65,38.67,82.8,81.54,8.9,23.14,85.28,Good
STU004843,Aryan Patel,ECE,B.Tech,1,2,B,19,80.96,66.51,28.53,61.48,71.05,6.58,17.25,73.35,Good
STU004844,Aryan Reddy,EEE,B.Tech,2,4,A,20,85.47,71.45,34.12,55.93,75.29,7.63,19.34,90.86,Good
STU004845,Aarav Mishra,EEE,B.Tech,1,2,C,18,94.01,78.77,37.88,68.21,88.56,8.28,25.54,85.93,Excellent
STU004846,Sneha Joshi,IT,B.Tech,3,5,A,22,82.62,65.29,33.46,56.84,74.2,7.74,19.11,75.55,Good
STU004847,Rohan Singh,CSE,B.Tech,2,4,B,21,86.92,74.43,37.38,70.82,71.26,8.46,22.4,74.11,Good
STU004848,Diya Patel,Mechanical,M.Tech,1,2,B,22,86.0,79.77,35.25,64.53,76.3,8.3,19.24,82.67,Good
STU004849,Aditya Das,ECE,B.Tech,3,5,C,20,73.92,71.42,31.87,62.65,71.74,7.87,15.55,64.1,Average
STU004850,Arjun Mishra,CSE,B.Tech,1,1,D,19,73.46,64.3,33.23,57.67,71.7,8.27,24.12,76.44,Average
STU004851,Nikhil Gupta,ECE,B.Tech,2,3,B,19,76.54,64.35,30.1,44.13,54.31,8.23,19.42,70.78,At Risk
STU004852,Arjun Sharma,Civil,B.Tech,2,3,B,21,94.58,77.32,37.8,65.91,79.2,7.75,22.4,80.49,Good
STU004853,Krishna Pillai,CSE,B.Tech,1,1,C,19,88.98,75.21,30.81,69.44,82.78,6.68,18.83,78.97,Good
STU004854,Krishna Shah,EEE,B.Tech,1,1,C,18,80.78,51.9,26.27,47.7,52.08,7.67,15.97,67.72,At Risk
STU004855,Aarav Verma,Civil,M.Tech,2,3,D,23,93.33,80.28,34.77,57.95,69.76,7.86,21.15,73.34,Average
STU004856,Akash Iyer,ECE,B.Tech,3,5,A,21,83.51,68.82,32.25,56.89,62.21,6.86,19.44,75.13,Average
STU004857,Sanjay Krishnan,ECE,B.Tech,1,2,B,20,80.61,72.37,31.34,77.38,72.96,7.59,25.64,78.7,Good
STU004858,Vikram Sharma,IT,B.Tech,3,5,A,20,69.06,84.16,39.56,56.29,82.79,8.95,22.33,78.97,Average
STU004859,Sneha Nair,AI & DS,B.Tech,3,6,A,20,76.06,68.21,30.82,66.27,70.15,8.16,19.17,72.99,Good
STU004860,Meera Sharma,CSE,B.Tech,2,4,D,20,83.75,67.5,32.56,59.8,73.91,7.37,23.11,71.84,Good
STU004861,Isha Das,IT,M.Tech,2,3,B,25,72.71,57.7,22.75,58.56,63.01,6.73,20.34,71.41,Average
STU004862,Krishna Patel,EEE,M.Tech,1,1,C,25,55.2,83.91,37.53,74.42,73.8,7.6,18.68,81.96,At Risk
STU004863,Arjun Menon,AI & DS,B.Tech,4,7,D,23,83.39,81.61,38.37,67.7,78.29,8.38,19.36,70.26,Good
STU004864,Krishna Rao,IT,B.Tech,1,2,B,19,93.86,83.9,43.66,67.21,64.14,9.0,17.24,84.71,Average
STU004865,Ananya Gupta,CSE,B.Tech,3,5,B,20,71.73,63.73,32.32,48.58,53.53,7.62,21.26,75.97,At Risk
STU004866,Manish Kumar,Mechanical,B.Tech,4,7,C,22,77.41,68.69,41.39,74.06,69.43,7.92,18.99,62.21,Average
STU004867,Varun Nair,IT,B.Tech,4,7,A,23,71.23,59.41,30.01,60.65,72.03,7.77,19.05,67.45,Average
STU004868,Krishna Bose,AI & DS,B.Tech,2,3,D,20,68.13,63.49,31.59,59.26,71.21,6.89,17.43,70.79,Average
STU004869,Akash Mehta,CSE,B.Tech,2,3,B,19,63.57,64.25,31.06,64.4,71.06,8.33,17.25,56.15,At Risk
STU004870,Tanvi Iyer,IT,B.Tech,1,2,A,18,78.14,71.06,36.15,62.87,69.46,7.87,27.99,69.24,Average
STU004871,Vikram Gupta,CSE,B.Tech,2,4,B,21,83.81,75.81,40.51,73.59,87.81,7.85,27.29,85.86,Excellent
STU004872,Vikram Iyer,CSE,B.Tech,4,8,C,21,87.78,75.13,40.15,65.74,86.28,8.29,23.13,76.44,Excellent
STU004873,Shreya Shah,IT,B.Tech,1,2,C,20,73.31,82.69,36.63,72.63,91.21,7.13,26.7,76.51,Average
STU004874,Tanvi Reddy,ECE,B.Tech,1,1,C,18,63.2,56.23,29.61,66.9,64.32,8.03,14.44,59.65,At Risk
STU004875,Bhavya Sharma,CSE,B.Tech,2,3,C,21,70.34,79.49,38.14,64.45,81.11,7.6,17.3,60.5,Average
STU004876,Krishna Kumar,AI & DS,B.Tech,3,5,D,22,83.19,84.32,42.06,68.44,92.95,8.12,21.19,65.28,Excellent
STU004877,Pooja Singh,Civil,B.Tech,2,4,C,21,89.58,81.64,33.63,73.95,85.98,8.75,22.81,90.1,Excellent
STU004878,Kavya Verma,CSE,B.Tech,3,5,A,21,89.33,67.08,38.43,58.4,66.04,6.85,21.32,64.91,Average
STU004879,Kavya Sharma,ECE,B.Tech,1,2,D,19,87.2,82.79,40.27,66.97,71.79,7.43,22.83,90.68,Good
STU004880,Rohan Reddy,AI & DS,B.Tech,2,3,A,19,75.98,61.59,38.53,60.21,62.34,7.63,19.96,72.99,Average
STU004881,Ishaan Menon,AI & DS,B.Tech,4,8,D,22,78.72,72.69,32.58,75.35,76.28,7.82,20.52,88.4,Good
STU004882,Surya Pillai,EEE,B.Tech,3,5,A,20,90.17,78.61,32.28,53.76,80.39,7.89,24.42,93.14,Good
STU004883,Diya Patel,AI & DS,B.Tech,2,3,D,20,75.25,75.39,32.1,57.5,67.55,7.64,15.62,59.36,Average
STU004884,Vikram Iyer,IT,B.Tech,2,3,D,19,79.9,73.13,34.15,53.45,64.99,7.65,19.9,79.97,Average
STU004885,Surya Sharma,Civil,B.Tech,4,7,A,21,89.13,69.21,31.41,48.39,65.23,8.19,25.95,84.34,Average
STU004886,Aditi Mehta,ECE,M.Tech,2,3,C,26,76.22,76.14,34.25,71.29,75.7,7.88,28.46,80.4,Good
STU004887,Aryan Joshi,EEE,B.Tech,1,2,A,20,96.04,86.25,43.84,70.9,69.11,8.3,29.59,97.22,Average
STU004888,Isha Singh,EEE,M.Tech,1,1,C,25,85.6,71.4,35.2,63.74,92.26,8.41,23.48,78.85,Excellent
STU004889,Sai Chatterjee,AI & DS,M.Tech,2,4,A,25,86.67,65.22,34.06,60.59,63.17,7.58,25.79,74.63,Average
STU004890,Krishna Singh,CSE,B.Tech,2,3,D,20,89.01,70.2,30.15,69.23,70.64,7.28,22.56,63.7,Good
STU004891,Sneha Das,Mechanical,B.Tech,3,5,A,22,61.48,77.63,38.45,56.22,71.64,7.84,17.3,67.47,At Risk
STU004892,Shreya Kumar,CSE,B.Tech,4,8,D,21,70.9,70.69,37.31,53.99,52.26,7.49,17.49,65.95,At Risk
STU004893,Akash Pillai,CSE,B.Tech,3,6,D,22,78.09,73.7,28.66,64.79,63.78,7.64,24.54,75.68,Average
STU004894,Karan Gupta,AI & DS,B.Tech,1,2,B,18,85.63,66.87,33.26,70.86,65.28,7.75,22.23,80.64,Average
STU004895,Tanvi Pillai,AI & DS,B.Tech,1,2,A,19,74.31,67.38,26.2,49.27,60.0,7.22,19.57,68.4,Average
STU004896,Nisha Gupta,AI & DS,B.Tech,2,3,A,20,95.63,90.94,43.68,78.15,100,8.82,27.99,85.99,Excellent
STU004897,Tanvi Patel,ECE,B.Tech,3,5,D,22,86.1,77.18,31.75,62.44,68.93,7.61,24.06,87.14,Average
STU004898,Pooja Rao,CSE,B.Tech,1,2,A,20,96.33,75.89,38.43,59.51,71.22,8.51,19.13,83.66,Good
STU004899,Akash Sharma,CSE,B.Tech,3,5,C,21,80.97,62.36,33.86,55.18,74.14,8.36,12.58,70.37,Good
STU004900,Zoya Pillai,EEE,B.Tech,1,1,C,18,77.18,76.77,27.25,51.91,66.84,7.92,19.83,75.63,Average
STU004901,Aarav Chatterjee,CSE,B.Tech,1,2,A,19,67.42,77.47,36.3,65.29,64.8,8.49,21.95,72.51,Average
STU004902,Rohan Verma,CSE,B.Tech,1,1,B,20,84.9,73.89,28.89,67.17,74.57,7.57,26.98,69.36,Good
STU004903,Riya Rao,ECE,B.Tech,1,1,A,20,72.26,62.8,25.3,55.56,68.36,7.78,18.45,72.06,Average
STU004904,Aarav Nair,AI & DS,B.Tech,3,6,B,22,78.7,63.37,30.6,46.19,66.06,7.48,18.83,84.94,Average
STU004905,Nikhil Bose,ECE,B.Tech,2,4,B,19,78.43,74.28,40.36,70.02,90.35,8.5,18.22,73.3,Good
STU004906,Sneha Kumar,AI & DS,B.Tech,1,1,D,19,63.15,73.85,28.28,59.55,78.26,8.48,11.89,63.8,At Risk
STU004907,Varun Rao,CSE,B.Tech,2,4,B,21,86.26,69.58,29.39,58.13,69.41,7.22,22.07,73.77,Average
STU004908,Akash Mishra,AI & DS,B.Tech,3,6,D,21,73.5,61.45,26.72,47.91,54.2,7.25,13.26,59.62,At Risk
STU004909,Nikhil Menon,EEE,B.Tech,3,6,D,20,85.41,75.79,37.0,65.88,76.9,8.83,24.96,59.8,Good
STU004910,Aarav Nair,EEE,B.Tech,4,7,C,21,81.47,75.55,29.14,64.66,82.83,8.36,22.84,78.7,Good
STU004911,Sanjay Nair,EEE,B.Tech,1,2,B,18,78.53,72.15,31.67,66.33,73.08,7.81,16.34,65.79,Good
STU004912,Tanvi Chatterjee,CSE,B.Tech,3,6,A,20,84.27,81.7,33.51,50.41,74.55,7.3,25.43,88.14,Good
STU004913,Varun Bose,AI & DS,B.Tech,2,4,B,21,79.4,66.17,31.39,57.88,59.54,7.34,18.53,73.65,Average
STU004914,Arjun Gupta,ECE,B.Tech,3,6,A,20,78.73,75.44,29.68,58.18,74.57,7.77,22.19,71.35,Good
STU004915,Aryan Iyer,EEE,B.Tech,3,6,D,20,90.14,82.64,37.28,74.28,89.66,8.21,22.27,79.75,Excellent
STU004916,Akash Menon,ECE,B.Tech,2,3,B,19,79.2,65.39,30.94,54.83,70.91,7.53,22.9,68.86,Good
STU004917,Vikram Joshi,Civil,B.Tech,2,4,A,19,66.67,76.71,41.54,67.17,86.03,8.02,16.18,63.7,Average
STU004918,Aarav Shah,IT,M.Tech,1,2,D,24,90.44,75.27,35.33,61.26,65.11,7.07,27.98,80.63,Average
STU004919,Bhavya Menon,ECE,B.Tech,2,3,B,20,78.93,83.41,40.31,72.14,82.58,8.67,21.22,73.0,Good
STU004920,Aditya Pillai,AI & DS,B.Tech,2,3,C,19,84.56,69.0,27.49,66.24,64.8,8.19,22.83,72.78,Average
STU004921,Diya Kumar,CSE,B.Tech,3,5,C,22,81.91,71.41,39.5,67.71,71.7,8.06,25.62,79.98,Good
STU004922,Rohan Singh,IT,B.Tech,2,4,A,20,80.35,71.69,37.78,83.16,78.68,7.98,24.9,82.09,Good
STU004923,Kavya Joshi,ECE,M.Tech,2,4,D,26,66.88,61.28,29.84,50.76,64.66,7.83,19.8,69.53,Average
STU004924,Rohan Das,CSE,B.Tech,3,5,A,22,77.72,81.04,34.48,63.68,72.24,8.22,21.97,73.89,Good
STU004925,Aarav Singh,CSE,B.Tech,2,4,C,19,84.23,76.61,36.9,68.16,68.91,8.26,16.91,81.77,Average
STU004926,Manish Reddy,CSE,B.Tech,2,3,A,19,83.34,80.44,40.81,67.52,73.61,8.76,21.51,73.29,Good
STU004927,Nikhil Menon,CSE,B.Tech,4,7,B,21,85.06,82.5,41.24,81.8,87.08,8.74,25.98,86.95,Excellent
STU004928,Sneha Mehta,Civil,B.Tech,4,8,A,21,77.05,77.13,39.44,54.7,63.05,7.92,25.19,84.93,Average
STU004929,Rohan Singh,Civil,B.Tech,1,2,B,19,86.99,85.56,43.48,70.71,95.28,8.97,18.21,87.24,Excellent
STU004930,Riya Gupta,ECE,B.Tech,1,2,D,20,73.34,77.24,35.29,63.85,79.66,8.59,24.17,66.77,Average
STU004931,Varun Patel,EEE,B.Tech,4,7,D,23,67.51,59.53,30.55,56.54,66.52,7.46,12.62,56.98,Average
STU004932,Meera Patel,EEE,B.Tech,2,3,B,20,66.57,63.2,30.44,69.47,65.01,7.82,22.74,76.03,Average
STU004933,Aditi Joshi,Mechanical,B.Tech,4,7,C,23,91.82,87.78,39.19,73.69,100,8.86,25.86,85.39,Excellent
STU004934,Aryan Bose,EEE,B.Tech,1,1,C,18,84.72,69.21,32.26,60.45,70.4,8.29,21.45,57.05,Good
STU004935,Sneha Iyer,Mechanical,B.Tech,2,4,A,19,73.27,72.78,34.69,73.17,83.51,8.05,22.86,90.66,Average
STU004936,Pooja Chatterjee,Mechanical,B.Tech,2,4,A,20,76.0,73.97,30.46,55.76,87.26,7.37,23.6,81.13,Good
STU004937,Sanjay Chatterjee,EEE,B.Tech,3,6,B,20,76.01,74.98,32.65,77.29,77.31,8.05,29.54,78.18,Good
STU004938,Aarav Singh,Civil,B.Tech,1,1,A,20,62.25,75.21,35.43,59.83,76.29,6.73,17.33,65.25,At Risk
STU004939,Aditi Patel,AI & DS,B.Tech,1,2,A,20,87.32,75.48,32.23,59.42,67.93,7.83,26.93,76.77,Average
STU004940,Surya Iyer,CSE,B.Tech,3,5,B,21,81.51,68.27,32.82,65.76,78.35,7.76,23.79,72.47,Good
STU004941,Diya Reddy,ECE,B.Tech,1,1,C,18,66.2,74.69,37.75,63.15,91.21,8.75,19.87,67.4,Average
STU004942,Nisha Krishnan,AI & DS,B.Tech,1,1,B,20,84.2,79.65,35.26,78.61,84.24,7.99,22.05,78.78,Good
STU004943,Nisha Bose,Mechanical,B.Tech,2,4,D,20,90.7,69.88,32.19,73.39,80.05,8.29,24.5,90.73,Good
STU004944,Rahul Das,AI & DS,B.Tech,1,2,B,18,79.9,80.19,39.29,83.73,80.1,9.67,23.48,62.67,Good
STU004945,Meera Shah,Civil,B.Tech,4,8,D,21,72.0,74.55,32.18,64.92,76.15,8.8,20.4,67.07,Average
STU004946,Aryan Reddy,CSE,M.Tech,2,4,A,26,88.02,69.58,38.5,63.84,72.94,7.72,21.06,69.11,Good
STU004947,Manish Singh,ECE,B.Tech,3,6,B,20,74.02,78.93,37.35,64.76,83.94,8.64,14.15,75.28,Average
STU004948,Pooja Rao,CSE,B.Tech,4,7,C,23,72.63,58.07,35.98,62.97,71.03,8.08,15.91,83.31,Average
STU004949,Karan Bose,AI & DS,B.Tech,1,2,B,19,74.63,73.12,38.01,66.47,73.23,8.23,24.96,75.23,Average
STU004950,Karan Kumar,IT,B.Tech,2,4,A,21,86.28,79.08,44.59,78.37,72.36,8.94,22.28,79.63,Good
STU004951,Nisha Joshi,CSE,M.Tech,1,2,B,23,70.38,59.71,26.53,60.28,64.59,7.53,22.77,77.26,Average
STU004952,Aarav Pillai,CSE,M.Tech,1,1,C,25,65.89,64.46,31.24,64.41,59.47,7.52,18.64,64.38,Average
STU004953,Sneha Patel,IT,B.Tech,2,4,A,21,64.63,64.56,30.27,53.58,63.11,7.97,25.26,83.29,At Risk
STU004954,Krishna Nair,AI & DS,B.Tech,2,3,D,21,80.27,69.55,41.69,62.93,87.34,8.71,23.75,67.06,Excellent
STU004955,Sanjay Reddy,CSE,B.Tech,3,5,C,21,84.02,72.42,33.6,50.66,71.96,8.62,19.59,80.62,Good
STU004956,Rahul Pillai,AI & DS,B.Tech,4,7,A,22,85.9,64.17,31.39,58.43,68.58,7.64,15.77,74.45,Average
STU004957,Ananya Pillai,CSE,B.Tech,2,3,B,21,89.55,87.39,37.69,79.35,83.51,8.98,23.07,89.83,Good
STU004958,Ishaan Pillai,CSE,M.Tech,2,4,A,26,80.43,71.02,34.82,69.12,78.84,7.55,22.79,69.17,Good
STU004959,Zoya Mishra,Mechanical,B.Tech,2,3,D,21,67.15,71.02,32.11,48.03,56.62,7.35,16.5,68.09,Average
STU004960,Aditi Gupta,EEE,B.Tech,3,6,A,20,63.35,68.35,32.73,66.11,67.62,7.16,19.19,70.28,At Risk
STU004961,Surya Bose,Mechanical,B.Tech,4,8,D,22,79.4,69.64,33.4,68.0,82.38,7.62,25.48,86.86,Good
STU004962,Manish Reddy,CSE,B.Tech,3,5,B,20,78.23,70.79,32.85,63.66,74.8,8.56,24.85,72.65,Good
STU004963,Rahul Joshi,Civil,B.Tech,1,2,C,18,80.22,67.88,35.87,72.0,80.55,7.73,25.25,80.14,Good
STU004964,Aryan Nair,CSE,B.Tech,2,4,B,19,76.99,79.5,33.52,51.23,73.64,7.87,18.03,71.76,Good
STU004965,Akash Gupta,Civil,B.Tech,4,8,C,22,79.52,78.71,42.35,51.18,74.0,8.73,22.13,80.2,Good
STU004966,Yash Mehta,Civil,B.Tech,1,1,C,20,70.29,78.46,38.73,58.56,79.75,8.3,20.22,78.19,Average
STU004967,Bhavya Nair,Civil,B.Tech,2,3,A,19,97.31,80.0,35.68,71.34,84.75,8.44,24.54,81.84,Good
STU004968,Aarav Iyer,EEE,M.Tech,2,3,C,24,91.73,70.84,35.04,68.14,65.76,7.66,24.15,70.6,Average
STU004969,Varun Patel,AI & DS,B.Tech,4,7,C,21,87.41,66.5,38.01,63.84,66.86,9.02,19.18,75.37,Average
STU004970,Aarav Iyer,CSE,B.Tech,4,7,A,23,79.49,68.38,38.38,67.42,67.14,7.72,16.26,82.52,Average
STU004971,Rohan Menon,CSE,B.Tech,4,7,C,22,88.11,59.28,33.21,58.44,74.52,7.3,18.28,68.83,Good
STU004972,Akash Patel,Mechanical,B.Tech,4,7,C,22,53.79,74.0,29.01,54.73,71.08,8.26,14.41,52.64,At Risk
STU004973,Varun Mishra,IT,B.Tech,2,3,D,21,90.04,62.94,30.79,59.64,55.66,7.32,24.28,73.45,Average
STU004974,Krishna Shah,Mechanical,B.Tech,2,3,C,21,83.97,78.45,40.04,68.69,69.95,7.98,22.66,79.34,Average
STU004975,Rahul Mehta,CSE,B.Tech,1,2,C,19,75.27,67.32,29.58,62.08,71.1,8.12,23.04,85.69,Good
STU004976,Sanjay Mehta,CSE,M.Tech,2,3,D,25,84.49,80.61,33.26,73.98,70.1,8.22,20.21,65.85,Good
STU004977,Sanjay Rao,CSE,B.Tech,2,3,B,19,73.8,63.28,32.41,57.56,63.85,7.61,25.08,68.82,Average
STU004978,Pooja Reddy,ECE,B.Tech,2,4,B,19,77.58,66.51,34.49,61.62,76.37,8.2,16.62,82.94,Good
STU004979,Sneha Gupta,ECE,B.Tech,4,7,B,22,70.66,79.61,39.26,72.02,88.94,8.96,19.18,67.79,Average
STU004980,Shreya Reddy,ECE,M.Tech,2,3,A,23,85.61,67.11,28.96,62.17,66.07,6.86,21.37,68.87,Average
STU004981,Arjun Nair,CSE,B.Tech,3,5,A,22,75.42,77.83,32.58,75.19,62.77,7.96,25.72,87.5,Average
STU004982,Krishna Rao,CSE,B.Tech,3,5,C,22,53.95,78.73,33.75,61.32,62.22,8.57,19.79,74.64,At Risk
STU004983,Shreya Kumar,CSE,B.Tech,1,2,C,19,93.3,63.5,29.48,58.18,64.94,8.01,22.48,88.09,Average
STU004984,Shreya Das,CSE,B.Tech,4,7,D,23,73.94,84.9,37.87,79.85,69.81,8.5,28.35,89.47,Average
STU004985,Krishna Chatterjee,ECE,B.Tech,1,2,B,18,64.08,82.56,37.32,66.93,68.32,8.02,20.71,77.54,At Risk
STU004986,Sai Rao,IT,M.Tech,1,1,A,24,86.02,76.2,34.5,65.18,87.42,7.22,27.42,78.29,Excellent
STU004987,Isha Gupta,IT,B.Tech,1,1,C,18,70.98,49.36,24.07,49.97,55.4,7.24,20.55,64.97,Average
STU004988,Zoya Kumar,ECE,B.Tech,2,3,D,19,95.65,91.91,40.19,74.43,86.49,7.66,31.2,79.21,Excellent
STU004989,Ananya Patel,CSE,B.Tech,3,6,D,21,81.54,69.84,32.33,57.09,77.81,8.15,20.19,67.3,Good
STU004990,Diya Rao,Mechanical,M.Tech,2,3,B,26,98.39,79.06,38.43,70.07,70.6,7.9,19.02,89.3,Good
STU004991,Aryan Rao,Civil,B.Tech,3,5,B,21,83.64,67.83,31.08,58.27,66.41,7.05,20.68,83.89,Average
STU004992,Bhavya Krishnan,Mechanical,B.Tech,4,8,C,23,95.51,74.67,29.18,70.89,74.03,7.62,23.42,80.0,Good
STU004993,Nisha Kumar,Civil,M.Tech,1,2,D,25,83.52,63.33,23.91,51.95,63.87,7.17,18.77,83.36,Average
STU004994,Manish Singh,ECE,B.Tech,3,5,A,22,85.73,86.41,38.67,61.77,84.05,7.35,28.24,74.59,Good
STU004995,Ananya Pillai,CSE,B.Tech,2,4,B,20,72.64,72.34,32.24,69.54,78.81,8.05,20.44,67.2,Average
STU004996,Kavya Iyer,AI & DS,B.Tech,4,8,B,21,79.69,73.07,35.22,53.78,66.4,7.66,22.43,76.14,Average
STU004997,Zoya Sharma,EEE,B.Tech,3,6,D,22,69.6,71.59,35.91,61.32,68.61,7.44,20.25,64.41,Average
STU004998,Krishna Krishnan,Civil,B.Tech,3,6,C,22,77.65,78.35,32.78,68.18,82.82,9.71,21.12,75.9,Good
STU004999,Sai Patel,ECE,B.Tech,3,6,C,22,89.66,75.54,31.82,63.69,74.37,7.44,24.75,84.67,Good
STU005000,Shreya Das,EEE,B.Tech,2,4,A,20,70.78,83.16,24.55,57.09,74.82,7.39,25.19,76.9,Average
STU005001,Tanvi Pillai,Civil,B.Tech,4,8,A,22,94.31,81.28,29.16,70.56,76.84,7.71,18.73,82.23,Good
STU005002,Sneha Shah,CSE,B.Tech,2,3,C,21,80.74,69.83,30.51,54.47,64.23,7.39,22.84,90.32,Average
STU005003,Aditya Sharma,EEE,B.Tech,3,5,A,22,80.87,76.83,38.82,63.91,79.03,8.36,21.66,66.15,Good
STU005004,Ishaan Sharma,Mechanical,B.Tech,1,1,C,19,81.59,72.84,35.05,58.94,75.15,7.57,15.51,66.04,Good
STU005005,Rohan Pillai,ECE,B.Tech,1,2,A,19,88.07,69.62,30.95,71.91,80.37,7.12,24.32,71.66,Good
STU005006,Meera Mishra,Mechanical,B.Tech,2,3,D,19,72.07,63.61,30.8,65.87,67.87,7.38,16.82,63.17,Average
STU005007,Vikram Krishnan,Civil,M.Tech,2,4,D,24,74.49,64.83,31.42,70.92,54.27,7.36,19.52,83.95,At Risk
STU005008,Tanvi Joshi,Civil,B.Tech,3,5,B,21,65.97,76.61,34.99,66.75,82.27,9.12,21.1,58.07,Average
STU005009,Vikram Gupta,CSE,B.Tech,3,5,D,20,86.84,78.33,32.16,71.4,74.35,7.88,19.84,77.45,Good
STU005010,Varun Joshi,EEE,B.Tech,2,4,A,19,81.58,80.86,38.38,55.02,65.75,8.49,19.66,87.67,Average
STU005011,Sneha Verma,Mechanical,M.Tech,1,2,D,25,99.01,86.31,40.7,73.44,100,8.81,19.72,74.72,Excellent
STU005012,Akash Menon,AI & DS,B.Tech,2,4,A,19,72.6,75.21,35.12,65.14,81.99,7.86,28.39,78.62,Average
STU005013,Kavya Rao,Civil,B.Tech,4,8,B,21,82.73,61.95,30.57,57.94,76.39,8.24,21.34,77.36,Good
STU005014,Sneha Pillai,AI & DS,B.Tech,1,1,B,19,70.35,72.45,37.61,58.11,69.5,8.06,18.45,67.74,Average
STU005015,Krishna Sharma,Mechanical,B.Tech,1,1,C,18,78.0,76.38,38.48,83.15,81.66,7.68,23.02,80.47,Good
STU005016,Kavya Mishra,AI & DS,B.Tech,1,2,D,20,83.83,70.34,35.06,68.66,78.86,8.19,22.78,67.53,Good
STU005017,Surya Bose,Mechanical,B.Tech,3,6,C,22,79.26,74.77,40.33,61.15,75.19,7.94,26.6,81.53,Good
STU005018,Sanjay Nair,Mechanical,B.Tech,4,7,D,22,80.56,78.16,33.96,75.55,80.79,8.24,24.4,90.21,Good
STU005019,Vikram Shah,Mechanical,B.Tech,1,1,C,19,83.85,67.66,36.02,59.49,87.85,8.59,23.87,86.17,Excellent
STU005020,Surya Shah,CSE,M.Tech,1,1,B,25,89.11,76.58,38.1,53.45,72.61,8.17,15.48,76.39,Good
STU005021,Ishaan Sharma,EEE,B.Tech,2,4,B,19,78.36,70.73,34.57,51.51,63.56,7.48,17.6,75.92,Average
STU005022,Isha Shah,IT,B.Tech,3,5,A,21,76.71,71.72,32.53,56.47,72.47,7.62,16.59,76.42,Good
STU005023,Aarav Kumar,AI & DS,B.Tech,2,3,B,21,74.59,78.27,33.19,67.42,77.1,8.77,21.32,74.21,Average
STU005024,Aryan Iyer,AI & DS,M.Tech,2,4,A,26,72.03,68.08,29.5,57.44,58.14,8.13,21.33,70.84,Average
STU005025,Rahul Joshi,IT,B.Tech,2,4,C,20,77.42,78.19,32.55,73.53,81.54,7.71,23.16,73.35,Good
STU005026,Isha Das,CSE,B.Tech,1,1,A,18,90.06,85.86,41.06,76.73,88.25,8.08,24.07,76.68,Excellent
STU005027,Riya Gupta,AI & DS,B.Tech,3,5,D,21,66.48,63.73,30.39,49.87,63.44,7.06,20.38,78.38,Average
STU005028,Arjun Nair,CSE,B.Tech,4,8,D,23,80.05,62.34,33.44,58.74,45.58,6.86,20.04,75.82,At Risk
STU005029,Yash Gupta,EEE,B.Tech,2,4,B,21,80.91,71.01,30.89,62.91,68.71,6.84,20.82,69.48,Average
STU005030,Sneha Mehta,AI & DS,M.Tech,2,4,D,24,77.84,64.67,34.15,49.64,64.15,7.52,20.15,73.19,Average
STU005031,Zoya Mehta,CSE,B.Tech,2,3,C,20,81.67,68.67,35.61,65.69,50.39,7.43,17.61,88.31,At Risk
STU005032,Sai Mehta,ECE,B.Tech,4,8,A,22,83.27,74.41,34.36,65.1,86.62,8.16,20.87,72.69,Excellent
STU005033,Meera Pillai,AI & DS,B.Tech,4,8,A,21,79.61,68.4,29.65,64.39,72.63,7.89,22.53,74.53,Good
STU005034,Kavya Mishra,ECE,B.Tech,4,8,D,23,80.67,66.32,34.19,58.75,73.59,7.94,21.11,74.54,Good
STU005035,Rohan Nair,EEE,B.Tech,3,5,D,22,52.94,67.63,24.1,58.9,55.9,7.4,19.13,58.33,At Risk
STU005036,Nikhil Das,CSE,B.Tech,3,5,C,22,80.38,72.11,26.45,63.44,64.65,7.5,20.95,81.0,Average
STU005037,Aryan Pillai,Mechanical,B.Tech,3,5,A,20,81.26,69.84,35.54,91.74,87.79,7.44,29.62,81.55,Excellent
STU005038,Krishna Reddy,EEE,B.Tech,1,2,A,20,90.75,69.73,39.15,76.68,87.84,8.6,24.45,81.56,Excellent
STU005039,Ananya Bose,ECE,B.Tech,4,8,D,22,81.14,68.41,34.33,71.98,76.78,8.22,20.08,74.99,Good
STU005040,Meera Iyer,ECE,B.Tech,2,4,B,19,86.68,79.76,31.91,66.49,71.38,8.09,23.9,76.65,Good
STU005041,Pooja Mehta,Civil,B.Tech,1,2,D,19,73.94,69.96,28.7,58.63,72.15,7.54,22.72,80.44,Average
STU005042,Akash Gupta,CSE,B.Tech,3,5,A,21,84.9,67.72,37.69,62.9,93.9,7.48,24.69,82.37,Excellent
STU005043,Nisha Mishra,ECE,B.Tech,4,8,A,21,68.68,67.14,34.46,53.73,80.27,7.69,19.49,62.58,Average
STU005044,Rohan Shah,CSE,M.Tech,2,3,B,25,70.58,74.11,30.98,57.5,59.21,7.07,20.96,75.5,Average
STU005045,Meera Sharma,CSE,M.Tech,1,2,B,23,80.29,64.08,33.96,53.61,76.52,7.76,16.19,77.08,Good
STU005046,Tanvi Bose,CSE,B.Tech,1,1,D,20,77.09,78.9,39.85,79.0,80.46,7.8,27.61,82.38,Good
STU005047,Surya Mehta,Mechanical,M.Tech,1,1,B,22,90.03,89.97,46.11,70.69,81.13,8.64,26.5,88.18,Good
STU005048,Ananya Singh,EEE,B.Tech,3,5,A,21,82.22,59.44,30.7,66.95,83.47,8.09,18.36,62.94,Good
STU005049,Surya Krishnan,AI & DS,B.Tech,1,2,A,18,71.25,74.75,27.57,59.66,67.12,7.48,19.19,74.27,Average
STU005050,Zoya Menon,AI & DS,B.Tech,4,8,C,21,81.2,63.21,36.02,56.16,84.69,7.7,18.5,72.94,Good
STU005051,Aarav Verma,AI & DS,B.Tech,4,7,D,22,79.47,69.03,31.46,66.28,68.73,8.09,23.33,79.85,Average
STU005052,Krishna Joshi,IT,B.Tech,1,1,A,20,79.08,74.75,33.35,70.89,88.88,8.66,20.09,79.3,Good
STU005053,Ishaan Mehta,CSE,B.Tech,2,4,C,21,67.6,71.61,35.24,67.73,81.92,8.05,18.87,71.44,Average
STU005054,Manish Reddy,ECE,M.Tech,1,1,D,22,82.16,80.75,39.36,78.5,85.79,8.41,20.38,81.79,Excellent
STU005055,Pooja Menon,Mechanical,B.Tech,2,3,C,20,67.69,57.31,23.98,44.68,67.78,6.64,16.8,73.53,Average
STU005056,Meera Gupta,IT,B.Tech,3,6,A,21,84.45,83.97,40.06,81.14,81.32,8.92,20.49,92.09,Good
STU005057,Karan Mehta,ECE,B.Tech,1,1,C,20,85.27,76.35,39.17,56.48,73.11,7.38,18.54,82.8,Good
STU005058,Manish Verma,ECE,B.Tech,1,1,D,20,70.84,75.57,36.44,74.21,65.64,7.93,22.3,65.89,Average
STU005059,Isha Shah,EEE,B.Tech,2,4,B,20,78.44,68.61,36.15,65.3,80.11,9.18,21.43,80.16,Good
STU005060,Karan Menon,ECE,B.Tech,4,8,A,21,78.66,65.65,34.89,62.16,67.52,7.74,21.91,74.47,Average
STU005061,Bhavya Sharma,Mechanical,B.Tech,3,6,D,22,77.25,57.76,29.4,63.63,79.19,7.11,21.94,62.98,Good
STU005062,Akash Rao,CSE,B.Tech,4,8,B,21,83.94,72.37,33.98,60.89,66.93,7.63,24.58,73.08,Average
STU005063,Bhavya Rao,AI & DS,B.Tech,2,3,D,20,79.54,73.72,32.35,78.53,76.2,9.13,22.17,70.14,Good
STU005064,Pooja Mishra,IT,B.Tech,1,1,C,18,75.44,71.62,27.36,64.42,67.86,8.0,24.74,84.36,Average
STU005065,Pooja Singh,Civil,B.Tech,2,3,B,19,82.52,65.93,35.1,56.27,62.11,7.58,17.98,75.2,Average
STU005066,Sanjay Menon,AI & DS,B.Tech,3,6,C,20,74.45,71.31,28.21,60.84,71.84,7.53,23.32,78.18,Average
STU005067,Nisha Mishra,IT,B.Tech,2,4,A,21,58.38,70.06,33.33,64.03,81.43,8.42,16.63,74.14,At Risk
STU005068,Tanvi Pillai,Mechanical,B.Tech,4,7,D,21,78.04,64.68,32.22,62.14,70.03,7.84,25.08,67.51,Good
STU005069,Rohan Mehta,AI & DS,B.Tech,2,4,A,19,73.57,77.34,34.26,60.55,71.11,7.98,19.83,70.85,Average
STU005070,Pooja Sharma,Mechanical,B.Tech,3,6,C,21,88.13,67.98,34.74,65.94,76.87,8.58,19.74,78.98,Good
STU005071,Aarav Rao,CSE,B.Tech,4,7,A,22,79.62,48.87,29.63,48.07,67.88,7.21,16.18,62.7,Average
STU005072,Diya Sharma,ECE,B.Tech,4,8,A,23,84.48,84.55,42.78,71.91,100,8.14,24.99,75.99,Excellent
STU005073,Ishaan Gupta,ECE,B.Tech,4,7,B,21,74.38,71.22,33.88,60.13,71.98,7.97,21.38,71.64,Average
STU005074,Karan Bose,ECE,B.Tech,1,1,B,20,71.95,73.33,36.27,67.84,66.71,8.23,14.74,81.19,Average
STU005075,Sai Chatterjee,AI & DS,B.Tech,1,2,C,18,85.94,74.14,38.03,80.3,77.96,8.86,19.33,90.78,Good
STU005076,Surya Joshi,AI & DS,M.Tech,1,2,B,23,87.29,83.48,35.46,59.15,66.69,7.9,27.29,76.0,Average
STU005077,Akash Singh,CSE,M.Tech,1,1,B,24,78.63,58.04,31.31,50.88,57.67,7.66,17.62,77.1,Average
STU005078,Aditi Mehta,Mechanical,M.Tech,2,3,C,23,71.48,89.33,36.72,69.97,82.6,6.97,25.09,83.64,Average
STU005079,Arjun Reddy,AI & DS,M.Tech,2,4,A,24,97.64,79.08,38.9,70.23,93.21,7.27,31.72,84.54,Excellent
STU005080,Ishaan Menon,AI & DS,B.Tech,2,3,C,19,70.23,72.0,32.65,50.24,62.48,8.1,21.04,64.83,Average
STU005081,Rohan Das,ECE,B.Tech,3,6,B,22,72.67,81.55,36.46,63.77,77.14,7.63,19.01,87.02,Average
STU005082,Krishna Verma,EEE,B.Tech,1,1,B,18,90.35,65.88,31.46,46.73,57.75,6.97,19.91,82.44,Average
STU005083,Sneha Verma,EEE,B.Tech,1,2,D,19,71.81,78.15,41.36,64.37,80.13,9.29,20.2,65.82,Average
STU005084,Yash Iyer,ECE,B.Tech,4,7,D,23,93.92,85.19,39.06,68.27,77.86,8.24,27.72,90.29,Good
STU005085,Sneha Das,IT,B.Tech,4,8,D,22,89.84,73.83,34.56,64.66,78.28,8.12,21.27,80.92,Good
STU005086,Arjun Patel,AI & DS,B.Tech,4,8,B,21,72.98,62.3,31.63,54.57,62.36,6.72,18.67,71.33,Average
STU005087,Aryan Gupta,ECE,B.Tech,2,3,D,20,82.04,67.03,35.7,59.38,68.03,7.94,20.33,67.13,Average
STU005088,Meera Gupta,CSE,B.Tech,3,6,D,22,83.43,79.48,29.32,72.64,74.15,7.54,20.49,72.74,Good
STU005089,Aryan Rao,CSE,B.Tech,3,5,A,20,83.2,69.28,38.31,60.82,79.77,8.51,17.61,75.2,Good
STU005090,Aryan Nair,ECE,B.Tech,3,6,D,20,75.49,77.01,35.55,54.57,68.94,8.29,20.98,62.52,Average
STU005091,Shreya Bose,ECE,M.Tech,1,1,D,23,74.08,73.92,37.79,62.3,72.54,8.78,20.08,63.58,Average
STU005092,Arjun Pillai,AI & DS,B.Tech,4,7,B,21,86.41,79.67,30.72,66.85,69.38,7.1,18.67,72.83,Average
STU005093,Varun Kumar,EEE,B.Tech,3,6,D,22,78.0,61.4,34.6,63.09,65.7,7.46,13.46,71.77,Average
STU005094,Surya Mehta,AI & DS,B.Tech,2,3,A,21,87.54,69.52,36.62,71.8,65.03,8.5,24.05,86.32,Average
STU005095,Riya Iyer,CSE,B.Tech,1,1,A,19,86.07,69.42,35.31,61.91,74.74,7.42,21.27,80.21,Good
STU005096,Ishaan Verma,IT,B.Tech,4,8,C,22,76.84,73.3,33.64,50.35,76.93,7.61,21.79,79.2,Good
STU005097,Manish Krishnan,AI & DS,B.Tech,2,4,A,20,84.63,63.66,33.23,59.55,70.45,6.74,20.44,70.42,Good
STU005098,Arjun Rao,ECE,B.Tech,1,2,A,20,77.62,80.21,37.03,86.9,80.55,8.55,20.25,70.72,Good
STU005099,Bhavya Chatterjee,AI & DS,B.Tech,1,1,B,20,81.58,68.79,32.72,76.01,75.5,7.57,22.12,78.36,Good
STU005100,Shreya Shah,Mechanical,B.Tech,1,1,C,18,72.47,85.66,40.51,71.1,88.26,8.26,17.77,80.99,Average
STU005101,Rohan Joshi,IT,B.Tech,1,2,D,20,86.08,82.71,39.18,74.09,80.24,8.92,21.27,90.96,Good
STU005102,Bhavya Rao,ECE,B.Tech,3,5,A,22,94.21,77.49,33.28,59.4,77.34,6.94,24.17,80.05,Good
STU005103,Aryan Menon,CSE,B.Tech,2,3,A,19,78.44,67.63,29.39,62.07,69.99,6.79,23.13,87.62,Average
STU005104,Aarav Krishnan,CSE,M.Tech,1,2,D,23,90.06,70.08,33.52,62.62,61.11,7.76,21.54,78.38,Average
STU005105,Nikhil Mishra,Mechanical,B.Tech,3,5,A,21,69.22,73.79,35.37,55.65,85.58,7.87,17.15,88.28,Average
STU005106,Sanjay Iyer,IT,B.Tech,3,5,A,21,72.11,66.28,36.09,54.02,65.8,8.34,15.18,61.95,Average
STU005107,Rohan Mishra,EEE,B.Tech,2,4,B,20,82.62,68.19,33.28,53.9,67.58,7.86,25.12,69.25,Average
STU005108,Sneha Verma,CSE,B.Tech,4,8,C,21,75.01,85.6,37.6,75.37,90.73,8.83,26.67,76.17,Good
STU005109,Kavya Menon,CSE,B.Tech,2,3,A,19,78.93,77.67,36.48,69.63,78.29,7.0,19.42,79.05,Good
STU005110,Tanvi Bose,ECE,B.Tech,1,2,B,18,79.75,62.77,29.17,56.28,61.32,6.51,20.36,60.08,Average
STU005111,Sneha Iyer,IT,B.Tech,1,2,A,20,75.5,74.68,32.92,65.38,75.57,8.22,18.24,70.05,Good
STU005112,Diya Verma,AI & DS,B.Tech,2,4,B,19,74.18,84.68,34.11,79.31,77.38,8.54,24.52,77.41,Average
STU005113,Karan Singh,CSE,B.Tech,4,8,B,21,80.1,68.03,32.16,60.11,82.72,7.7,22.02,71.14,Good
STU005114,Shreya Rao,CSE,B.Tech,3,6,D,22,84.82,72.0,36.7,65.67,81.81,8.21,23.06,71.64,Good
STU005115,Akash Shah,CSE,B.Tech,1,1,C,19,72.59,75.37,29.36,65.23,90.84,8.65,27.58,71.1,Average
STU005116,Kavya Iyer,CSE,B.Tech,1,1,B,18,87.81,73.7,35.28,75.2,79.31,7.81,22.88,90.83,Good
STU005117,Ananya Mehta,AI & DS,B.Tech,3,6,B,21,84.26,88.53,37.87,82.56,93.71,9.41,23.78,77.01,Excellent
STU005118,Zoya Menon,IT,M.Tech,2,3,D,25,78.79,72.93,32.77,73.84,80.43,7.85,24.26,70.12,Good
STU005119,Varun Reddy,Mechanical,B.Tech,4,8,D,23,89.0,84.73,38.24,73.46,73.86,7.73,27.37,83.06,Good
STU005120,Meera Mehta,CSE,B.Tech,1,1,B,20,73.35,61.59,31.09,55.78,63.65,8.04,14.38,70.55,Average
STU005121,Varun Patel,CSE,B.Tech,4,7,A,23,100,83.11,33.61,83.0,85.72,8.96,20.94,89.63,Excellent
STU005122,Ananya Mehta,CSE,B.Tech,2,4,B,19,77.18,72.69,33.84,64.3,76.66,8.23,19.06,78.01,Good
STU005123,Shreya Mehta,AI & DS,M.Tech,2,4,A,24,83.58,73.1,34.18,76.83,81.84,8.03,23.4,78.79,Good
STU005124,Diya Reddy,Mechanical,B.Tech,2,3,A,19,80.65,77.78,37.76,66.44,84.74,7.61,22.03,74.43,Good
STU005125,Rahul Das,AI & DS,B.Tech,4,7,D,23,74.59,77.74,37.25,74.3,81.83,8.22,20.02,67.81,Average
STU005126,Isha Mehta,CSE,B.Tech,1,2,D,19,79.88,80.58,34.88,61.67,80.4,8.12,21.91,62.72,Good
STU005127,Sanjay Pillai,AI & DS,B.Tech,1,1,D,20,91.65,70.23,34.62,68.96,76.56,7.72,22.17,74.12,Good
STU005128,Meera Verma,AI & DS,B.Tech,1,1,B,20,76.16,60.44,28.49,59.02,62.4,7.75,24.28,73.1,Average
STU005129,Kavya Kumar,Civil,B.Tech,3,6,C,21,76.48,76.26,32.26,68.37,85.6,8.0,21.34,83.5,Good
STU005130,Nisha Sharma,AI & DS,B.Tech,2,3,D,21,84.86,82.47,32.63,65.43,76.6,7.17,23.6,81.79,Good
STU005131,Isha Das,CSE,B.Tech,1,2,C,20,88.94,79.17,41.53,78.48,85.1,8.0,19.24,77.81,Excellent
STU005132,Karan Rao,CSE,B.Tech,2,4,D,19,78.3,86.82,44.7,79.36,81.16,9.0,21.88,80.91,Good
STU005133,Aditya Chatterjee,ECE,B.Tech,1,1,A,19,79.37,84.56,38.1,84.18,87.15,7.36,28.45,84.8,Good
STU005134,Zoya Krishnan,CSE,B.Tech,4,7,D,22,84.82,71.91,33.83,60.88,60.62,7.83,19.48,77.84,Average
STU005135,Kavya Gupta,Mechanical,B.Tech,2,3,C,20,83.37,73.95,35.02,61.38,69.59,7.97,17.3,70.96,Average
STU005136,Rahul Reddy,AI & DS,B.Tech,3,5,B,21,79.28,67.26,35.23,69.75,75.22,7.53,22.31,76.43,Good
STU005137,Diya Singh,Mechanical,B.Tech,1,2,D,20,71.74,75.41,33.85,60.36,73.2,7.95,22.36,76.28,Average
STU005138,Sneha Mehta,EEE,M.Tech,1,1,A,24,64.79,69.36,34.37,69.44,84.26,8.75,20.48,75.27,At Risk
STU005139,Vikram Nair,ECE,B.Tech,1,1,C,19,80.5,68.25,32.16,66.23,80.22,8.71,18.08,79.16,Good
STU005140,Aryan Kumar,ECE,M.Tech,2,4,B,25,79.74,64.42,31.2,62.02,66.82,7.5,19.23,66.6,Average
STU005141,Ananya Pillai,IT,B.Tech,2,4,A,21,79.38,73.43,33.06,59.63,71.02,8.24,19.05,66.27,Good
STU005142,Nisha Reddy,CSE,B.Tech,4,7,C,23,78.59,78.69,33.33,70.16,83.2,8.41,26.18,78.18,Good
STU005143,Akash Nair,CSE,B.Tech,2,3,A,21,76.99,88.53,46.26,71.2,91.23,8.93,19.09,72.91,Good
STU005144,Nisha Reddy,IT,B.Tech,3,5,D,20,79.85,61.8,36.55,68.36,78.4,7.59,20.79,70.8,Good
STU005145,Kavya Rao,IT,B.Tech,1,1,D,18,74.13,76.05,34.31,61.67,74.37,7.64,20.17,80.08,Average
STU005146,Tanvi Iyer,EEE,B.Tech,2,3,D,19,77.29,84.23,32.99,55.67,79.78,7.59,25.58,70.83,Good
STU005147,Diya Rao,EEE,B.Tech,2,3,C,21,86.85,83.43,37.56,71.49,79.41,7.91,24.37,76.19,Good
STU005148,Nikhil Chatterjee,Mechanical,B.Tech,3,6,A,20,91.32,82.14,41.48,75.22,90.08,8.36,19.62,80.58,Excellent
STU005149,Sanjay Mehta,CSE,B.Tech,3,5,D,22,76.85,64.99,31.41,59.4,73.46,7.69,18.83,69.61,Good
STU005150,Rahul Gupta,CSE,B.Tech,4,7,C,22,100,74.19,37.29,71.49,73.54,8.53,20.09,81.61,Good
STU005151,Sneha Shah,CSE,B.Tech,4,8,D,23,88.19,73.93,29.47,66.0,70.77,8.47,18.91,78.8,Good
STU005152,Nisha Joshi,AI & DS,B.Tech,4,8,C,23,68.16,68.85,32.41,56.66,73.26,7.1,18.15,62.43,Average
STU005153,Sai Pillai,CSE,B.Tech,4,8,A,22,83.75,77.96,37.48,63.45,86.67,6.87,21.24,74.75,Excellent
STU005154,Tanvi Verma,ECE,B.Tech,1,1,B,18,91.13,63.64,36.65,61.96,71.97,7.32,19.44,73.8,Good
STU005155,Varun Shah,ECE,B.Tech,2,4,C,21,90.11,88.43,44.05,73.53,90.61,8.12,18.94,80.75,Excellent
STU005156,Rohan Krishnan,EEE,B.Tech,3,6,A,20,67.98,89.35,42.9,82.88,98.38,8.33,25.82,86.46,Average
STU005157,Kavya Krishnan,ECE,B.Tech,4,7,C,21,77.16,72.74,35.25,61.78,67.66,8.48,21.01,74.84,Average
STU005158,Riya Reddy,ECE,B.Tech,4,8,C,21,93.21,78.38,37.41,69.56,75.51,7.78,25.58,77.15,Good
STU005159,Meera Nair,CSE,B.Tech,4,8,D,23,77.89,76.73,30.92,64.56,79.97,7.92,22.17,76.92,Good
STU005160,Ishaan Pillai,IT,B.Tech,1,2,D,19,68.57,84.67,33.3,66.85,78.93,7.29,16.03,76.28,Average
STU005161,Arjun Chatterjee,CSE,B.Tech,2,4,C,19,68.89,75.59,35.12,61.86,75.66,7.97,20.46,75.08,Average
STU005162,Aditya Gupta,CSE,B.Tech,4,8,D,23,84.07,65.81,34.45,61.11,70.33,7.84,26.7,73.33,Good
STU005163,Zoya Krishnan,EEE,B.Tech,2,4,A,19,74.34,70.17,29.5,61.98,72.25,8.23,20.13,85.03,Average
STU005164,Bhavya Pillai,EEE,B.Tech,1,2,D,18,71.83,64.55,33.0,61.83,71.73,7.53,17.69,70.83,Average
STU005165,Isha Bose,CSE,B.Tech,4,8,B,21,79.26,71.0,22.5,64.54,80.84,8.28,19.89,61.02,Good
STU005166,Karan Mehta,ECE,B.Tech,4,8,B,21,91.02,85.6,36.67,65.34,73.52,8.5,25.87,86.97,Good
STU005167,Karan Mishra,ECE,B.Tech,1,2,C,18,83.94,81.85,31.16,77.53,92.94,8.1,27.05,72.63,Excellent
STU005168,Ishaan Menon,CSE,B.Tech,2,3,D,19,73.37,58.11,30.73,60.6,65.46,7.79,19.54,69.24,Average
STU005169,Pooja Shah,ECE,B.Tech,4,8,B,22,67.83,70.39,35.63,59.53,70.73,7.69,17.34,70.65,Average
STU005170,Rohan Mishra,Civil,B.Tech,3,6,D,21,71.1,64.6,29.37,53.5,61.93,7.88,19.36,70.88,Average
STU005171,Isha Menon,Civil,B.Tech,2,3,A,20,81.87,75.79,33.5,66.24,68.5,7.88,24.12,71.02,Average
STU005172,Shreya Krishnan,IT,B.Tech,2,4,C,20,82.96,73.91,34.63,65.18,63.69,8.24,16.68,80.9,Average
STU005173,Aryan Mishra,Civil,B.Tech,2,3,D,19,82.77,62.87,34.68,44.5,63.5,6.8,21.51,79.1,Average
STU005174,Manish Sharma,ECE,B.Tech,2,3,B,19,74.38,63.1,26.14,53.74,54.96,7.76,18.53,64.2,At Risk
STU005175,Diya Verma,EEE,B.Tech,4,7,B,21,75.32,58.42,23.73,38.81,53.69,7.21,15.97,73.43,At Risk
STU005176,Akash Mehta,EEE,B.Tech,3,5,C,21,91.26,62.71,31.63,68.88,64.3,8.59,23.14,77.62,Average
STU005177,Pooja Patel,CSE,B.Tech,2,3,C,21,77.52,59.9,34.73,68.86,71.36,7.74,17.91,69.89,Good
STU005178,Ishaan Shah,Civil,B.Tech,3,6,C,22,76.37,78.62,32.13,65.54,66.24,8.47,17.76,87.4,Average
STU005179,Kavya Bose,ECE,B.Tech,3,5,B,22,77.26,76.86,36.62,69.21,92.79,7.61,20.13,79.68,Good
STU005180,Karan Verma,AI & DS,M.Tech,1,1,B,23,85.56,71.13,29.61,60.91,67.19,7.33,22.96,77.82,Average
STU005181,Aryan Gupta,AI & DS,B.Tech,1,1,C,18,81.37,64.05,32.73,59.05,77.58,7.54,21.58,77.97,Good
STU005182,Pooja Singh,AI & DS,B.Tech,4,8,D,21,77.0,78.77,33.6,67.39,73.8,8.24,19.76,84.19,Good
STU005183,Aarav Singh,Mechanical,B.Tech,4,7,C,22,71.37,69.34,34.66,56.43,82.01,7.88,23.15,78.43,Average
STU005184,Pooja Sharma,AI & DS,B.Tech,3,6,C,20,80.47,87.62,38.28,66.33,86.83,7.95,25.05,79.79,Excellent
STU005185,Tanvi Kumar,Mechanical,B.Tech,3,5,D,21,80.97,77.18,37.41,70.1,91.38,7.99,25.2,67.82,Excellent
STU005186,Surya Chatterjee,CSE,B.Tech,1,2,B,20,77.91,67.97,30.83,56.81,65.57,7.28,18.41,73.03,Average
STU005187,Aryan Gupta,ECE,B.Tech,2,4,C,21,89.57,68.0,29.75,65.66,80.09,7.07,20.87,83.77,Good
STU005188,Meera Pillai,IT,B.Tech,4,8,B,21,88.09,85.01,40.4,68.67,90.3,7.72,31.2,69.38,Excellent
STU005189,Meera Gupta,EEE,B.Tech,3,5,B,20,70.9,55.87,21.49,55.06,55.71,7.93,15.55,64.51,Average
STU005190,Ananya Verma,Civil,M.Tech,1,1,C,23,85.6,68.4,34.36,65.83,61.57,7.63,18.92,64.63,Average
STU005191,Zoya Chatterjee,IT,B.Tech,3,5,A,22,90.69,74.02,31.44,72.65,77.05,8.22,27.73,86.9,Good
STU005192,Surya Verma,EEE,B.Tech,3,6,D,22,80.02,70.64,36.11,69.97,60.29,7.63,21.6,73.59,Average
STU005193,Riya Mehta,AI & DS,M.Tech,2,3,D,24,67.75,61.49,27.11,58.7,65.59,7.58,22.95,81.19,Average
STU005194,Tanvi Menon,Civil,B.Tech,1,2,D,19,53.18,67.59,31.3,64.42,67.29,7.17,23.82,59.88,At Risk
STU005195,Tanvi Reddy,IT,B.Tech,1,2,C,18,84.22,68.3,35.58,66.45,78.46,7.84,16.82,70.46,Good
STU005196,Rohan Nair,EEE,B.Tech,4,7,A,23,93.46,66.22,30.24,59.16,68.1,6.81,24.55,83.67,Average
STU005197,Rohan Mishra,IT,B.Tech,1,1,B,19,99.66,70.96,40.79,62.14,73.37,8.92,22.49,89.01,Good
STU005198,Aditi Verma,Mechanical,B.Tech,4,8,D,22,85.89,61.37,32.89,56.29,60.08,6.82,20.35,68.26,Average
STU005199,Pooja Gupta,Civil,B.Tech,3,6,B,20,80.96,82.87,35.84,68.72,66.99,8.73,20.69,71.75,Average
STU005200,Sanjay Verma,Mechanical,B.Tech,3,6,A,20,86.97,68.25,25.5,54.21,75.53,8.07,21.08,73.99,Good
STU005201,Karan Iyer,IT,B.Tech,4,7,B,22,76.84,81.17,38.9,77.05,75.59,9.04,16.59,64.01,Good
STU005202,Sneha Verma,Mechanical,M.Tech,1,1,B,25,76.42,72.53,34.96,69.41,74.13,8.15,19.93,63.61,Good
STU005203,Arjun Singh,CSE,B.Tech,3,6,D,22,80.14,95.91,42.28,72.86,99.38,8.57,24.48,75.43,Excellent
STU005204,Sneha Das,ECE,B.Tech,3,5,D,21,80.6,73.44,35.11,62.72,76.51,7.51,23.88,71.27,Good
STU005205,Karan Pillai,ECE,B.Tech,3,6,C,22,63.8,69.77,24.02,71.49,74.85,7.36,22.2,77.49,At Risk
STU005206,Ananya Chatterjee,CSE,B.Tech,3,5,D,21,59.13,70.36,34.7,62.22,70.96,6.79,22.36,61.22,At Risk
STU005207,Yash Shah,Mechanical,B.Tech,4,7,D,21,74.98,63.54,32.81,57.33,66.84,7.7,17.55,70.39,Average
STU005208,Zoya Patel,AI & DS,B.Tech,4,8,A,23,66.02,67.83,35.35,55.13,67.67,7.69,18.14,50.68,Average
STU005209,Aditya Shah,IT,B.Tech,3,6,C,21,77.36,78.29,39.57,72.88,71.89,8.66,23.62,68.3,Good
STU005210,Meera Das,CSE,B.Tech,2,3,A,19,93.33,81.54,38.35,74.7,73.64,8.12,24.17,78.8,Good
STU005211,Rohan Patel,AI & DS,B.Tech,2,3,B,19,75.53,67.41,24.67,51.29,63.42,6.86,26.13,74.02,Average
STU005212,Varun Sharma,ECE,B.Tech,2,3,B,20,85.57,83.71,35.31,74.54,85.56,8.42,23.03,88.67,Excellent
STU005213,Vikram Reddy,ECE,B.Tech,1,1,C,18,86.75,55.17,21.28,35.92,47.93,7.22,20.77,67.59,At Risk
STU005214,Nisha Gupta,CSE,B.Tech,3,5,B,20,81.67,65.53,38.73,71.59,76.51,7.59,19.1,60.75,Good
STU005215,Karan Reddy,EEE,B.Tech,2,4,C,21,84.34,70.18,31.63,49.84,72.67,8.88,18.66,71.3,Good
STU005216,Aryan Rao,EEE,B.Tech,3,6,D,22,75.14,77.3,32.69,72.19,73.65,8.08,23.27,71.79,Good
STU005217,Sneha Singh,ECE,B.Tech,1,1,C,20,75.85,70.83,35.91,62.4,63.89,7.16,28.18,64.64,Average
STU005218,Tanvi Shah,CSE,B.Tech,1,2,A,18,77.78,76.17,42.39,70.36,80.87,8.34,21.64,77.01,Good
STU005219,Aarav Kumar,Civil,B.Tech,3,5,C,22,77.47,88.83,43.29,81.37,80.33,8.11,20.06,80.45,Good
STU005220,Yash Bose,ECE,B.Tech,3,6,C,21,76.52,93.77,32.36,74.7,99.91,8.23,22.09,84.68,Good
STU005221,Diya Mehta,ECE,B.Tech,1,2,B,18,79.99,76.55,36.03,61.92,78.9,7.17,21.32,86.78,Good
STU005222,Diya Rao,CSE,B.Tech,2,3,B,19,69.58,81.76,34.05,71.74,62.95,7.64,20.78,75.43,Average
STU005223,Krishna Das,EEE,B.Tech,1,1,C,20,80.16,74.01,39.78,62.91,73.81,7.8,20.75,73.47,Good
STU005224,Zoya Mehta,EEE,B.Tech,2,3,A,20,68.49,73.58,31.77,64.31,62.01,7.78,16.76,78.92,Average
STU005225,Kavya Das,CSE,B.Tech,1,1,D,19,59.14,71.86,38.59,77.32,84.39,8.48,20.26,81.69,At Risk
STU005226,Arjun Das,CSE,B.Tech,2,4,D,20,74.34,63.16,30.36,62.71,57.39,7.51,18.77,65.83,Average
STU005227,Sanjay Kumar,IT,B.Tech,4,7,C,21,79.52,66.16,29.77,48.43,65.97,7.96,21.65,64.26,Average
STU005228,Karan Pillai,CSE,B.Tech,2,4,A,21,74.03,73.96,36.65,76.16,75.89,8.32,19.95,75.05,Average
STU005229,Krishna Gupta,EEE,B.Tech,3,5,A,21,59.09,66.69,28.24,59.06,57.99,8.06,19.57,55.79,At Risk
STU005230,Nisha Menon,ECE,B.Tech,3,5,D,22,75.92,67.84,33.17,56.33,63.34,7.31,16.53,82.69,Average
STU005231,Aditya Iyer,ECE,B.Tech,4,8,A,23,86.57,69.78,34.85,77.58,87.35,7.66,23.35,84.34,Excellent
STU005232,Karan Rao,Mechanical,B.Tech,3,5,C,21,85.92,71.08,29.96,66.14,75.4,7.68,21.52,66.5,Good
STU005233,Zoya Das,CSE,B.Tech,3,5,A,20,76.84,66.64,32.13,67.02,65.01,7.64,24.16,67.24,Average
STU005234,Arjun Iyer,Civil,B.Tech,4,7,C,21,77.8,71.37,37.18,65.34,64.37,8.34,20.16,60.77,Average
STU005235,Krishna Bose,ECE,B.Tech,4,7,C,22,89.19,70.54,28.35,61.37,57.05,7.72,22.29,82.2,Average
STU005236,Ishaan Chatterjee,Civil,B.Tech,3,5,C,20,76.27,64.02,31.42,60.46,72.59,7.79,18.78,65.06,Good
STU005237,Aarav Shah,Civil,B.Tech,2,4,A,21,75.74,79.65,31.09,61.03,75.04,8.27,21.66,80.25,Good
STU005238,Vikram Nair,ECE,M.Tech,1,1,C,24,74.18,69.5,35.23,58.09,73.3,9.37,20.6,76.78,Average
STU005239,Bhavya Pillai,CSE,B.Tech,4,7,B,23,69.66,73.08,30.02,70.13,81.61,8.97,21.75,76.03,Average
STU005240,Ananya Joshi,CSE,B.Tech,2,3,C,21,67.39,72.75,31.53,68.05,60.81,7.13,14.5,57.23,Average
STU005241,Akash Chatterjee,CSE,B.Tech,4,8,C,21,78.19,78.84,35.55,62.41,78.1,7.95,25.2,74.5,Good
STU005242,Surya Singh,Mechanical,B.Tech,4,7,C,21,73.23,61.26,30.29,61.22,76.56,6.74,19.46,77.26,Average
STU005243,Vikram Menon,ECE,M.Tech,2,3,B,24,79.05,64.32,33.66,70.33,71.98,7.24,21.66,73.4,Good
STU005244,Vikram Verma,CSE,M.Tech,1,2,B,25,81.57,71.86,35.48,55.78,64.65,6.88,24.99,80.83,Average
STU005245,Yash Verma,ECE,B.Tech,1,2,D,18,78.46,74.29,35.55,68.24,75.87,8.57,22.07,71.06,Good
STU005246,Arjun Shah,EEE,B.Tech,3,5,C,20,75.97,74.06,28.73,65.36,90.38,8.7,22.45,74.75,Good
STU005247,Karan Sharma,EEE,B.Tech,4,8,A,21,78.26,75.43,31.71,67.71,64.67,7.31,24.88,74.56,Average
STU005248,Sanjay Das,ECE,M.Tech,2,4,A,26,74.14,71.57,29.16,66.93,63.73,7.88,23.82,71.95,Average
STU005249,Sanjay Chatterjee,AI & DS,B.Tech,3,6,D,21,88.41,74.86,31.01,76.75,77.96,8.47,25.25,87.92,Good
STU005250,Aditya Verma,Civil,B.Tech,4,8,B,21,73.05,69.45,30.64,68.47,81.14,7.23,21.23,86.89,Average
STU005251,Aarav Iyer,CSE,B.Tech,4,7,A,21,69.13,71.6,37.4,57.91,79.0,7.49,17.14,75.58,Average
STU005252,Pooja Nair,ECE,B.Tech,2,4,D,20,78.85,62.45,31.38,57.5,63.71,8.39,21.47,74.94,Average
STU005253,Karan Sharma,Civil,B.Tech,4,7,C,23,70.18,72.17,30.81,53.24,64.71,6.96,22.16,74.39,Average
STU005254,Surya Menon,ECE,B.Tech,1,2,C,20,94.77,74.63,35.55,68.49,84.04,8.19,20.89,93.32,Good
STU005255,Vikram Nair,AI & DS,B.Tech,4,7,B,22,86.74,92.27,39.39,75.66,90.66,7.95,20.87,85.74,Excellent
STU005256,Nikhil Rao,AI & DS,B.Tech,3,6,B,22,81.6,72.78,35.0,72.78,78.33,8.58,18.0,74.96,Good
STU005257,Nikhil Mehta,Civil,B.Tech,3,6,C,20,89.02,90.05,32.41,73.16,75.96,7.86,29.98,84.74,Good
STU005258,Shreya Pillai,Civil,B.Tech,4,8,B,21,79.24,69.38,30.35,54.5,59.84,7.62,19.9,70.57,Average
STU005259,Arjun Reddy,CSE,B.Tech,1,1,C,18,71.14,67.0,33.34,60.72,49.29,8.35,19.35,80.83,At Risk
STU005260,Rahul Singh,AI & DS,B.Tech,1,2,C,20,82.68,77.94,36.76,65.79,86.95,8.71,24.8,74.28,Excellent
STU005261,Tanvi Mehta,ECE,B.Tech,2,4,D,19,85.73,84.02,38.65,64.59,59.69,7.72,18.78,75.09,Average
STU005262,Rahul Rao,AI & DS,B.Tech,2,3,A,20,100,72.24,39.72,60.28,78.19,8.13,20.19,81.45,Good
STU005263,Bhavya Joshi,Mechanical,B.Tech,2,4,A,19,74.35,75.84,40.45,76.61,89.72,9.0,20.6,76.46,Average
STU005264,Arjun Gupta,EEE,B.Tech,1,2,B,20,67.36,71.54,30.17,75.57,80.92,7.93,23.27,70.75,Average
STU005265,Sneha Pillai,CSE,B.Tech,4,8,D,22,77.81,77.89,38.29,88.07,78.11,8.22,21.9,82.6,Good
STU005266,Vikram Joshi,CSE,B.Tech,1,2,D,20,76.29,79.31,36.36,73.44,84.64,8.3,18.88,73.17,Good
STU005267,Ishaan Menon,CSE,B.Tech,4,7,D,22,92.75,79.01,34.45,72.22,83.31,8.3,20.12,86.63,Good
STU005268,Meera Menon,AI & DS,B.Tech,4,7,C,23,71.7,78.22,36.85,55.92,58.24,8.85,12.74,76.08,Average
STU005269,Riya Iyer,IT,B.Tech,4,7,D,21,81.88,74.97,42.62,68.0,84.1,8.51,16.31,73.17,Good
STU005270,Arjun Krishnan,CSE,B.Tech,2,3,D,20,91.08,72.28,28.49,75.84,71.39,7.98,24.18,87.73,Good
STU005271,Zoya Singh,Civil,B.Tech,3,5,D,21,79.87,70.1,32.79,50.77,61.02,7.56,19.63,57.1,Average
STU005272,Zoya Sharma,CSE,B.Tech,2,4,A,20,86.81,75.38,37.81,71.45,65.46,8.15,26.82,83.27,Average
STU005273,Sai Singh,Civil,B.Tech,3,6,C,22,82.25,65.66,34.24,60.89,74.66,7.87,14.73,71.69,Good
STU005274,Karan Sharma,Mechanical,B.Tech,1,2,B,18,72.25,72.87,32.05,59.39,61.24,8.71,19.02,68.55,Average
STU005275,Sneha Gupta,Mechanical,B.Tech,2,4,D,21,76.07,72.02,38.91,73.36,80.82,8.53,22.2,83.82,Good
STU005276,Diya Mishra,CSE,B.Tech,1,1,A,20,70.41,66.71,34.01,63.93,96.27,8.1,14.85,74.74,Average
STU005277,Karan Bose,CSE,B.Tech,1,1,B,20,88.33,74.25,35.79,68.41,79.03,8.39,27.06,83.92,Good
STU005278,Yash Verma,IT,B.Tech,3,5,C,20,82.35,79.49,30.1,58.66,69.01,7.82,21.36,81.24,Average
STU005279,Sneha Sharma,IT,B.Tech,4,7,A,22,74.25,65.97,23.46,62.11,57.08,7.61,21.49,55.34,Average
STU005280,Aryan Nair,CSE,B.Tech,3,6,B,21,73.92,70.29,32.09,64.25,61.43,8.07,18.35,69.13,Average
STU005281,Karan Iyer,IT,B.Tech,4,8,A,22,81.88,67.13,36.13,58.99,83.02,7.57,12.73,66.18,Good
STU005282,Vikram Sharma,Mechanical,B.Tech,1,2,B,19,75.64,56.86,30.96,51.4,57.34,8.6,17.48,66.73,Average
STU005283,Zoya Verma,CSE,B.Tech,4,8,D,22,91.78,75.09,36.31,63.75,83.52,7.66,20.39,83.49,Good
STU005284,Kavya Mishra,IT,B.Tech,2,3,B,19,82.68,74.64,29.98,62.44,79.84,7.84,19.86,85.02,Good
STU005285,Ishaan Iyer,IT,B.Tech,2,4,A,19,81.47,76.84,29.69,61.5,72.58,8.32,23.8,75.81,Good
STU005286,Ananya Rao,AI & DS,M.Tech,2,3,C,25,77.0,60.55,30.69,52.73,59.79,7.12,13.66,64.6,Average
STU005287,Aditya Gupta,CSE,B.Tech,3,5,D,21,89.27,84.87,34.59,74.16,79.05,7.34,28.24,84.72,Good
STU005288,Shreya Shah,AI & DS,B.Tech,3,6,C,22,83.46,73.22,36.3,65.12,82.41,7.42,21.07,80.88,Good
STU005289,Sai Mehta,AI & DS,B.Tech,1,2,D,18,65.92,63.97,33.81,66.47,74.04,7.53,18.67,57.49,Average
STU005290,Sneha Mishra,Civil,B.Tech,3,5,A,20,79.33,67.6,33.59,62.94,75.62,8.27,11.21,65.02,Good
STU005291,Sai Sharma,Mechanical,B.Tech,2,3,A,19,80.95,67.77,30.38,59.88,70.07,7.63,26.15,92.08,Good
STU005292,Ishaan Mishra,Mechanical,B.Tech,3,6,B,20,67.74,60.34,31.19,69.74,74.59,7.44,14.29,70.32,Average
STU005293,Yash Reddy,AI & DS,B.Tech,4,7,A,21,76.76,70.29,32.82,63.32,61.6,7.41,18.63,71.16,Average
STU005294,Pooja Gupta,Mechanical,B.Tech,2,3,A,21,76.75,68.97,35.47,68.7,86.53,8.85,20.74,78.4,Good
STU005295,Aditya Menon,Mechanical,B.Tech,4,8,C,22,80.09,69.26,33.14,60.0,61.95,7.89,21.07,73.78,Average
STU005296,Surya Das,IT,M.Tech,2,4,A,26,88.2,68.57,34.52,54.93,57.84,6.93,22.46,76.04,Average
STU005297,Tanvi Shah,IT,B.Tech,2,3,B,19,80.99,66.67,29.58,60.85,72.97,7.7,18.36,74.87,Good
STU005298,Isha Shah,CSE,B.Tech,1,2,A,20,77.4,68.79,28.27,53.8,61.41,7.63,25.33,68.44,Average
STU005299,Ishaan Mishra,Civil,B.Tech,2,4,D,20,66.37,73.68,33.59,67.39,76.72,7.6,22.63,74.85,Average
STU005300,Nisha Sharma,IT,B.Tech,4,8,B,22,85.74,80.79,35.24,72.8,69.03,7.42,21.56,76.93,Average
STU005301,Kavya Das,ECE,B.Tech,3,5,A,20,78.03,73.35,42.31,72.63,67.27,7.75,23.53,88.85,Average
STU005302,Varun Mishra,AI & DS,B.Tech,1,2,A,18,74.45,61.95,30.81,52.72,58.67,7.12,20.69,69.01,Average
STU005303,Nisha Kumar,ECE,B.Tech,2,4,C,20,81.02,91.14,42.79,83.3,93.18,8.61,27.47,69.94,Excellent
STU005304,Tanvi Singh,ECE,B.Tech,3,5,A,22,84.0,70.92,32.72,54.82,76.67,7.42,21.39,75.23,Good
STU005305,Aditi Pillai,IT,B.Tech,3,6,B,22,71.06,63.85,32.43,51.52,69.92,8.1,16.32,55.78,Average
STU005306,Manish Joshi,Civil,B.Tech,3,6,B,22,85.42,70.4,32.85,76.95,78.87,8.23,24.82,84.4,Good
STU005307,Vikram Kumar,CSE,B.Tech,3,5,D,21,75.12,65.62,28.58,44.13,56.38,7.31,17.93,75.85,Average
STU005308,Surya Mishra,Civil,B.Tech,4,7,A,22,71.1,57.73,25.38,50.84,53.79,7.04,17.19,64.07,At Risk
STU005309,Bhavya Krishnan,Civil,M.Tech,1,2,D,25,86.07,80.03,33.8,64.25,71.52,8.55,25.31,65.09,Good
STU005310,Meera Patel,Civil,B.Tech,3,5,D,21,91.64,80.76,37.72,66.73,75.54,7.44,25.38,84.97,Good
STU005311,Isha Menon,EEE,B.Tech,3,6,C,20,83.64,63.0,31.57,59.83,54.79,8.05,15.48,72.42,At Risk
STU005312,Arjun Joshi,ECE,B.Tech,1,2,A,19,84.44,67.78,26.69,58.18,69.03,7.62,24.12,81.11,Average
STU005313,Surya Rao,Civil,B.Tech,4,8,B,22,71.51,72.32,31.77,66.7,56.09,6.88,18.81,80.32,Average
STU005314,Sai Menon,IT,B.Tech,4,7,D,21,63.16,69.95,32.44,48.1,74.69,7.17,22.72,65.72,At Risk
STU005315,Bhavya Das,CSE,B.Tech,3,6,A,22,75.04,86.66,40.22,68.72,74.88,7.83,15.36,72.12,Good
STU005316,Manish Mishra,ECE,B.Tech,3,6,B,22,65.52,59.45,29.82,54.48,62.25,8.5,17.05,67.52,Average
STU005317,Rahul Nair,EEE,B.Tech,2,4,D,20,80.48,65.33,34.69,47.43,59.75,6.92,19.02,65.77,Average
STU005318,Sneha Pillai,ECE,B.Tech,4,8,A,23,97.19,64.34,30.97,63.17,70.55,7.55,27.5,79.07,Good
STU005319,Ishaan Pillai,CSE,M.Tech,1,1,D,24,78.25,67.41,32.14,59.72,60.1,8.04,25.64,89.82,Average
STU005320,Kavya Mehta,IT,B.Tech,2,4,D,21,82.8,68.7,33.87,56.5,58.9,6.98,22.81,85.04,Average
STU005321,Sanjay Rao,ECE,B.Tech,3,6,B,21,66.24,84.56,36.72,67.67,88.72,9.12,20.87,80.45,Average
STU005322,Vikram Menon,ECE,B.Tech,1,1,C,19,76.57,69.21,25.08,52.59,69.88,8.3,15.2,72.13,Average
STU005323,Krishna Krishnan,AI & DS,B.Tech,1,2,A,18,84.82,66.42,34.7,60.31,55.84,7.22,16.32,84.93,Average
STU005324,Sai Mehta,Mechanical,B.Tech,3,6,A,20,63.12,76.73,25.71,55.9,75.16,7.33,21.55,60.99,At Risk
STU005325,Sneha Krishnan,ECE,B.Tech,1,2,C,19,85.64,71.25,30.51,64.26,84.54,7.63,16.29,80.56,Good
STU005326,Nikhil Pillai,CSE,M.Tech,1,1,C,23,87.32,73.39,32.3,67.45,69.07,8.32,18.59,77.22,Average
STU005327,Rahul Verma,AI & DS,B.Tech,1,1,A,20,83.32,63.92,31.35,66.0,60.22,7.72,15.75,69.89,Average
STU005328,Aarav Reddy,AI & DS,B.Tech,3,6,B,22,69.48,68.52,25.93,54.36,57.98,7.74,18.21,52.86,Average
STU005329,Riya Nair,EEE,B.Tech,3,5,C,20,78.49,59.3,17.82,46.02,64.01,5.8,24.39,79.25,Average
STU005330,Arjun Pillai,AI & DS,B.Tech,1,2,D,18,72.1,55.94,19.49,41.25,44.64,7.15,18.46,72.62,At Risk
STU005331,Sneha Reddy,CSE,B.Tech,3,5,B,20,72.38,73.99,39.34,58.79,71.18,8.02,19.17,69.0,Average
STU005332,Shreya Shah,Civil,B.Tech,4,8,B,21,77.35,66.6,31.17,53.76,53.01,7.75,20.19,77.1,At Risk
STU005333,Pooja Rao,Mechanical,B.Tech,1,2,B,20,60.31,64.87,32.77,64.2,63.8,7.57,13.66,62.54,At Risk
STU005334,Surya Iyer,AI & DS,B.Tech,2,3,B,21,73.04,76.24,28.38,52.63,61.61,7.78,19.83,78.21,Average
STU005335,Nikhil Gupta,CSE,B.Tech,3,5,C,21,72.8,76.8,34.78,68.24,68.81,8.88,19.2,79.92,Average
STU005336,Aryan Shah,IT,B.Tech,1,1,B,19,90.34,67.27,30.26,50.55,75.57,7.57,20.36,68.89,Good
STU005337,Rohan Pillai,Mechanical,B.Tech,3,6,A,22,65.37,63.14,31.67,57.62,61.99,7.44,21.75,68.62,Average
STU005338,Bhavya Singh,AI & DS,B.Tech,1,1,C,19,82.97,75.2,36.46,60.08,79.59,7.57,21.76,74.64,Good
STU005339,Krishna Singh,CSE,B.Tech,4,7,A,21,81.51,89.48,46.24,71.63,77.26,8.56,25.21,95.34,Good
STU005340,Diya Patel,ECE,B.Tech,4,7,D,23,88.92,67.78,32.25,70.04,76.9,8.58,18.55,72.63,Good
STU005341,Surya Patel,AI & DS,B.Tech,1,1,D,20,77.58,73.3,35.23,68.74,74.23,8.68,12.51,71.66,Good
STU005342,Kavya Gupta,Mechanical,B.Tech,2,3,B,20,77.19,65.63,32.31,52.72,75.75,7.66,22.23,65.89,Good
STU005343,Krishna Krishnan,Civil,B.Tech,2,4,B,19,83.34,73.25,30.04,55.12,63.15,7.76,21.76,77.83,Average
STU005344,Manish Gupta,ECE,B.Tech,1,1,B,19,73.85,75.07,37.19,60.77,72.01,8.32,19.8,65.92,Average
STU005345,Diya Bose,CSE,B.Tech,3,5,C,21,84.99,74.69,34.36,68.48,77.19,8.13,22.92,69.95,Good
STU005346,Kavya Mehta,CSE,B.Tech,4,8,D,22,82.41,64.77,33.32,59.61,67.65,7.85,16.45,67.93,Average
STU005347,Akash Menon,EEE,M.Tech,2,3,B,25,84.98,68.99,28.25,63.18,74.09,7.61,17.44,68.76,Good
STU005348,Arjun Joshi,CSE,B.Tech,4,7,A,23,78.54,67.84,32.16,62.43,57.18,8.32,21.12,74.56,Average
STU005349,Isha Patel,IT,B.Tech,4,7,B,21,67.28,76.13,36.52,51.06,72.16,7.02,18.01,74.27,Average
STU005350,Pooja Shah,Mechanical,B.Tech,1,1,D,18,87.51,80.87,31.95,63.84,89.68,8.95,20.23,75.48,Excellent
STU005351,Sai Bose,CSE,B.Tech,4,7,D,22,84.81,70.2,32.71,74.06,76.27,8.2,25.14,88.34,Good
STU005352,Meera Das,AI & DS,B.Tech,2,4,D,20,94.42,75.13,39.22,71.38,86.44,8.41,22.56,96.59,Excellent
STU005353,Surya Verma,AI & DS,B.Tech,2,4,D,20,84.53,64.14,32.81,49.92,74.12,7.24,24.21,66.14,Good
STU005354,Aditya Reddy,AI & DS,B.Tech,2,3,D,20,61.6,72.25,32.99,68.97,76.69,7.82,16.87,60.36,At Risk
STU005355,Yash Gupta,IT,B.Tech,3,5,A,20,80.09,79.88,34.02,74.25,81.49,8.08,22.9,90.87,Good
STU005356,Rahul Bose,CSE,B.Tech,1,1,A,19,79.58,62.53,24.08,56.72,59.4,6.59,20.92,73.52,Average
STU005357,Akash Das,Civil,M.Tech,2,3,B,24,83.33,79.21,33.07,76.84,92.77,8.32,22.74,82.84,Excellent
STU005358,Aditi Bose,EEE,B.Tech,2,3,B,20,87.76,81.31,38.1,71.24,82.82,7.33,25.17,80.62,Good
STU005359,Aditi Joshi,Mechanical,B.Tech,2,3,D,21,78.15,69.88,38.86,74.61,72.4,8.52,19.67,78.16,Good
STU005360,Arjun Chatterjee,EEE,B.Tech,2,3,D,21,80.75,75.94,36.66,64.58,83.49,7.96,19.03,60.99,Good
STU005361,Rahul Rao,Civil,B.Tech,4,7,B,23,80.64,82.44,37.72,73.38,77.97,8.07,23.36,80.78,Good
STU005362,Shreya Iyer,Mechanical,B.Tech,1,2,A,20,79.88,70.2,39.44,73.92,77.56,8.18,15.54,60.91,Good
STU005363,Zoya Reddy,Mechanical,B.Tech,2,4,B,19,59.58,60.22,28.19,54.65,60.65,7.71,14.62,59.0,At Risk
STU005364,Kavya Verma,ECE,B.Tech,4,8,B,23,78.65,61.05,28.96,58.5,56.97,6.28,21.99,78.15,Average
STU005365,Shreya Iyer,IT,M.Tech,1,1,A,22,88.32,64.93,36.93,66.8,66.27,7.38,17.87,75.66,Average
STU005366,Surya Pillai,AI & DS,M.Tech,2,4,A,25,78.01,64.77,34.94,54.03,67.72,7.68,16.02,69.92,Average
STU005367,Shreya Reddy,AI & DS,B.Tech,4,7,C,23,72.04,71.17,30.49,66.2,77.21,7.61,19.94,76.84,Average
STU005368,Bhavya Pillai,Mechanical,B.Tech,1,1,A,19,82.31,71.64,35.28,58.73,72.8,7.51,19.7,63.63,Good
STU005369,Varun Menon,EEE,B.Tech,2,4,D,21,100,65.46,33.06,53.52,69.25,8.0,21.42,75.63,Average
STU005370,Zoya Kumar,ECE,B.Tech,3,5,A,22,71.86,75.36,32.97,63.87,80.74,8.97,18.25,72.03,Average
STU005371,Akash Menon,EEE,B.Tech,4,7,A,22,78.01,64.7,30.73,52.77,59.5,7.67,17.99,70.02,Average
STU005372,Nisha Krishnan,Civil,B.Tech,2,4,D,20,93.67,63.77,26.03,58.9,67.74,7.32,20.85,76.92,Average
STU005373,Sneha Bose,CSE,B.Tech,1,1,B,19,67.51,66.07,29.34,58.8,56.56,7.58,22.64,66.91,Average
STU005374,Riya Bose,Mechanical,B.Tech,1,1,B,19,71.94,72.75,34.29,60.87,61.58,8.17,19.48,66.87,Average
STU005375,Riya Bose,IT,B.Tech,2,4,C,21,72.29,71.37,30.32,62.34,62.7,8.19,21.37,69.85,Average
STU005376,Vikram Rao,CSE,M.Tech,1,1,D,25,76.19,67.72,39.49,70.34,70.19,8.36,19.34,81.18,Good
STU005377,Akash Nair,Civil,B.Tech,1,2,B,20,78.56,79.35,32.21,68.1,84.99,8.13,19.2,72.48,Good
STU005378,Isha Gupta,IT,M.Tech,1,2,D,24,88.67,72.2,32.38,58.59,56.26,8.71,21.59,65.79,Average
STU005379,Rohan Pillai,CSE,M.Tech,2,4,D,25,91.21,81.73,33.44,69.8,75.69,8.38,21.74,79.92,Good
STU005380,Aditya Patel,AI & DS,B.Tech,1,1,A,20,82.2,70.48,27.15,47.11,78.46,7.44,15.35,61.17,Good
STU005381,Aditya Iyer,Civil,B.Tech,2,3,A,20,72.4,80.51,39.56,68.71,76.4,7.96,20.88,72.17,Average
STU005382,Nisha Reddy,Mechanical,B.Tech,3,5,C,21,90.69,87.69,36.79,70.27,74.83,9.44,22.61,85.48,Good
STU005383,Akash Bose,EEE,B.Tech,2,4,B,20,88.04,63.66,29.9,53.25,65.38,7.63,19.26,69.77,Average
STU005384,Pooja Menon,CSE,B.Tech,3,6,A,22,93.51,58.1,28.26,53.54,51.5,7.45,19.92,84.32,At Risk
STU005385,Ishaan Sharma,ECE,B.Tech,3,5,D,21,100,73.95,30.46,69.23,80.77,8.36,20.62,84.62,Good
STU005386,Vikram Gupta,ECE,B.Tech,2,3,B,20,80.11,72.06,32.46,59.86,73.4,7.49,17.26,79.42,Good
STU005387,Krishna Menon,Civil,B.Tech,1,1,B,19,76.57,75.83,32.87,67.63,87.91,7.6,23.44,76.8,Good
STU005388,Yash Patel,Civil,B.Tech,3,5,B,20,87.11,73.7,33.74,58.6,66.67,8.71,25.04,89.19,Average
STU005389,Krishna Verma,EEE,B.Tech,2,3,B,21,76.02,69.48,33.48,55.28,65.34,7.57,23.62,72.66,Average
STU005390,Tanvi Reddy,AI & DS,B.Tech,4,7,D,22,68.8,83.16,46.06,64.26,83.51,8.1,18.49,59.53,Average
STU005391,Varun Gupta,IT,B.Tech,3,6,B,22,77.91,72.3,39.46,60.61,66.01,7.45,21.08,71.92,Average
STU005392,Yash Krishnan,EEE,B.Tech,3,5,A,20,78.07,66.75,30.77,62.95,72.56,8.0,20.08,77.6,Good
STU005393,Nikhil Sharma,ECE,B.Tech,3,5,D,21,72.58,67.54,29.56,55.54,67.49,7.14,18.01,71.48,Average
STU005394,Surya Iyer,EEE,B.Tech,2,3,B,20,77.69,76.9,30.08,68.22,80.33,8.94,20.21,64.23,Good
STU005395,Pooja Reddy,CSE,B.Tech,3,5,A,20,86.42,62.96,28.99,57.24,68.06,7.05,24.33,66.78,Average
STU005396,Ananya Gupta,CSE,B.Tech,2,3,D,21,83.88,71.27,37.24,69.87,73.79,8.66,21.17,70.65,Good
STU005397,Kavya Nair,Civil,B.Tech,1,1,B,18,73.05,67.74,30.78,44.18,71.53,8.27,19.04,57.19,Average
STU005398,Aarav Mehta,CSE,B.Tech,2,3,D,19,78.4,71.01,29.28,46.94,67.72,7.68,20.62,63.35,Average
STU005399,Kavya Krishnan,EEE,B.Tech,4,8,B,23,81.73,82.15,38.53,73.78,86.08,7.85,26.71,71.02,Excellent
STU005400,Aditi Menon,IT,B.Tech,3,6,A,22,67.19,63.09,31.1,64.52,83.05,6.93,13.4,58.41,Average
STU005401,Pooja Nair,CSE,B.Tech,1,1,A,20,85.63,54.33,30.77,46.04,64.26,8.43,16.32,68.51,Average
STU005402,Pooja Reddy,ECE,B.Tech,3,6,D,21,77.94,75.09,37.84,67.1,72.28,8.22,19.65,65.38,Good
STU005403,Zoya Patel,Civil,B.Tech,1,1,D,20,83.84,86.32,41.16,74.37,76.05,9.22,24.21,78.43,Good
STU005404,Vikram Mehta,Mechanical,B.Tech,3,5,A,21,90.07,78.54,28.53,51.73,73.23,7.55,23.46,66.39,Good
STU005405,Meera Pillai,CSE,B.Tech,3,6,D,22,69.2,77.72,35.14,67.16,75.71,8.52,23.05,74.39,Average
STU005406,Yash Mehta,CSE,B.Tech,2,4,A,19,69.45,76.5,29.71,74.38,82.7,7.61,19.64,72.51,Average
STU005407,Ishaan Reddy,AI & DS,B.Tech,1,1,B,20,84.03,69.16,28.09,66.58,76.89,7.7,21.96,83.43,Good
STU005408,Diya Bose,ECE,M.Tech,2,4,C,26,68.52,62.67,29.8,61.08,71.21,7.77,19.47,74.03,Average
STU005409,Aditya Mishra,AI & DS,B.Tech,3,6,A,20,72.25,77.4,44.7,66.03,83.97,8.86,18.27,68.9,Average
STU005410,Vikram Mehta,CSE,B.Tech,1,2,C,18,68.12,72.57,29.7,59.97,68.45,8.47,24.32,67.31,Average
STU005411,Pooja Singh,CSE,B.Tech,1,1,A,18,69.37,76.33,35.0,57.91,72.03,8.57,21.75,79.52,Average
STU005412,Aryan Kumar,AI & DS,B.Tech,1,2,B,18,74.23,72.5,32.72,69.95,84.66,7.31,21.28,80.46,Average
STU005413,Nisha Gupta,EEE,B.Tech,4,8,A,23,80.21,78.82,34.75,68.4,77.99,7.75,21.34,70.37,Good
STU005414,Arjun Gupta,CSE,B.Tech,2,4,C,20,75.92,58.09,29.83,56.73,71.25,7.4,14.77,76.45,Good
STU005415,Aryan Rao,Mechanical,B.Tech,3,5,B,22,96.49,72.64,38.47,72.57,75.43,7.69,24.05,86.98,Good
STU005416,Aarav Kumar,IT,B.Tech,3,5,C,20,77.03,87.74,39.8,77.7,85.1,8.46,22.69,67.23,Good
STU005417,Sneha Menon,CSE,M.Tech,1,2,A,25,83.78,86.07,35.49,72.79,74.61,8.11,25.09,79.83,Good
STU005418,Manish Singh,EEE,B.Tech,2,4,A,19,78.45,59.69,37.6,54.04,69.32,7.81,17.66,71.48,Average
STU005419,Rohan Shah,EEE,B.Tech,2,4,C,19,80.42,73.29,36.33,58.05,74.59,7.32,18.97,87.95,Good
STU005420,Manish Iyer,CSE,B.Tech,4,8,A,23,100,81.29,31.61,60.65,90.48,7.53,24.86,90.71,Excellent
STU005421,Krishna Chatterjee,IT,B.Tech,4,7,A,23,69.84,63.7,30.65,63.52,69.62,7.88,18.09,64.34,Average
STU005422,Tanvi Rao,AI & DS,B.Tech,2,3,B,19,76.56,73.31,30.77,62.93,81.85,7.58,18.2,66.67,Good
STU005423,Meera Patel,AI & DS,B.Tech,4,8,B,21,76.91,77.03,37.51,73.32,85.26,7.67,18.11,56.58,Good
STU005424,Akash Mehta,CSE,B.Tech,1,1,D,19,80.47,71.61,32.82,71.77,74.56,7.96,18.81,74.94,Good
STU005425,Ananya Singh,Civil,B.Tech,3,6,C,20,69.54,58.77,27.19,65.87,69.65,7.22,15.78,60.36,Average
STU005426,Aryan Pillai,Mechanical,B.Tech,2,4,B,19,69.05,72.01,35.46,66.29,85.72,8.12,15.74,58.06,Average
STU005427,Manish Shah,AI & DS,B.Tech,2,3,A,21,73.74,73.28,34.85,71.43,64.53,8.41,20.28,76.37,Average
STU005428,Tanvi Gupta,CSE,B.Tech,1,2,C,19,85.95,76.81,35.76,80.06,75.3,8.5,16.96,75.21,Good
STU005429,Aryan Gupta,EEE,B.Tech,3,5,B,22,86.96,69.29,34.63,53.98,66.75,8.05,23.48,83.16,Average
STU005430,Ananya Patel,ECE,B.Tech,2,3,C,19,85.92,64.79,35.01,50.83,69.43,7.29,19.6,77.07,Average
STU005431,Varun Shah,CSE,B.Tech,3,6,B,22,74.66,64.3,30.92,54.64,60.59,8.15,17.11,58.1,Average
STU005432,Shreya Shah,EEE,B.Tech,1,1,B,19,85.44,83.3,35.94,62.82,81.75,7.9,18.81,82.25,Good
STU005433,Rohan Singh,IT,B.Tech,4,8,D,22,90.18,76.59,33.46,68.14,68.33,8.75,21.59,83.33,Average
STU005434,Bhavya Mehta,CSE,B.Tech,3,6,B,22,81.37,82.58,41.1,76.18,80.27,8.71,22.81,72.61,Good
STU005435,Karan Gupta,IT,B.Tech,2,3,D,19,76.66,60.91,25.68,46.29,63.13,7.25,17.52,70.76,Average
STU005436,Krishna Singh,Civil,B.Tech,1,1,D,18,82.43,75.38,32.38,61.91,71.83,8.21,16.83,88.24,Good
STU005437,Rahul Verma,Civil,B.Tech,3,6,A,20,76.74,58.77,28.68,47.9,48.35,7.59,16.88,60.96,At Risk
STU005438,Surya Patel,Civil,B.Tech,4,7,D,21,95.08,80.28,34.61,77.17,76.29,7.76,24.06,79.85,Good
STU005439,Rohan Mehta,EEE,B.Tech,1,2,C,20,81.44,60.27,31.86,62.92,64.64,7.18,20.26,65.8,Average
STU005440,Varun Rao,EEE,B.Tech,1,2,D,19,75.52,51.97,25.57,45.44,56.32,8.17,20.76,59.23,Average
STU005441,Ananya Reddy,ECE,B.Tech,2,3,B,20,75.76,75.64,34.47,68.16,69.66,7.93,28.09,74.52,Average
STU005442,Bhavya Gupta,Mechanical,B.Tech,4,7,A,23,80.78,73.21,25.44,59.38,76.46,8.24,16.46,76.34,Good
STU005443,Karan Shah,ECE,B.Tech,2,3,A,20,87.53,59.16,35.39,56.21,59.41,7.63,21.51,86.25,Average
STU005444,Aditi Bose,Mechanical,B.Tech,2,4,C,21,74.62,66.57,29.62,73.74,72.56,8.17,16.86,75.21,Average
STU005445,Tanvi Singh,AI & DS,B.Tech,3,6,A,21,68.06,88.66,35.18,70.29,85.05,7.4,26.25,64.53,Average
STU005446,Kavya Singh,Civil,B.Tech,3,6,A,20,65.38,77.19,36.27,64.9,69.8,8.17,20.59,65.34,Average
STU005447,Diya Verma,Civil,B.Tech,3,6,D,21,86.42,66.9,36.34,61.68,76.92,8.04,14.89,75.48,Good
STU005448,Yash Patel,AI & DS,M.Tech,1,2,C,22,89.64,65.24,31.72,55.21,56.19,7.27,20.38,69.41,Average
STU005449,Sanjay Das,CSE,B.Tech,1,2,C,19,85.98,67.66,39.07,60.29,68.43,8.08,21.06,81.66,Average
STU005450,Riya Menon,ECE,B.Tech,1,2,A,18,93.62,79.02,38.12,64.27,70.86,8.06,24.81,80.47,Good
STU005451,Ananya Kumar,AI & DS,B.Tech,4,8,A,23,78.42,77.43,33.92,61.65,62.3,8.67,28.08,78.45,Average
STU005452,Ishaan Sharma,IT,B.Tech,3,5,B,20,76.34,77.12,34.87,61.55,85.17,7.79,20.86,71.77,Good
STU005453,Aarav Das,AI & DS,B.Tech,2,3,C,19,79.83,77.38,36.53,69.04,78.62,8.0,19.21,74.02,Good
STU005454,Arjun Pillai,CSE,B.Tech,3,6,B,20,84.3,89.0,32.81,74.9,96.98,8.02,27.61,80.1,Excellent
STU005455,Ishaan Shah,ECE,B.Tech,4,8,A,23,82.96,72.28,34.29,54.77,59.98,8.22,21.61,73.28,Average
STU005456,Sai Verma,CSE,B.Tech,1,2,B,18,86.04,52.82,26.45,51.62,57.36,6.25,14.95,70.22,Average
STU005457,Karan Krishnan,CSE,B.Tech,4,8,D,23,73.12,74.31,35.84,72.5,82.62,8.21,14.18,72.71,Average
STU005458,Nisha Rao,CSE,B.Tech,1,1,A,18,82.45,64.72,22.99,58.61,69.25,7.89,20.99,69.47,Average
STU005459,Aditya Sharma,CSE,B.Tech,2,4,A,20,80.62,81.45,35.97,61.57,83.48,8.23,21.06,78.04,Good
STU005460,Bhavya Chatterjee,Civil,B.Tech,2,4,C,21,100,84.18,47.5,72.13,79.08,8.24,22.75,89.28,Good
STU005461,Shreya Verma,ECE,B.Tech,3,6,B,21,84.77,60.72,30.87,56.81,67.52,7.4,18.4,84.03,Average
STU005462,Meera Joshi,CSE,B.Tech,1,2,A,20,68.02,69.57,35.53,59.67,69.73,7.85,19.42,59.9,Average
STU005463,Arjun Menon,CSE,B.Tech,4,8,A,22,69.48,59.38,30.48,45.61,70.13,6.08,21.18,59.0,Average
STU005464,Ishaan Verma,Civil,M.Tech,1,1,A,25,72.92,72.5,39.47,68.43,78.25,8.75,19.27,73.31,Average
STU005465,Shreya Menon,CSE,B.Tech,1,1,D,18,74.1,70.6,29.47,56.9,72.0,7.17,20.18,58.27,Average
STU005466,Pooja Sharma,IT,B.Tech,3,6,D,22,83.67,71.23,28.74,58.61,76.5,7.91,25.96,74.1,Good
STU005467,Riya Patel,Civil,B.Tech,2,3,B,20,77.64,60.98,31.52,76.29,69.35,8.3,14.34,62.22,Average
STU005468,Zoya Chatterjee,Civil,B.Tech,2,4,B,20,79.21,69.7,37.33,59.97,76.54,7.46,17.44,74.81,Good
STU005469,Varun Reddy,IT,B.Tech,2,4,D,21,84.03,80.36,34.67,67.04,88.0,8.4,28.81,81.69,Excellent
STU005470,Manish Joshi,AI & DS,B.Tech,1,2,D,18,79.99,74.82,35.74,64.13,89.39,8.57,24.88,78.39,Good
STU005471,Manish Patel,ECE,B.Tech,3,5,A,22,91.73,75.82,28.47,63.36,66.5,8.01,25.79,80.39,Average
STU005472,Isha Mehta,AI & DS,B.Tech,2,4,C,21,80.96,75.79,34.84,73.61,69.29,8.1,16.1,73.41,Average
STU005473,Kavya Gupta,Civil,B.Tech,4,8,C,23,69.13,73.84,32.02,59.54,86.18,8.36,23.46,78.22,Average
STU005474,Zoya Das,CSE,B.Tech,1,1,D,20,76.22,73.52,38.11,63.62,63.7,7.92,22.89,82.32,Average
STU005475,Pooja Joshi,Civil,B.Tech,3,5,C,22,85.74,88.18,39.49,72.76,73.3,8.42,19.64,100,Good
STU005476,Arjun Patel,Civil,B.Tech,3,5,A,22,79.13,79.83,35.8,72.47,70.43,8.89,19.0,69.53,Good
STU005477,Shreya Mehta,Mechanical,B.Tech,1,2,C,20,68.77,73.89,32.62,66.85,71.04,8.27,20.11,67.27,Average
STU005478,Sneha Mehta,CSE,B.Tech,2,4,C,21,76.02,74.73,37.81,72.01,93.96,7.94,25.56,78.99,Good
STU005479,Sanjay Das,CSE,B.Tech,4,8,B,22,84.62,70.25,30.28,70.5,63.73,7.87,24.83,74.05,Average
STU005480,Rahul Nair,EEE,B.Tech,2,4,A,20,68.82,67.48,30.59,63.18,71.03,7.53,19.36,69.47,Average
STU005481,Yash Rao,CSE,B.Tech,4,8,C,21,68.77,67.33,34.13,59.0,83.57,8.37,23.65,80.63,Average
STU005482,Sneha Das,ECE,B.Tech,4,7,A,22,90.39,67.48,34.14,64.63,68.88,7.88,20.27,82.29,Average
STU005483,Meera Joshi,CSE,M.Tech,1,1,C,25,76.59,64.8,26.37,64.22,69.32,7.66,21.66,78.4,Average
STU005484,Ananya Reddy,Civil,B.Tech,1,1,D,19,74.69,79.11,36.61,77.51,76.18,8.81,25.8,82.06,Average
STU005485,Ishaan Pillai,Civil,B.Tech,1,2,B,20,84.82,75.62,37.14,53.15,65.1,8.44,22.13,71.93,Average
STU005486,Aarav Mishra,CSE,B.Tech,1,1,A,20,79.82,78.05,38.24,72.54,71.41,7.7,18.07,76.1,Good
STU005487,Diya Kumar,ECE,B.Tech,1,1,D,20,70.59,66.12,32.26,65.1,78.96,8.07,18.57,65.69,Average
STU005488,Diya Kumar,EEE,B.Tech,4,8,B,23,66.7,70.2,31.26,61.37,62.63,7.35,16.56,74.23,Average
STU005489,Sneha Nair,Civil,B.Tech,1,1,B,18,90.78,69.42,38.09,67.84,81.04,8.14,23.28,82.79,Good
STU005490,Sanjay Nair,ECE,B.Tech,3,6,D,22,76.49,76.29,35.68,60.5,73.23,8.69,19.05,70.29,Good
STU005491,Rohan Rao,ECE,B.Tech,4,8,B,21,90.01,72.82,35.89,78.51,69.52,7.94,20.24,81.34,Average
STU005492,Varun Patel,ECE,B.Tech,2,4,D,20,75.95,69.59,36.5,68.5,78.69,8.65,19.45,74.83,Good
STU005493,Aditya Reddy,ECE,B.Tech,3,6,A,22,76.47,62.16,28.2,68.17,65.1,8.1,17.32,69.57,Average
STU005494,Arjun Sharma,Mechanical,B.Tech,4,8,A,21,96.11,86.72,44.04,57.16,75.58,7.83,20.92,74.13,Good
STU005495,Aarav Reddy,Mechanical,B.Tech,2,4,B,19,77.48,70.82,29.72,59.69,71.7,8.01,24.47,90.73,Good
STU005496,Tanvi Kumar,Civil,B.Tech,2,3,B,21,82.12,74.49,30.47,50.46,65.54,7.85,20.3,68.06,Average
STU005497,Meera Iyer,CSE,B.Tech,2,3,C,20,73.53,60.63,30.08,47.69,59.74,7.08,22.33,79.51,Average
STU005498,Aryan Shah,IT,B.Tech,2,4,B,21,76.1,81.96,33.64,65.65,76.45,7.96,25.21,73.12,Good
STU005499,Aryan Nair,AI & DS,B.Tech,2,3,A,21,79.56,64.78,37.64,62.87,66.36,7.82,12.21,69.91,Average
STU005500,Varun Mishra,CSE,B.Tech,4,7,A,22,75.63,62.26,36.19,61.15,70.0,8.57,15.22,69.0,Good
STU005501,Krishna Mishra,Mechanical,B.Tech,2,4,D,19,87.28,70.5,26.2,48.38,64.77,8.02,19.77,77.65,Average
STU005502,Aryan Shah,CSE,B.Tech,4,8,A,23,84.26,82.22,36.2,75.63,86.46,8.51,21.33,77.86,Excellent
STU005503,Shreya Patel,ECE,B.Tech,2,4,A,21,82.38,75.43,36.49,58.34,69.64,8.26,25.24,68.42,Average
STU005504,Rahul Mehta,EEE,B.Tech,2,3,B,21,96.97,85.42,39.15,78.04,87.86,7.8,26.87,88.62,Excellent
STU005505,Nisha Chatterjee,IT,B.Tech,2,4,B,21,65.98,75.62,29.9,61.6,67.09,7.41,17.21,69.89,Average
STU005506,Sai Reddy,CSE,B.Tech,3,5,B,21,79.95,70.54,29.78,63.49,76.93,8.06,20.45,61.04,Good
STU005507,Ishaan Mehta,ECE,B.Tech,1,1,A,20,92.35,75.17,36.81,60.45,73.92,8.49,23.95,82.5,Good
STU005508,Meera Singh,AI & DS,B.Tech,3,6,D,21,77.47,77.91,38.93,73.61,80.82,8.4,21.85,64.97,Good
STU005509,Akash Iyer,Mechanical,B.Tech,1,2,B,19,84.22,78.7,36.67,76.27,92.09,8.76,24.96,86.63,Excellent
STU005510,Tanvi Sharma,CSE,B.Tech,3,6,D,22,61.94,72.88,31.32,55.37,73.66,7.98,13.03,72.26,At Risk
STU005511,Kavya Shah,CSE,B.Tech,4,7,A,21,88.33,76.36,40.91,70.62,75.49,7.42,18.79,71.65,Good
STU005512,Ishaan Pillai,ECE,B.Tech,2,3,A,21,77.13,84.97,37.25,86.85,83.19,8.14,24.69,73.69,Good
STU005513,Kavya Singh,IT,B.Tech,1,1,A,19,79.34,71.24,37.35,51.16,58.58,8.47,16.44,67.93,Average
STU005514,Nisha Krishnan,CSE,M.Tech,2,4,D,24,85.17,70.96,35.56,61.0,81.42,7.74,17.59,69.56,Good
STU005515,Ishaan Gupta,AI & DS,B.Tech,1,1,B,18,76.75,80.05,37.04,78.54,79.59,7.42,20.32,79.08,Good
STU005516,Sanjay Mehta,CSE,B.Tech,1,1,D,20,65.26,72.03,35.03,56.75,67.83,8.98,16.07,66.57,Average
STU005517,Isha Nair,AI & DS,B.Tech,2,4,D,20,68.35,69.56,27.41,57.63,66.95,7.59,27.59,75.27,Average
STU005518,Aryan Shah,IT,B.Tech,4,7,A,23,69.44,63.07,28.34,56.23,57.05,7.42,19.15,55.69,Average
STU005519,Karan Joshi,AI & DS,B.Tech,3,5,B,21,83.77,68.68,35.21,69.38,74.01,7.93,23.44,85.65,Good
STU005520,Rohan Rao,EEE,B.Tech,4,8,B,22,85.04,60.88,27.29,53.82,54.34,7.4,16.42,83.07,At Risk
STU005521,Kavya Mishra,AI & DS,B.Tech,3,6,A,22,85.42,79.58,38.33,79.4,82.5,8.02,22.85,73.19,Good
STU005522,Zoya Bose,ECE,B.Tech,1,2,B,20,86.22,64.08,30.04,60.82,70.61,8.19,20.83,77.55,Good
STU005523,Sanjay Pillai,CSE,B.Tech,2,4,C,19,62.99,74.56,33.28,57.8,67.09,7.88,18.72,60.41,At Risk
STU005524,Karan Reddy,IT,B.Tech,2,4,D,21,86.38,75.95,39.32,61.85,79.97,8.44,15.74,63.09,Good
STU005525,Varun Mehta,AI & DS,B.Tech,4,8,B,21,85.55,69.28,30.33,55.91,68.3,7.39,17.04,63.57,Average
STU005526,Sanjay Joshi,Civil,B.Tech,1,1,C,20,85.44,60.57,30.3,30.55,57.37,7.92,16.43,67.42,Average
STU005527,Kavya Patel,CSE,B.Tech,1,1,B,20,68.8,73.39,32.58,60.5,72.09,8.18,22.8,64.15,Average
STU005528,Sai Pillai,Mechanical,M.Tech,2,3,B,23,78.27,74.38,36.31,59.37,85.13,8.47,23.67,75.91,Good
STU005529,Meera Chatterjee,IT,B.Tech,2,4,A,20,75.28,81.43,28.5,67.42,79.08,7.86,25.99,75.77,Good
STU005530,Aryan Gupta,CSE,B.Tech,4,7,D,23,72.94,76.75,33.41,62.91,74.73,8.85,22.26,73.11,Average
STU005531,Pooja Singh,AI & DS,B.Tech,2,3,C,20,82.36,72.75,37.01,54.17,73.07,7.59,17.28,76.33,Good
STU005532,Aarav Rao,AI & DS,B.Tech,1,1,B,20,75.14,68.97,37.14,65.76,67.42,8.11,26.4,69.2,Average
STU005533,Yash Singh,CSE,B.Tech,4,8,B,21,78.17,80.57,35.81,62.22,74.77,7.19,18.55,82.29,Good
STU005534,Riya Mishra,IT,B.Tech,3,6,B,20,95.99,59.29,34.19,56.35,68.63,7.58,23.22,83.12,Average
STU005535,Nikhil Rao,Mechanical,B.Tech,2,4,B,21,72.14,68.85,28.76,59.3,66.39,7.87,23.5,75.08,Average
STU005536,Diya Sharma,CSE,B.Tech,3,5,B,22,80.05,83.91,41.1,77.17,86.27,7.8,21.68,72.28,Excellent
STU005537,Sanjay Verma,CSE,B.Tech,1,1,C,20,83.78,62.79,35.21,61.59,58.67,8.05,16.26,75.95,Average
STU005538,Ishaan Rao,AI & DS,B.Tech,3,6,A,21,73.96,84.42,37.66,70.57,86.2,8.77,21.96,71.21,Average
STU005539,Diya Nair,EEE,B.Tech,2,4,B,21,83.47,88.76,42.28,73.07,89.24,8.2,25.27,83.7,Excellent
STU005540,Tanvi Iyer,EEE,B.Tech,1,2,A,18,75.6,74.31,35.45,50.18,70.6,8.38,20.4,69.49,Good
STU005541,Yash Chatterjee,AI & DS,B.Tech,4,8,C,23,79.51,82.45,36.77,78.33,84.78,7.66,19.24,82.16,Good
STU005542,Karan Reddy,CSE,B.Tech,1,1,B,19,78.56,80.53,36.06,63.84,72.74,8.15,12.88,78.48,Good
STU005543,Sai Menon,CSE,B.Tech,1,1,B,19,87.14,84.63,40.6,70.26,86.62,7.61,26.2,73.51,Excellent
STU005544,Yash Verma,ECE,B.Tech,4,7,B,22,83.39,74.76,34.24,61.68,59.38,7.79,18.45,74.7,Average
STU005545,Rahul Kumar,IT,B.Tech,2,3,B,20,76.69,63.39,35.24,63.99,69.97,8.39,18.49,59.72,Average
STU005546,Isha Krishnan,AI & DS,B.Tech,4,8,C,23,84.26,73.8,33.04,56.39,64.56,7.97,23.43,73.44,Average
STU005547,Karan Rao,ECE,B.Tech,1,1,B,19,79.51,66.08,32.4,62.22,64.78,7.55,26.84,78.01,Average
STU005548,Krishna Gupta,CSE,B.Tech,3,6,B,22,75.88,66.44,32.82,51.49,62.59,7.53,20.81,75.03,Average
STU005549,Krishna Mishra,Mechanical,B.Tech,2,4,D,19,81.89,75.17,33.39,67.43,79.41,7.92,17.97,84.85,Good
STU005550,Karan Reddy,Mechanical,B.Tech,2,4,B,19,71.69,60.55,25.02,55.66,53.63,7.36,19.31,58.11,At Risk
STU005551,Ishaan Pillai,Mechanical,B.Tech,2,4,A,19,73.6,55.6,23.78,43.96,51.0,7.54,14.06,60.04,At Risk
STU005552,Arjun Menon,ECE,M.Tech,1,1,C,25,72.64,66.42,29.15,68.45,77.2,8.37,22.66,67.33,Average
STU005553,Krishna Menon,Civil,B.Tech,2,4,A,19,75.99,72.44,33.06,78.87,86.42,6.96,23.71,69.73,Good
STU005554,Aarav Mehta,ECE,B.Tech,2,3,D,21,72.2,83.17,34.37,85.08,80.78,8.44,22.09,67.31,Average
STU005555,Arjun Mishra,ECE,B.Tech,3,6,C,21,73.45,68.77,33.7,64.64,69.66,7.74,20.91,67.95,Average
STU005556,Sai Mishra,AI & DS,B.Tech,1,2,D,20,80.96,82.96,40.3,71.15,91.5,8.7,21.9,89.21,Excellent
STU005557,Sanjay Menon,AI & DS,B.Tech,4,7,A,22,80.87,61.28,23.92,55.05,47.21,7.81,20.08,70.5,At Risk
STU005558,Aditya Bose,Civil,B.Tech,2,3,B,21,86.64,77.92,41.25,78.11,91.45,8.53,22.26,73.74,Excellent
STU005559,Tanvi Mishra,CSE,B.Tech,1,2,D,19,73.52,56.69,31.98,52.27,57.32,7.57,19.64,66.47,Average
STU005560,Arjun Shah,AI & DS,B.Tech,3,6,A,22,79.3,66.4,34.34,68.66,76.9,7.54,17.89,67.81,Good
STU005561,Sai Mishra,Civil,B.Tech,1,2,D,20,74.13,75.04,35.97,79.6,73.71,8.76,17.63,72.98,Average
STU005562,Varun Joshi,Civil,B.Tech,3,5,B,22,75.42,58.96,28.45,63.37,70.41,7.41,18.14,75.39,Good
STU005563,Rahul Patel,AI & DS,B.Tech,3,5,D,21,78.94,70.63,30.07,58.66,74.71,8.25,17.66,72.81,Good
STU005564,Bhavya Joshi,AI & DS,B.Tech,3,6,D,22,79.29,73.68,32.89,72.55,77.81,7.53,20.85,70.09,Good
STU005565,Akash Nair,Mechanical,B.Tech,4,8,B,21,83.2,70.51,33.74,65.44,78.23,7.49,19.24,80.44,Good
STU005566,Riya Gupta,AI & DS,B.Tech,1,2,A,19,77.59,63.05,26.51,57.44,75.64,7.36,19.95,79.38,Good
STU005567,Manish Iyer,IT,B.Tech,4,7,D,21,83.51,77.31,43.94,79.34,92.08,8.14,23.5,75.78,Excellent
STU005568,Pooja Nair,IT,M.Tech,2,4,B,23,83.24,86.93,33.97,80.16,90.74,7.62,28.25,99.42,Excellent
STU005569,Ananya Das,ECE,B.Tech,4,7,B,21,67.87,78.44,39.49,63.55,83.27,7.56,18.35,76.43,Average
STU005570,Nisha Mehta,Civil,B.Tech,2,3,D,20,85.11,77.39,38.74,68.01,70.49,8.38,22.21,68.84,Good
STU005571,Sanjay Chatterjee,CSE,B.Tech,2,3,C,20,88.76,81.15,38.71,72.58,74.8,8.85,23.03,72.59,Good
STU005572,Meera Pillai,CSE,M.Tech,1,2,C,22,87.68,70.3,36.13,55.92,72.35,8.25,24.31,69.07,Good
STU005573,Varun Bose,IT,B.Tech,4,7,C,23,92.58,92.75,33.03,74.69,87.2,7.85,25.92,85.48,Excellent
STU005574,Shreya Krishnan,CSE,B.Tech,3,5,B,21,85.4,71.17,32.21,58.87,63.92,7.41,14.96,71.15,Average
STU005575,Bhavya Kumar,AI & DS,B.Tech,1,1,A,19,89.85,85.86,38.37,66.12,79.04,8.87,19.91,79.24,Good
STU005576,Zoya Das,Civil,B.Tech,2,3,B,20,80.36,75.5,35.5,61.67,76.65,7.97,23.81,70.76,Good
STU005577,Diya Bose,Civil,B.Tech,4,8,C,23,84.64,67.77,32.19,55.53,74.23,8.32,14.67,72.29,Good
STU005578,Ishaan Menon,CSE,B.Tech,3,5,D,20,80.74,84.78,35.89,63.59,72.49,8.53,23.07,68.71,Good
STU005579,Ishaan Mehta,CSE,B.Tech,2,3,A,21,87.61,63.38,33.22,67.94,79.36,7.99,21.29,71.35,Good
STU005580,Rohan Krishnan,AI & DS,B.Tech,3,6,D,22,71.78,66.8,35.02,68.1,73.37,7.58,23.89,86.81,Average
STU005581,Bhavya Joshi,Mechanical,B.Tech,4,8,A,21,80.21,78.91,38.1,65.04,88.95,7.81,28.33,73.82,Excellent
STU005582,Aryan Joshi,AI & DS,M.Tech,1,2,D,22,82.33,72.85,33.85,60.32,73.67,8.69,17.27,83.2,Good
STU005583,Ishaan Krishnan,Mechanical,B.Tech,4,8,D,23,89.35,73.1,40.59,64.9,67.81,8.1,24.58,72.74,Average
STU005584,Aditi Bose,Civil,B.Tech,3,6,C,20,85.22,70.77,39.83,70.13,76.02,7.98,24.19,83.73,Good
STU005585,Diya Mehta,CSE,B.Tech,1,1,A,18,82.38,76.19,34.25,61.14,76.12,7.43,20.61,82.72,Good
STU005586,Pooja Bose,AI & DS,B.Tech,2,4,B,21,76.41,68.5,33.72,61.06,70.46,8.18,20.24,64.1,Good
STU005587,Bhavya Bose,EEE,B.Tech,1,1,C,20,85.59,76.18,37.29,59.75,80.64,9.01,21.95,69.45,Good
STU005588,Meera Gupta,Civil,B.Tech,4,7,C,21,65.24,78.41,31.55,51.59,52.91,7.22,18.0,83.94,At Risk
STU005589,Ananya Menon,ECE,B.Tech,4,8,C,23,84.97,60.55,27.71,55.92,71.02,8.3,18.15,79.9,Good
STU005590,Nisha Nair,Mechanical,B.Tech,1,2,A,19,64.49,75.76,30.18,51.4,76.46,7.15,18.11,67.98,At Risk
STU005591,Pooja Joshi,Mechanical,B.Tech,1,2,A,19,75.57,69.71,30.47,50.93,87.19,8.17,20.75,74.72,Good
STU005592,Kavya Rao,CSE,B.Tech,4,8,D,21,72.6,64.0,26.13,51.21,52.96,7.86,14.13,66.04,At Risk
STU005593,Aditya Singh,Mechanical,B.Tech,3,5,B,22,79.3,60.66,31.25,48.45,61.34,7.3,17.17,65.11,Average
STU005594,Aarav Joshi,CSE,B.Tech,3,5,B,21,80.14,68.8,30.74,60.85,76.37,7.55,21.95,77.04,Good
STU005595,Zoya Singh,AI & DS,B.Tech,4,7,C,22,85.55,83.11,39.26,71.38,80.21,8.68,26.45,82.33,Good
STU005596,Yash Iyer,CSE,B.Tech,2,4,A,21,89.15,73.43,35.43,85.59,85.23,8.54,26.96,86.8,Excellent
STU005597,Vikram Mishra,Mechanical,B.Tech,4,8,C,22,61.76,75.23,33.78,58.39,59.5,7.72,13.54,62.38,At Risk
STU005598,Krishna Verma,EEE,M.Tech,2,3,A,25,75.66,74.13,31.06,59.03,73.91,8.2,17.32,77.46,Good
STU005599,Nikhil Pillai,CSE,B.Tech,2,3,D,20,88.54,80.62,35.21,78.41,100,8.38,26.94,85.98,Excellent
STU005600,Ishaan Das,CSE,B.Tech,3,6,D,20,88.91,56.92,25.51,55.73,64.82,7.42,21.13,78.71,Average
STU005601,Arjun Gupta,ECE,B.Tech,1,1,A,18,86.32,74.59,37.16,76.59,84.26,8.83,20.78,73.22,Good
STU005602,Ishaan Pillai,IT,B.Tech,1,2,D,19,79.53,61.97,23.11,59.19,64.66,7.28,21.63,70.23,Average
STU005603,Bhavya Pillai,EEE,B.Tech,4,8,A,23,90.32,71.4,31.3,64.13,95.35,7.33,18.17,74.14,Excellent
STU005604,Arjun Menon,CSE,B.Tech,2,4,A,21,52.46,62.25,25.37,57.03,65.63,9.04,18.48,62.39,At Risk
STU005605,Shreya Sharma,AI & DS,B.Tech,4,7,A,22,70.85,73.46,27.76,48.5,74.88,8.01,22.82,72.8,Average
STU005606,Aditya Mishra,IT,B.Tech,4,7,C,21,85.68,77.88,35.91,71.57,86.51,8.02,22.17,71.38,Excellent
STU005607,Aditya Patel,IT,B.Tech,4,8,C,23,86.84,85.87,34.2,72.11,84.9,8.49,25.0,80.21,Good
STU005608,Aryan Kumar,AI & DS,B.Tech,4,7,D,23,99.83,77.21,36.65,77.42,80.94,8.02,22.4,77.78,Good
STU005609,Ishaan Verma,IT,B.Tech,4,7,C,22,68.43,63.21,32.41,62.45,55.78,6.76,20.87,70.19,Average
STU005610,Ananya Iyer,CSE,B.Tech,3,6,A,22,82.79,68.83,36.25,76.35,87.41,8.01,22.46,69.63,Excellent
STU005611,Varun Pillai,AI & DS,B.Tech,1,2,A,19,74.05,68.02,28.73,67.17,66.79,6.9,25.38,80.99,Average
STU005612,Vikram Shah,Mechanical,B.Tech,3,6,C,22,100,71.81,37.19,65.21,73.03,8.3,25.08,78.6,Good
STU005613,Sneha Chatterjee,CSE,B.Tech,2,3,B,21,72.8,59.17,24.27,62.04,66.15,8.13,18.14,59.41,Average
STU005614,Diya Das,CSE,B.Tech,2,4,B,21,70.41,52.63,32.36,57.41,64.08,7.16,12.11,51.56,Average
STU005615,Surya Nair,IT,B.Tech,4,8,C,23,73.89,86.35,37.89,74.79,86.01,8.43,25.35,79.49,Average
STU005616,Rahul Shah,Mechanical,B.Tech,2,4,C,20,82.17,78.16,39.18,72.23,71.09,7.97,23.15,68.03,Good
STU005617,Krishna Rao,CSE,B.Tech,2,3,A,19,69.5,71.86,34.23,65.87,69.06,7.65,16.44,72.79,Average
STU005618,Vikram Chatterjee,ECE,B.Tech,3,6,A,21,72.91,69.94,30.6,66.07,75.18,7.75,19.68,74.09,Average
STU005619,Sanjay Das,AI & DS,M.Tech,1,1,B,22,70.22,68.15,34.76,48.88,68.76,7.29,19.06,71.12,Average
STU005620,Manish Chatterjee,ECE,B.Tech,1,1,D,20,65.64,60.23,31.26,55.01,55.0,7.67,16.97,77.74,At Risk
STU005621,Diya Menon,ECE,B.Tech,1,2,D,19,73.75,78.24,32.13,51.5,74.71,7.91,17.24,83.56,Average
STU005622,Krishna Nair,CSE,B.Tech,2,3,D,20,88.13,61.82,25.55,66.91,79.49,8.5,21.15,85.24,Good
STU005623,Aryan Verma,ECE,B.Tech,1,1,C,20,60.06,68.94,29.65,51.78,71.98,7.74,19.48,74.62,At Risk
STU005624,Isha Menon,CSE,B.Tech,1,2,D,19,74.85,69.61,31.05,59.54,62.34,7.77,19.3,64.02,Average
STU005625,Shreya Mehta,Civil,B.Tech,2,4,D,20,80.13,71.03,31.09,62.88,55.2,7.04,22.6,75.05,Average
STU005626,Riya Nair,Civil,B.Tech,2,3,C,19,67.37,68.62,28.16,62.36,61.65,8.3,21.51,78.62,Average
STU005627,Shreya Bose,Civil,B.Tech,1,1,B,19,86.66,70.57,30.44,69.82,74.74,7.42,20.21,78.05,Good
STU005628,Karan Bose,CSE,B.Tech,3,6,D,21,90.41,64.59,33.39,66.22,68.17,8.2,17.21,67.9,Average
STU005629,Aarav Iyer,CSE,M.Tech,2,4,D,25,76.02,75.89,37.46,69.83,76.68,7.73,21.6,85.77,Good
STU005630,Diya Patel,CSE,B.Tech,1,1,A,18,82.23,80.25,35.69,68.42,75.03,8.5,29.27,69.44,Good
STU005631,Sneha Verma,AI & DS,B.Tech,1,2,D,20,71.78,74.72,38.89,78.85,95.21,8.77,18.72,72.81,Average
STU005632,Sanjay Patel,CSE,B.Tech,4,8,A,23,75.25,78.48,37.83,65.22,76.31,7.12,19.14,79.11,Good
STU005633,Nisha Bose,CSE,B.Tech,4,8,B,23,75.89,77.01,34.51,58.55,74.06,9.37,18.47,72.72,Good
STU005634,Arjun Iyer,ECE,B.Tech,2,3,C,20,85.36,72.89,34.91,67.97,77.7,8.44,26.21,72.34,Good
STU005635,Riya Pillai,ECE,B.Tech,2,3,D,21,80.32,82.75,39.6,78.69,88.58,8.52,24.0,78.88,Excellent
STU005636,Sai Reddy,AI & DS,B.Tech,2,4,A,19,88.33,75.64,31.49,58.08,69.07,8.17,27.43,67.04,Average
STU005637,Nikhil Mishra,ECE,B.Tech,1,1,C,20,75.15,71.97,30.62,59.11,62.83,7.47,19.6,65.27,Average
STU005638,Akash Mehta,CSE,B.Tech,3,5,A,20,77.99,58.86,26.88,55.11,69.42,7.66,18.08,70.76,Average
STU005639,Zoya Bose,IT,B.Tech,4,7,B,21,83.04,67.42,35.17,55.23,69.29,7.09,19.28,55.31,Average
STU005640,Varun Krishnan,Mechanical,B.Tech,4,7,D,22,76.29,61.04,29.9,55.39,61.41,8.39,14.65,67.43,Average
STU005641,Yash Rao,Civil,B.Tech,2,3,D,20,82.57,77.36,39.8,62.78,83.68,8.0,22.49,76.8,Good
STU005642,Kavya Verma,ECE,B.Tech,1,1,B,18,81.57,79.44,36.29,73.41,83.53,8.39,19.81,83.61,Good
STU005643,Shreya Iyer,IT,B.Tech,4,8,B,22,80.57,79.84,39.44,71.87,79.63,9.02,21.0,79.11,Good
STU005644,Aditya Singh,Mechanical,M.Tech,2,3,A,23,78.22,75.21,29.84,66.54,79.33,8.53,26.0,73.51,Good
STU005645,Arjun Bose,Mechanical,B.Tech,3,6,D,20,76.07,79.66,40.03,60.38,64.1,8.12,22.37,72.73,Average
STU005646,Diya Das,AI & DS,B.Tech,3,6,D,22,68.99,77.02,36.24,61.4,70.12,7.67,19.75,74.9,Average
STU005647,Nisha Mehta,Civil,B.Tech,2,4,D,20,79.35,63.04,27.88,51.56,51.26,7.85,16.36,69.32,At Risk
STU005648,Surya Sharma,CSE,B.Tech,4,7,B,21,65.9,67.81,34.11,51.41,46.76,7.45,19.02,80.51,At Risk
STU005649,Arjun Das,AI & DS,B.Tech,2,3,B,20,90.31,80.31,38.71,63.13,74.73,8.35,25.83,74.73,Good
STU005650,Akash Verma,Civil,B.Tech,2,4,D,20,89.78,77.43,37.62,62.04,68.56,6.49,20.86,61.15,Average
STU005651,Ananya Iyer,EEE,B.Tech,1,1,A,20,79.29,69.64,28.42,50.64,56.16,7.62,20.94,83.04,Average
STU005652,Ananya Iyer,CSE,B.Tech,3,6,D,20,75.16,66.46,30.03,60.43,74.1,7.37,14.63,65.05,Good
STU005653,Nikhil Nair,IT,B.Tech,3,6,B,20,77.35,78.71,34.97,68.55,80.66,7.19,20.31,66.41,Good
STU005654,Surya Joshi,Civil,B.Tech,2,3,D,21,68.13,64.71,31.39,70.67,72.24,8.0,18.17,54.28,Average
STU005655,Akash Mehta,AI & DS,B.Tech,1,2,C,18,82.32,66.65,33.1,81.8,69.15,7.8,23.06,82.76,Average
STU005656,Vikram Krishnan,ECE,B.Tech,2,3,A,20,69.71,78.61,36.84,64.11,84.84,7.21,16.58,78.17,Average
STU005657,Aryan Sharma,CSE,B.Tech,4,8,A,23,61.72,79.26,27.51,49.1,68.89,7.49,21.04,69.96,At Risk
STU005658,Karan Mishra,IT,B.Tech,2,3,C,19,70.49,58.86,29.59,45.5,62.3,7.33,17.64,65.39,Average
STU005659,Yash Kumar,IT,B.Tech,4,8,A,22,79.88,77.4,35.87,70.88,70.18,8.24,20.99,65.3,Good
STU005660,Aditya Joshi,AI & DS,B.Tech,2,4,D,20,95.9,77.45,35.78,61.37,86.79,8.15,29.99,75.17,Excellent
STU005661,Ananya Nair,CSE,B.Tech,1,1,A,19,82.78,57.76,26.49,43.27,52.33,6.74,17.18,70.23,At Risk
STU005662,Sneha Gupta,CSE,B.Tech,4,8,A,23,77.32,72.48,34.64,65.97,68.09,8.14,19.97,72.2,Average
STU005663,Tanvi Krishnan,EEE,B.Tech,1,1,A,20,100,64.85,35.72,75.49,83.96,8.6,27.17,81.74,Good
STU005664,Sanjay Gupta,IT,B.Tech,3,6,B,21,73.38,72.61,39.03,66.92,79.97,8.32,18.74,77.25,Average
STU005665,Kavya Joshi,IT,B.Tech,1,2,C,18,77.58,75.09,33.19,62.15,82.42,7.92,20.98,73.04,Good
STU005666,Aryan Krishnan,EEE,B.Tech,3,6,A,20,90.98,76.89,32.85,64.1,78.53,7.74,24.36,65.06,Good
STU005667,Yash Rao,Mechanical,B.Tech,4,8,C,22,77.39,66.44,34.82,56.6,68.54,7.6,14.04,85.61,Average
STU005668,Ananya Mishra,IT,B.Tech,4,7,B,21,88.49,84.7,39.13,71.81,88.98,8.47,29.64,88.32,Excellent
STU005669,Arjun Shah,Mechanical,B.Tech,4,8,B,21,80.08,74.25,32.79,52.96,63.57,7.97,21.26,64.69,Average
STU005670,Krishna Shah,EEE,B.Tech,2,4,A,19,84.86,73.02,37.3,69.74,92.55,7.87,25.53,82.9,Excellent
STU005671,Rahul Das,CSE,B.Tech,1,2,D,18,75.86,66.0,33.99,61.26,86.22,7.49,18.15,76.76,Good
STU005672,Kavya Kumar,AI & DS,B.Tech,2,3,D,20,87.42,82.99,36.64,74.41,71.4,8.26,20.31,78.43,Good
STU005673,Rohan Das,ECE,M.Tech,2,4,C,25,67.17,82.51,37.52,63.37,71.71,7.61,21.18,76.53,Average
STU005674,Kavya Patel,CSE,B.Tech,3,6,D,21,61.25,82.02,32.2,64.98,76.05,8.48,30.51,84.62,At Risk
STU005675,Yash Mishra,Mechanical,B.Tech,1,2,C,18,83.04,76.63,32.62,67.91,78.26,8.14,20.9,67.94,Good
STU005676,Ishaan Singh,AI & DS,B.Tech,1,1,B,18,80.07,64.48,31.62,59.2,86.2,6.72,14.31,71.99,Excellent
STU005677,Sneha Shah,ECE,B.Tech,2,4,B,21,96.69,73.73,34.7,70.14,74.78,8.04,27.59,90.71,Good
STU005678,Krishna Joshi,EEE,B.Tech,1,1,C,18,76.99,72.62,33.2,71.26,85.62,7.69,20.27,67.45,Good
STU005679,Nikhil Gupta,CSE,B.Tech,1,2,A,18,88.03,69.02,32.11,59.02,75.34,8.25,21.89,78.04,Good
STU005680,Sanjay Chatterjee,Mechanical,B.Tech,3,6,A,20,76.02,67.93,35.8,58.22,78.14,7.94,19.77,77.84,Good
STU005681,Nisha Patel,CSE,B.Tech,2,3,C,21,68.85,73.25,35.0,79.93,89.19,7.81,19.16,76.24,Average
STU005682,Vikram Verma,Mechanical,B.Tech,3,6,C,20,80.66,77.33,33.76,68.78,69.2,7.15,18.65,76.47,Average
STU005683,Meera Shah,CSE,B.Tech,3,5,B,21,82.17,67.16,30.8,53.54,67.71,7.8,16.12,83.72,Average
STU005684,Nikhil Krishnan,EEE,B.Tech,3,6,B,21,86.89,76.69,35.87,64.75,74.17,8.01,20.38,78.75,Good
STU005685,Yash Reddy,ECE,M.Tech,1,2,C,25,67.68,75.43,34.57,71.71,62.0,7.82,17.03,78.52,Average
STU005686,Isha Joshi,ECE,B.Tech,4,7,D,23,82.33,74.79,40.6,46.88,84.37,7.08,19.98,72.13,Good
STU005687,Manish Kumar,EEE,B.Tech,2,3,C,20,75.11,79.44,42.06,64.06,76.84,8.39,16.63,63.82,Good
STU005688,Tanvi Iyer,AI & DS,B.Tech,4,7,A,23,88.24,72.06,27.48,62.19,60.68,8.29,20.57,76.66,Average
STU005689,Bhavya Mishra,CSE,B.Tech,2,4,A,21,92.34,72.91,43.89,89.22,67.71,8.23,25.11,87.06,Average
STU005690,Aryan Das,AI & DS,B.Tech,3,6,D,21,85.0,74.05,34.47,61.17,81.11,8.35,20.37,76.08,Good
STU005691,Meera Sharma,EEE,B.Tech,2,4,C,21,74.98,78.06,36.16,62.37,75.83,7.18,21.74,66.55,Average
STU005692,Rohan Iyer,IT,B.Tech,4,7,A,21,83.38,77.74,34.39,70.66,73.34,9.14,25.53,81.79,Good
STU005693,Pooja Bose,CSE,B.Tech,2,3,A,19,75.58,78.18,29.67,68.66,67.31,7.52,21.88,78.43,Average
STU005694,Kavya Iyer,Civil,B.Tech,4,8,B,22,82.36,67.84,29.29,68.11,71.15,8.58,22.89,67.41,Good
STU005695,Kavya Rao,Mechanical,B.Tech,1,1,A,19,73.26,70.37,31.36,58.65,75.3,6.85,17.29,60.8,Average
STU005696,Aarav Patel,ECE,B.Tech,3,6,B,20,84.72,77.64,34.73,60.17,79.09,8.21,22.9,90.96,Good
STU005697,Aarav Mehta,ECE,B.Tech,3,6,C,21,75.97,71.37,32.02,52.84,64.22,7.11,17.24,74.41,Average
STU005698,Vikram Mishra,ECE,B.Tech,1,2,C,18,74.41,87.76,39.92,69.06,80.02,9.65,23.31,75.66,Average
STU005699,Vikram Sharma,AI & DS,B.Tech,2,4,D,21,80.25,64.92,29.76,59.16,72.33,6.87,22.89,71.6,Good
STU005700,Aditya Chatterjee,AI & DS,B.Tech,2,3,C,19,69.63,74.79,32.71,57.15,67.39,7.46,18.91,76.41,Average
STU005701,Aditi Patel,CSE,B.Tech,3,6,B,20,72.81,67.12,29.66,68.15,85.64,8.11,20.87,57.06,Average
STU005702,Shreya Kumar,AI & DS,B.Tech,3,5,D,21,88.73,62.11,33.15,64.69,77.47,8.78,23.03,79.63,Good
STU005703,Vikram Kumar,EEE,M.Tech,2,4,A,24,76.64,74.4,31.7,49.85,51.28,7.43,25.86,74.95,At Risk
STU005704,Zoya Verma,ECE,B.Tech,3,6,A,20,78.67,71.92,31.38,53.14,59.52,8.12,19.5,71.68,Average
STU005705,Shreya Shah,EEE,B.Tech,2,4,A,19,73.54,79.96,38.85,71.17,85.32,8.37,28.12,83.58,Average
STU005706,Vikram Chatterjee,ECE,B.Tech,1,1,C,19,83.72,60.4,32.02,53.56,76.94,6.8,19.5,66.44,Good
STU005707,Manish Menon,Mechanical,B.Tech,4,7,B,21,74.67,72.61,33.01,81.31,85.94,8.28,22.37,69.98,Average
STU005708,Rahul Reddy,ECE,B.Tech,1,1,C,19,75.61,72.74,30.68,74.45,69.31,8.27,19.38,72.73,Average
STU005709,Vikram Reddy,IT,B.Tech,1,1,D,18,74.72,72.69,34.67,71.56,95.0,8.04,21.37,74.62,Average
STU005710,Tanvi Pillai,CSE,B.Tech,3,6,D,20,83.08,74.7,41.53,57.36,77.71,8.45,20.91,83.61,Good
STU005711,Tanvi Rao,ECE,B.Tech,2,4,C,20,78.83,81.29,38.8,74.21,63.02,8.41,21.16,81.26,Average
STU005712,Zoya Patel,Civil,B.Tech,1,2,B,20,86.78,76.29,35.58,67.59,71.6,7.64,21.01,84.98,Good
STU005713,Shreya Pillai,IT,B.Tech,3,6,D,22,79.37,75.48,39.95,65.73,80.89,8.61,15.83,70.41,Good
STU005714,Pooja Bose,Mechanical,B.Tech,1,2,B,18,91.59,82.86,37.05,80.91,91.09,8.62,29.97,78.82,Excellent
STU005715,Meera Reddy,CSE,M.Tech,1,1,A,24,64.34,76.33,34.92,68.53,79.4,8.35,21.42,74.14,At Risk
STU005716,Yash Mehta,IT,B.Tech,3,6,B,21,84.34,75.43,36.05,60.67,81.32,7.41,23.87,83.87,Good
STU005717,Bhavya Bose,IT,B.Tech,2,3,C,20,90.87,85.15,39.54,74.76,81.71,8.86,28.38,92.92,Good
STU005718,Isha Singh,Civil,B.Tech,1,2,B,19,76.51,71.45,35.57,74.95,96.52,8.45,21.09,70.39,Good
STU005719,Aditi Iyer,Mechanical,B.Tech,2,4,C,19,79.26,84.34,36.67,74.18,80.54,8.32,22.62,70.7,Good
STU005720,Pooja Joshi,Mechanical,B.Tech,1,1,B,20,78.29,70.47,31.75,67.17,85.42,8.29,26.98,80.11,Good
STU005721,Krishna Sharma,CSE,B.Tech,4,7,C,22,94.27,71.16,30.48,60.51,64.2,8.2,19.19,80.92,Average
STU005722,Manish Mehta,EEE,B.Tech,3,6,B,21,76.3,74.52,39.66,68.4,94.97,8.36,23.31,78.71,Good
STU005723,Ananya Sharma,AI & DS,M.Tech,2,3,B,23,77.0,65.41,29.39,60.16,66.41,8.0,18.35,75.39,Average
STU005724,Bhavya Joshi,AI & DS,B.Tech,4,7,A,22,89.73,72.89,32.97,64.64,75.82,8.0,21.09,72.17,Good
STU005725,Bhavya Menon,CSE,B.Tech,1,1,D,19,77.31,55.92,32.57,58.79,50.43,8.17,14.71,74.98,At Risk
STU005726,Shreya Pillai,IT,B.Tech,4,7,B,22,86.27,57.79,30.41,54.6,50.55,7.06,18.47,73.8,At Risk
STU005727,Yash Menon,ECE,M.Tech,1,2,D,22,68.14,60.59,31.52,61.19,64.18,7.39,9.09,68.49,Average
STU005728,Aditi Nair,CSE,B.Tech,3,5,C,22,82.24,70.14,30.11,65.58,74.32,7.56,20.8,84.64,Good
STU005729,Aarav Bose,CSE,B.Tech,4,8,C,21,79.27,62.84,31.0,62.08,74.08,8.1,17.34,57.39,Good
STU005730,Sneha Patel,IT,B.Tech,4,8,C,21,79.94,52.22,25.04,52.49,61.29,7.19,17.61,71.44,Average
STU005731,Nikhil Verma,Mechanical,B.Tech,3,5,B,21,79.85,75.6,28.32,63.0,64.35,7.68,18.09,67.71,Average
STU005732,Varun Rao,AI & DS,B.Tech,3,5,A,22,89.15,74.05,35.48,66.7,79.09,7.74,22.74,72.31,Good
STU005733,Tanvi Kumar,Civil,M.Tech,2,4,C,24,88.82,64.79,30.62,56.39,68.2,7.95,17.56,69.55,Average
STU005734,Nikhil Shah,CSE,B.Tech,2,4,B,20,63.28,76.93,37.75,59.78,70.03,8.41,21.72,57.93,At Risk
STU005735,Aditya Mishra,ECE,B.Tech,4,8,A,21,90.06,79.22,41.15,67.58,83.19,8.39,26.71,84.49,Good
STU005736,Kavya Chatterjee,IT,B.Tech,3,5,C,21,82.56,86.75,38.4,70.91,83.64,8.1,18.16,93.39,Good
STU005737,Surya Reddy,IT,B.Tech,3,6,B,21,80.57,67.08,30.62,77.44,88.35,8.43,21.48,62.52,Excellent
STU005738,Surya Mishra,IT,B.Tech,2,4,D,19,81.23,63.7,30.86,56.13,68.05,7.49,16.59,70.27,Average
STU005739,Kavya Krishnan,ECE,B.Tech,1,2,A,18,76.65,60.56,26.59,52.22,64.37,6.63,21.0,60.77,Average
STU005740,Sai Verma,CSE,M.Tech,1,2,A,23,73.52,85.94,43.06,70.72,84.35,8.45,17.28,72.83,Average
STU005741,Yash Patel,ECE,B.Tech,2,4,A,20,77.14,72.68,31.19,61.66,73.4,7.84,17.28,59.71,Good
STU005742,Riya Bose,CSE,M.Tech,1,1,A,22,74.79,83.28,37.33,67.78,82.41,8.45,18.42,69.57,Average
STU005743,Pooja Iyer,ECE,B.Tech,2,3,A,19,73.33,56.27,21.9,54.06,60.66,7.28,18.93,66.76,Average
STU005744,Yash Reddy,EEE,B.Tech,2,4,C,20,88.85,71.36,34.47,72.76,71.83,7.31,25.62,76.32,Good
STU005745,Kavya Bose,EEE,B.Tech,3,5,B,20,79.94,89.26,38.11,82.32,100,8.91,23.54,85.37,Good
STU005746,Sai Menon,Mechanical,B.Tech,1,1,D,19,82.06,73.91,36.14,68.82,94.24,8.04,20.89,75.31,Excellent
STU005747,Akash Chatterjee,ECE,B.Tech,4,8,C,23,82.8,62.18,33.68,60.82,81.26,6.85,24.19,78.57,Good
STU005748,Arjun Nair,CSE,B.Tech,2,4,A,19,79.08,82.43,38.12,65.07,71.38,8.09,20.95,65.64,Good
STU005749,Diya Gupta,CSE,B.Tech,4,7,B,22,82.38,73.32,34.84,66.94,73.36,8.12,24.64,78.55,Good
STU005750,Rohan Iyer,AI & DS,B.Tech,4,7,A,22,69.4,78.08,33.34,63.1,77.82,8.21,21.83,66.95,Average
STU005751,Akash Reddy,AI & DS,B.Tech,1,2,B,20,85.94,55.23,23.85,54.69,50.78,6.54,23.6,66.95,At Risk
STU005752,Varun Krishnan,IT,B.Tech,3,6,D,21,83.87,69.9,28.27,58.44,72.43,7.29,15.77,83.35,Good
STU005753,Kavya Mehta,ECE,B.Tech,1,1,D,18,72.23,62.76,28.49,59.32,71.72,7.78,19.48,69.81,Average
STU005754,Diya Kumar,Mechanical,M.Tech,1,1,B,22,84.56,70.48,34.6,58.95,76.51,8.56,19.49,71.03,Good
STU005755,Aarav Das,Mechanical,B.Tech,2,3,B,20,79.4,66.56,34.61,59.88,80.45,7.6,21.01,72.21,Good
STU005756,Aditya Mishra,IT,B.Tech,3,5,D,20,84.86,66.15,27.08,58.59,79.62,6.67,19.67,80.99,Good
STU005757,Akash Singh,IT,B.Tech,1,2,C,18,86.73,95.15,43.68,71.59,92.3,8.16,27.15,84.13,Excellent
STU005758,Pooja Joshi,Mechanical,B.Tech,3,5,A,22,67.83,81.21,35.42,71.56,82.92,7.71,29.07,64.54,Average
STU005759,Isha Joshi,IT,B.Tech,4,7,D,22,82.74,82.45,28.68,57.21,75.23,8.15,27.24,83.19,Good
STU005760,Tanvi Das,CSE,B.Tech,1,2,D,19,95.84,70.42,35.15,69.62,91.93,8.39,25.63,76.27,Excellent
STU005761,Aarav Patel,ECE,B.Tech,3,6,B,21,84.81,70.4,31.67,73.61,80.11,8.16,25.68,74.15,Good
STU005762,Surya Chatterjee,ECE,B.Tech,4,8,B,21,88.71,65.18,37.54,62.06,83.84,8.45,24.81,77.17,Good
STU005763,Sanjay Chatterjee,IT,B.Tech,1,2,A,18,89.01,78.84,31.46,60.85,75.06,7.86,20.23,71.47,Good
STU005764,Sanjay Iyer,CSE,B.Tech,1,1,D,19,67.34,69.65,31.07,63.69,74.82,8.11,20.41,56.19,Average
STU005765,Sai Nair,Mechanical,B.Tech,4,7,A,22,85.08,79.0,46.55,69.59,82.59,8.23,23.66,84.59,Good
STU005766,Sanjay Krishnan,Mechanical,B.Tech,1,2,D,20,71.6,58.71,32.11,43.64,61.76,8.23,18.58,65.66,Average
STU005767,Sai Das,ECE,M.Tech,1,1,A,24,80.21,63.6,25.34,59.42,65.37,6.63,18.42,71.67,Average
STU005768,Nikhil Iyer,CSE,B.Tech,3,6,D,20,95.43,66.62,30.73,57.05,72.61,7.1,17.14,73.53,Good
STU005769,Pooja Mehta,Civil,B.Tech,4,7,D,22,95.97,67.65,39.59,75.03,82.69,8.51,23.96,74.6,Good
STU005770,Sanjay Mehta,EEE,B.Tech,1,2,A,20,80.24,76.55,28.24,78.88,76.89,8.6,20.99,62.56,Good
STU005771,Sai Nair,EEE,B.Tech,3,5,A,20,84.35,73.31,32.5,55.18,72.65,7.47,22.44,77.43,Good
STU005772,Tanvi Reddy,ECE,B.Tech,3,5,A,22,74.63,80.97,41.57,78.08,80.46,8.44,22.48,72.18,Average
STU005773,Sanjay Krishnan,AI & DS,B.Tech,4,8,C,23,73.71,78.43,35.86,57.6,77.41,8.28,18.49,70.31,Average
STU005774,Aditi Iyer,CSE,B.Tech,2,4,D,20,76.01,69.15,34.4,69.69,85.19,8.17,13.62,69.63,Good
STU005775,Bhavya Chatterjee,ECE,B.Tech,4,8,D,23,84.28,68.98,25.05,58.57,71.88,6.8,17.18,72.5,Good
STU005776,Aditi Mehta,ECE,B.Tech,2,4,A,19,82.98,64.56,39.58,58.53,67.9,8.5,19.87,66.5,Average
STU005777,Ishaan Singh,Civil,B.Tech,1,1,A,20,84.31,67.08,30.39,63.31,68.68,7.9,20.61,68.52,Average
STU005778,Krishna Rao,ECE,B.Tech,2,4,B,19,72.4,63.66,38.51,32.96,57.93,7.91,14.57,65.82,Average
STU005779,Nikhil Pillai,AI & DS,B.Tech,4,7,B,23,80.8,82.24,38.03,77.66,99.23,8.81,20.25,70.72,Excellent
STU005780,Aarav Kumar,ECE,B.Tech,3,5,B,21,88.72,66.18,34.48,63.74,70.64,7.55,11.1,70.93,Good
STU005781,Surya Krishnan,ECE,B.Tech,2,3,C,19,76.78,77.8,37.41,77.4,83.05,7.95,26.86,78.0,Good
STU005782,Nisha Mishra,Civil,B.Tech,4,8,C,22,86.21,71.86,28.52,59.41,68.58,8.25,21.99,72.93,Average
STU005783,Meera Nair,EEE,B.Tech,1,1,B,20,89.05,68.07,35.12,63.58,78.14,8.61,20.87,73.5,Good
STU005784,Kavya Pillai,Mechanical,B.Tech,2,3,A,21,80.68,70.59,37.86,66.15,77.63,7.85,22.61,75.38,Good
STU005785,Vikram Krishnan,Mechanical,B.Tech,3,6,B,22,66.61,86.99,36.77,73.32,56.95,9.05,20.8,80.58,Average
STU005786,Arjun Mishra,ECE,B.Tech,3,6,A,22,79.82,57.1,29.3,55.79,72.63,7.47,21.88,73.54,Good
STU005787,Meera Das,Civil,B.Tech,4,7,D,23,75.74,76.03,35.2,65.76,86.22,7.37,23.05,66.05,Good
STU005788,Riya Rao,AI & DS,B.Tech,2,3,B,20,81.88,80.34,28.62,53.46,61.02,8.35,24.59,81.5,Average
STU005789,Manish Iyer,Civil,B.Tech,3,5,C,22,67.08,63.26,26.53,47.94,74.84,7.01,12.97,59.34,Average
STU005790,Aarav Iyer,ECE,B.Tech,2,3,D,19,77.72,74.45,40.94,57.04,67.54,8.58,19.11,82.43,Average
STU005791,Sneha Iyer,Mechanical,B.Tech,4,8,B,23,88.32,87.2,43.72,83.27,85.83,9.32,19.22,84.79,Excellent
STU005792,Aarav Gupta,ECE,B.Tech,3,5,D,22,85.91,65.9,33.62,62.49,52.51,7.89,26.66,77.57,At Risk
STU005793,Varun Gupta,ECE,B.Tech,2,4,D,20,82.1,65.04,31.98,63.46,75.03,7.19,22.51,58.65,Good
STU005794,Ananya Pillai,Civil,B.Tech,2,3,D,21,80.43,86.09,38.6,84.15,89.72,8.73,26.72,82.78,Excellent
STU005795,Surya Joshi,Civil,B.Tech,3,6,A,20,79.07,66.06,32.45,63.21,73.17,6.04,16.55,77.36,Good
STU005796,Rahul Patel,Civil,B.Tech,4,7,C,23,72.71,69.51,32.09,58.16,63.26,7.6,17.97,61.34,Average
STU005797,Nikhil Iyer,EEE,B.Tech,2,3,C,19,82.46,70.48,33.0,46.16,71.94,7.99,26.18,75.01,Good
STU005798,Nisha Singh,CSE,B.Tech,1,1,A,18,80.82,74.7,35.07,63.21,77.78,7.85,22.62,86.94,Good
STU005799,Aryan Verma,ECE,B.Tech,1,2,C,20,71.79,78.57,33.33,69.65,66.99,9.08,25.67,73.62,Average
STU005800,Manish Patel,ECE,B.Tech,1,1,A,19,84.02,61.1,28.9,61.94,62.92,6.74,20.06,61.5,Average
STU005801,Meera Shah,IT,M.Tech,1,2,B,25,76.71,68.78,32.59,58.35,74.0,8.45,18.73,59.08,Good
STU005802,Riya Shah,Civil,B.Tech,2,3,A,20,81.7,63.52,31.01,55.55,62.25,8.16,22.1,60.91,Average
STU005803,Vikram Joshi,Civil,B.Tech,1,1,D,18,79.77,75.68,41.56,52.63,73.09,9.05,20.81,62.65,Good
STU005804,Aditi Verma,AI & DS,B.Tech,3,5,B,21,70.88,72.66,31.88,66.94,72.88,8.15,24.31,75.93,Average
STU005805,Sai Bose,ECE,B.Tech,3,6,B,21,89.62,78.16,38.65,67.95,86.69,8.78,21.13,76.03,Excellent
STU005806,Tanvi Patel,ECE,B.Tech,4,7,B,22,80.88,74.11,31.56,65.44,72.31,7.34,24.15,77.49,Good
STU005807,Vikram Shah,AI & DS,B.Tech,4,8,A,22,83.82,82.15,32.48,72.62,82.79,8.5,25.34,94.16,Good
STU005808,Shreya Sharma,CSE,B.Tech,3,5,B,20,73.24,67.0,32.16,55.94,65.95,7.31,21.43,79.99,Average
STU005809,Bhavya Gupta,CSE,B.Tech,3,5,B,20,70.96,70.21,32.62,69.85,73.8,8.33,19.04,78.55,Average
STU005810,Kavya Shah,ECE,B.Tech,3,6,C,21,81.97,65.6,29.99,49.8,69.56,7.16,17.6,87.2,Average
STU005811,Ananya Gupta,IT,B.Tech,2,4,D,21,86.81,70.99,30.87,69.03,90.63,8.29,20.68,73.16,Excellent
STU005812,Rahul Rao,AI & DS,B.Tech,1,1,A,20,87.7,85.81,46.17,73.52,85.72,8.43,27.0,75.49,Excellent
STU005813,Sai Bose,EEE,B.Tech,4,8,C,22,81.44,73.99,33.15,57.25,69.17,7.68,18.11,77.59,Average
STU005814,Ananya Rao,Mechanical,B.Tech,3,6,C,22,83.27,65.08,33.37,55.37,64.7,8.28,22.32,63.55,Average
STU005815,Meera Menon,AI & DS,B.Tech,2,3,A,21,85.13,73.95,31.99,75.28,85.96,7.88,25.94,68.8,Excellent
STU005816,Diya Sharma,IT,B.Tech,2,4,C,21,75.83,65.98,29.12,52.06,67.24,7.04,15.2,66.39,Average
STU005817,Ananya Sharma,Civil,B.Tech,1,2,D,19,71.22,65.77,31.6,63.94,69.34,7.26,20.11,81.87,Average
STU005818,Akash Mishra,CSE,B.Tech,1,1,B,18,77.51,77.75,33.56,56.83,76.58,7.35,20.36,79.31,Good
STU005819,Sai Mehta,Civil,B.Tech,4,8,A,22,76.69,80.45,37.63,56.45,66.31,8.83,14.79,58.82,Average
STU005820,Ananya Krishnan,ECE,B.Tech,3,6,A,22,71.61,66.33,41.36,75.41,74.54,7.81,19.03,70.51,Average
STU005821,Ananya Chatterjee,Mechanical,B.Tech,1,2,B,20,83.26,74.85,30.8,67.29,75.87,8.29,19.0,69.95,Good
STU005822,Yash Mishra,CSE,B.Tech,1,2,A,20,100,80.18,36.21,77.68,90.48,8.86,20.5,97.44,Excellent
STU005823,Vikram Reddy,Civil,B.Tech,1,1,B,20,77.63,62.24,34.26,62.42,71.91,7.35,18.8,68.4,Good
STU005824,Bhavya Mishra,EEE,B.Tech,2,3,B,21,87.79,77.08,38.83,67.45,71.43,6.78,24.82,75.41,Good
STU005825,Sai Patel,IT,B.Tech,4,8,C,23,88.27,56.31,27.34,54.47,63.13,7.27,23.19,74.73,Average
STU005826,Sai Pillai,EEE,B.Tech,3,6,A,21,77.01,78.71,35.5,56.47,54.81,7.97,20.43,61.73,At Risk
STU005827,Pooja Kumar,ECE,B.Tech,3,5,C,20,78.94,65.25,32.85,54.72,64.47,7.59,20.57,70.56,Average
STU005828,Varun Verma,Civil,B.Tech,1,2,D,18,77.1,74.51,34.12,60.83,62.73,7.21,17.5,72.7,Average
STU005829,Tanvi Bose,AI & DS,B.Tech,3,6,B,20,72.01,71.38,29.08,70.53,74.26,7.23,19.35,74.07,Average
STU005830,Nikhil Mehta,AI & DS,B.Tech,3,6,D,22,65.33,62.82,36.44,51.42,65.63,8.01,17.7,60.58,Average
STU005831,Kavya Sharma,AI & DS,M.Tech,2,4,C,26,66.72,66.26,31.37,60.89,69.0,8.36,16.12,68.39,Average
STU005832,Ananya Rao,AI & DS,B.Tech,4,8,B,23,96.07,79.47,39.57,80.52,88.04,7.87,23.0,86.35,Excellent
STU005833,Aryan Nair,ECE,B.Tech,3,6,B,20,81.2,60.87,36.26,70.21,70.49,7.78,16.44,63.71,Good
STU005834,Vikram Mehta,ECE,B.Tech,1,1,A,20,84.35,81.61,38.86,57.74,98.42,8.71,18.54,78.35,Excellent
STU005835,Isha Shah,Civil,B.Tech,3,6,A,21,83.09,76.82,35.04,68.68,84.73,8.14,24.54,97.58,Good
STU005836,Aarav Verma,AI & DS,B.Tech,4,8,B,21,64.61,78.14,38.27,71.99,80.9,8.5,23.2,75.57,At Risk
STU005837,Krishna Das,EEE,B.Tech,2,3,D,20,72.55,62.95,33.61,60.64,71.23,8.03,21.59,72.33,Average
STU005838,Shreya Bose,Civil,B.Tech,4,8,C,22,81.07,66.59,35.63,59.38,63.57,8.17,22.16,64.51,Average
STU005839,Rohan Gupta,IT,B.Tech,2,3,D,19,81.5,69.3,33.57,68.33,67.43,8.24,20.42,72.22,Average
STU005840,Riya Das,ECE,B.Tech,4,8,A,22,80.93,63.82,33.22,61.9,71.75,7.75,22.14,78.56,Good
STU005841,Aryan Sharma,CSE,B.Tech,4,8,A,23,75.84,63.93,35.25,68.59,66.84,7.96,20.86,72.26,Average
STU005842,Pooja Mishra,Mechanical,B.Tech,1,2,B,20,75.02,73.33,39.52,66.35,89.92,9.05,19.32,81.56,Good
STU005843,Varun Chatterjee,Mechanical,B.Tech,4,8,B,22,82.84,66.24,32.8,61.17,70.83,6.65,15.98,80.37,Good
STU005844,Rahul Das,AI & DS,B.Tech,3,6,B,22,91.62,73.26,34.76,77.79,79.48,8.61,23.66,94.48,Good
STU005845,Nikhil Mishra,CSE,B.Tech,4,8,D,23,84.78,63.25,32.83,60.25,57.12,7.48,22.73,79.46,Average
STU005846,Aditya Singh,CSE,B.Tech,4,7,D,21,74.08,67.41,31.77,50.78,70.86,7.7,23.03,64.13,Average
STU005847,Akash Bose,Civil,B.Tech,1,2,B,19,67.07,74.56,28.4,62.79,82.79,8.1,19.04,68.8,Average
STU005848,Pooja Verma,AI & DS,B.Tech,3,5,C,20,78.9,76.72,33.17,70.37,89.67,8.64,22.15,81.69,Good
STU005849,Isha Iyer,IT,B.Tech,2,3,B,19,65.24,65.77,25.17,57.84,79.6,8.16,14.23,63.06,Average
STU005850,Diya Shah,CSE,M.Tech,1,2,A,25,67.44,66.46,35.55,56.78,71.32,8.16,20.57,55.53,Average
STU005851,Meera Pillai,EEE,B.Tech,1,2,D,19,65.84,66.02,33.87,74.4,69.84,8.11,21.49,66.81,Average
STU005852,Karan Chatterjee,IT,B.Tech,2,4,B,19,88.2,61.58,31.43,59.3,74.7,8.15,19.45,81.11,Good
STU005853,Zoya Pillai,CSE,M.Tech,1,2,A,22,90.63,66.04,33.58,60.03,75.39,7.74,26.4,70.42,Good
STU005854,Varun Das,Civil,B.Tech,4,8,D,22,82.31,80.82,43.33,74.31,76.65,7.16,18.94,82.67,Good
STU005855,Diya Shah,ECE,B.Tech,2,4,A,21,88.04,75.5,38.58,68.74,78.61,8.1,25.15,83.76,Good
STU005856,Meera Krishnan,ECE,B.Tech,1,1,A,20,65.24,75.7,33.08,61.05,85.8,7.99,23.79,61.91,Average
STU005857,Ishaan Gupta,AI & DS,B.Tech,3,6,D,21,79.37,61.53,29.55,70.0,65.86,6.89,19.81,76.81,Average
STU005858,Karan Chatterjee,EEE,B.Tech,1,1,B,18,76.49,73.27,38.07,62.96,83.12,7.56,18.87,74.84,Good
STU005859,Tanvi Verma,CSE,B.Tech,4,7,B,23,73.43,74.18,38.57,55.99,70.75,8.41,24.55,67.86,Average
STU005860,Pooja Chatterjee,AI & DS,B.Tech,1,1,A,18,80.18,68.42,29.35,51.67,54.49,8.38,21.41,86.24,At Risk
STU005861,Ananya Menon,IT,B.Tech,2,3,B,19,73.89,62.26,24.46,54.39,57.67,7.34,17.6,62.63,Average
STU005862,Aditi Krishnan,CSE,B.Tech,1,1,C,19,92.23,57.77,30.21,46.99,65.21,6.89,18.31,65.21,Average
STU005863,Aryan Chatterjee,AI & DS,B.Tech,1,2,A,18,84.79,62.65,33.46,76.66,78.12,7.96,29.58,78.62,Good
STU005864,Yash Sharma,CSE,B.Tech,3,6,B,20,83.76,87.68,37.62,81.68,82.54,8.13,34.45,76.23,Good
STU005865,Nikhil Nair,ECE,B.Tech,2,3,C,19,71.88,61.14,31.07,36.73,51.62,8.02,10.97,66.19,At Risk
STU005866,Rahul Kumar,ECE,B.Tech,1,2,D,18,71.63,64.01,25.23,58.87,52.88,6.76,18.87,71.71,At Risk
STU005867,Akash Chatterjee,Mechanical,B.Tech,3,5,C,21,74.19,75.48,36.77,68.51,91.1,7.98,24.12,63.9,Average
STU005868,Meera Nair,CSE,B.Tech,1,2,A,19,85.42,72.28,36.24,62.09,68.55,8.07,15.95,72.75,Average
STU005869,Meera Krishnan,IT,B.Tech,1,1,A,20,72.52,74.47,31.03,62.74,72.38,7.31,27.58,66.78,Average
STU005870,Aditi Mishra,ECE,B.Tech,3,5,D,22,68.29,74.9,37.0,66.49,68.46,8.51,19.8,63.35,Average
STU005871,Aditya Mehta,IT,M.Tech,2,3,A,24,76.18,61.32,28.26,63.3,70.18,6.9,23.39,55.19,Good
STU005872,Pooja Rao,CSE,B.Tech,4,8,B,22,70.76,68.85,37.85,56.0,63.81,7.73,16.85,62.49,Average
STU005873,Arjun Das,AI & DS,B.Tech,2,3,C,20,83.42,62.06,38.2,57.21,71.23,8.09,15.48,70.06,Good
STU005874,Nikhil Singh,IT,B.Tech,3,5,B,20,72.16,89.64,37.86,84.64,90.54,8.05,30.44,72.42,Average
STU005875,Isha Rao,CSE,B.Tech,2,4,A,21,74.14,74.72,35.51,69.05,75.0,7.75,19.51,64.41,Average
STU005876,Aryan Mehta,AI & DS,B.Tech,1,1,D,18,76.89,67.17,27.53,51.42,74.13,7.55,23.01,77.15,Good
STU005877,Tanvi Nair,IT,B.Tech,2,4,D,19,93.78,68.55,30.67,58.68,67.08,8.36,29.88,80.1,Average
STU005878,Aryan Joshi,ECE,B.Tech,4,8,B,23,74.79,73.2,37.85,66.35,79.59,8.33,26.77,80.84,Average
STU005879,Sanjay Shah,AI & DS,B.Tech,4,7,C,23,75.87,88.18,37.79,71.19,90.57,8.43,24.89,81.66,Good
STU005880,Aarav Patel,AI & DS,B.Tech,1,2,C,20,75.0,76.1,38.09,56.57,78.46,8.54,20.77,73.53,Average
STU005881,Nikhil Nair,Civil,B.Tech,2,4,D,19,90.38,85.91,43.05,67.68,71.1,9.36,27.38,82.9,Good
STU005882,Vikram Gupta,Mechanical,B.Tech,1,2,C,19,61.85,69.31,32.87,55.06,83.44,8.12,14.02,60.67,At Risk
STU005883,Meera Das,CSE,B.Tech,4,8,C,21,87.29,78.06,41.03,80.7,85.32,8.73,25.38,79.59,Excellent
STU005884,Zoya Menon,ECE,B.Tech,4,8,C,21,74.68,60.62,35.76,65.12,74.56,8.47,14.2,67.06,Average
STU005885,Sai Joshi,IT,B.Tech,2,4,B,20,77.7,79.54,36.89,76.73,87.04,7.14,28.25,73.78,Good
STU005886,Meera Gupta,IT,B.Tech,3,6,C,22,80.6,84.21,35.09,63.9,85.16,7.86,24.07,94.44,Excellent
STU005887,Nikhil Iyer,Mechanical,B.Tech,1,2,D,19,85.68,65.0,34.23,59.06,72.49,8.65,18.18,73.31,Good
STU005888,Ishaan Menon,EEE,B.Tech,2,3,B,21,78.54,79.25,42.06,80.57,89.64,8.74,21.34,81.53,Good
STU005889,Rohan Iyer,ECE,B.Tech,3,6,D,21,80.55,71.01,37.79,68.6,74.7,8.96,20.98,73.44,Good
STU005890,Riya Mehta,Mechanical,B.Tech,4,7,D,23,83.31,81.05,39.76,77.79,87.33,9.2,18.06,79.88,Excellent
STU005891,Karan Mehta,ECE,B.Tech,4,7,D,21,80.23,58.07,30.96,47.92,66.47,7.6,22.36,66.08,Average
STU005892,Rohan Chatterjee,IT,B.Tech,1,2,A,19,81.64,78.28,33.77,45.49,56.3,6.59,24.38,76.86,Average
STU005893,Bhavya Nair,AI & DS,B.Tech,2,3,D,20,84.98,90.67,40.78,76.98,98.58,8.38,24.35,84.5,Excellent
STU005894,Aditya Sharma,Mechanical,B.Tech,4,8,D,21,77.95,59.04,34.8,65.51,67.31,7.45,13.31,88.16,Average
STU005895,Manish Joshi,CSE,B.Tech,3,6,A,20,58.92,67.81,23.1,52.24,58.98,8.22,20.05,61.03,At Risk
STU005896,Krishna Bose,Civil,B.Tech,4,8,C,21,92.42,64.15,27.93,55.73,56.89,7.31,21.32,68.72,Average
STU005897,Krishna Patel,CSE,B.Tech,2,3,D,21,90.01,69.1,30.28,60.06,76.49,7.76,22.74,75.53,Good
STU005898,Tanvi Iyer,CSE,B.Tech,1,2,C,19,73.27,71.73,36.26,69.1,74.05,8.08,16.97,60.17,Average
STU005899,Diya Kumar,CSE,B.Tech,4,7,D,22,78.04,80.68,32.22,69.67,70.12,8.85,23.11,83.75,Good
STU005900,Rahul Singh,AI & DS,B.Tech,4,7,B,22,84.83,75.65,31.86,61.77,80.77,8.35,25.02,80.44,Good
STU005901,Rohan Das,Civil,B.Tech,2,4,C,19,80.09,69.65,35.63,65.66,73.59,7.88,22.97,82.78,Good
STU005902,Karan Kumar,CSE,B.Tech,4,7,B,23,85.79,70.82,27.77,55.72,78.21,6.77,18.88,76.87,Good
STU005903,Zoya Nair,AI & DS,B.Tech,1,2,D,18,72.97,84.02,35.45,61.44,67.28,8.07,19.67,74.53,Average
STU005904,Diya Pillai,CSE,B.Tech,1,2,B,19,77.14,75.33,30.51,61.97,67.54,8.18,21.41,89.16,Average
STU005905,Nisha Nair,Mechanical,B.Tech,3,6,D,22,78.35,74.39,37.45,70.67,84.29,7.92,27.34,73.42,Good
STU005906,Shreya Verma,Mechanical,B.Tech,3,6,D,22,72.75,68.56,33.14,62.09,65.27,8.24,19.93,75.17,Average
STU005907,Aditi Rao,ECE,B.Tech,4,8,B,21,80.46,85.38,39.16,64.13,77.35,8.99,26.29,69.39,Good
STU005908,Bhavya Patel,EEE,B.Tech,1,2,B,18,76.78,74.24,39.75,64.63,82.59,7.44,20.71,74.98,Good
STU005909,Sai Shah,AI & DS,M.Tech,1,2,C,25,90.7,59.35,27.53,61.42,57.7,8.18,24.76,73.3,Average
STU005910,Nikhil Mehta,Mechanical,M.Tech,2,3,D,25,77.71,80.08,29.37,75.01,77.46,8.71,20.27,74.98,Good
STU005911,Zoya Mishra,AI & DS,B.Tech,4,7,C,23,63.65,77.01,32.37,72.85,78.87,8.39,8.25,68.12,At Risk
STU005912,Surya Singh,AI & DS,M.Tech,2,4,C,24,71.75,69.93,34.32,51.31,69.89,7.76,17.87,74.01,Average
STU005913,Meera Mishra,Mechanical,B.Tech,1,2,C,18,82.73,82.3,39.51,75.21,71.96,8.83,18.42,64.64,Good
STU005914,Bhavya Verma,ECE,B.Tech,1,1,B,19,79.16,69.12,34.9,72.49,80.7,7.78,17.97,68.92,Good
STU005915,Zoya Bose,IT,B.Tech,1,1,D,19,80.08,73.54,32.89,59.03,65.0,7.86,26.39,76.94,Average
STU005916,Aditi Rao,IT,B.Tech,1,1,D,19,85.82,78.57,39.2,63.96,78.02,8.68,18.14,86.32,Good
STU005917,Riya Bose,IT,M.Tech,1,1,A,22,85.0,71.48,37.13,61.14,83.04,7.83,25.37,79.13,Good
STU005918,Varun Verma,ECE,B.Tech,2,3,B,20,64.04,73.12,31.77,56.02,73.42,8.63,19.0,64.04,At Risk
STU005919,Aryan Kumar,Civil,B.Tech,2,4,C,20,70.54,68.34,38.75,55.56,64.64,8.32,19.28,68.17,Average
STU005920,Varun Gupta,CSE,B.Tech,1,2,C,20,78.47,68.27,32.32,69.49,71.16,8.03,22.87,74.37,Good
STU005921,Zoya Joshi,Civil,B.Tech,2,3,C,20,81.89,71.42,31.64,55.34,66.94,8.33,22.11,72.03,Average
STU005922,Shreya Menon,CSE,B.Tech,4,8,D,23,73.32,71.35,35.68,57.75,75.32,7.98,17.09,72.86,Average
STU005923,Sneha Gupta,Mechanical,B.Tech,4,8,C,21,83.24,74.9,39.3,73.7,86.56,7.97,28.08,89.26,Excellent
STU005924,Bhavya Verma,EEE,B.Tech,2,4,D,21,81.76,65.78,32.42,63.29,88.48,8.35,18.85,83.19,Excellent
STU005925,Zoya Kumar,AI & DS,B.Tech,2,3,A,20,91.02,78.33,37.4,73.91,76.54,8.58,27.2,84.53,Good
STU005926,Vikram Iyer,CSE,B.Tech,1,2,C,18,89.15,79.02,37.8,74.2,94.26,8.39,23.8,78.22,Excellent
STU005927,Aryan Chatterjee,EEE,B.Tech,3,6,A,20,90.89,81.57,33.95,63.7,84.67,8.09,21.61,82.24,Good
STU005928,Meera Verma,ECE,B.Tech,4,8,C,22,81.79,64.72,35.25,58.89,57.13,7.57,18.77,67.28,Average
STU005929,Rohan Mishra,ECE,B.Tech,4,7,D,21,88.71,77.49,37.72,59.7,67.94,8.64,22.04,78.97,Average
STU005930,Aryan Joshi,IT,B.Tech,2,4,B,19,67.86,73.33,30.46,65.42,79.7,8.06,19.35,69.92,Average
STU005931,Varun Reddy,AI & DS,B.Tech,3,6,D,22,80.25,71.94,25.42,53.39,83.29,8.21,23.15,78.06,Good
STU005932,Rahul Singh,IT,M.Tech,1,1,D,22,99.33,71.14,28.28,52.32,69.41,6.72,23.52,90.3,Average
STU005933,Aryan Verma,ECE,B.Tech,1,2,D,19,88.4,65.89,35.8,70.73,73.4,8.3,20.63,80.87,Good
STU005934,Akash Patel,AI & DS,B.Tech,2,3,B,19,90.21,77.02,35.01,74.02,73.07,7.81,18.56,71.8,Good
STU005935,Rohan Das,EEE,B.Tech,4,7,D,22,96.53,73.09,34.78,62.63,60.28,7.32,23.47,68.83,Average
STU005936,Riya Chatterjee,EEE,M.Tech,1,2,A,24,83.78,76.22,34.61,61.25,74.56,9.11,18.89,79.05,Good
STU005937,Riya Iyer,EEE,B.Tech,1,1,B,18,96.03,68.28,37.38,69.51,69.73,8.28,20.91,65.24,Average
STU005938,Isha Gupta,CSE,B.Tech,1,1,C,20,93.23,70.8,40.19,67.84,77.95,8.38,19.75,86.47,Good
STU005939,Aditya Nair,Mechanical,B.Tech,4,7,B,22,91.34,81.11,37.57,52.27,77.16,8.39,26.87,82.58,Good
STU005940,Riya Singh,CSE,B.Tech,2,3,A,20,83.39,74.44,29.67,55.41,70.33,7.78,19.48,78.76,Good
STU005941,Shreya Chatterjee,EEE,B.Tech,1,2,B,18,79.15,77.75,38.19,67.33,72.09,9.45,24.48,63.99,Good
STU005942,Ishaan Mishra,CSE,B.Tech,2,3,B,19,71.04,62.65,30.67,46.8,62.37,7.72,10.43,64.58,Average
STU005943,Meera Iyer,Mechanical,B.Tech,1,2,A,20,82.3,74.63,34.36,70.02,84.97,7.38,26.89,77.09,Good
STU005944,Nikhil Das,AI & DS,B.Tech,4,7,D,22,90.9,74.29,33.76,64.87,78.54,9.14,26.41,88.02,Good
STU005945,Manish Bose,CSE,B.Tech,4,7,B,21,86.36,65.95,28.54,64.68,67.03,7.29,19.4,76.24,Average
STU005946,Surya Nair,AI & DS,B.Tech,1,2,A,19,82.31,71.47,32.39,63.47,85.03,8.28,22.65,86.7,Excellent
STU005947,Riya Mishra,ECE,B.Tech,3,6,B,21,87.28,68.83,30.11,61.24,55.97,7.44,20.89,84.53,Average
STU005948,Zoya Patel,CSE,B.Tech,3,5,B,20,61.4,75.86,28.01,53.51,66.27,7.57,15.57,72.5,At Risk
STU005949,Diya Nair,IT,B.Tech,2,4,B,21,75.18,70.4,35.8,70.47,72.9,8.5,16.81,74.28,Good
STU005950,Karan Joshi,CSE,B.Tech,1,2,A,20,67.38,69.35,32.26,62.27,73.46,8.2,19.36,72.13,Average
STU005951,Rahul Singh,EEE,B.Tech,2,3,D,20,94.76,61.77,32.21,64.76,77.38,7.6,19.92,68.95,Good
STU005952,Aryan Pillai,AI & DS,B.Tech,1,2,B,19,72.69,63.75,23.95,57.12,75.89,7.68,21.62,65.85,Average
STU005953,Pooja Gupta,EEE,M.Tech,1,1,B,24,74.38,63.28,26.32,65.03,70.32,8.17,16.07,74.29,Average
STU005954,Sanjay Kumar,CSE,B.Tech,4,8,B,21,70.86,70.24,29.73,72.56,78.28,7.64,14.95,68.91,Average
STU005955,Manish Bose,Civil,B.Tech,3,6,D,20,68.59,62.26,28.12,62.44,66.41,6.72,29.12,79.78,Average
STU005956,Vikram Reddy,AI & DS,B.Tech,1,2,B,20,85.4,62.12,32.1,55.27,71.41,7.67,25.42,78.29,Good
STU005957,Karan Nair,Civil,B.Tech,4,7,A,21,67.81,71.53,38.31,77.24,83.95,8.51,17.48,66.5,Average
STU005958,Diya Gupta,CSE,B.Tech,3,6,B,20,52.63,78.89,35.7,60.25,78.33,8.37,18.85,64.34,At Risk
STU005959,Ishaan Pillai,Mechanical,B.Tech,2,3,A,21,85.29,65.97,27.93,45.48,50.96,7.24,11.49,74.48,At Risk
STU005960,Kavya Kumar,CSE,B.Tech,2,3,A,19,89.84,69.17,32.47,62.12,77.41,6.8,24.99,76.09,Good
STU005961,Ishaan Sharma,ECE,B.Tech,3,5,B,20,80.34,76.72,36.19,61.22,75.24,7.71,20.12,73.89,Good
STU005962,Isha Mehta,CSE,B.Tech,3,6,B,21,71.15,80.06,39.47,74.68,86.99,8.76,16.57,85.63,Average
STU005963,Yash Rao,Mechanical,B.Tech,1,1,A,18,76.96,75.29,35.96,54.19,66.98,7.98,19.49,79.02,Average
STU005964,Ishaan Nair,ECE,B.Tech,3,6,C,21,71.75,75.71,35.59,64.0,64.93,8.77,21.02,63.56,Average
STU005965,Isha Singh,ECE,B.Tech,3,5,D,22,67.61,61.7,30.71,60.41,64.58,7.49,15.32,58.34,Average
STU005966,Yash Kumar,CSE,B.Tech,1,1,A,18,79.6,73.58,41.42,67.68,76.56,8.42,20.55,81.38,Good
STU005967,Karan Rao,ECE,B.Tech,1,1,B,20,90.06,84.26,36.94,65.09,70.51,9.62,18.58,83.2,Good
STU005968,Sai Sharma,AI & DS,B.Tech,2,3,C,20,72.82,61.93,24.95,63.85,73.61,7.53,20.55,68.77,Average
STU005969,Rahul Rao,CSE,B.Tech,4,8,B,23,84.82,86.8,43.88,84.97,98.76,8.77,26.81,83.47,Excellent
STU005970,Sai Mehta,AI & DS,B.Tech,1,2,A,19,76.54,71.16,33.18,69.52,79.9,8.39,18.47,81.96,Good
STU005971,Rohan Singh,ECE,B.Tech,1,2,C,19,77.17,88.42,42.89,81.76,88.0,8.72,24.44,79.97,Good
STU005972,Aryan Iyer,ECE,B.Tech,1,2,C,19,72.53,87.75,38.84,72.86,82.78,7.85,23.35,78.1,Average
STU005973,Kavya Shah,Civil,B.Tech,2,3,B,21,78.85,66.79,31.18,56.58,66.24,7.35,13.23,66.11,Average
STU005974,Nisha Rao,Mechanical,B.Tech,1,2,B,19,71.69,73.0,29.47,64.11,79.25,8.07,23.64,90.17,Average
STU005975,Surya Shah,Civil,B.Tech,4,8,A,22,69.87,76.1,37.78,73.31,70.84,8.62,19.98,72.47,Average
STU005976,Aryan Menon,EEE,B.Tech,3,5,C,22,86.05,66.15,33.26,58.08,70.0,7.36,14.87,78.74,Good
STU005977,Nisha Iyer,CSE,B.Tech,4,7,A,22,79.67,79.82,32.87,62.48,79.52,7.98,24.42,84.38,Good
STU005978,Nikhil Shah,Mechanical,B.Tech,1,1,A,19,94.22,87.92,45.33,81.09,90.57,8.7,23.13,86.39,Excellent
STU005979,Bhavya Chatterjee,AI & DS,B.Tech,1,2,A,20,77.57,84.8,41.5,75.72,87.57,8.29,19.95,61.25,Good
STU005980,Aditya Rao,Mechanical,B.Tech,4,7,A,22,76.16,83.15,37.78,75.94,74.22,7.11,25.14,87.7,Good
STU005981,Sneha Chatterjee,Mechanical,B.Tech,2,3,C,20,74.85,79.78,35.85,71.81,57.68,7.81,25.82,78.28,Average
STU005982,Akash Singh,ECE,B.Tech,2,3,D,21,70.83,74.5,29.83,45.04,62.09,7.62,19.41,69.65,Average
STU005983,Krishna Sharma,Civil,M.Tech,2,4,D,23,76.53,83.14,34.36,67.32,79.57,7.8,20.12,65.62,Good
STU005984,Akash Sharma,CSE,B.Tech,4,7,D,22,83.68,86.34,34.85,59.85,83.97,8.7,21.68,82.74,Good
STU005985,Aditya Kumar,IT,M.Tech,1,2,D,25,73.77,73.37,29.03,57.49,78.6,8.04,17.25,64.5,Average
STU005986,Aarav Sharma,ECE,B.Tech,3,6,A,20,64.71,80.31,37.84,72.62,94.53,8.87,18.48,80.66,At Risk
STU005987,Akash Mehta,CSE,B.Tech,2,3,D,21,86.71,73.01,33.92,81.84,89.01,7.29,25.12,93.11,Excellent
STU005988,Rahul Bose,CSE,B.Tech,3,6,A,22,78.23,89.53,40.83,77.12,80.53,8.96,23.39,80.6,Good
STU005989,Vikram Verma,CSE,B.Tech,1,2,C,19,89.37,76.61,34.48,66.65,76.28,8.14,21.79,77.91,Good
STU005990,Vikram Mehta,AI & DS,B.Tech,1,2,C,18,87.16,59.33,31.84,63.09,64.31,7.52,20.45,79.2,Average
STU005991,Ananya Verma,AI & DS,B.Tech,4,7,B,21,74.97,54.93,34.62,64.46,63.61,7.78,15.53,67.8,Average
STU005992,Riya Verma,CSE,B.Tech,1,2,B,20,80.88,79.16,31.11,52.21,56.97,7.86,17.29,82.87,Average
STU005993,Manish Pillai,Civil,B.Tech,1,1,B,18,91.85,74.78,37.53,64.36,67.46,8.08,20.32,72.85,Average
STU005994,Vikram Verma,Mechanical,B.Tech,1,2,B,20,85.79,79.41,36.89,75.21,75.37,8.59,23.88,78.88,Good
STU005995,Sai Krishnan,IT,M.Tech,2,3,C,26,69.38,73.41,32.92,69.94,68.9,7.91,22.23,69.22,Average
STU005996,Akash Sharma,Mechanical,B.Tech,1,2,B,19,88.29,74.86,45.62,58.47,74.11,7.56,25.15,80.26,Good
STU005997,Nisha Shah,AI & DS,B.Tech,3,5,A,21,70.43,78.13,35.85,66.74,75.5,7.57,24.02,83.62,Average
STU005998,Varun Pillai,AI & DS,M.Tech,1,1,C,25,82.27,80.19,30.53,80.89,79.73,8.25,26.95,81.81,Good
STU005999,Nikhil Nair,CSE,B.Tech,4,8,C,22,70.12,59.45,32.12,45.51,60.76,7.51,13.85,66.27,Average
STU006000,Ishaan Mishra,Civil,B.Tech,1,1,B,20,88.73,75.8,33.2,66.48,78.08,7.68,17.27,80.63,Good
STU006001,Manish Nair,IT,B.Tech,3,5,B,22,77.1,72.22,27.73,61.22,67.25,8.35,21.91,80.26,Average
STU006002,Zoya Joshi,AI & DS,B.Tech,4,7,A,23,91.8,74.93,36.61,66.26,76.01,7.87,27.16,80.63,Good
STU006003,Nikhil Chatterjee,CSE,B.Tech,3,6,B,22,83.11,74.21,41.59,69.36,62.58,7.63,22.7,75.23,Average
STU006004,Zoya Shah,EEE,B.Tech,1,2,A,20,89.4,50.75,25.54,33.62,39.23,6.52,18.35,75.32,At Risk
STU006005,Aarav Joshi,Mechanical,B.Tech,1,1,A,18,77.3,69.11,31.94,50.93,78.69,7.37,16.96,68.89,Good
STU006006,Aarav Joshi,IT,B.Tech,3,6,B,20,74.78,77.56,39.27,65.6,84.53,7.85,23.74,67.26,Average
STU006007,Diya Iyer,Civil,B.Tech,1,1,C,19,76.95,76.55,36.33,73.17,78.66,9.03,23.2,83.86,Good
STU006008,Aditi Patel,IT,M.Tech,1,1,D,24,97.17,84.3,43.78,75.13,72.71,7.81,24.68,86.05,Good
STU006009,Yash Reddy,CSE,B.Tech,3,5,B,22,79.57,81.66,40.06,64.7,80.57,7.0,19.66,72.08,Good
STU006010,Nikhil Joshi,IT,B.Tech,4,7,C,22,73.08,75.06,37.07,75.81,86.4,8.46,18.75,74.59,Average
STU006011,Manish Mehta,AI & DS,B.Tech,1,1,D,18,84.52,82.41,39.34,74.53,92.12,8.54,24.98,73.84,Excellent
STU006012,Surya Menon,ECE,B.Tech,2,3,B,20,88.41,69.85,33.09,59.79,66.27,7.5,22.29,82.01,Average
STU006013,Manish Pillai,EEE,B.Tech,2,3,C,19,87.53,71.79,32.28,78.32,89.01,8.01,25.12,73.63,Excellent
STU006014,Bhavya Mishra,EEE,B.Tech,1,1,C,20,92.86,77.18,43.27,67.25,68.98,8.53,21.27,74.09,Average
STU006015,Aditya Bose,CSE,B.Tech,1,1,D,20,80.96,69.28,34.93,59.18,77.68,7.87,14.51,80.83,Good
STU006016,Tanvi Joshi,Mechanical,B.Tech,2,3,A,21,73.6,72.82,30.9,50.19,48.91,7.52,24.03,81.79,At Risk
STU006017,Riya Nair,ECE,B.Tech,4,7,D,22,68.62,77.82,34.31,59.08,58.71,7.74,20.32,74.16,Average
STU006018,Zoya Gupta,Mechanical,B.Tech,1,2,C,18,83.16,87.31,40.95,78.0,79.6,7.95,21.36,74.28,Good
STU006019,Nisha Sharma,Civil,B.Tech,3,5,A,20,84.17,74.09,33.97,64.14,78.06,7.85,15.38,74.2,Good
STU006020,Zoya Gupta,AI & DS,B.Tech,4,8,C,22,77.13,68.95,30.98,62.89,69.64,7.96,20.48,75.12,Average
STU006021,Karan Mehta,Mechanical,B.Tech,2,3,D,21,84.28,66.76,33.7,60.51,65.46,6.68,22.08,83.77,Average
STU006022,Varun Kumar,Civil,B.Tech,3,6,B,21,70.68,71.08,26.29,59.19,71.38,7.48,17.25,55.68,Average
STU006023,Varun Menon,ECE,B.Tech,2,3,A,20,79.03,63.79,26.65,60.83,62.72,6.96,22.48,61.55,Average
STU006024,Pooja Nair,EEE,M.Tech,1,2,B,23,73.42,74.34,31.75,58.07,74.2,8.26,18.73,70.84,Average
STU006025,Pooja Verma,Mechanical,B.Tech,2,4,D,19,63.19,64.53,32.88,53.96,57.46,7.7,16.25,61.72,At Risk
STU006026,Zoya Reddy,Mechanical,B.Tech,4,7,C,21,83.2,58.6,27.37,48.24,57.56,6.84,14.45,74.65,Average
STU006027,Zoya Das,AI & DS,B.Tech,3,5,C,22,76.34,67.4,25.23,61.35,62.02,7.46,20.99,72.52,Average
STU006028,Aditya Chatterjee,Mechanical,B.Tech,2,3,B,21,77.32,77.58,37.18,68.53,78.68,9.17,23.88,63.75,Good
STU006029,Akash Reddy,ECE,M.Tech,2,4,A,23,89.01,87.63,37.94,76.31,84.74,8.36,25.36,77.01,Good
STU006030,Bhavya Chatterjee,Mechanical,B.Tech,1,1,C,18,78.04,63.46,28.14,61.46,58.55,7.73,18.9,82.85,Average
STU006031,Ananya Patel,Mechanical,B.Tech,3,5,C,22,83.05,67.85,26.92,45.86,60.25,7.61,19.38,68.47,Average
STU006032,Ananya Iyer,AI & DS,B.Tech,2,4,B,19,60.3,73.06,33.19,57.77,79.97,7.27,18.27,66.29,At Risk
STU006033,Nikhil Gupta,Mechanical,B.Tech,2,3,D,20,90.87,74.6,31.86,55.81,67.4,8.52,17.02,70.55,Average
STU006034,Krishna Krishnan,Mechanical,M.Tech,1,1,B,24,79.22,72.44,37.44,61.44,72.68,8.09,20.36,72.94,Good
STU006035,Manish Nair,ECE,B.Tech,1,1,B,19,85.53,82.12,39.83,72.78,87.05,7.87,25.92,94.86,Excellent
STU006036,Nisha Verma,CSE,B.Tech,3,6,B,22,69.41,63.19,28.59,36.05,61.08,7.46,9.72,65.23,Average
STU006037,Meera Patel,AI & DS,B.Tech,2,3,B,20,76.06,71.28,32.93,52.66,68.06,7.71,19.07,82.99,Average
STU006038,Aditi Verma,Civil,M.Tech,1,2,B,22,73.45,55.91,28.89,58.0,57.11,7.05,21.65,84.34,Average
STU006039,Isha Verma,IT,B.Tech,3,6,C,21,81.68,77.26,37.65,61.89,71.89,7.47,23.65,77.0,Good
STU006040,Kavya Sharma,IT,B.Tech,4,7,D,23,83.93,78.65,34.75,65.57,79.16,7.23,17.51,86.07,Good
STU006041,Akash Sharma,Mechanical,B.Tech,3,5,C,21,74.91,61.14,30.23,47.1,59.16,7.28,21.08,81.79,Average
STU006042,Isha Nair,AI & DS,B.Tech,1,1,C,19,83.99,64.49,31.99,54.24,69.43,8.24,16.17,74.57,Average
STU006043,Shreya Joshi,CSE,B.Tech,4,8,B,23,98.63,82.35,34.41,57.1,75.02,8.47,27.48,88.72,Good
STU006044,Sneha Rao,Civil,B.Tech,2,4,D,19,68.9,71.3,36.15,66.36,66.76,8.5,16.79,69.85,Average
STU006045,Kavya Kumar,IT,M.Tech,1,2,D,24,80.32,53.14,27.87,51.53,56.8,6.89,17.46,61.14,Average
STU006046,Varun Bose,CSE,B.Tech,1,2,D,18,75.28,64.97,28.68,63.54,62.13,7.77,16.78,69.1,Average
STU006047,Riya Kumar,AI & DS,B.Tech,3,6,B,22,70.43,66.09,37.18,62.87,83.59,6.94,23.19,77.54,Average
STU006048,Sai Kumar,AI & DS,B.Tech,3,5,B,20,74.78,76.85,39.52,71.35,71.16,8.64,17.3,75.97,Average
STU006049,Sai Singh,EEE,B.Tech,1,2,A,18,82.41,74.59,34.63,60.04,78.3,7.95,27.84,81.41,Good
STU006050,Sanjay Rao,AI & DS,B.Tech,2,4,B,21,73.73,69.14,31.47,59.63,83.22,7.38,20.25,75.54,Average
STU006051,Rahul Bose,IT,B.Tech,4,8,B,22,94.45,70.17,33.94,52.32,59.38,7.8,17.14,72.29,Average
STU006052,Tanvi Reddy,AI & DS,B.Tech,2,3,B,19,63.74,73.94,29.76,62.48,64.86,7.8,22.35,62.33,At Risk
STU006053,Aryan Joshi,IT,B.Tech,1,1,B,20,69.96,64.02,31.94,67.47,70.38,7.5,16.77,50.6,Average
STU006054,Nikhil Shah,CSE,B.Tech,2,4,A,20,87.43,64.82,34.77,59.74,62.09,8.06,19.03,73.12,Average
STU006055,Ishaan Sharma,CSE,B.Tech,2,4,A,21,74.11,79.35,36.26,73.79,72.74,8.53,24.58,81.33,Average
STU006056,Manish Mehta,Mechanical,B.Tech,3,5,A,20,73.43,73.61,29.16,64.09,79.04,8.27,21.48,71.84,Average
STU006057,Tanvi Bose,CSE,B.Tech,4,8,A,22,75.71,75.62,36.47,69.39,75.81,8.55,16.61,71.11,Good
STU006058,Diya Reddy,ECE,B.Tech,2,4,C,21,68.44,79.72,30.56,75.11,89.93,9.12,22.45,74.67,Average
STU006059,Aarav Gupta,EEE,B.Tech,3,6,D,22,75.64,76.66,38.37,64.66,70.38,8.6,18.91,61.56,Good
STU006060,Akash Mehta,EEE,B.Tech,4,8,A,23,84.86,73.1,32.76,67.76,72.23,8.38,21.0,74.72,Good
STU006061,Manish Das,EEE,M.Tech,2,3,A,25,84.02,64.39,26.66,40.95,55.79,5.93,14.12,74.59,Average
STU006062,Riya Bose,IT,B.Tech,1,1,B,20,86.63,65.8,33.0,69.18,77.07,8.45,20.78,64.95,Good
STU006063,Aditya Gupta,IT,B.Tech,2,4,A,20,78.52,79.54,33.67,84.87,84.46,8.54,26.67,80.62,Good
STU006064,Surya Mishra,Civil,B.Tech,4,7,B,22,73.28,68.72,32.02,52.83,63.87,8.14,15.41,68.06,Average
STU006065,Nisha Joshi,EEE,B.Tech,4,7,B,21,74.73,75.97,39.11,61.28,86.5,8.44,20.44,74.44,Average
STU006066,Aarav Chatterjee,Mechanical,B.Tech,1,2,C,19,74.25,63.66,30.06,54.81,58.76,8.18,16.46,67.41,Average
STU006067,Arjun Mishra,ECE,B.Tech,1,2,C,20,76.7,65.58,31.36,52.64,73.6,7.6,21.42,71.62,Good
STU006068,Sai Kumar,ECE,B.Tech,4,8,D,21,98.5,91.0,40.91,81.87,82.61,8.27,33.47,98.2,Good
STU006069,Sai Singh,ECE,B.Tech,1,2,C,20,84.34,66.71,31.45,67.47,76.11,8.86,20.45,98.78,Good
STU006070,Aditi Menon,CSE,B.Tech,2,3,C,20,76.8,69.46,29.87,54.76,67.38,7.68,19.44,64.26,Average
STU006071,Aditi Chatterjee,CSE,B.Tech,3,6,D,21,79.94,73.53,28.51,65.26,79.25,8.28,24.3,78.43,Good
STU006072,Aditi Patel,CSE,B.Tech,1,1,D,20,77.77,76.05,34.87,68.46,74.39,7.89,21.52,63.11,Good
STU006073,Aditi Shah,CSE,B.Tech,1,1,B,19,96.41,75.71,37.47,59.01,88.9,7.71,25.06,75.31,Excellent
STU006074,Manish Mehta,CSE,B.Tech,1,1,B,19,75.73,63.39,33.44,56.38,63.57,7.38,22.07,74.06,Average
STU006075,Diya Kumar,EEE,M.Tech,2,4,C,26,81.44,79.41,41.04,64.05,90.12,8.81,17.1,77.28,Excellent
STU006076,Krishna Reddy,EEE,M.Tech,2,3,B,23,72.92,68.04,26.78,42.32,63.46,8.0,18.14,72.71,Average
STU006077,Diya Pillai,AI & DS,B.Tech,2,4,A,20,75.2,74.86,30.84,56.0,73.34,7.8,19.73,78.4,Good
STU006078,Ishaan Kumar,ECE,M.Tech,1,2,B,25,74.32,62.15,26.88,52.0,46.22,7.12,10.9,67.92,At Risk
STU006079,Zoya Mishra,AI & DS,B.Tech,1,1,C,19,77.74,70.64,34.25,68.81,70.67,7.94,18.12,82.11,Good
STU006080,Rohan Chatterjee,Mechanical,B.Tech,1,2,C,18,73.68,82.56,38.84,69.87,83.41,8.59,29.4,78.41,Average
STU006081,Aditya Sharma,CSE,B.Tech,4,7,A,22,94.8,87.37,37.44,70.81,83.75,8.4,26.18,100,Good
STU006082,Yash Verma,Civil,B.Tech,4,8,C,21,79.49,83.82,40.22,71.6,92.74,8.41,24.2,77.0,Good
STU006083,Tanvi Chatterjee,Mechanical,B.Tech,3,5,D,20,82.72,64.87,26.72,47.15,53.5,7.1,17.03,67.96,At Risk
STU006084,Rohan Gupta,ECE,M.Tech,2,3,B,23,82.92,76.11,36.13,60.99,76.94,7.96,22.77,82.32,Good
STU006085,Vikram Iyer,AI & DS,B.Tech,2,3,B,20,66.52,70.5,33.56,54.27,68.54,7.78,17.68,55.53,Average
STU006086,Krishna Pillai,CSE,B.Tech,1,2,C,20,87.55,81.54,42.53,62.33,73.35,8.13,25.66,93.07,Good
STU006087,Surya Chatterjee,ECE,B.Tech,3,6,B,21,93.36,75.92,34.5,59.26,72.93,8.58,18.61,81.31,Good
STU006088,Yash Bose,CSE,B.Tech,4,8,A,21,83.15,71.31,32.62,62.69,63.18,7.62,23.56,77.67,Average
STU006089,Sai Gupta,CSE,M.Tech,1,1,A,22,75.1,78.8,32.71,60.3,79.4,8.09,23.97,82.62,Good
STU006090,Akash Joshi,AI & DS,B.Tech,2,4,A,20,79.46,74.59,31.14,56.74,70.91,7.32,21.97,80.82,Good
STU006091,Manish Iyer,Civil,B.Tech,3,6,A,20,76.16,65.08,32.26,57.27,70.78,7.8,13.54,76.22,Good
STU006092,Sai Rao,ECE,B.Tech,4,8,A,21,79.21,71.15,35.88,66.61,76.14,8.81,19.53,81.33,Good
STU006093,Vikram Bose,AI & DS,B.Tech,2,4,B,20,65.63,67.36,32.02,60.02,65.75,7.13,17.37,60.29,Average
STU006094,Zoya Bose,CSE,M.Tech,1,2,A,25,69.34,66.33,30.3,45.56,74.07,8.36,14.16,60.27,Average
STU006095,Bhavya Krishnan,Mechanical,B.Tech,3,6,B,21,83.29,67.96,28.75,62.5,85.35,8.49,15.65,67.87,Excellent
STU006096,Ananya Rao,Civil,B.Tech,1,2,D,19,80.28,67.48,30.96,75.38,78.29,6.86,18.54,78.78,Good
STU006097,Meera Nair,Mechanical,B.Tech,4,8,C,22,83.05,69.63,40.07,66.4,87.17,8.44,21.81,71.86,Excellent
STU006098,Diya Sharma,CSE,B.Tech,4,7,A,21,70.44,78.54,36.53,81.67,72.55,8.51,20.29,67.76,Average
STU006099,Nisha Bose,CSE,B.Tech,1,1,B,19,63.54,74.37,35.81,66.83,71.45,7.5,18.84,78.45,At Risk
STU006100,Tanvi Joshi,IT,B.Tech,2,3,C,21,81.04,81.07,30.91,62.44,55.72,7.19,17.12,79.03,Average
STU006101,Nisha Reddy,EEE,B.Tech,1,1,B,18,76.79,76.25,36.35,67.97,68.07,7.94,26.53,72.64,Average
STU006102,Karan Nair,Civil,B.Tech,4,7,A,22,67.61,68.5,33.67,71.03,81.66,7.9,19.37,70.84,Average
STU006103,Vikram Verma,ECE,B.Tech,3,6,B,20,88.72,72.64,26.85,54.38,79.23,8.02,23.01,76.46,Good
STU006104,Aryan Singh,ECE,B.Tech,3,5,B,20,88.31,60.88,22.68,54.17,60.38,7.98,22.45,80.19,Average
STU006105,Riya Sharma,CSE,B.Tech,1,1,A,20,82.67,56.93,25.05,56.86,65.28,8.18,21.32,79.23,Average
STU006106,Nisha Shah,Mechanical,B.Tech,1,1,D,20,75.78,86.14,35.41,72.02,74.99,8.11,17.39,83.13,Good
STU006107,Krishna Kumar,ECE,B.Tech,4,8,B,23,84.2,82.33,34.56,66.1,79.58,8.68,18.28,83.32,Good
STU006108,Krishna Iyer,ECE,B.Tech,2,3,C,21,64.04,71.46,28.13,69.0,70.0,7.03,24.19,57.23,At Risk
STU006109,Nisha Sharma,Civil,B.Tech,4,8,B,23,89.57,70.72,33.77,58.43,74.4,7.46,24.65,84.48,Good
STU006110,Zoya Bose,Mechanical,B.Tech,3,6,A,21,78.17,71.24,34.18,71.29,71.8,7.88,16.31,77.73,Good
STU006111,Varun Shah,Civil,B.Tech,4,8,A,23,68.5,64.42,25.16,63.55,64.54,8.78,14.77,60.56,Average
STU006112,Karan Mishra,Mechanical,B.Tech,4,8,B,21,73.22,68.89,32.29,48.71,65.27,7.67,21.03,70.37,Average
STU006113,Rohan Nair,ECE,B.Tech,1,1,A,19,69.3,58.39,30.89,53.06,53.38,8.42,17.21,57.47,At Risk
STU006114,Surya Iyer,Civil,B.Tech,2,3,C,19,85.83,91.62,39.15,76.55,77.66,9.24,24.87,80.01,Good
STU006115,Shreya Iyer,Civil,B.Tech,2,4,D,19,84.25,76.87,37.61,68.88,81.73,7.93,20.72,67.49,Good
STU006116,Rahul Gupta,ECE,B.Tech,2,4,B,19,91.59,83.9,38.87,79.5,85.14,8.26,24.24,80.82,Excellent
STU006117,Kavya Shah,ECE,B.Tech,1,1,D,20,77.11,62.41,30.36,57.51,66.72,7.59,14.35,74.28,Average
STU006118,Zoya Sharma,Mechanical,B.Tech,3,6,A,20,78.19,77.35,39.15,60.87,82.21,8.78,19.96,68.93,Good
STU006119,Krishna Mehta,Mechanical,M.Tech,2,3,B,24,88.18,81.09,35.6,72.71,83.55,7.2,26.85,79.36,Good
STU006120,Vikram Nair,EEE,B.Tech,3,6,D,21,87.61,75.39,33.37,69.77,80.59,8.08,21.86,65.86,Good
STU006121,Sneha Sharma,ECE,B.Tech,2,3,A,20,92.53,76.42,38.55,64.8,84.44,8.29,23.48,87.83,Good
STU006122,Pooja Bose,AI & DS,B.Tech,1,2,B,18,75.69,60.57,25.78,46.67,74.07,7.22,15.62,81.08,Good
STU006123,Ananya Reddy,CSE,B.Tech,4,8,B,22,77.38,74.78,27.02,62.07,99.57,8.1,25.9,70.88,Good
STU006124,Ishaan Nair,IT,B.Tech,4,7,B,23,73.04,70.99,28.73,61.44,66.3,6.77,25.25,67.6,Average
STU006125,Diya Nair,ECE,B.Tech,4,8,D,23,78.01,63.99,26.23,46.02,58.43,7.71,17.68,68.28,Average
STU006126,Meera Verma,Civil,B.Tech,3,6,B,21,90.94,74.01,31.98,75.88,84.38,8.35,22.37,85.71,Good
STU006127,Manish Shah,Civil,B.Tech,2,4,C,19,74.82,76.57,30.8,70.19,83.35,7.75,17.29,88.64,Average
STU006128,Shreya Verma,ECE,M.Tech,1,1,B,24,87.37,84.72,38.76,75.45,95.04,8.98,23.87,84.86,Excellent
STU006129,Sanjay Mishra,Civil,B.Tech,2,4,A,19,72.03,72.27,35.65,52.3,66.73,7.66,25.52,73.76,Average
STU006130,Akash Shah,EEE,B.Tech,1,1,A,19,78.61,75.44,36.91,65.6,75.46,7.36,24.73,71.59,Good
STU006131,Sanjay Bose,Civil,B.Tech,4,7,D,23,95.43,66.07,28.73,66.2,64.13,7.85,26.44,88.07,Average
STU006132,Ishaan Verma,IT,B.Tech,2,3,B,21,95.97,79.86,29.21,70.78,91.45,7.95,29.24,95.63,Excellent
STU006133,Manish Bose,ECE,M.Tech,2,4,D,23,73.49,68.67,30.57,67.19,78.19,7.63,21.09,65.0,Average
STU006134,Kavya Singh,Mechanical,B.Tech,1,1,C,18,86.93,74.41,33.96,53.34,79.25,7.42,20.39,76.04,Good
STU006135,Sneha Sharma,AI & DS,B.Tech,2,4,B,20,66.36,85.66,40.32,79.82,92.43,7.87,17.11,70.1,Average
STU006136,Aditya Patel,EEE,B.Tech,3,6,D,20,81.76,66.21,29.76,56.56,65.23,7.75,19.46,75.61,Average
STU006137,Ishaan Das,Mechanical,B.Tech,2,3,A,21,82.31,68.61,39.38,76.04,64.75,8.36,17.61,83.47,Average
STU006138,Krishna Shah,AI & DS,B.Tech,2,4,B,20,87.06,68.83,34.45,63.1,71.29,7.31,21.6,70.88,Good
STU006139,Aditya Das,Mechanical,B.Tech,2,4,A,20,59.86,77.26,26.49,62.59,76.43,7.18,23.51,76.62,At Risk
STU006140,Yash Joshi,CSE,B.Tech,2,3,C,21,70.91,67.31,32.64,63.48,66.56,7.66,19.93,71.75,Average
STU006141,Diya Singh,IT,B.Tech,4,7,D,23,76.84,71.41,34.9,62.87,69.15,7.77,20.64,66.71,Average
STU006142,Krishna Chatterjee,ECE,B.Tech,3,5,D,22,80.12,67.74,29.4,56.18,65.91,7.33,23.65,79.05,Average
STU006143,Sai Das,ECE,B.Tech,1,1,D,19,84.86,73.35,31.39,69.98,64.61,6.94,18.6,66.34,Average
STU006144,Isha Joshi,Mechanical,B.Tech,1,2,A,20,60.56,58.21,33.91,54.89,69.38,7.29,12.59,61.42,At Risk
STU006145,Nisha Das,Civil,B.Tech,2,3,A,20,74.7,61.08,35.61,63.15,66.19,8.04,19.07,67.32,Average
STU006146,Krishna Chatterjee,EEE,B.Tech,1,1,D,18,93.9,78.75,35.13,57.99,65.37,7.39,18.98,84.29,Average
STU006147,Diya Krishnan,Mechanical,B.Tech,3,5,D,21,96.95,76.53,34.28,57.83,70.72,7.93,24.49,71.15,Good
STU006148,Pooja Patel,ECE,B.Tech,2,3,D,21,81.96,78.66,37.86,79.12,85.78,8.21,22.46,80.57,Excellent
STU006149,Aditya Menon,CSE,M.Tech,1,1,B,25,62.13,64.6,30.42,43.33,49.9,7.78,14.94,61.67,At Risk
STU006150,Karan Das,IT,B.Tech,3,6,D,21,80.89,88.73,42.36,65.91,78.57,7.77,21.61,65.8,Good
STU006151,Akash Joshi,Mechanical,B.Tech,1,2,D,19,76.31,76.32,31.73,58.83,68.99,7.8,23.88,76.31,Average
STU006152,Aarav Bose,ECE,B.Tech,2,3,D,21,89.65,77.98,32.01,78.97,84.54,8.28,21.2,82.93,Good
STU006153,Tanvi Kumar,CSE,M.Tech,1,1,D,24,93.85,79.47,39.71,85.03,96.68,8.71,26.62,77.84,Excellent
STU006154,Nikhil Sharma,EEE,M.Tech,2,4,D,25,100,76.79,34.09,70.57,86.06,7.76,25.66,93.87,Excellent
STU006155,Nikhil Reddy,EEE,B.Tech,3,6,C,21,67.89,76.73,37.83,80.69,91.66,8.03,24.37,72.91,Average
STU006156,Riya Kumar,ECE,B.Tech,4,7,A,21,63.53,86.55,36.25,72.36,90.87,8.77,22.47,72.8,At Risk
STU006157,Rahul Bose,IT,B.Tech,1,2,A,19,82.49,63.43,28.83,64.02,68.91,7.99,18.51,76.09,Average
STU006158,Krishna Das,CSE,B.Tech,1,1,D,18,75.17,64.26,27.22,61.9,65.12,8.45,20.77,76.58,Average
STU006159,Rahul Das,CSE,B.Tech,2,4,C,21,81.74,69.16,37.77,62.54,82.39,7.42,20.81,65.96,Good
STU006160,Karan Mishra,Mechanical,B.Tech,2,4,D,21,72.16,76.51,34.66,57.67,62.62,8.06,25.01,65.56,Average
STU006161,Sneha Iyer,ECE,B.Tech,1,1,A,19,82.64,73.59,29.53,59.02,63.61,7.84,23.71,73.23,Average
STU006162,Yash Patel,EEE,M.Tech,1,1,A,22,84.01,67.87,40.3,72.3,83.71,8.11,23.98,82.91,Good
STU006163,Rahul Mehta,ECE,B.Tech,4,7,C,23,77.85,65.32,33.15,65.87,68.1,8.6,23.03,85.99,Average
STU006164,Karan Mishra,Mechanical,B.Tech,4,7,C,22,94.43,77.66,34.21,57.99,84.42,7.63,21.2,100,Good
STU006165,Pooja Kumar,Mechanical,B.Tech,3,5,C,22,83.28,73.59,30.44,62.47,81.4,8.13,29.45,94.4,Good
STU006166,Arjun Verma,CSE,M.Tech,1,1,B,25,77.36,77.02,35.16,55.9,86.75,8.1,23.37,82.62,Good
STU006167,Aditi Verma,CSE,B.Tech,3,5,B,20,76.45,77.31,38.01,71.34,77.53,8.29,18.62,72.59,Good
STU006168,Aryan Mehta,ECE,B.Tech,2,3,B,21,79.29,69.98,34.8,64.35,72.92,7.34,18.73,73.72,Good
STU006169,Arjun Gupta,Civil,B.Tech,1,1,B,20,78.99,64.92,30.72,52.07,66.05,8.49,18.38,76.49,Average
STU006170,Diya Gupta,AI & DS,B.Tech,2,3,B,20,78.45,60.6,29.04,63.31,72.4,7.42,20.4,82.15,Good
STU006171,Bhavya Pillai,CSE,B.Tech,3,6,B,21,90.4,81.83,42.03,75.1,81.59,8.66,23.47,76.0,Good
STU006172,Sneha Pillai,ECE,B.Tech,4,7,D,22,78.35,75.83,33.22,64.8,68.82,8.02,23.71,76.91,Average
STU006173,Vikram Menon,ECE,B.Tech,2,4,A,20,78.48,69.43,34.98,67.67,70.42,6.44,18.59,73.73,Good
STU006174,Bhavya Kumar,CSE,B.Tech,3,5,B,22,80.78,75.6,40.62,73.25,83.64,9.1,19.99,73.91,Good
STU006175,Sanjay Joshi,Mechanical,B.Tech,2,4,C,21,84.52,61.93,28.4,51.66,69.37,7.96,19.77,75.59,Average
STU006176,Diya Verma,EEE,B.Tech,4,8,B,21,73.17,75.8,33.3,63.54,73.2,7.19,17.72,65.84,Average
STU006177,Varun Menon,ECE,B.Tech,3,6,B,22,78.76,80.94,35.13,59.19,80.33,9.02,24.54,68.61,Good
STU006178,Sneha Shah,ECE,B.Tech,3,5,C,22,93.23,84.16,40.32,74.54,80.37,7.7,24.59,76.52,Good
STU006179,Akash Pillai,ECE,B.Tech,1,2,D,19,83.31,62.87,32.01,74.11,70.37,7.14,22.13,76.53,Good
STU006180,Shreya Chatterjee,ECE,B.Tech,4,7,C,23,81.1,61.55,34.47,53.03,51.57,7.17,18.21,66.33,At Risk
STU006181,Manish Bose,CSE,B.Tech,2,3,C,21,80.56,73.58,37.39,77.38,77.91,8.71,20.39,74.64,Good
STU006182,Sai Kumar,Mechanical,B.Tech,2,4,B,19,88.1,66.14,32.15,70.69,68.41,7.6,21.39,65.51,Average
STU006183,Sai Bose,CSE,B.Tech,2,4,B,21,86.38,54.91,27.74,49.16,50.35,7.32,19.28,70.06,At Risk
STU006184,Surya Iyer,CSE,B.Tech,3,6,B,20,77.17,77.57,35.19,55.62,80.36,8.1,24.75,76.99,Good
STU006185,Nikhil Joshi,Mechanical,B.Tech,1,1,D,20,69.26,68.88,27.77,50.69,66.61,7.24,19.25,70.92,Average
STU006186,Shreya Pillai,AI & DS,M.Tech,2,3,A,23,74.98,74.3,32.6,62.15,72.62,7.63,21.29,70.91,Average
STU006187,Surya Gupta,ECE,M.Tech,2,3,D,25,84.56,65.65,32.3,54.98,81.05,7.88,16.67,76.59,Good
STU006188,Isha Joshi,Civil,B.Tech,4,7,D,21,85.5,85.24,32.89,65.41,82.34,8.37,27.62,73.54,Good
STU006189,Yash Chatterjee,AI & DS,B.Tech,4,7,D,21,75.64,69.86,37.11,68.05,75.73,7.42,20.87,75.73,Good
STU006190,Kavya Reddy,CSE,B.Tech,1,2,C,18,89.09,65.59,25.53,56.37,62.55,7.73,24.15,73.9,Average
STU006191,Ananya Das,ECE,B.Tech,1,2,B,18,71.04,67.2,35.98,56.8,66.55,8.38,23.11,75.49,Average
STU006192,Ananya Nair,IT,B.Tech,2,4,C,20,73.54,62.1,30.13,59.47,69.79,8.41,24.76,73.75,Average
STU006193,Karan Bose,ECE,B.Tech,2,3,A,20,85.91,76.96,29.33,63.48,81.33,8.38,25.62,76.76,Good
STU006194,Krishna Menon,CSE,B.Tech,1,2,A,20,80.94,70.07,28.21,61.44,54.97,7.58,15.43,74.98,At Risk
STU006195,Rohan Gupta,CSE,B.Tech,4,8,A,21,82.95,68.01,28.62,55.75,59.75,7.08,19.29,83.07,Average
STU006196,Aarav Bose,CSE,B.Tech,4,8,B,22,75.51,74.19,32.33,59.63,74.85,7.7,23.04,76.98,Good
STU006197,Tanvi Krishnan,EEE,B.Tech,1,1,D,20,72.86,83.54,37.36,70.46,74.98,8.55,22.81,68.23,Average
STU006198,Krishna Pillai,EEE,B.Tech,4,7,D,23,82.35,83.02,32.43,57.3,79.42,8.88,26.97,81.35,Good
STU006199,Pooja Das,AI & DS,B.Tech,4,8,D,22,84.26,70.28,33.97,70.31,53.33,7.92,20.22,81.1,At Risk
STU006200,Shreya Gupta,ECE,B.Tech,1,1,C,19,64.39,70.59,35.98,73.95,68.16,7.93,21.13,72.0,At Risk
STU006201,Sai Krishnan,ECE,B.Tech,2,3,D,19,88.74,73.77,39.01,59.17,60.62,8.8,20.36,67.35,Average
STU006202,Nikhil Chatterjee,EEE,B.Tech,1,2,C,19,81.12,79.51,38.56,82.29,88.45,9.71,22.46,67.69,Excellent
STU006203,Sai Pillai,ECE,B.Tech,4,8,D,22,86.43,73.43,35.26,61.56,88.59,7.84,17.94,84.57,Excellent
STU006204,Aditi Mehta,EEE,B.Tech,3,6,A,21,91.26,79.47,34.95,66.35,75.62,8.17,18.09,92.89,Good
STU006205,Krishna Iyer,EEE,B.Tech,2,3,B,21,87.67,70.67,36.36,58.85,80.22,8.49,14.12,75.85,Good
STU006206,Rohan Bose,Civil,B.Tech,1,2,A,20,87.26,66.59,33.49,62.46,63.27,8.09,20.87,86.05,Average
STU006207,Krishna Joshi,AI & DS,B.Tech,1,2,C,20,80.65,74.19,38.4,59.35,83.97,7.0,18.35,84.23,Good
STU006208,Isha Das,CSE,B.Tech,1,1,A,20,83.92,73.67,36.29,58.0,79.84,7.96,22.53,70.67,Good
STU006209,Pooja Mehta,ECE,B.Tech,3,6,D,20,88.78,81.04,34.58,57.89,73.39,8.65,23.09,75.98,Good
STU006210,Nikhil Nair,Civil,B.Tech,1,1,B,20,80.18,75.34,31.92,71.98,79.23,8.74,16.05,72.02,Good
STU006211,Akash Gupta,ECE,B.Tech,1,2,B,19,73.2,65.32,32.92,67.19,76.42,7.79,12.91,65.96,Average
STU006212,Sai Nair,AI & DS,B.Tech,1,1,A,20,77.09,66.3,34.79,74.02,89.22,8.55,19.13,81.52,Good
STU006213,Krishna Shah,Civil,B.Tech,3,5,A,20,86.66,76.17,36.7,63.82,62.23,7.7,20.3,80.09,Average
STU006214,Pooja Patel,Mechanical,B.Tech,1,1,B,19,72.01,80.5,33.3,64.31,56.58,8.39,25.16,76.63,Average
STU006215,Meera Kumar,ECE,B.Tech,4,8,C,22,81.05,67.01,32.32,69.65,69.33,7.91,21.93,80.72,Average
STU006216,Rohan Bose,Mechanical,B.Tech,1,2,D,19,83.03,65.58,31.48,61.26,72.15,7.23,19.61,84.61,Good
STU006217,Riya Nair,ECE,B.Tech,1,1,A,19,65.59,54.11,22.0,49.57,56.4,6.69,14.3,64.37,Average
STU006218,Shreya Singh,ECE,B.Tech,2,3,B,19,71.02,59.43,29.12,47.79,73.74,7.73,20.59,71.66,Average
STU006219,Yash Nair,CSE,B.Tech,2,3,D,20,79.2,82.59,38.7,54.97,75.61,7.71,23.04,75.78,Good
STU006220,Kavya Shah,EEE,B.Tech,4,8,B,23,78.16,66.29,32.35,51.1,58.57,7.76,18.14,76.87,Average
STU006221,Sneha Das,ECE,B.Tech,4,8,D,21,94.6,73.19,37.98,76.54,88.19,8.41,21.18,69.05,Excellent
STU006222,Ishaan Rao,EEE,B.Tech,3,5,A,20,77.99,75.25,36.05,69.41,69.21,7.86,18.39,83.72,Average
STU006223,Varun Shah,CSE,B.Tech,4,7,D,22,89.09,57.35,35.0,45.12,60.0,7.64,17.78,64.8,Average
STU006224,Ishaan Reddy,IT,B.Tech,1,1,C,18,95.53,69.09,34.81,60.43,62.4,7.43,17.64,79.75,Average
STU006225,Rohan Rao,CSE,M.Tech,1,2,C,24,71.06,75.3,33.3,64.57,90.76,7.26,21.69,67.99,Average
STU006226,Sneha Gupta,IT,B.Tech,4,7,A,22,83.93,83.23,30.28,62.23,80.96,8.18,19.98,77.9,Good
STU006227,Diya Chatterjee,EEE,B.Tech,3,5,D,22,68.91,60.4,31.61,54.94,68.74,7.95,16.64,66.08,Average
STU006228,Arjun Bose,AI & DS,B.Tech,3,6,A,20,77.76,65.98,28.45,69.39,66.35,8.12,15.04,73.9,Average
STU006229,Tanvi Pillai,EEE,B.Tech,2,3,B,20,73.68,76.36,37.52,64.94,64.29,8.09,23.15,83.1,Average
STU006230,Karan Patel,EEE,B.Tech,3,5,B,21,76.79,64.97,30.32,61.31,73.01,7.06,20.59,83.97,Good
STU006231,Isha Krishnan,Civil,B.Tech,1,1,A,20,85.56,79.19,37.38,63.26,72.54,8.5,22.35,92.23,Good
STU006232,Kavya Mishra,ECE,M.Tech,2,3,D,26,69.51,71.75,34.92,71.08,70.13,7.18,14.33,67.36,Average
STU006233,Sneha Mishra,CSE,B.Tech,2,4,D,19,95.93,81.08,39.67,61.73,67.42,7.33,22.19,82.61,Average
STU006234,Isha Patel,CSE,B.Tech,3,6,A,22,70.24,71.44,27.87,57.08,72.38,8.24,18.13,69.94,Average
STU006235,Sneha Pillai,ECE,B.Tech,1,2,B,18,98.98,67.73,31.8,55.1,73.6,6.99,22.07,79.59,Good
STU006236,Aryan Bose,AI & DS,B.Tech,2,3,B,21,81.79,68.23,31.65,63.89,77.64,7.98,17.14,68.26,Good
STU006237,Manish Mishra,AI & DS,M.Tech,2,3,D,26,78.52,66.66,24.32,68.12,67.68,8.0,24.0,76.59,Average
STU006238,Diya Bose,Civil,B.Tech,3,6,D,22,89.16,58.83,33.35,63.17,71.4,8.17,20.96,74.97,Good
STU006239,Aditya Rao,EEE,B.Tech,1,2,D,19,75.33,71.61,36.75,54.89,72.96,7.39,22.76,70.31,Good
STU006240,Krishna Bose,CSE,B.Tech,3,5,B,22,75.89,78.38,38.65,65.4,88.4,9.19,20.37,76.74,Good
STU006241,Arjun Rao,IT,B.Tech,4,8,C,23,73.04,71.21,30.13,53.59,63.25,7.41,18.89,72.03,Average
STU006242,Rahul Singh,AI & DS,B.Tech,1,2,A,20,73.86,76.07,44.07,63.24,84.45,7.59,19.62,61.18,Average
STU006243,Zoya Bose,EEE,M.Tech,1,2,D,24,74.93,69.22,31.24,53.66,48.26,7.5,23.49,64.81,At Risk
STU006244,Karan Reddy,Mechanical,B.Tech,3,5,B,20,84.24,74.72,38.35,71.07,78.21,7.37,22.81,82.23,Good
STU006245,Aditya Shah,ECE,B.Tech,4,7,C,22,79.58,70.78,31.3,54.95,78.35,7.31,19.84,65.56,Good
STU006246,Ananya Pillai,EEE,M.Tech,2,4,B,25,82.27,61.75,27.26,51.45,67.13,7.33,22.13,75.7,Average
STU006247,Bhavya Patel,Mechanical,B.Tech,1,1,D,20,78.24,67.82,28.93,63.7,71.38,7.2,20.14,72.22,Good
STU006248,Diya Das,IT,B.Tech,2,3,D,19,84.23,73.7,36.46,52.56,68.19,9.75,20.29,70.8,Average
STU006249,Meera Pillai,EEE,B.Tech,3,5,A,21,81.02,73.16,37.86,66.66,97.89,7.83,23.5,79.44,Excellent
STU006250,Aarav Rao,ECE,B.Tech,1,1,B,20,92.27,87.38,43.02,81.03,90.33,9.4,21.93,78.91,Excellent
STU006251,Ananya Das,EEE,B.Tech,2,3,A,21,79.02,85.45,37.14,72.7,78.1,8.44,24.84,80.32,Good
STU006252,Riya Rao,IT,B.Tech,4,7,C,22,87.93,69.42,26.06,57.73,54.95,8.2,18.79,76.48,At Risk
STU006253,Aryan Iyer,ECE,B.Tech,1,2,A,20,68.28,74.07,30.88,64.98,75.99,8.37,24.83,71.37,Average
STU006254,Aryan Sharma,AI & DS,B.Tech,2,3,A,19,73.43,69.74,32.53,49.36,68.17,7.25,21.71,74.83,Average
STU006255,Arjun Bose,CSE,B.Tech,1,2,C,20,65.87,63.44,26.35,47.25,53.74,6.56,15.91,66.5,At Risk
STU006256,Pooja Kumar,CSE,B.Tech,1,1,D,20,86.73,67.72,33.79,56.68,75.08,8.7,26.43,85.75,Good
STU006257,Meera Das,AI & DS,B.Tech,1,2,A,20,93.99,74.69,38.7,58.73,73.08,7.69,22.0,76.6,Good
STU006258,Shreya Shah,CSE,B.Tech,1,1,D,19,96.17,80.04,37.54,62.87,75.28,8.88,26.74,84.13,Good
STU006259,Ishaan Pillai,CSE,B.Tech,3,5,A,22,78.34,56.85,32.95,56.16,47.98,7.55,20.83,67.89,At Risk
STU006260,Sai Menon,CSE,M.Tech,1,2,A,24,79.1,67.32,34.67,52.88,67.88,6.84,19.48,81.06,Average
STU006261,Bhavya Patel,AI & DS,B.Tech,4,7,A,21,59.27,71.29,35.17,64.9,70.69,8.25,17.13,74.58,At Risk
STU006262,Aditya Singh,CSE,B.Tech,2,3,B,19,73.68,67.46,35.17,78.51,78.49,7.76,24.85,73.1,Average
STU006263,Rohan Bose,AI & DS,B.Tech,1,1,B,19,75.69,77.27,36.82,68.43,69.05,7.67,15.46,74.83,Average
STU006264,Rohan Krishnan,EEE,B.Tech,3,5,B,20,72.65,56.59,25.67,55.51,59.36,6.83,17.21,65.12,Average
STU006265,Sai Bose,CSE,B.Tech,3,5,C,22,81.51,73.17,29.74,55.87,66.95,7.58,24.54,69.81,Average
STU006266,Aarav Bose,IT,B.Tech,2,4,D,21,75.77,74.56,39.43,70.15,88.52,7.93,19.43,68.11,Good
STU006267,Aarav Sharma,ECE,B.Tech,4,8,D,22,71.84,71.09,33.8,72.2,75.41,8.52,16.53,74.09,Average
STU006268,Diya Menon,IT,B.Tech,1,2,A,19,85.26,71.14,36.59,76.51,87.85,8.12,27.42,76.54,Excellent
STU006269,Tanvi Nair,AI & DS,B.Tech,3,6,C,21,74.28,76.26,34.53,69.3,72.5,8.49,23.62,76.67,Average
STU006270,Aryan Gupta,CSE,B.Tech,3,6,B,21,85.02,71.6,32.21,64.07,68.15,7.72,18.24,70.08,Average
STU006271,Kavya Menon,Civil,B.Tech,3,5,B,20,88.23,83.75,42.25,73.06,81.58,7.48,26.88,77.43,Good
STU006272,Ishaan Pillai,AI & DS,B.Tech,4,8,A,23,79.36,66.0,29.67,64.48,69.3,8.23,15.85,57.68,Average
STU006273,Zoya Rao,Mechanical,B.Tech,2,3,B,20,94.86,67.45,29.74,66.28,66.4,7.95,17.11,73.73,Average
STU006274,Nikhil Chatterjee,Mechanical,B.Tech,2,3,C,21,79.77,72.19,35.64,73.54,88.42,7.86,22.75,88.83,Good
STU006275,Aarav Verma,EEE,B.Tech,3,6,A,20,84.07,70.31,36.33,73.39,72.74,7.4,22.42,72.23,Good
STU006276,Aarav Reddy,ECE,B.Tech,3,5,B,22,81.82,78.75,35.79,67.19,76.97,7.72,23.52,76.94,Good
STU006277,Diya Nair,Mechanical,M.Tech,1,2,C,23,87.45,76.0,38.48,70.53,77.39,8.56,18.34,81.76,Good
STU006278,Pooja Nair,Mechanical,M.Tech,1,1,D,25,86.09,75.9,36.35,58.1,88.48,8.16,19.13,81.45,Excellent
STU006279,Bhavya Das,Mechanical,B.Tech,2,4,D,21,85.27,78.98,33.9,56.34,72.63,7.56,18.78,79.78,Good
STU006280,Sai Kumar,EEE,B.Tech,1,1,A,18,77.99,67.04,31.64,59.35,69.52,8.42,20.15,69.89,Average
STU006281,Arjun Iyer,CSE,B.Tech,3,5,B,21,70.17,66.81,27.26,69.37,81.4,7.98,19.8,73.54,Average
STU006282,Akash Krishnan,AI & DS,B.Tech,4,7,D,21,82.96,68.78,30.36,71.6,71.2,7.84,18.78,85.54,Good
STU006283,Arjun Patel,AI & DS,M.Tech,2,4,C,23,72.83,59.89,30.36,60.69,64.03,7.57,14.52,70.48,Average
STU006284,Nikhil Chatterjee,Civil,B.Tech,3,6,B,21,73.95,60.39,34.1,58.84,60.45,6.99,19.82,73.41,Average
STU006285,Aarav Bose,EEE,B.Tech,2,3,C,20,77.48,73.39,34.89,70.31,82.24,8.53,24.29,78.83,Good
STU006286,Vikram Mishra,Civil,B.Tech,2,3,B,21,83.09,73.77,28.87,63.09,67.57,7.36,21.86,99.17,Average
STU006287,Surya Mehta,IT,B.Tech,3,6,A,21,79.55,74.44,36.75,69.37,88.5,9.0,27.99,78.48,Good
STU006288,Aryan Das,CSE,B.Tech,2,4,D,21,87.81,87.79,36.51,75.85,90.31,8.21,23.75,86.13,Excellent
STU006289,Aryan Krishnan,CSE,B.Tech,1,2,D,19,79.8,73.76,32.86,63.72,85.92,8.25,23.65,85.41,Good
STU006290,Riya Das,IT,B.Tech,3,5,A,22,81.14,70.49,40.39,68.04,82.56,7.64,20.15,80.49,Good
STU006291,Vikram Joshi,EEE,B.Tech,2,4,D,19,95.75,70.18,35.79,67.05,75.73,7.78,22.53,69.51,Good
STU006292,Ananya Rao,Civil,B.Tech,4,7,C,22,83.47,73.91,30.83,61.87,70.05,7.08,22.9,74.9,Good
STU006293,Aryan Gupta,CSE,B.Tech,2,3,A,20,72.46,64.75,32.07,56.84,64.48,6.71,19.9,67.01,Average
STU006294,Varun Gupta,CSE,B.Tech,4,7,C,21,85.19,70.41,35.19,76.74,75.7,7.29,22.92,73.16,Good
STU006295,Varun Singh,Civil,M.Tech,2,3,D,26,95.91,77.88,43.97,65.01,92.39,8.31,22.45,71.91,Excellent
STU006296,Diya Gupta,Civil,B.Tech,2,3,B,19,87.47,76.74,36.09,64.29,81.72,7.39,25.38,75.76,Good
STU006297,Tanvi Bose,CSE,B.Tech,4,7,A,22,66.15,68.49,31.43,55.75,78.82,8.72,8.55,53.82,Average
STU006298,Yash Verma,ECE,B.Tech,3,6,C,20,91.21,78.4,35.32,65.33,70.8,8.51,24.18,80.47,Good
STU006299,Tanvi Verma,CSE,B.Tech,2,4,C,21,74.47,72.43,31.96,60.8,89.44,8.64,18.51,66.55,Average
STU006300,Riya Shah,ECE,B.Tech,4,8,D,23,80.07,82.89,28.26,58.1,80.58,7.32,22.85,86.37,Good
STU006301,Tanvi Das,EEE,M.Tech,1,1,B,24,96.71,70.92,30.92,69.95,71.4,6.85,19.05,82.1,Good
STU006302,Akash Das,CSE,B.Tech,4,8,D,22,71.67,72.64,28.3,51.41,65.43,7.87,14.49,68.67,Average
STU006303,Karan Patel,CSE,B.Tech,2,3,A,21,64.68,71.8,29.79,67.86,55.79,7.84,18.2,71.31,At Risk
STU006304,Aarav Gupta,AI & DS,B.Tech,2,4,A,19,82.45,78.27,31.58,57.11,76.7,8.77,19.46,73.65,Good
STU006305,Aryan Verma,AI & DS,M.Tech,1,1,A,25,83.83,75.34,34.69,79.17,81.41,8.88,18.51,89.18,Good
STU006306,Nikhil Patel,AI & DS,B.Tech,1,2,C,18,79.04,69.26,32.76,64.17,84.63,8.93,20.71,81.81,Good
STU006307,Akash Pillai,AI & DS,B.Tech,2,3,B,20,60.19,58.12,30.7,41.12,61.56,6.81,15.57,73.42,At Risk
STU006308,Aryan Bose,IT,B.Tech,1,2,C,19,85.67,75.76,37.4,78.32,88.78,8.69,19.88,75.51,Excellent
STU006309,Bhavya Pillai,ECE,B.Tech,3,6,C,22,72.51,84.0,39.93,77.51,77.52,7.2,26.68,77.83,Average
STU006310,Akash Gupta,ECE,B.Tech,1,1,A,18,89.15,75.53,35.26,65.07,65.95,7.42,20.28,75.0,Average
STU006311,Riya Kumar,CSE,B.Tech,1,2,A,18,87.34,73.65,34.68,60.33,69.65,7.91,21.32,73.78,Average
STU006312,Diya Patel,AI & DS,B.Tech,4,7,A,21,86.27,82.05,41.24,66.69,72.75,9.09,21.13,87.36,Good
STU006313,Rahul Sharma,Civil,B.Tech,3,6,D,22,83.91,65.11,32.72,56.24,67.56,8.39,19.92,62.38,Average
STU006314,Ananya Rao,AI & DS,B.Tech,3,5,A,21,74.23,67.27,30.61,64.65,68.23,7.79,17.9,59.89,Average
STU006315,Shreya Menon,AI & DS,B.Tech,4,8,A,22,88.75,66.27,30.14,61.79,73.82,7.32,18.55,73.87,Good
STU006316,Arjun Menon,AI & DS,B.Tech,3,6,B,20,78.3,80.56,39.49,79.13,76.5,8.73,24.02,74.22,Good
STU006317,Rahul Bose,ECE,B.Tech,1,1,C,19,72.32,78.12,34.88,63.48,68.19,8.17,13.98,71.38,Average
STU006318,Tanvi Shah,Civil,M.Tech,2,3,A,23,68.12,52.68,25.2,47.41,62.39,7.11,21.18,64.11,Average
STU006319,Meera Verma,EEE,B.Tech,1,1,C,19,76.31,63.12,31.74,48.65,61.89,6.42,19.2,62.63,Average
STU006320,Vikram Reddy,AI & DS,B.Tech,1,1,D,20,69.37,67.33,28.09,74.3,73.35,7.54,16.49,63.98,Average
STU006321,Kavya Chatterjee,CSE,B.Tech,4,8,B,22,89.06,65.98,35.35,60.22,67.01,7.43,17.06,71.79,Average
STU006322,Zoya Gupta,ECE,B.Tech,1,1,C,18,97.33,82.09,40.83,72.78,74.76,8.65,24.59,89.11,Good
STU006323,Aarav Krishnan,Mechanical,B.Tech,3,6,B,22,77.21,70.58,30.85,61.29,59.22,7.69,21.46,63.3,Average
STU006324,Aditi Mehta,Mechanical,B.Tech,4,8,C,21,83.53,82.32,43.53,68.03,86.33,8.22,18.54,82.08,Excellent
STU006325,Manish Patel,Civil,B.Tech,3,6,C,22,67.99,65.09,34.47,55.18,58.85,7.44,22.1,59.72,Average
STU006326,Ishaan Rao,CSE,B.Tech,2,3,A,19,71.78,65.58,29.94,48.73,60.18,7.22,22.69,63.65,Average
STU006327,Vikram Sharma,Civil,B.Tech,2,3,B,19,89.98,74.85,37.82,74.74,72.82,7.13,23.01,93.4,Good
STU006328,Nisha Mishra,CSE,B.Tech,4,8,D,23,71.88,76.34,36.27,68.01,71.37,8.54,16.43,61.12,Average
STU006329,Sneha Shah,Mechanical,B.Tech,4,7,A,21,80.73,69.5,26.92,49.43,62.05,7.43,22.19,70.51,Average
STU006330,Ishaan Pillai,IT,B.Tech,3,6,B,22,83.62,66.84,30.95,62.48,80.24,7.76,23.6,81.26,Good
STU006331,Rahul Pillai,ECE,B.Tech,1,2,C,18,83.16,75.0,34.56,58.24,67.84,7.29,24.62,78.2,Average
STU006332,Krishna Das,CSE,B.Tech,3,5,A,21,80.74,76.37,33.69,71.83,67.96,7.5,22.27,76.64,Average
STU006333,Aarav Nair,IT,B.Tech,3,6,B,21,75.4,62.23,34.06,60.01,56.64,8.2,17.72,65.9,Average
STU006334,Aditya Rao,CSE,B.Tech,4,8,C,21,83.29,86.49,31.32,65.9,71.07,8.34,25.18,89.44,Good
STU006335,Riya Gupta,Civil,B.Tech,4,8,A,23,87.35,72.18,38.3,62.29,76.12,7.34,17.66,82.43,Good
STU006336,Isha Iyer,CSE,B.Tech,4,8,B,22,84.58,77.04,34.23,58.11,67.53,8.36,22.68,62.71,Average
STU006337,Pooja Bose,EEE,B.Tech,3,6,D,21,83.04,71.64,30.33,39.1,71.14,7.07,20.73,90.84,Good
STU006338,Bhavya Mishra,Mechanical,B.Tech,1,2,D,19,74.62,59.71,34.29,51.71,66.1,7.78,20.03,66.32,Average
STU006339,Pooja Reddy,ECE,B.Tech,4,7,D,22,72.56,66.82,33.58,58.78,70.27,7.09,18.26,80.88,Average
STU006340,Riya Rao,IT,B.Tech,1,2,C,19,75.35,74.11,36.18,73.49,80.6,7.9,22.35,69.63,Good
STU006341,Rohan Krishnan,CSE,B.Tech,4,8,C,21,76.42,85.05,30.32,55.34,70.68,7.58,28.49,62.38,Good
STU006342,Aryan Singh,AI & DS,B.Tech,3,5,C,20,79.05,72.92,33.58,59.8,71.93,7.97,19.54,82.47,Good
STU006343,Rohan Chatterjee,CSE,B.Tech,4,8,D,22,88.1,72.05,35.87,64.8,74.03,8.08,19.45,84.35,Good
STU006344,Surya Singh,EEE,B.Tech,4,8,C,22,79.94,70.61,30.71,63.11,69.43,7.22,22.34,72.25,Average
STU006345,Sai Joshi,AI & DS,B.Tech,1,1,A,20,91.04,78.03,31.85,69.47,62.69,7.57,27.15,74.89,Average
STU006346,Kavya Gupta,AI & DS,B.Tech,3,5,D,20,76.19,69.71,32.04,61.12,71.92,7.89,15.48,66.49,Good
STU006347,Akash Krishnan,Civil,B.Tech,1,2,C,18,81.46,74.29,30.58,66.19,61.5,7.7,19.73,65.53,Average
STU006348,Aditi Iyer,IT,B.Tech,3,6,D,22,65.61,75.95,33.04,73.77,80.48,7.52,27.63,69.49,Average
STU006349,Krishna Bose,AI & DS,B.Tech,4,7,C,21,82.24,70.99,38.21,61.88,68.94,7.33,23.06,67.92,Average
STU006350,Krishna Sharma,Mechanical,B.Tech,3,5,B,20,82.45,78.0,41.84,68.09,85.04,8.32,23.46,78.1,Excellent
STU006351,Sanjay Verma,Mechanical,B.Tech,1,2,D,20,84.32,67.42,32.64,53.81,66.5,7.05,18.47,64.41,Average
STU006352,Tanvi Mehta,Mechanical,B.Tech,3,6,D,21,83.73,91.29,42.53,81.95,85.13,8.71,23.66,79.66,Excellent
STU006353,Aarav Menon,ECE,B.Tech,2,3,D,20,76.37,59.45,32.16,68.64,67.36,8.62,14.23,71.52,Average
STU006354,Ananya Kumar,CSE,B.Tech,4,7,B,22,71.7,74.87,33.55,52.65,71.66,8.13,20.31,64.48,Average
STU006355,Meera Patel,Civil,B.Tech,1,1,B,19,92.65,67.35,39.96,66.8,64.81,8.13,21.04,74.27,Average
STU006356,Sai Reddy,Civil,M.Tech,1,2,D,23,89.65,71.08,35.82,70.61,68.91,8.47,17.98,81.25,Average
STU006357,Varun Mishra,AI & DS,B.Tech,3,6,C,20,83.48,73.62,36.49,66.31,68.11,8.27,26.77,88.91,Average
STU006358,Sai Bose,IT,B.Tech,4,7,A,22,75.72,76.14,34.23,65.43,76.71,7.53,25.33,84.74,Good
STU006359,Arjun Sharma,Mechanical,B.Tech,3,5,D,22,66.75,64.27,23.48,58.11,64.19,7.77,18.6,66.06,Average
STU006360,Shreya Mehta,AI & DS,B.Tech,3,5,D,21,67.77,79.23,35.46,76.84,75.32,8.3,21.91,80.32,Average
STU006361,Akash Joshi,CSE,B.Tech,1,1,B,18,69.21,68.25,28.84,52.94,67.02,7.47,17.51,74.43,Average
STU006362,Aditi Verma,Civil,M.Tech,2,4,B,25,81.33,79.22,35.23,83.97,82.52,8.78,25.06,83.0,Good
STU006363,Isha Nair,ECE,B.Tech,3,6,B,20,88.9,68.48,32.98,73.68,75.03,8.71,23.08,78.71,Good
STU006364,Riya Iyer,ECE,B.Tech,2,4,A,20,94.57,74.45,34.24,57.83,62.71,7.63,21.85,81.22,Average
STU006365,Isha Singh,IT,B.Tech,1,1,D,20,79.57,57.75,25.89,61.78,61.58,7.26,22.71,62.48,Average
STU006366,Shreya Chatterjee,CSE,B.Tech,1,1,A,19,79.02,84.51,40.93,76.94,98.82,9.12,22.33,73.16,Good
STU006367,Varun Chatterjee,AI & DS,B.Tech,1,1,D,20,72.01,56.94,32.66,56.89,68.5,7.7,21.41,69.17,Average
STU006368,Akash Shah,CSE,M.Tech,1,2,A,22,69.41,76.0,37.96,72.39,87.51,8.46,19.37,72.1,Average
STU006369,Pooja Bose,IT,B.Tech,3,5,A,20,83.79,80.15,33.33,74.18,74.24,8.65,27.22,75.93,Good
STU006370,Tanvi Shah,CSE,B.Tech,4,8,C,22,87.12,82.33,37.13,73.75,92.01,8.52,25.16,87.9,Excellent
STU006371,Akash Gupta,IT,B.Tech,4,7,D,22,71.8,68.4,36.89,71.58,58.49,7.19,24.78,69.3,Average
STU006372,Nikhil Pillai,IT,B.Tech,2,3,B,21,83.57,88.11,39.36,80.73,81.99,8.85,18.19,79.8,Good
STU006373,Krishna Rao,ECE,B.Tech,1,2,D,19,78.64,66.81,32.15,54.31,75.79,6.95,22.23,66.79,Good
STU006374,Nisha Das,IT,B.Tech,3,6,B,20,85.6,75.04,31.1,68.1,78.11,7.6,23.78,78.81,Good
STU006375,Karan Chatterjee,IT,M.Tech,1,2,D,23,81.51,74.81,29.92,66.58,67.11,8.08,25.74,89.9,Average
STU006376,Akash Verma,Mechanical,B.Tech,2,3,C,20,78.22,65.08,34.27,60.9,73.51,7.8,20.13,73.33,Good
STU006377,Kavya Kumar,Civil,B.Tech,4,7,D,23,88.09,71.26,26.99,53.95,44.33,7.26,20.32,71.67,At Risk
STU006378,Aditya Chatterjee,AI & DS,B.Tech,1,2,C,20,94.6,72.99,37.35,72.62,76.67,8.67,26.03,83.72,Good
STU006379,Aditi Mehta,Civil,B.Tech,1,1,C,18,63.39,57.94,27.83,41.82,56.72,6.68,20.41,58.95,At Risk
STU006380,Arjun Mishra,CSE,B.Tech,3,6,C,20,87.4,83.95,37.39,72.5,90.17,7.45,26.3,76.93,Excellent
STU006381,Vikram Gupta,CSE,B.Tech,4,7,D,21,65.38,70.59,31.12,57.03,73.78,7.88,17.32,64.79,Average
STU006382,Krishna Singh,IT,B.Tech,3,5,A,21,77.69,61.05,29.23,56.58,55.77,8.23,17.72,56.41,Average
STU006383,Sneha Singh,EEE,B.Tech,2,3,B,19,89.61,81.67,31.76,75.8,86.28,8.51,28.7,76.48,Excellent
STU006384,Akash Iyer,ECE,B.Tech,1,2,D,18,81.27,67.16,29.35,72.93,76.48,8.53,19.22,74.06,Good
STU006385,Vikram Gupta,AI & DS,B.Tech,2,4,B,20,80.52,67.66,38.52,69.02,68.21,8.52,20.86,76.47,Average
STU006386,Akash Verma,EEE,B.Tech,2,4,D,20,78.64,74.12,37.16,73.54,87.67,8.89,16.9,78.73,Good
STU006387,Karan Menon,CSE,B.Tech,1,1,B,18,96.12,80.94,34.02,66.15,86.09,8.84,29.92,83.47,Excellent
STU006388,Sanjay Reddy,CSE,B.Tech,2,4,B,21,85.82,68.47,31.59,57.26,76.38,7.79,20.23,77.28,Good
STU006389,Manish Pillai,Civil,B.Tech,3,6,C,21,74.06,73.58,35.55,64.96,67.45,7.52,17.27,67.83,Average
STU006390,Meera Mishra,ECE,B.Tech,4,7,D,21,66.81,74.48,43.03,76.4,83.57,8.46,21.2,81.39,Average
STU006391,Arjun Joshi,ECE,M.Tech,1,2,D,23,90.07,82.96,44.44,72.21,88.81,8.61,19.83,85.51,Excellent
STU006392,Manish Kumar,ECE,B.Tech,3,6,A,20,83.24,76.46,34.52,83.29,83.35,7.86,26.06,87.78,Good
STU006393,Rohan Menon,Mechanical,B.Tech,4,7,A,22,78.01,75.38,38.57,70.9,88.48,7.68,25.76,78.89,Good
STU006394,Tanvi Krishnan,CSE,B.Tech,1,2,D,20,76.49,86.69,41.42,83.68,93.64,8.52,27.53,72.98,Good
STU006395,Sanjay Mehta,Civil,B.Tech,1,2,D,20,92.64,73.07,40.95,68.57,77.68,8.38,17.97,77.63,Good
STU006396,Surya Kumar,IT,M.Tech,1,1,C,25,85.74,85.31,39.74,82.18,75.46,8.16,23.49,86.05,Good
STU006397,Nikhil Pillai,IT,B.Tech,1,2,D,18,80.68,70.01,35.26,68.29,87.53,6.59,19.65,79.9,Excellent
STU006398,Riya Kumar,AI & DS,B.Tech,4,8,D,21,87.27,67.97,30.83,60.66,73.38,7.34,20.42,71.85,Good
STU006399,Sanjay Reddy,EEE,B.Tech,3,6,B,20,91.93,75.08,33.68,69.64,81.79,8.81,25.97,77.08,Good
STU006400,Ishaan Sharma,Civil,B.Tech,1,1,D,20,82.5,70.71,37.5,70.77,78.46,8.03,23.42,93.8,Good
STU006401,Manish Singh,CSE,B.Tech,1,2,A,18,85.91,61.67,30.17,65.18,75.99,7.5,25.32,84.68,Good
STU006402,Pooja Menon,Civil,B.Tech,2,3,A,19,86.25,65.65,28.91,55.57,60.29,8.07,19.9,80.78,Average
STU006403,Sai Sharma,AI & DS,B.Tech,4,8,C,21,86.49,75.19,32.58,69.29,76.75,7.77,29.01,86.12,Good
STU006404,Sai Sharma,CSE,B.Tech,1,1,D,19,67.54,68.3,37.66,62.47,71.15,8.2,12.4,65.68,Average
STU006405,Meera Chatterjee,ECE,B.Tech,1,2,A,19,64.79,71.58,37.04,58.45,71.78,7.71,19.61,70.65,At Risk
STU006406,Akash Patel,ECE,B.Tech,3,6,C,21,77.24,56.14,31.2,58.23,79.32,8.32,16.39,66.65,Good
STU006407,Sanjay Patel,CSE,M.Tech,1,1,C,22,69.4,58.76,26.57,49.02,63.9,7.02,14.25,70.53,Average
STU006408,Tanvi Patel,CSE,B.Tech,4,8,B,21,82.65,69.35,40.76,66.8,84.09,7.78,20.86,79.86,Good
STU006409,Meera Bose,AI & DS,B.Tech,3,6,C,22,75.57,75.45,35.8,58.27,70.96,7.23,24.53,73.06,Good
STU006410,Riya Kumar,Civil,B.Tech,4,7,B,23,90.83,68.31,36.53,62.26,79.07,7.21,24.12,78.11,Good
STU006411,Zoya Reddy,Civil,M.Tech,2,3,D,24,70.77,64.46,31.0,62.85,72.38,7.4,15.7,79.76,Average
STU006412,Karan Menon,CSE,B.Tech,1,2,B,18,60.26,76.69,38.83,72.96,72.09,8.66,20.31,71.16,At Risk
STU006413,Diya Das,ECE,B.Tech,4,8,C,22,81.3,80.22,33.05,53.16,65.28,7.59,20.95,86.12,Average
STU006414,Isha Nair,AI & DS,B.Tech,1,2,C,19,77.67,75.72,31.68,69.59,81.28,7.03,22.12,80.57,Good
STU006415,Nisha Mishra,CSE,B.Tech,3,5,A,22,90.01,74.62,39.22,80.58,84.85,9.16,22.71,77.48,Good
STU006416,Sanjay Patel,IT,M.Tech,1,1,C,25,72.08,70.1,29.91,68.44,87.0,8.25,16.18,60.8,Average
STU006417,Sanjay Rao,Mechanical,B.Tech,2,3,B,21,84.5,78.29,35.26,65.53,69.83,8.67,13.45,83.29,Average
STU006418,Sai Krishnan,Mechanical,B.Tech,3,6,A,21,79.6,77.08,38.87,61.54,69.62,8.35,19.95,79.58,Average
STU006419,Ananya Mehta,CSE,B.Tech,2,4,B,20,90.43,91.55,40.23,68.34,85.35,8.05,25.05,76.26,Excellent
STU006420,Varun Iyer,AI & DS,B.Tech,3,6,A,22,86.27,75.56,37.05,77.01,79.08,8.13,17.33,82.58,Good
STU006421,Aditya Iyer,Mechanical,B.Tech,3,5,B,22,84.18,74.05,38.61,83.64,88.75,8.4,24.8,80.88,Excellent
STU006422,Nisha Singh,CSE,B.Tech,3,6,C,20,69.58,70.43,34.44,65.18,64.72,8.09,15.74,61.99,Average
STU006423,Sanjay Rao,CSE,B.Tech,3,5,C,21,86.25,75.98,39.21,76.84,82.32,8.59,19.29,68.57,Good
STU006424,Isha Nair,AI & DS,B.Tech,3,5,A,22,95.06,79.25,38.73,81.57,84.83,8.84,21.33,79.65,Good
STU006425,Varun Pillai,AI & DS,B.Tech,4,7,A,22,74.47,72.23,37.21,60.89,69.41,8.03,20.52,65.39,Average
STU006426,Riya Shah,Civil,B.Tech,3,6,A,21,65.26,80.48,32.29,66.76,76.12,8.18,18.86,74.22,Average
STU006427,Pooja Chatterjee,CSE,M.Tech,1,2,B,24,70.11,62.42,29.37,60.38,56.57,8.03,16.52,65.12,Average
STU006428,Vikram Verma,AI & DS,B.Tech,1,2,A,19,83.19,68.43,31.18,46.36,63.57,7.17,22.75,84.18,Average
STU006429,Shreya Gupta,ECE,B.Tech,4,8,D,21,86.09,74.66,34.74,70.38,73.74,7.94,18.22,69.12,Good
STU006430,Karan Shah,CSE,B.Tech,1,1,B,18,84.79,69.72,39.07,57.33,52.81,7.11,27.0,70.63,At Risk
STU006431,Aryan Bose,IT,M.Tech,1,2,C,24,78.05,56.72,28.1,53.68,56.1,7.15,20.45,64.87,Average
STU006432,Ishaan Iyer,IT,B.Tech,4,8,C,23,83.43,79.08,37.19,78.7,81.47,7.87,21.51,83.78,Good
STU006433,Rohan Bose,AI & DS,B.Tech,4,7,B,21,83.4,71.17,33.97,59.95,74.01,8.17,19.78,74.45,Good
STU006434,Arjun Reddy,Mechanical,B.Tech,4,7,C,21,74.85,67.9,29.58,56.11,67.82,7.81,18.91,79.0,Average
STU006435,Shreya Mehta,IT,B.Tech,4,8,D,21,70.41,72.63,32.06,57.52,73.91,7.92,27.13,83.3,Average
STU006436,Pooja Rao,EEE,B.Tech,4,8,A,23,82.7,70.39,30.27,71.19,70.25,8.12,23.84,76.89,Good
STU006437,Nisha Mehta,CSE,B.Tech,3,6,D,22,87.24,75.89,37.99,66.9,88.62,9.54,22.61,69.62,Excellent
STU006438,Aditya Krishnan,AI & DS,M.Tech,1,2,D,23,81.94,74.98,33.13,74.38,77.66,8.77,23.86,78.07,Good
STU006439,Varun Mehta,CSE,B.Tech,3,6,C,20,95.08,73.66,37.1,53.51,80.83,7.99,22.99,75.38,Good
STU006440,Bhavya Sharma,AI & DS,B.Tech,3,6,D,22,75.53,81.73,45.81,70.05,80.94,8.59,19.7,74.01,Good
STU006441,Meera Mehta,Civil,B.Tech,4,8,D,23,67.16,58.45,28.82,62.63,62.72,7.29,20.31,68.29,Average
STU006442,Rahul Singh,IT,B.Tech,1,1,B,20,81.8,71.23,37.58,53.52,66.95,7.83,24.71,79.46,Average
STU006443,Karan Iyer,Civil,B.Tech,4,8,D,23,61.68,76.72,26.8,65.48,78.94,7.5,18.27,72.74,At Risk
STU006444,Bhavya Das,IT,B.Tech,4,7,A,22,82.74,76.97,36.27,54.46,68.35,8.37,22.04,72.51,Average
STU006445,Shreya Reddy,Mechanical,B.Tech,2,3,A,19,75.33,71.58,38.33,72.86,79.36,8.54,18.62,64.89,Good
STU006446,Arjun Krishnan,Mechanical,B.Tech,3,5,B,21,68.56,71.91,30.09,62.65,71.16,8.35,18.9,67.91,Average
STU006447,Rahul Nair,CSE,B.Tech,2,4,B,20,64.57,61.24,25.44,59.8,61.58,7.23,20.48,63.73,At Risk
STU006448,Varun Menon,CSE,M.Tech,2,4,C,23,69.97,82.63,32.4,61.66,86.66,7.45,25.58,67.73,Average
STU006449,Rahul Rao,CSE,B.Tech,3,5,A,22,79.28,100,45.34,74.3,82.08,9.36,28.79,83.17,Good
STU006450,Meera Das,Mechanical,M.Tech,1,2,B,24,81.47,76.74,41.05,68.28,81.81,8.47,23.36,80.46,Good
STU006451,Arjun Iyer,EEE,M.Tech,2,4,B,23,66.84,64.9,33.71,52.61,62.8,7.76,18.13,54.74,Average
STU006452,Varun Kumar,Mechanical,B.Tech,3,5,D,20,78.36,71.64,37.78,60.81,77.8,7.97,21.78,77.72,Good
STU006453,Meera Krishnan,CSE,B.Tech,2,4,B,21,80.49,82.69,40.76,75.32,73.91,8.15,21.38,94.7,Good
STU006454,Aryan Kumar,AI & DS,B.Tech,4,8,D,22,85.16,69.3,26.43,54.63,64.78,7.6,18.92,77.8,Average
STU006455,Nikhil Menon,ECE,B.Tech,2,4,C,20,69.22,66.09,37.15,70.04,78.01,8.37,15.43,62.17,Average
STU006456,Nisha Shah,IT,M.Tech,1,2,B,22,78.94,70.95,31.67,60.88,64.87,8.54,18.15,65.96,Average
STU006457,Ishaan Shah,CSE,B.Tech,4,7,B,23,75.2,69.29,30.8,61.14,63.75,7.9,19.52,83.21,Average
STU006458,Varun Patel,ECE,B.Tech,2,3,D,20,69.47,66.59,35.16,58.8,73.07,8.59,17.3,56.7,Average
STU006459,Meera Kumar,CSE,B.Tech,2,3,C,20,73.62,75.91,35.95,68.19,76.7,7.99,21.51,78.76,Average
STU006460,Sneha Reddy,ECE,B.Tech,2,3,A,21,86.6,78.68,36.62,63.63,83.4,7.72,31.09,77.88,Good
STU006461,Sanjay Joshi,EEE,B.Tech,4,7,B,21,76.7,78.23,33.65,67.33,74.37,8.29,26.76,69.94,Good
STU006462,Ananya Shah,IT,B.Tech,4,7,A,23,72.89,79.08,35.33,73.13,82.98,9.16,16.49,83.19,Average
STU006463,Shreya Verma,CSE,B.Tech,2,4,D,21,74.15,71.19,37.04,66.9,74.77,8.83,17.94,63.16,Average
STU006464,Kavya Patel,Mechanical,M.Tech,1,2,A,25,88.61,67.85,27.64,71.37,63.92,6.85,22.18,81.02,Average
STU006465,Yash Das,AI & DS,B.Tech,1,2,A,18,84.3,84.02,33.2,66.51,90.35,8.1,24.24,71.51,Excellent
STU006466,Arjun Nair,ECE,B.Tech,2,4,C,20,75.24,82.29,41.05,55.09,79.32,8.5,19.92,76.55,Good
STU006467,Pooja Singh,ECE,B.Tech,1,1,B,18,85.04,81.89,32.71,67.77,62.33,7.75,23.37,91.04,Average
STU006468,Arjun Shah,AI & DS,B.Tech,2,4,C,19,90.49,65.21,27.63,48.02,60.97,7.8,25.67,74.58,Average
STU006469,Isha Mehta,ECE,B.Tech,3,5,C,22,82.61,73.77,40.66,64.44,70.06,8.2,21.61,75.77,Good
STU006470,Ananya Bose,CSE,B.Tech,1,1,A,18,71.04,89.45,37.63,86.66,85.3,8.58,23.85,70.72,Average
STU006471,Manish Singh,Civil,B.Tech,1,2,A,18,84.9,82.41,32.2,71.04,66.7,7.87,20.82,81.81,Average
STU006472,Krishna Pillai,CSE,B.Tech,2,4,A,19,66.9,70.33,30.34,53.62,81.86,7.86,14.71,71.76,Average
STU006473,Rohan Pillai,AI & DS,M.Tech,1,1,D,23,86.77,75.01,33.35,72.76,79.81,8.9,19.52,81.81,Good
STU006474,Nisha Iyer,ECE,B.Tech,3,6,A,22,91.33,69.21,28.81,61.01,69.24,7.77,19.93,89.05,Average
STU006475,Zoya Pillai,AI & DS,B.Tech,3,6,A,22,84.71,72.49,27.48,65.46,58.79,7.55,20.97,76.02,Average
STU006476,Vikram Nair,ECE,B.Tech,2,4,A,21,91.98,70.61,36.03,64.06,74.66,7.69,25.3,66.81,Good
STU006477,Nikhil Rao,AI & DS,B.Tech,2,4,B,20,89.59,70.2,40.05,67.62,84.41,9.19,21.52,77.64,Good
STU006478,Aditya Verma,Civil,B.Tech,2,3,C,20,81.78,74.0,32.57,61.79,59.88,7.8,19.78,74.32,Average
STU006479,Aarav Mishra,EEE,B.Tech,1,2,A,19,85.22,68.01,29.69,58.4,65.9,7.52,17.19,74.15,Average
STU006480,Ishaan Mishra,Mechanical,B.Tech,1,2,C,18,77.7,72.05,32.05,73.15,86.98,8.16,23.03,73.55,Good
STU006481,Tanvi Pillai,IT,B.Tech,3,5,C,20,85.3,85.35,41.91,83.56,94.92,8.6,21.24,66.26,Excellent
STU006482,Tanvi Rao,IT,B.Tech,4,7,B,23,69.63,65.23,27.6,63.18,70.84,8.25,19.29,66.72,Average
STU006483,Sai Das,ECE,B.Tech,4,7,C,23,70.88,74.16,27.92,64.94,63.42,7.89,19.57,68.89,Average
STU006484,Sai Menon,EEE,B.Tech,4,8,C,22,91.54,62.97,36.79,49.04,65.65,7.55,13.57,71.82,Average
STU006485,Sneha Patel,AI & DS,B.Tech,1,2,A,19,76.51,68.62,35.09,62.66,74.14,8.17,13.5,73.41,Good
STU006486,Surya Sharma,CSE,B.Tech,1,2,D,19,77.76,64.39,32.8,49.94,60.17,8.02,16.2,65.93,Average
STU006487,Shreya Joshi,Mechanical,B.Tech,3,6,B,21,74.97,73.06,32.01,63.57,81.69,8.28,20.77,66.71,Average
STU006488,Ananya Nair,Civil,B.Tech,2,4,D,19,96.27,76.48,37.79,59.19,90.19,7.85,22.71,82.81,Excellent
STU006489,Diya Krishnan,ECE,B.Tech,4,7,A,21,89.74,74.83,32.34,54.29,61.73,8.66,20.1,79.72,Average
STU006490,Akash Patel,AI & DS,B.Tech,3,5,A,20,74.47,54.91,30.63,53.48,59.19,7.67,21.24,73.17,Average
STU006491,Sanjay Reddy,Mechanical,B.Tech,1,2,C,19,83.65,79.33,40.61,71.07,88.91,8.25,15.28,81.24,Excellent
STU006492,Sanjay Chatterjee,AI & DS,B.Tech,4,7,A,22,74.42,62.21,36.38,68.97,55.99,8.24,16.02,86.62,Average
STU006493,Aditya Mishra,AI & DS,B.Tech,2,4,C,21,84.02,70.12,32.52,56.93,72.74,7.45,22.9,65.8,Good
STU006494,Vikram Patel,Mechanical,B.Tech,1,2,A,18,79.25,79.84,36.06,69.52,81.09,7.58,22.1,82.7,Good
STU006495,Varun Iyer,ECE,B.Tech,1,2,A,18,92.76,73.93,35.28,68.73,81.16,8.83,24.29,78.46,Good
STU006496,Shreya Mehta,Mechanical,B.Tech,4,7,B,22,84.57,70.88,36.1,67.75,73.94,8.12,22.17,79.93,Good
STU006497,Kavya Chatterjee,IT,B.Tech,1,1,B,18,72.66,70.32,29.73,73.34,86.44,7.85,20.4,74.86,Average
STU006498,Ishaan Pillai,ECE,B.Tech,3,5,A,22,70.31,79.29,38.14,60.46,72.46,7.9,23.4,70.88,Average
STU006499,Karan Singh,Mechanical,B.Tech,2,3,B,19,71.42,80.56,33.0,61.0,66.9,7.65,22.18,78.66,Average
STU006500,Rahul Das,EEE,B.Tech,1,1,C,20,75.96,58.14,30.82,61.66,60.02,8.15,23.64,62.58,Average
STU006501,Nisha Krishnan,Civil,B.Tech,4,8,C,23,81.95,64.25,27.67,68.28,87.17,8.0,19.61,73.37,Excellent
STU006502,Ananya Das,EEE,B.Tech,4,8,C,23,83.04,92.04,45.33,82.7,82.38,8.81,18.2,75.37,Good
STU006503,Ishaan Krishnan,ECE,B.Tech,3,6,B,21,83.25,88.19,42.14,89.58,91.89,8.98,21.59,78.83,Excellent
STU006504,Nikhil Chatterjee,AI & DS,B.Tech,3,5,B,20,72.65,81.18,34.21,76.69,90.97,8.45,26.99,75.48,Average
STU006505,Ananya Singh,EEE,B.Tech,3,5,A,20,82.34,70.78,29.08,55.91,71.77,7.69,24.83,83.9,Good
STU006506,Ishaan Sharma,CSE,B.Tech,4,7,C,22,70.24,70.39,31.46,55.88,62.08,7.43,23.39,63.71,Average
STU006507,Vikram Menon,EEE,B.Tech,3,5,D,22,77.79,65.65,35.3,52.37,63.52,7.43,22.36,63.89,Average
STU006508,Ishaan Krishnan,ECE,B.Tech,2,4,D,20,69.88,75.23,28.93,67.41,65.45,7.4,24.72,88.72,Average
STU006509,Manish Singh,IT,B.Tech,3,5,A,20,90.0,73.78,37.29,53.47,82.46,8.21,24.19,73.85,Good
STU006510,Diya Reddy,Civil,B.Tech,3,6,B,20,86.24,84.31,36.04,66.33,85.09,8.03,23.33,79.47,Excellent
STU006511,Arjun Mehta,CSE,B.Tech,4,8,A,23,81.87,68.08,28.98,56.19,60.18,7.34,17.04,66.78,Average
STU006512,Varun Mehta,ECE,B.Tech,1,1,B,19,74.28,54.31,30.61,56.18,65.33,7.37,17.19,64.37,Average
STU006513,Vikram Kumar,EEE,B.Tech,1,2,A,20,80.59,73.25,37.75,56.44,78.4,8.29,22.51,70.67,Good
STU006514,Aryan Rao,EEE,B.Tech,3,5,C,20,83.5,78.54,27.22,64.15,74.6,8.58,23.03,90.18,Good
STU006515,Riya Mehta,AI & DS,B.Tech,2,4,D,21,81.99,63.02,34.79,72.81,77.03,7.65,19.19,81.56,Good
STU006516,Aarav Rao,Mechanical,B.Tech,3,6,B,20,80.06,65.44,23.8,41.61,48.85,7.33,20.42,74.56,At Risk
STU006517,Rohan Kumar,CSE,B.Tech,2,4,C,19,97.3,64.15,28.32,64.92,61.29,8.34,24.02,71.15,Average
STU006518,Meera Shah,ECE,B.Tech,1,2,D,18,85.99,72.37,31.79,67.13,66.04,8.09,17.44,69.14,Average
STU006519,Nisha Pillai,AI & DS,B.Tech,1,2,A,20,87.64,75.67,35.41,56.37,82.14,7.74,21.19,69.44,Good
STU006520,Akash Chatterjee,ECE,B.Tech,4,8,D,22,77.73,75.42,31.4,66.77,83.2,8.75,19.35,67.08,Good
STU006521,Ishaan Shah,CSE,B.Tech,2,3,C,20,82.44,65.49,29.69,49.27,60.48,7.08,23.77,68.02,Average
STU006522,Zoya Reddy,CSE,B.Tech,4,7,B,21,73.29,62.36,31.19,44.98,62.5,6.93,14.83,67.2,Average
STU006523,Karan Krishnan,Civil,B.Tech,1,2,B,20,66.6,69.15,39.55,72.52,65.65,8.09,19.42,59.2,Average
STU006524,Diya Patel,AI & DS,B.Tech,1,2,D,18,74.76,71.27,34.31,60.12,74.66,7.78,23.75,61.7,Average
STU006525,Manish Gupta,IT,B.Tech,2,3,B,19,65.84,67.94,33.83,60.42,81.84,7.38,14.65,68.07,Average
STU006526,Kavya Das,Mechanical,B.Tech,3,6,C,22,83.33,69.16,34.1,60.27,73.48,7.36,20.89,69.61,Good
STU006527,Nikhil Singh,CSE,B.Tech,3,5,C,20,79.98,53.22,31.14,54.11,57.33,7.0,23.44,68.08,Average
STU006528,Karan Singh,ECE,B.Tech,2,4,B,21,84.04,82.45,39.76,66.05,77.56,8.09,23.4,78.5,Good
STU006529,Yash Patel,EEE,B.Tech,2,3,D,20,74.16,75.14,37.34,69.16,78.51,7.89,27.78,70.66,Average
STU006530,Ananya Das,CSE,B.Tech,1,2,C,20,60.46,72.21,35.7,67.34,61.85,8.48,10.91,68.49,At Risk
STU006531,Meera Pillai,AI & DS,B.Tech,4,8,A,21,80.92,67.82,36.4,59.87,63.95,7.9,20.69,70.11,Average
STU006532,Sneha Bose,IT,B.Tech,4,7,B,23,87.46,71.94,34.01,59.55,68.27,8.31,21.92,79.8,Average
STU006533,Aditi Reddy,ECE,M.Tech,1,2,B,25,73.59,69.68,35.56,66.24,69.28,8.24,21.12,74.89,Average
STU006534,Aryan Krishnan,EEE,B.Tech,1,2,B,20,86.05,80.14,36.46,66.18,73.37,8.24,25.4,87.55,Good
STU006535,Tanvi Iyer,Civil,B.Tech,3,6,D,20,84.38,74.66,39.58,61.92,66.93,7.83,21.94,73.73,Average
STU006536,Akash Singh,CSE,B.Tech,1,2,A,18,84.7,71.79,33.1,76.34,100,8.57,23.74,73.25,Excellent
STU006537,Manish Iyer,IT,B.Tech,2,3,D,19,100,77.01,43.08,71.0,60.09,8.25,25.13,77.49,Average
STU006538,Diya Sharma,Civil,B.Tech,4,8,B,22,81.83,82.07,41.11,67.31,71.86,8.31,22.53,83.27,Good
STU006539,Karan Singh,IT,B.Tech,4,7,D,23,69.66,73.37,38.02,71.55,82.79,8.52,24.41,71.71,Average
STU006540,Bhavya Gupta,AI & DS,B.Tech,1,1,C,19,83.25,72.68,37.31,54.58,74.75,7.88,18.79,68.13,Good
STU006541,Pooja Krishnan,CSE,B.Tech,1,1,B,18,77.16,70.15,34.96,50.15,83.44,8.75,16.47,71.65,Good
STU006542,Kavya Mishra,ECE,B.Tech,1,2,D,18,80.78,72.85,31.82,60.18,67.73,7.63,25.25,69.81,Average
STU006543,Rahul Joshi,EEE,B.Tech,3,6,A,22,64.15,83.69,35.73,79.04,80.46,8.15,22.93,79.87,At Risk
STU006544,Pooja Kumar,AI & DS,B.Tech,2,4,A,20,87.72,75.14,35.45,60.68,82.74,9.31,19.75,80.3,Good
STU006545,Sai Iyer,CSE,B.Tech,3,5,C,22,88.08,76.99,35.04,67.39,73.01,8.21,24.05,76.96,Good
STU006546,Sanjay Rao,Mechanical,B.Tech,4,8,B,22,84.66,89.56,40.29,77.0,88.75,8.26,29.61,77.3,Excellent
STU006547,Aryan Pillai,ECE,B.Tech,3,5,B,22,70.44,65.24,34.94,51.97,79.0,7.15,20.49,77.58,Average
STU006548,Manish Joshi,ECE,B.Tech,4,8,A,21,78.66,64.77,31.28,66.33,60.37,8.39,19.38,74.53,Average
STU006549,Krishna Reddy,AI & DS,B.Tech,2,4,D,19,86.97,82.4,43.53,80.94,87.3,9.12,24.44,87.41,Excellent
STU006550,Aarav Pillai,AI & DS,B.Tech,2,3,A,20,87.16,69.32,33.61,74.44,78.54,7.95,19.29,79.98,Good
STU006551,Zoya Iyer,ECE,M.Tech,2,3,C,24,73.86,75.94,33.22,67.59,70.18,8.67,16.3,86.37,Average
STU006552,Tanvi Mishra,IT,B.Tech,2,3,C,19,75.94,65.08,29.73,62.47,76.33,7.64,19.95,74.19,Good
STU006553,Vikram Reddy,Civil,B.Tech,3,5,B,21,76.26,73.29,29.2,63.5,69.93,8.03,20.42,73.95,Average
STU006554,Rahul Shah,CSE,B.Tech,4,8,D,21,74.09,78.89,35.43,71.63,87.53,8.25,22.38,80.4,Average
STU006555,Bhavya Chatterjee,ECE,B.Tech,2,3,C,19,75.87,79.3,32.07,66.55,72.25,8.38,20.17,74.8,Good
STU006556,Surya Bose,CSE,B.Tech,1,1,A,19,78.51,65.75,28.55,62.71,69.22,7.07,25.32,75.85,Average
STU006557,Yash Bose,CSE,M.Tech,2,3,B,23,77.49,81.87,33.48,79.55,99.99,8.84,30.42,70.91,Good
STU006558,Tanvi Nair,Mechanical,B.Tech,2,3,D,21,68.13,70.71,29.1,79.03,67.08,8.58,18.74,65.05,Average
STU006559,Zoya Chatterjee,CSE,B.Tech,3,5,B,21,79.41,70.2,40.4,55.76,49.44,8.1,17.32,68.69,At Risk
STU006560,Tanvi Das,Mechanical,B.Tech,2,4,B,21,74.57,72.14,25.14,60.96,72.1,7.76,19.94,67.07,Average
STU006561,Pooja Verma,IT,B.Tech,4,7,C,22,81.46,76.35,37.05,47.53,69.4,7.92,17.4,80.07,Average
STU006562,Sanjay Das,EEE,B.Tech,4,7,C,21,83.8,71.03,35.02,63.25,75.03,8.66,17.63,88.65,Good
STU006563,Riya Singh,Civil,B.Tech,3,6,C,20,77.0,63.49,31.33,71.83,71.37,7.99,23.14,80.03,Good
STU006564,Ananya Singh,AI & DS,M.Tech,1,1,C,24,74.62,69.04,28.28,46.56,75.4,8.28,18.37,74.91,Average
STU006565,Ananya Krishnan,Mechanical,B.Tech,3,6,B,20,88.07,60.94,29.85,62.05,71.31,7.85,21.94,81.98,Good
STU006566,Zoya Verma,ECE,B.Tech,3,5,C,21,78.46,73.29,36.44,77.07,71.64,8.29,16.43,78.26,Good
STU006567,Karan Mehta,ECE,B.Tech,2,3,B,19,87.04,80.24,35.55,65.62,79.49,7.25,17.3,75.29,Good
STU006568,Sai Mehta,Mechanical,B.Tech,4,8,B,23,87.77,73.44,32.1,61.28,66.89,7.76,16.83,88.6,Average
STU006569,Ishaan Verma,AI & DS,B.Tech,4,7,C,23,94.77,69.97,36.63,58.75,76.02,6.95,24.39,78.49,Good
STU006570,Yash Gupta,AI & DS,B.Tech,3,5,B,21,79.68,67.7,35.58,63.27,83.87,7.73,19.54,79.11,Good
STU006571,Shreya Kumar,EEE,M.Tech,1,1,D,25,82.83,73.93,31.7,59.73,75.62,7.8,20.53,67.2,Good
STU006572,Surya Krishnan,Mechanical,B.Tech,1,1,D,18,80.65,71.51,38.25,60.15,70.34,8.11,21.16,81.88,Good
STU006573,Aditi Verma,AI & DS,B.Tech,1,2,C,20,79.72,71.21,34.17,56.96,68.66,8.35,18.73,70.92,Average
STU006574,Isha Das,Civil,B.Tech,1,2,B,18,81.31,71.54,29.65,63.82,71.39,7.27,24.57,73.84,Good
STU006575,Varun Gupta,CSE,B.Tech,3,6,B,21,71.37,69.97,32.31,56.23,75.6,8.27,18.36,65.11,Average
STU006576,Rahul Krishnan,IT,B.Tech,1,2,A,18,87.69,88.16,37.83,79.04,85.77,7.88,31.1,91.04,Excellent
STU006577,Isha Mishra,IT,B.Tech,2,4,B,21,87.57,67.56,29.81,55.37,69.78,8.16,14.99,73.29,Average
STU006578,Aditi Krishnan,Mechanical,B.Tech,2,3,A,20,98.29,77.36,34.95,68.61,68.9,7.93,19.41,74.53,Average
STU006579,Manish Pillai,CSE,B.Tech,3,6,B,20,95.16,83.12,37.94,61.0,67.21,8.31,22.95,84.47,Average
STU006580,Pooja Iyer,ECE,B.Tech,3,6,D,22,87.82,77.46,36.71,67.63,70.58,8.07,21.47,71.3,Good
STU006581,Rohan Kumar,CSE,B.Tech,2,3,D,21,58.81,59.69,26.97,45.95,65.02,8.23,15.82,60.13,At Risk
STU006582,Pooja Rao,EEE,M.Tech,1,2,C,24,81.5,68.65,31.77,55.24,69.31,8.27,21.57,83.79,Average
STU006583,Aditya Kumar,AI & DS,B.Tech,1,2,C,18,85.71,74.31,31.06,56.12,70.12,8.0,19.04,71.55,Good
STU006584,Sneha Pillai,AI & DS,B.Tech,3,6,A,22,72.09,63.34,28.19,54.4,63.6,7.75,20.17,77.28,Average
STU006585,Kavya Menon,CSE,M.Tech,1,1,B,24,89.39,63.53,33.2,59.94,74.56,7.04,19.39,65.85,Good
STU006586,Surya Reddy,Civil,B.Tech,1,2,D,19,68.67,74.95,34.64,58.67,79.16,8.0,25.82,59.15,Average
STU006587,Manish Verma,EEE,B.Tech,2,4,D,21,74.9,80.6,35.77,71.05,86.23,7.73,21.28,71.74,Average
STU006588,Arjun Reddy,EEE,B.Tech,1,1,C,19,84.65,78.36,37.09,69.71,84.0,8.27,20.82,77.01,Good
STU006589,Diya Mehta,CSE,B.Tech,2,4,A,21,93.65,86.39,38.84,72.16,86.6,7.66,23.78,84.06,Excellent
STU006590,Rohan Reddy,CSE,B.Tech,1,1,C,20,82.14,62.62,35.86,68.95,82.09,8.04,17.33,69.51,Good
STU006591,Manish Bose,ECE,B.Tech,2,3,D,21,77.6,69.04,36.06,46.04,71.06,7.59,18.39,68.59,Good
STU006592,Shreya Iyer,AI & DS,B.Tech,2,3,A,20,90.12,77.32,36.82,61.8,79.81,8.47,16.78,69.49,Good
STU006593,Krishna Verma,AI & DS,B.Tech,3,6,C,20,75.15,79.25,36.19,82.72,83.24,8.69,20.43,80.31,Good
STU006594,Sai Verma,CSE,B.Tech,3,5,A,20,98.12,82.21,41.05,77.4,76.87,8.31,28.45,97.12,Good
STU006595,Krishna Chatterjee,IT,B.Tech,2,3,C,21,85.61,81.05,31.41,66.3,80.03,7.93,20.56,88.31,Good
STU006596,Arjun Gupta,IT,B.Tech,1,1,D,20,88.03,76.69,34.63,68.16,74.87,8.31,25.34,87.9,Good
STU006597,Sai Mehta,Mechanical,B.Tech,3,5,B,21,68.75,75.08,27.84,64.23,64.41,7.48,26.04,77.93,Average
STU006598,Kavya Krishnan,ECE,B.Tech,4,8,C,21,89.03,74.06,33.81,62.14,73.4,7.61,18.99,93.14,Good
STU006599,Sneha Rao,Mechanical,B.Tech,4,7,C,23,91.62,74.48,35.88,51.53,70.2,8.03,17.64,75.43,Good
STU006600,Tanvi Iyer,Civil,B.Tech,1,1,A,20,89.63,85.51,40.98,69.76,82.41,7.1,26.15,77.19,Good
STU006601,Ishaan Pillai,CSE,B.Tech,4,7,D,22,67.93,66.48,27.73,61.98,77.95,6.92,18.7,81.04,Average
STU006602,Krishna Mishra,AI & DS,B.Tech,1,2,B,19,82.07,79.6,42.57,69.37,76.41,8.55,19.0,72.07,Good
STU006603,Arjun Reddy,CSE,B.Tech,3,5,B,22,70.7,77.02,34.28,56.6,67.32,8.02,17.32,70.14,Average
STU006604,Akash Patel,ECE,B.Tech,3,5,A,21,87.67,72.52,36.26,67.13,75.85,7.34,21.61,81.37,Good
STU006605,Arjun Kumar,AI & DS,B.Tech,3,6,C,22,91.74,85.83,35.63,77.12,85.23,8.33,31.38,81.58,Excellent
STU006606,Rahul Reddy,AI & DS,B.Tech,4,7,C,21,72.97,70.78,39.38,65.3,64.33,7.91,20.49,68.96,Average
STU006607,Yash Pillai,IT,B.Tech,2,3,D,20,86.39,96.48,39.17,81.21,82.83,8.27,29.66,93.1,Good
STU006608,Ananya Verma,Mechanical,B.Tech,2,4,D,20,72.26,69.85,33.32,58.4,68.36,8.66,22.75,80.23,Average
STU006609,Kavya Sharma,AI & DS,B.Tech,2,4,C,20,84.11,79.62,33.66,64.71,79.25,8.26,19.04,76.88,Good
STU006610,Diya Shah,Mechanical,B.Tech,3,6,D,22,86.96,74.89,28.51,72.7,83.46,8.7,25.38,77.61,Good
STU006611,Aryan Menon,ECE,B.Tech,1,2,B,18,75.97,68.36,27.66,64.56,68.9,7.49,21.63,67.17,Average
STU006612,Bhavya Shah,AI & DS,B.Tech,3,5,B,22,79.12,69.24,29.64,54.67,74.16,8.07,26.76,75.35,Good
STU006613,Arjun Gupta,CSE,B.Tech,1,2,C,18,89.11,59.79,30.84,67.92,74.26,7.59,20.84,69.09,Good
STU006614,Rahul Patel,ECE,B.Tech,1,2,A,20,79.16,74.62,30.05,76.81,77.81,8.16,16.65,68.59,Good
STU006615,Shreya Pillai,Civil,B.Tech,3,5,B,20,83.34,76.35,33.63,62.89,67.13,6.67,25.45,77.7,Average
STU006616,Isha Reddy,ECE,M.Tech,2,4,C,23,68.84,85.42,30.14,71.31,81.07,7.68,23.06,79.96,Average
STU006617,Zoya Kumar,ECE,B.Tech,1,1,D,19,81.01,83.97,40.03,79.07,76.92,8.63,22.13,81.73,Good
STU006618,Ishaan Patel,CSE,B.Tech,1,2,D,19,81.32,79.28,34.45,64.96,74.84,8.61,22.61,73.21,Good
STU006619,Yash Das,ECE,B.Tech,2,4,C,21,66.15,70.25,26.76,55.52,81.02,7.71,15.14,76.46,Average
STU006620,Kavya Gupta,EEE,B.Tech,1,1,C,18,75.6,65.1,32.02,47.83,66.79,6.72,12.18,74.09,Average
STU006621,Pooja Rao,IT,B.Tech,3,6,A,20,80.52,74.24,33.82,63.08,76.48,8.38,18.65,72.55,Good
STU006622,Aarav Verma,Mechanical,B.Tech,3,6,C,22,84.07,68.35,31.33,68.28,71.49,8.04,28.22,82.76,Good
STU006623,Nikhil Rao,AI & DS,B.Tech,1,2,D,19,91.87,62.79,34.28,54.77,69.0,7.26,19.65,74.99,Average
STU006624,Akash Mehta,AI & DS,M.Tech,1,1,A,23,86.03,73.07,28.46,54.64,65.95,7.45,26.56,81.99,Average
STU006625,Ananya Gupta,AI & DS,M.Tech,2,4,B,23,81.22,57.54,28.27,68.84,52.73,7.23,13.64,70.13,At Risk
STU006626,Sai Pillai,Mechanical,B.Tech,1,2,A,19,71.9,68.57,37.9,70.59,72.17,8.13,13.03,66.95,Average
STU006627,Sai Kumar,Mechanical,M.Tech,1,1,C,24,67.59,66.05,29.09,51.51,52.77,7.44,16.87,70.65,At Risk
STU006628,Aryan Krishnan,AI & DS,B.Tech,1,2,B,20,78.95,66.83,30.93,54.68,69.2,7.28,18.64,71.57,Average
STU006629,Sai Sharma,ECE,B.Tech,1,1,A,19,95.36,79.6,36.6,72.63,79.86,8.91,28.28,90.26,Good
STU006630,Shreya Singh,ECE,B.Tech,1,1,D,20,79.86,80.28,37.82,73.8,97.37,8.36,20.48,78.47,Good
STU006631,Ishaan Singh,Mechanical,B.Tech,1,2,B,19,65.55,79.13,27.45,67.63,96.18,7.24,23.68,70.35,Average
STU006632,Sai Sharma,Mechanical,B.Tech,1,1,D,19,83.83,80.93,34.19,71.93,85.89,7.82,24.6,81.26,Excellent
STU006633,Meera Krishnan,EEE,B.Tech,4,7,A,21,80.35,72.04,30.95,55.07,65.62,7.76,22.95,62.07,Average
STU006634,Krishna Pillai,CSE,B.Tech,4,8,B,23,86.16,63.26,32.75,63.74,68.5,7.4,18.42,79.59,Average
STU006635,Varun Joshi,CSE,B.Tech,2,3,B,20,68.0,73.42,32.65,60.8,71.69,8.08,21.31,70.43,Average
STU006636,Yash Sharma,Mechanical,B.Tech,2,4,A,20,79.32,66.41,36.55,69.88,71.9,8.28,14.71,65.37,Good
STU006637,Pooja Chatterjee,AI & DS,B.Tech,1,2,A,19,88.75,78.33,32.94,69.06,73.33,8.05,23.96,81.16,Good
STU006638,Arjun Rao,Mechanical,B.Tech,4,7,C,23,75.8,65.99,33.49,59.21,70.89,7.44,16.03,71.62,Good
STU006639,Rohan Krishnan,Civil,B.Tech,3,6,B,20,69.85,69.15,31.21,64.73,63.68,7.29,19.3,69.23,Average
STU006640,Meera Iyer,ECE,B.Tech,1,2,B,18,89.09,81.62,31.9,78.43,93.26,8.28,27.29,82.04,Excellent
STU006641,Aditi Rao,IT,B.Tech,2,3,B,20,79.1,69.7,31.52,53.31,78.09,8.34,12.75,62.91,Good
STU006642,Sai Iyer,ECE,M.Tech,1,1,C,22,99.93,66.28,27.89,64.23,70.0,7.23,22.82,80.46,Average
STU006643,Isha Nair,ECE,B.Tech,4,7,C,21,69.36,66.9,33.23,75.05,79.22,7.42,20.6,81.9,Average
STU006644,Yash Das,CSE,B.Tech,3,6,B,22,73.81,68.67,31.53,54.39,66.09,8.46,25.19,67.07,Average
STU006645,Arjun Joshi,IT,B.Tech,4,8,D,22,82.26,79.61,31.23,59.78,84.66,7.73,22.12,71.39,Good
STU006646,Pooja Bose,ECE,B.Tech,4,8,C,22,67.98,68.74,35.03,80.38,96.12,8.85,19.16,57.55,Average
STU006647,Tanvi Nair,ECE,B.Tech,2,3,B,19,86.47,75.4,40.98,72.92,68.16,8.59,21.23,72.82,Average
STU006648,Akash Das,ECE,B.Tech,1,1,A,20,82.17,66.01,31.83,61.83,79.37,8.56,20.46,63.34,Good
STU006649,Bhavya Gupta,Mechanical,B.Tech,2,3,B,20,92.04,87.62,39.2,87.44,87.12,8.27,18.92,83.15,Excellent
STU006650,Isha Patel,AI & DS,B.Tech,3,5,C,22,87.34,82.15,33.8,69.71,80.39,8.64,24.8,78.29,Good
STU006651,Aditi Shah,CSE,B.Tech,2,3,A,20,78.03,71.04,34.06,61.45,78.91,8.17,21.93,82.85,Good
STU006652,Krishna Rao,IT,B.Tech,1,2,C,20,83.75,72.7,31.0,61.38,67.46,8.05,29.87,80.57,Average
STU006653,Bhavya Joshi,CSE,B.Tech,2,3,A,21,79.07,67.53,34.28,72.62,87.6,8.65,22.46,71.59,Good
STU006654,Sneha Kumar,CSE,M.Tech,1,2,B,24,84.34,65.81,33.77,64.58,65.51,7.42,18.92,61.5,Average
STU006655,Varun Rao,CSE,B.Tech,2,4,B,19,73.6,80.3,38.32,67.9,81.63,8.22,13.63,69.26,Average
STU006656,Ananya Patel,Mechanical,B.Tech,1,1,A,18,72.58,69.57,27.16,60.45,72.5,7.47,20.75,69.57,Average
STU006657,Pooja Das,CSE,B.Tech,4,7,D,23,69.52,75.96,37.07,64.88,85.07,8.12,25.92,68.95,Average
STU006658,Isha Mehta,EEE,B.Tech,3,5,B,20,93.14,88.34,44.19,72.08,80.22,8.25,26.64,74.14,Good
STU006659,Ishaan Krishnan,ECE,B.Tech,1,1,B,19,95.08,76.9,36.29,68.51,87.33,7.74,23.82,88.99,Excellent
STU006660,Sai Iyer,CSE,B.Tech,3,6,B,21,62.21,59.35,30.84,34.18,47.56,7.3,17.05,61.77,At Risk
STU006661,Riya Verma,Civil,B.Tech,1,1,C,18,79.46,72.41,36.08,60.39,78.04,7.63,20.19,82.24,Good
STU006662,Ishaan Joshi,Mechanical,B.Tech,1,2,C,19,69.23,59.81,29.39,54.51,66.71,7.35,21.23,72.19,Average
STU006663,Diya Menon,AI & DS,B.Tech,1,1,D,20,84.94,71.8,35.84,67.43,79.34,7.65,22.97,75.82,Good
STU006664,Zoya Chatterjee,CSE,B.Tech,1,2,D,20,86.01,58.62,28.66,48.96,61.98,6.75,19.29,76.66,Average
STU006665,Karan Iyer,EEE,B.Tech,2,4,D,20,80.06,80.17,37.16,62.33,76.81,8.39,19.38,80.97,Good
STU006666,Meera Bose,CSE,B.Tech,4,8,D,22,84.18,72.28,37.94,66.33,62.91,7.83,21.91,74.17,Average
STU006667,Isha Krishnan,Mechanical,B.Tech,3,6,C,22,72.87,72.87,41.69,64.15,69.7,9.11,21.12,94.03,Average
STU006668,Pooja Kumar,Mechanical,B.Tech,4,8,A,22,61.47,68.84,29.96,47.9,42.09,7.67,22.31,72.44,At Risk
STU006669,Karan Bose,Civil,B.Tech,3,5,B,20,78.75,69.83,34.07,66.84,85.59,9.53,21.39,83.78,Good
STU006670,Rohan Mehta,CSE,B.Tech,4,8,C,21,85.92,78.11,32.72,65.03,67.08,8.1,18.22,69.5,Average
STU006671,Diya Sharma,CSE,B.Tech,4,7,A,22,95.33,75.4,40.53,58.77,78.47,8.41,26.39,76.91,Good
STU006672,Diya Reddy,CSE,B.Tech,4,8,C,22,63.66,70.02,36.2,65.67,68.76,7.31,21.97,59.46,At Risk
STU006673,Zoya Mishra,ECE,B.Tech,1,2,C,20,75.72,78.31,32.95,63.21,68.62,7.97,18.18,64.5,Average
STU006674,Zoya Krishnan,IT,B.Tech,1,2,B,19,77.15,61.26,33.34,56.01,59.92,7.7,23.35,67.93,Average
STU006675,Akash Shah,ECE,B.Tech,3,6,A,20,73.61,70.78,31.99,64.82,62.73,8.12,22.21,68.7,Average
STU006676,Aryan Krishnan,ECE,B.Tech,4,7,C,22,78.3,67.9,31.05,65.3,77.66,8.4,17.34,68.68,Good
STU006677,Aditi Mehta,Mechanical,B.Tech,3,5,C,22,74.65,65.33,34.27,69.63,70.18,7.87,17.55,66.33,Average
STU006678,Rahul Iyer,Mechanical,B.Tech,1,2,D,19,83.16,66.32,28.78,51.61,80.54,7.17,20.07,71.84,Good
STU006679,Karan Menon,ECE,B.Tech,3,6,B,20,90.62,87.53,39.61,62.76,89.75,8.33,25.92,100,Excellent
STU006680,Ananya Nair,CSE,B.Tech,2,4,D,20,72.52,68.92,36.62,49.77,71.9,8.23,23.12,73.55,Average
STU006681,Aarav Gupta,CSE,B.Tech,4,8,A,22,81.8,69.66,35.76,73.56,77.36,8.22,23.99,69.22,Good
STU006682,Rahul Das,ECE,B.Tech,4,8,C,22,87.82,55.35,27.58,42.25,52.92,6.54,18.49,75.63,At Risk
STU006683,Arjun Chatterjee,EEE,B.Tech,1,2,D,19,81.48,68.3,28.7,54.26,65.14,8.14,17.93,70.28,Average
STU006684,Sai Menon,CSE,M.Tech,2,3,D,23,83.72,73.79,36.73,70.47,70.44,7.61,20.32,74.0,Good
STU006685,Aditya Gupta,Mechanical,M.Tech,2,4,B,24,71.71,64.53,29.56,64.87,53.22,6.83,18.94,69.9,At Risk
STU006686,Bhavya Pillai,AI & DS,B.Tech,4,7,D,23,80.63,61.14,30.53,44.81,64.73,7.06,16.03,69.28,Average
STU006687,Tanvi Das,ECE,B.Tech,1,2,D,18,80.64,75.14,37.57,64.1,72.41,8.61,17.49,90.42,Good
STU006688,Akash Gupta,Mechanical,B.Tech,4,7,C,21,73.58,83.78,41.6,89.34,96.31,8.63,22.15,66.46,Average
STU006689,Varun Nair,AI & DS,B.Tech,3,5,A,21,90.91,64.11,33.67,59.89,74.12,7.74,20.37,79.62,Good
STU006690,Ishaan Shah,CSE,B.Tech,1,1,B,19,89.59,66.49,32.35,57.94,78.68,7.99,24.8,67.68,Good
STU006691,Bhavya Patel,Mechanical,B.Tech,1,1,B,19,76.81,75.68,28.36,57.99,60.46,7.6,21.99,72.48,Average
STU006692,Vikram Reddy,IT,B.Tech,3,6,B,22,66.17,87.78,34.85,50.94,72.99,8.53,23.64,80.89,Average
STU006693,Ishaan Gupta,EEE,B.Tech,1,2,D,19,76.8,70.89,36.31,66.47,76.61,7.89,14.57,71.13,Good
STU006694,Pooja Pillai,AI & DS,B.Tech,3,5,B,22,75.36,67.72,31.0,63.91,68.79,7.75,21.4,70.25,Average
STU006695,Krishna Chatterjee,CSE,B.Tech,2,4,B,20,76.92,77.18,31.94,57.44,83.54,8.21,23.38,80.03,Good
STU006696,Riya Reddy,ECE,B.Tech,2,3,D,20,90.93,78.95,41.98,71.77,91.11,8.35,17.62,79.56,Excellent
STU006697,Pooja Iyer,CSE,B.Tech,1,1,D,20,79.56,75.48,30.61,61.81,75.2,7.68,20.1,67.26,Good
STU006698,Tanvi Krishnan,EEE,B.Tech,3,5,B,22,72.25,65.12,27.55,59.34,67.03,7.5,22.17,66.35,Average
STU006699,Ishaan Iyer,AI & DS,B.Tech,1,1,C,18,83.07,56.66,27.74,63.26,69.78,7.82,21.22,81.25,Average
STU006700,Sneha Iyer,CSE,B.Tech,1,1,D,20,95.17,71.78,31.89,56.01,73.56,8.52,26.14,96.7,Good
STU006701,Aryan Gupta,CSE,B.Tech,3,6,A,22,82.12,76.58,36.4,76.3,83.79,7.47,26.24,74.03,Good
STU006702,Kavya Patel,Mechanical,B.Tech,2,4,B,20,79.47,75.62,39.43,60.88,64.31,7.95,20.33,63.08,Average
STU006703,Bhavya Kumar,Civil,B.Tech,3,5,A,22,78.22,74.08,31.96,54.38,78.52,8.09,23.91,71.03,Good
STU006704,Sanjay Mishra,CSE,B.Tech,3,5,A,20,87.98,53.22,24.22,54.8,45.69,7.16,23.25,78.43,At Risk
STU006705,Manish Sharma,AI & DS,B.Tech,3,6,D,21,73.32,61.58,30.76,54.74,79.76,7.78,20.2,74.35,Average
STU006706,Sai Gupta,CSE,B.Tech,2,4,C,20,72.18,77.34,35.58,66.28,79.27,7.72,17.71,64.75,Average
STU006707,Rohan Gupta,EEE,B.Tech,3,5,A,22,74.96,83.26,32.66,64.48,83.46,8.4,19.38,62.72,Average
STU006708,Aditi Nair,AI & DS,B.Tech,2,3,A,21,73.48,66.61,28.85,59.58,57.48,7.34,19.43,70.1,Average
STU006709,Ananya Mishra,CSE,B.Tech,3,6,C,20,81.75,72.23,41.97,61.95,77.86,7.79,18.8,79.2,Good
STU006710,Sneha Shah,EEE,B.Tech,1,2,A,18,78.79,61.71,30.59,51.96,58.14,8.27,18.27,71.24,Average
STU006711,Aarav Singh,AI & DS,B.Tech,4,8,A,21,61.76,82.53,31.03,62.69,71.84,8.61,18.77,65.23,At Risk
STU006712,Sai Gupta,ECE,B.Tech,4,7,D,23,61.82,71.69,34.25,53.82,72.33,7.83,21.26,64.32,At Risk
STU006713,Aarav Shah,EEE,B.Tech,4,8,A,23,78.47,74.61,33.53,54.97,58.83,7.43,22.82,59.66,Average
STU006714,Meera Mehta,ECE,M.Tech,2,4,B,24,72.93,86.23,41.37,69.34,94.85,8.47,20.47,91.67,Average
STU006715,Riya Mishra,EEE,B.Tech,3,6,A,22,85.33,77.22,36.52,77.24,86.83,8.58,25.1,78.77,Excellent
STU006716,Aryan Nair,CSE,M.Tech,1,2,A,22,82.57,73.61,34.59,71.57,67.67,7.68,22.03,78.34,Average
STU006717,Shreya Nair,CSE,B.Tech,1,2,D,20,91.65,65.52,37.18,64.56,73.26,7.75,21.17,70.45,Good
STU006718,Sai Mishra,CSE,B.Tech,3,5,D,21,93.11,61.7,22.32,59.8,66.94,8.18,21.48,76.65,Average
STU006719,Kavya Reddy,CSE,B.Tech,3,5,A,20,81.68,71.54,32.56,64.36,59.39,7.91,21.09,79.99,Average
STU006720,Surya Sharma,ECE,B.Tech,1,2,C,19,68.23,66.34,32.91,55.6,72.95,7.5,17.18,68.6,Average
STU006721,Manish Mishra,EEE,B.Tech,2,3,D,19,86.39,71.29,35.07,65.38,66.82,8.11,23.63,67.82,Average
STU006722,Aditya Menon,Civil,B.Tech,2,3,C,20,88.02,59.43,28.14,68.11,77.37,7.69,19.42,72.7,Good
STU006723,Pooja Singh,EEE,B.Tech,3,6,C,22,90.51,73.5,36.82,56.22,70.45,7.1,14.93,77.88,Good
STU006724,Yash Joshi,Mechanical,B.Tech,3,5,B,22,97.31,70.21,31.05,58.41,73.03,7.67,23.46,77.48,Good
STU006725,Surya Rao,IT,B.Tech,3,6,A,22,81.68,75.33,37.32,76.26,70.38,8.23,21.45,76.09,Good
STU006726,Bhavya Joshi,IT,B.Tech,2,4,C,19,77.85,95.84,42.86,83.41,99.11,7.97,26.51,83.5,Good
STU006727,Nisha Pillai,IT,B.Tech,4,7,A,23,80.91,70.89,31.57,66.61,71.78,8.2,24.07,77.85,Good
STU006728,Bhavya Chatterjee,IT,B.Tech,1,1,C,20,93.04,64.09,27.76,46.17,61.38,7.02,17.08,73.56,Average
STU006729,Sneha Verma,CSE,B.Tech,2,4,C,19,81.02,74.27,32.91,52.81,70.51,7.87,23.84,82.39,Good
STU006730,Varun Iyer,ECE,B.Tech,2,4,A,19,81.13,74.06,32.69,66.14,66.01,7.59,22.81,74.34,Average
STU006731,Rohan Singh,CSE,B.Tech,3,5,B,22,87.69,83.2,43.48,80.54,69.88,8.75,29.42,72.43,Average
STU006732,Riya Iyer,Civil,B.Tech,1,1,A,20,94.9,72.92,31.57,65.4,72.15,8.12,28.03,79.16,Good
STU006733,Shreya Reddy,Mechanical,B.Tech,4,7,D,22,73.4,72.92,39.42,64.28,70.77,8.0,23.27,72.95,Average
STU006734,Bhavya Pillai,ECE,B.Tech,3,6,D,21,80.11,75.98,32.81,76.14,69.53,8.01,24.51,75.09,Average
STU006735,Manish Iyer,CSE,B.Tech,2,4,A,20,83.37,83.25,39.84,65.67,78.48,7.98,19.8,68.83,Good
STU006736,Meera Iyer,ECE,B.Tech,1,1,A,19,78.86,71.62,31.64,68.47,67.55,6.99,22.04,58.08,Average
STU006737,Karan Iyer,Mechanical,B.Tech,2,4,C,20,76.98,79.57,36.96,75.47,78.13,8.21,24.23,80.96,Good
STU006738,Arjun Shah,ECE,B.Tech,2,4,D,19,74.58,63.08,28.87,64.9,69.04,6.56,17.37,65.77,Average
STU006739,Meera Krishnan,AI & DS,B.Tech,1,1,A,20,81.18,75.99,33.35,61.14,77.49,7.65,21.29,62.5,Good
STU006740,Aditi Das,EEE,B.Tech,2,3,D,19,82.89,76.59,31.56,70.01,81.6,7.65,29.13,80.57,Good
STU006741,Diya Gupta,CSE,B.Tech,1,1,B,19,71.88,66.2,29.91,61.17,45.63,8.04,19.94,64.81,At Risk
STU006742,Varun Rao,IT,B.Tech,3,6,B,22,81.38,67.49,33.58,67.26,67.01,8.11,21.46,77.34,Average
STU006743,Aarav Mehta,CSE,B.Tech,4,7,A,21,78.18,65.93,35.12,63.67,69.09,8.72,16.51,62.72,Average
STU006744,Varun Sharma,Mechanical,B.Tech,2,3,D,21,72.72,69.09,33.66,50.49,65.72,7.42,17.93,65.01,Average
STU006745,Pooja Reddy,Civil,B.Tech,4,8,C,21,77.4,60.61,27.45,69.87,70.75,8.38,16.53,68.87,Good
STU006746,Nikhil Patel,CSE,B.Tech,4,8,B,21,78.93,65.86,29.48,63.74,79.48,8.57,24.73,84.81,Good
STU006747,Ishaan Reddy,ECE,M.Tech,1,2,D,22,83.47,82.38,40.96,72.81,78.76,8.65,22.8,77.71,Good
STU006748,Varun Das,CSE,B.Tech,4,7,B,23,75.38,61.07,25.01,46.45,62.83,7.26,19.36,62.34,Average
STU006749,Nikhil Krishnan,Civil,B.Tech,3,6,B,22,81.26,77.09,41.1,70.92,77.94,7.89,24.08,76.04,Good
STU006750,Sai Bose,AI & DS,B.Tech,2,3,C,19,94.32,76.45,38.8,69.5,71.86,7.56,23.67,78.53,Good
STU006751,Aditi Sharma,ECE,B.Tech,3,5,D,20,71.77,72.24,33.24,65.31,77.52,7.14,25.12,71.58,Average
STU006752,Rahul Bose,CSE,B.Tech,1,2,D,18,72.43,64.97,33.46,51.24,69.78,8.33,15.27,61.2,Average
STU006753,Isha Verma,AI & DS,B.Tech,3,6,C,20,80.58,74.65,29.18,50.76,70.09,7.75,21.13,68.04,Good
STU006754,Sanjay Shah,CSE,B.Tech,1,1,B,18,77.43,87.47,41.4,72.89,82.62,8.26,20.53,68.13,Good
STU006755,Zoya Sharma,IT,B.Tech,1,2,A,19,69.52,75.89,33.48,65.6,72.96,7.8,20.22,73.73,Average
STU006756,Karan Pillai,ECE,B.Tech,4,7,B,21,70.49,83.06,36.82,63.02,68.57,8.21,22.94,80.69,Average
STU006757,Meera Joshi,Mechanical,B.Tech,4,8,A,21,89.85,67.86,33.94,57.84,73.79,8.56,22.52,76.96,Good
STU006758,Ishaan Singh,Mechanical,B.Tech,4,7,D,22,99.12,78.77,34.47,72.62,91.09,7.99,25.5,85.13,Excellent
STU006759,Varun Pillai,EEE,M.Tech,2,4,B,23,81.31,75.69,30.72,63.87,74.13,7.6,22.25,73.42,Good
STU006760,Yash Rao,Civil,B.Tech,3,5,B,21,78.93,73.17,33.67,53.01,80.08,8.37,23.1,86.7,Good
STU006761,Akash Rao,AI & DS,B.Tech,2,4,A,21,67.62,59.72,29.63,53.45,69.71,7.79,14.96,60.2,Average
STU006762,Krishna Pillai,IT,B.Tech,4,7,A,21,74.59,63.39,34.03,58.18,71.92,8.72,23.96,76.32,Average
STU006763,Zoya Chatterjee,AI & DS,B.Tech,1,2,D,20,85.3,87.94,43.78,67.6,74.07,8.39,26.76,84.81,Good
STU006764,Aditya Patel,Mechanical,B.Tech,3,6,A,20,85.63,85.51,41.9,67.46,85.36,9.17,25.15,73.84,Excellent
STU006765,Ishaan Kumar,Mechanical,B.Tech,3,6,B,21,66.95,68.1,33.5,62.42,64.83,8.79,14.77,79.55,Average
STU006766,Bhavya Gupta,ECE,B.Tech,2,3,D,20,74.67,82.63,37.22,68.95,88.08,8.09,19.07,77.07,Average
STU006767,Aarav Gupta,IT,B.Tech,2,3,C,21,86.47,78.15,38.83,68.26,69.46,8.21,23.2,88.83,Average
STU006768,Varun Reddy,IT,B.Tech,2,4,D,20,77.39,68.01,37.1,66.37,77.63,7.44,18.47,76.27,Good
STU006769,Rahul Shah,Mechanical,B.Tech,1,1,C,18,87.37,62.78,33.36,54.16,61.59,6.98,17.74,63.89,Average
STU006770,Bhavya Mehta,AI & DS,B.Tech,1,2,A,18,75.44,78.71,32.56,65.21,77.77,8.9,19.88,76.76,Good
STU006771,Zoya Patel,CSE,M.Tech,2,3,D,24,70.27,80.75,36.33,73.45,84.04,8.37,21.49,69.07,Average
STU006772,Nikhil Shah,EEE,B.Tech,1,1,C,19,65.15,76.96,35.1,65.18,79.04,8.42,20.84,74.8,Average
STU006773,Ishaan Sharma,AI & DS,B.Tech,3,6,B,20,94.6,72.08,35.55,49.29,68.26,7.08,21.52,89.03,Average
STU006774,Manish Shah,ECE,B.Tech,1,2,B,18,79.48,81.55,39.71,71.73,92.5,8.97,19.02,70.47,Good
STU006775,Surya Rao,IT,B.Tech,3,5,C,20,70.81,72.34,24.64,70.93,72.61,7.3,24.23,72.31,Average
STU006776,Nikhil Chatterjee,AI & DS,B.Tech,1,2,D,18,85.36,77.37,35.72,79.01,69.09,8.05,25.54,87.01,Average
STU006777,Bhavya Pillai,CSE,B.Tech,4,8,B,21,86.46,67.94,29.44,57.91,77.65,7.82,22.51,77.64,Good
STU006778,Pooja Bose,CSE,B.Tech,4,8,C,23,81.03,63.96,29.11,51.18,58.51,6.95,16.78,88.74,Average
STU006779,Diya Nair,ECE,B.Tech,1,1,C,18,79.79,68.51,33.24,69.64,69.57,8.28,22.98,71.35,Average
STU006780,Shreya Joshi,CSE,B.Tech,4,8,B,23,68.05,60.21,32.21,60.92,64.72,7.54,19.91,73.79,Average
STU006781,Krishna Nair,AI & DS,B.Tech,1,2,C,19,83.82,68.22,30.7,64.09,80.1,7.32,21.93,75.57,Good
STU006782,Aditi Mishra,Civil,B.Tech,3,6,D,22,81.69,75.92,35.36,76.59,79.95,8.6,20.3,73.77,Good
STU006783,Rahul Joshi,AI & DS,B.Tech,4,8,D,21,89.67,56.95,34.15,66.3,73.42,8.01,18.8,77.76,Good
STU006784,Pooja Patel,IT,B.Tech,1,1,D,18,85.23,74.79,29.2,61.26,66.62,7.74,21.65,88.88,Average
STU006785,Karan Nair,Civil,B.Tech,1,1,B,20,76.22,72.47,31.43,49.48,78.97,8.11,18.05,84.96,Good
STU006786,Pooja Rao,Mechanical,B.Tech,3,5,D,21,83.23,71.48,34.43,58.0,69.3,8.18,23.3,71.16,Average
STU006787,Rohan Patel,EEE,B.Tech,4,8,A,22,65.32,80.27,27.61,61.25,73.71,7.97,19.92,60.68,Average
STU006788,Varun Mishra,ECE,B.Tech,4,8,D,21,77.19,75.23,37.53,57.34,71.97,8.15,22.48,64.8,Good
STU006789,Karan Bose,AI & DS,B.Tech,1,2,B,18,65.06,69.21,36.16,65.59,73.23,8.55,18.79,71.2,Average
STU006790,Aditi Menon,Civil,B.Tech,1,1,B,20,88.53,66.96,36.32,68.12,86.55,8.58,20.43,79.47,Excellent
STU006791,Akash Nair,IT,B.Tech,2,4,B,20,76.19,83.72,35.82,67.22,87.91,8.17,25.78,75.16,Good
STU006792,Aditya Menon,EEE,B.Tech,4,7,B,21,69.5,63.31,27.78,68.35,71.89,8.24,20.62,76.06,Average
STU006793,Surya Das,AI & DS,B.Tech,1,2,D,20,92.87,84.99,39.39,67.14,93.99,7.57,20.65,84.32,Excellent
STU006794,Meera Pillai,CSE,B.Tech,4,8,A,22,92.99,78.23,33.25,64.18,76.17,8.16,21.7,92.29,Good
STU006795,Zoya Pillai,AI & DS,B.Tech,3,6,D,20,84.32,66.03,31.77,48.79,80.82,7.22,16.01,75.47,Good
STU006796,Kavya Bose,AI & DS,B.Tech,1,1,D,18,82.9,81.14,39.31,62.57,72.79,8.43,26.97,90.52,Good
STU006797,Riya Rao,IT,B.Tech,1,2,B,20,78.32,52.02,34.34,59.1,74.4,7.75,18.59,77.97,Good
STU006798,Ishaan Menon,AI & DS,B.Tech,2,3,B,20,78.36,71.86,29.63,63.33,65.2,7.06,17.16,79.33,Average
STU006799,Kavya Kumar,EEE,B.Tech,1,2,B,20,82.56,64.47,36.26,59.58,70.0,7.62,23.44,76.33,Average
STU006800,Karan Gupta,Civil,B.Tech,2,4,B,19,75.71,72.2,35.85,57.49,66.93,7.66,17.6,74.08,Average
STU006801,Karan Das,AI & DS,B.Tech,1,2,B,18,84.82,75.33,32.17,64.76,74.8,7.79,22.27,73.35,Good
STU006802,Bhavya Nair,Mechanical,B.Tech,3,5,B,20,58.29,66.98,28.85,58.48,62.06,7.78,13.24,61.4,At Risk
STU006803,Tanvi Singh,Civil,B.Tech,3,6,A,22,79.87,74.62,35.61,59.8,70.17,8.01,16.97,75.38,Good
STU006804,Pooja Rao,Civil,B.Tech,3,6,C,21,70.35,70.45,35.99,63.66,69.86,8.53,26.99,77.29,Average
STU006805,Surya Patel,CSE,B.Tech,3,5,B,21,93.24,75.55,34.77,70.78,81.9,8.73,23.52,81.34,Good
STU006806,Aarav Rao,Mechanical,B.Tech,3,5,A,22,72.91,84.22,38.39,82.68,91.77,7.46,24.31,70.27,Average
STU006807,Akash Verma,IT,B.Tech,2,3,C,20,68.03,61.24,30.31,65.4,64.34,7.51,19.72,61.16,Average
STU006808,Manish Shah,CSE,B.Tech,4,8,D,23,70.03,54.07,25.43,59.05,64.64,7.06,18.82,75.81,Average
STU006809,Meera Gupta,AI & DS,B.Tech,3,5,B,21,69.59,60.51,29.24,56.59,73.44,7.59,15.0,59.68,Average
STU006810,Manish Kumar,Mechanical,B.Tech,1,1,C,18,91.84,83.15,32.59,60.35,84.4,8.73,18.56,82.41,Good
STU006811,Rohan Joshi,Mechanical,M.Tech,2,4,D,24,85.84,70.25,35.19,57.06,63.8,7.29,18.48,76.07,Average
STU006812,Zoya Patel,AI & DS,B.Tech,4,7,B,21,73.59,65.1,30.53,43.14,53.92,7.33,18.36,74.97,At Risk
STU006813,Diya Singh,CSE,B.Tech,3,5,B,22,72.56,71.21,37.93,56.69,66.31,8.06,14.95,64.21,Average
STU006814,Riya Bose,AI & DS,B.Tech,1,1,A,20,74.17,76.84,37.79,59.37,73.45,7.72,22.81,75.5,Average
STU006815,Karan Kumar,ECE,B.Tech,3,6,B,20,85.26,78.39,39.37,61.48,84.97,8.0,25.36,85.97,Good
STU006816,Aryan Nair,ECE,B.Tech,3,5,B,21,84.83,87.06,44.33,75.47,100,9.22,28.0,87.48,Excellent
STU006817,Riya Nair,CSE,B.Tech,3,6,A,21,77.06,78.39,36.32,59.93,77.21,8.48,21.35,74.86,Good
STU006818,Karan Patel,CSE,B.Tech,2,4,D,21,62.96,70.78,37.08,70.32,64.13,7.99,21.52,60.26,At Risk
STU006819,Diya Sharma,IT,B.Tech,2,3,A,21,82.72,64.33,35.13,53.22,72.44,8.56,21.66,80.15,Good
STU006820,Sanjay Iyer,EEE,B.Tech,3,5,A,21,74.39,60.65,32.09,63.14,90.21,8.03,16.79,73.61,Average
STU006821,Meera Das,IT,B.Tech,2,4,B,20,72.06,79.58,36.36,72.05,84.46,7.58,21.97,68.43,Average
STU006822,Aditya Gupta,Civil,B.Tech,1,1,D,20,77.7,68.46,28.77,69.69,83.05,8.08,15.68,67.16,Good
STU006823,Aarav Joshi,CSE,B.Tech,3,5,C,20,72.83,66.79,28.43,62.07,66.62,8.12,29.16,72.08,Average
STU006824,Sneha Mehta,CSE,B.Tech,4,8,C,21,89.14,72.36,36.58,66.71,74.24,7.46,20.36,83.3,Good
STU006825,Manish Singh,EEE,M.Tech,2,4,D,25,81.6,79.66,36.3,70.02,74.26,8.16,26.8,66.05,Good
STU006826,Shreya Gupta,ECE,B.Tech,2,4,C,21,79.46,83.92,34.55,66.76,71.26,7.6,18.38,66.06,Good
STU006827,Kavya Reddy,EEE,B.Tech,3,6,D,22,84.0,65.06,28.45,41.68,46.71,6.63,16.15,70.16,At Risk
STU006828,Bhavya Shah,AI & DS,B.Tech,2,4,D,21,73.28,69.98,34.07,74.46,65.36,8.54,19.07,71.97,Average
STU006829,Tanvi Rao,Civil,B.Tech,4,7,D,21,85.65,84.82,35.92,73.71,75.2,8.38,21.54,77.23,Good
STU006830,Varun Patel,CSE,B.Tech,3,6,C,21,87.43,73.72,37.51,61.46,77.61,7.87,17.61,77.19,Good
STU006831,Sneha Gupta,CSE,B.Tech,2,4,B,20,94.55,71.41,30.84,70.09,82.25,8.48,22.13,94.23,Good
STU006832,Rahul Singh,AI & DS,B.Tech,2,4,A,20,68.92,78.64,35.33,67.9,88.81,8.33,25.34,78.07,Average
STU006833,Krishna Patel,EEE,M.Tech,2,4,C,26,84.51,70.44,44.39,69.19,78.57,8.63,17.86,84.94,Good
STU006834,Surya Reddy,Mechanical,B.Tech,3,5,C,21,72.1,67.64,31.08,58.51,64.59,7.89,18.37,83.34,Average
STU006835,Bhavya Reddy,ECE,B.Tech,3,5,B,22,86.73,69.02,33.84,62.48,77.37,8.72,20.91,76.28,Good
STU006836,Aditya Krishnan,CSE,B.Tech,4,8,A,23,72.31,62.95,30.76,60.39,70.62,8.64,21.59,56.22,Average
STU006837,Kavya Krishnan,EEE,B.Tech,3,5,A,20,83.27,73.36,37.73,67.96,72.32,8.72,24.95,73.19,Good
STU006838,Yash Pillai,Mechanical,B.Tech,2,4,A,19,83.55,83.38,33.43,71.62,86.77,8.25,27.16,90.97,Excellent
STU006839,Nisha Shah,AI & DS,B.Tech,3,6,D,22,80.33,74.26,34.31,75.04,77.54,7.94,24.71,77.53,Good
STU006840,Rahul Verma,CSE,B.Tech,4,8,D,22,86.83,77.37,38.82,64.17,81.94,7.83,23.06,93.69,Good
STU006841,Tanvi Patel,CSE,B.Tech,3,5,C,20,70.03,69.09,35.06,61.98,46.42,7.53,20.32,71.43,At Risk
STU006842,Rohan Gupta,Mechanical,B.Tech,3,6,A,21,79.34,59.16,30.3,48.49,53.87,7.16,22.57,68.98,At Risk
STU006843,Aditi Nair,Civil,B.Tech,1,2,C,19,75.9,77.28,36.16,64.39,83.59,8.22,20.44,67.67,Good
STU006844,Krishna Das,Civil,B.Tech,3,6,D,21,89.54,86.84,32.34,70.35,80.74,7.91,26.9,75.04,Good
STU006845,Isha Chatterjee,IT,B.Tech,4,7,D,22,91.71,76.9,30.21,63.2,74.78,7.12,26.12,75.97,Good
STU006846,Bhavya Shah,AI & DS,M.Tech,1,2,D,25,69.11,77.38,38.11,69.54,74.44,7.83,19.84,80.04,Average
STU006847,Rohan Pillai,IT,B.Tech,1,2,D,18,90.33,74.77,34.41,66.23,76.84,7.53,20.88,82.32,Good
STU006848,Aarav Sharma,CSE,B.Tech,1,1,B,18,79.46,69.77,37.81,75.82,80.97,7.43,18.97,67.22,Good
STU006849,Sai Pillai,AI & DS,M.Tech,1,2,D,22,83.42,63.89,34.58,60.35,62.38,8.23,14.61,66.18,Average
STU006850,Isha Mehta,ECE,B.Tech,2,4,D,21,86.98,72.87,39.12,72.33,82.5,8.54,15.39,86.89,Good
STU006851,Sneha Pillai,CSE,B.Tech,2,4,A,20,74.51,62.66,27.11,58.83,72.73,7.29,16.82,58.03,Average
STU006852,Ishaan Mishra,CSE,B.Tech,4,7,C,21,60.63,64.39,27.46,58.53,72.2,8.44,15.83,67.63,At Risk
STU006853,Kavya Gupta,CSE,B.Tech,4,8,B,21,80.35,76.09,37.87,62.42,77.16,8.52,12.25,76.28,Good
STU006854,Diya Krishnan,Civil,B.Tech,1,1,B,18,73.5,85.69,45.66,65.19,71.61,8.46,22.09,77.32,Average
STU006855,Akash Chatterjee,IT,B.Tech,4,7,C,21,77.59,67.11,34.19,70.12,77.74,7.62,24.41,84.51,Good
STU006856,Pooja Patel,EEE,B.Tech,4,8,A,22,80.63,70.25,28.64,53.97,68.75,7.55,21.11,65.86,Average
STU006857,Nikhil Das,CSE,B.Tech,4,7,B,21,84.42,77.18,32.69,68.59,77.27,8.53,21.18,76.79,Good
STU006858,Nikhil Krishnan,EEE,B.Tech,4,7,B,22,89.96,72.07,33.33,60.33,79.71,7.16,19.08,72.88,Good
STU006859,Pooja Chatterjee,CSE,B.Tech,2,3,C,20,88.23,82.04,35.91,79.77,79.76,8.45,26.23,76.35,Good
STU006860,Diya Patel,CSE,B.Tech,2,4,B,19,70.38,75.01,30.01,67.6,81.44,7.64,17.86,64.85,Average
STU006861,Manish Pillai,CSE,M.Tech,2,3,D,25,74.8,80.49,33.91,62.87,75.87,8.57,21.05,62.2,Average
STU006862,Zoya Rao,IT,B.Tech,1,2,C,20,85.89,80.58,35.56,60.43,75.91,7.73,24.5,87.39,Good
STU006863,Aryan Menon,ECE,B.Tech,1,2,A,19,82.32,78.12,31.41,45.29,76.95,7.77,25.63,84.48,Good
STU006864,Tanvi Nair,CSE,B.Tech,3,6,B,22,70.73,73.88,41.56,72.75,76.09,8.49,17.21,84.54,Average
STU006865,Arjun Krishnan,CSE,B.Tech,2,3,B,20,78.11,68.83,35.03,58.76,82.93,8.25,18.75,70.05,Good
STU006866,Pooja Das,ECE,M.Tech,2,4,A,25,76.99,66.78,27.38,56.33,68.71,7.37,24.96,81.89,Average
STU006867,Isha Mehta,AI & DS,M.Tech,2,3,A,26,88.69,78.14,40.67,73.49,84.17,7.62,23.8,95.57,Good
STU006868,Tanvi Gupta,CSE,B.Tech,2,3,B,20,74.63,59.84,25.61,56.76,68.94,8.03,22.76,72.49,Average
STU006869,Sneha Nair,CSE,B.Tech,4,8,A,21,76.39,63.73,30.33,56.11,58.38,7.19,15.73,77.33,Average
STU006870,Rohan Shah,CSE,B.Tech,3,5,D,22,74.2,62.74,27.59,56.48,60.54,7.48,23.04,77.18,Average
STU006871,Sanjay Bose,CSE,B.Tech,4,7,C,22,72.74,70.33,29.88,64.34,77.76,8.24,20.24,67.23,Average
STU006872,Pooja Pillai,ECE,M.Tech,1,1,D,23,73.61,69.71,29.96,53.18,72.53,7.92,17.05,78.01,Average
STU006873,Nikhil Bose,AI & DS,B.Tech,3,6,D,22,73.6,73.14,34.62,77.85,75.02,7.38,24.25,74.26,Average
STU006874,Isha Iyer,IT,B.Tech,2,4,A,21,79.35,65.95,35.51,57.63,74.26,7.09,19.18,80.96,Good
STU006875,Akash Mishra,EEE,B.Tech,2,3,A,19,74.97,73.83,30.21,57.77,68.77,8.2,15.47,68.0,Average
STU006876,Krishna Reddy,Civil,B.Tech,4,8,B,21,87.74,74.2,36.24,74.67,79.98,8.74,28.0,85.84,Good
STU006877,Karan Kumar,Mechanical,B.Tech,2,3,D,20,86.08,58.29,30.97,62.89,58.7,8.25,23.74,91.69,Average
STU006878,Surya Verma,EEE,B.Tech,1,1,A,20,78.65,84.15,35.8,85.62,100,8.63,34.48,81.4,Good
STU006879,Meera Rao,Civil,B.Tech,4,8,A,23,76.26,67.61,35.34,60.14,74.06,7.31,14.94,73.48,Good
STU006880,Varun Mishra,ECE,B.Tech,3,6,A,20,77.66,81.1,35.65,65.52,70.2,8.17,20.21,74.0,Good
STU006881,Isha Nair,Mechanical,M.Tech,1,1,C,25,76.58,74.97,32.38,71.2,74.09,7.56,22.42,79.51,Good
STU006882,Meera Kumar,AI & DS,B.Tech,1,2,A,19,91.06,72.66,29.3,68.7,79.8,8.06,20.05,75.27,Good
STU006883,Tanvi Chatterjee,Mechanical,B.Tech,1,2,D,20,72.81,74.98,31.85,68.56,76.08,8.07,16.47,74.79,Average
STU006884,Tanvi Gupta,Civil,B.Tech,3,5,B,22,68.57,76.23,37.53,70.75,79.21,8.91,18.86,70.67,Average
STU006885,Krishna Shah,CSE,B.Tech,3,6,C,22,60.57,74.23,33.29,65.87,71.81,8.37,18.37,73.79,At Risk
STU006886,Meera Mishra,Mechanical,B.Tech,4,7,B,22,75.74,75.78,39.45,68.56,84.18,8.24,12.38,82.46,Good
STU006887,Rahul Reddy,CSE,B.Tech,3,6,A,21,97.63,81.76,37.17,73.55,80.57,7.44,21.0,76.51,Good
STU006888,Manish Gupta,ECE,B.Tech,3,5,A,21,89.26,77.59,34.18,77.25,80.36,8.57,24.48,70.55,Good
STU006889,Shreya Rao,Civil,B.Tech,2,4,A,21,76.4,90.03,36.68,61.31,72.84,8.3,23.98,81.23,Good
STU006890,Zoya Bose,CSE,M.Tech,1,1,B,23,77.15,68.56,35.42,54.97,73.62,7.56,20.24,75.35,Good
STU006891,Bhavya Kumar,EEE,B.Tech,3,6,C,20,68.83,68.66,32.06,70.63,76.51,8.34,18.14,61.6,Average
STU006892,Surya Iyer,Civil,B.Tech,2,3,B,21,71.35,57.94,24.72,57.64,53.54,7.0,19.9,66.33,At Risk
STU006893,Varun Mehta,AI & DS,B.Tech,4,8,A,22,82.1,70.47,34.95,66.92,75.8,8.15,16.58,85.73,Good
STU006894,Aarav Iyer,Civil,B.Tech,4,8,B,22,69.12,78.37,36.92,70.58,79.23,8.11,19.39,72.01,Average
STU006895,Bhavya Joshi,ECE,B.Tech,4,7,A,22,81.22,81.66,39.81,64.66,77.14,8.37,26.63,78.46,Good
STU006896,Shreya Patel,IT,B.Tech,1,2,D,20,90.45,58.53,36.9,62.11,67.77,7.99,17.44,66.15,Average
STU006897,Ananya Mehta,Civil,B.Tech,1,1,A,20,87.19,96.36,37.85,79.84,80.14,8.06,27.07,86.87,Good
STU006898,Aarav Chatterjee,IT,M.Tech,2,4,A,23,82.84,83.54,41.55,69.86,79.62,7.89,22.77,73.42,Good
STU006899,Rohan Patel,ECE,B.Tech,4,7,D,21,77.83,57.93,32.14,59.64,52.79,7.05,18.13,71.48,At Risk
STU006900,Diya Mehta,EEE,B.Tech,1,2,B,19,78.33,74.81,38.01,64.91,73.48,8.0,20.58,81.55,Good
STU006901,Ishaan Nair,ECE,B.Tech,4,7,C,21,69.15,61.09,28.36,51.54,69.93,7.11,20.7,61.69,Average
STU006902,Sai Krishnan,EEE,B.Tech,3,5,B,21,72.13,69.96,31.55,62.65,75.94,8.29,25.45,79.66,Average
STU006903,Shreya Sharma,IT,B.Tech,1,1,A,18,77.9,64.61,29.73,50.53,76.81,7.64,17.52,75.15,Good
STU006904,Rohan Pillai,CSE,M.Tech,1,2,A,24,77.28,57.38,35.84,60.41,70.27,7.62,17.33,71.53,Good
STU006905,Sanjay Mishra,ECE,B.Tech,1,2,C,19,71.82,65.73,31.4,63.09,65.45,7.4,16.52,68.37,Average
STU006906,Varun Shah,ECE,B.Tech,3,5,C,20,87.63,62.94,33.28,65.62,74.34,7.35,19.34,82.51,Good
STU006907,Meera Patel,EEE,B.Tech,4,8,B,21,87.83,61.61,28.01,73.02,77.25,7.34,23.39,91.1,Good
STU006908,Manish Kumar,ECE,B.Tech,1,1,A,20,71.47,70.34,35.25,54.69,70.2,8.51,21.31,75.08,Average
STU006909,Zoya Patel,EEE,B.Tech,4,7,A,22,77.78,70.49,28.89,60.4,80.35,7.61,20.76,81.17,Good
STU006910,Kavya Menon,EEE,B.Tech,4,8,C,23,82.16,60.28,31.06,55.46,69.38,8.29,17.23,56.05,Average
STU006911,Shreya Mishra,ECE,B.Tech,1,1,C,19,85.33,67.09,28.49,55.34,76.82,7.52,21.27,70.8,Good
STU006912,Riya Shah,CSE,M.Tech,2,4,B,26,76.52,62.98,28.36,49.36,63.84,7.33,12.94,60.94,Average
STU006913,Aryan Nair,CSE,B.Tech,4,7,B,21,86.41,70.46,32.33,58.09,61.39,7.67,16.45,56.99,Average
STU006914,Karan Gupta,Civil,B.Tech,2,3,D,21,74.35,74.75,28.51,66.06,60.59,7.99,19.49,80.09,Average
STU006915,Varun Sharma,ECE,B.Tech,2,4,D,21,85.29,67.19,29.96,62.42,70.91,7.98,24.45,85.88,Good
STU006916,Vikram Bose,CSE,B.Tech,1,1,D,18,92.79,84.83,34.84,76.52,92.11,7.54,24.51,81.96,Excellent
STU006917,Yash Shah,AI & DS,B.Tech,3,6,C,21,82.47,66.29,30.69,54.72,60.17,7.48,15.65,79.44,Average
STU006918,Akash Shah,Civil,B.Tech,3,5,B,20,71.22,81.49,31.07,68.07,81.04,8.49,23.51,83.91,Average
STU006919,Manish Rao,ECE,M.Tech,1,2,B,24,90.05,73.24,27.83,62.75,73.66,7.46,20.55,71.48,Good
STU006920,Surya Reddy,Mechanical,B.Tech,2,3,D,21,76.19,74.55,34.65,56.11,57.78,8.93,23.65,81.48,Average
STU006921,Varun Iyer,CSE,B.Tech,4,8,C,23,71.06,63.07,27.5,52.3,55.17,7.82,13.33,52.96,Average
STU006922,Ishaan Reddy,CSE,B.Tech,2,3,B,20,78.05,88.76,42.99,70.74,99.08,8.64,17.3,72.91,Good
STU006923,Aditya Mehta,CSE,M.Tech,2,4,A,24,78.65,67.84,32.56,60.08,64.01,8.02,19.74,72.63,Average
STU006924,Diya Shah,IT,B.Tech,1,2,A,18,97.34,79.12,38.22,58.86,76.54,7.8,25.05,81.41,Good
STU006925,Nikhil Rao,CSE,B.Tech,2,3,D,20,92.77,73.75,32.5,72.07,84.83,7.11,23.78,76.78,Good
STU006926,Karan Chatterjee,CSE,B.Tech,2,3,A,19,82.54,72.63,33.12,48.77,64.61,7.21,21.96,83.83,Average
STU006927,Riya Sharma,CSE,M.Tech,1,1,A,25,83.57,78.52,36.83,59.23,82.17,8.79,15.7,80.57,Good
STU006928,Bhavya Chatterjee,AI & DS,B.Tech,1,2,D,19,80.39,73.62,35.44,53.48,69.32,8.35,15.77,57.71,Average
STU006929,Isha Bose,Civil,B.Tech,2,3,C,21,77.49,83.37,35.74,66.65,79.92,8.24,21.04,68.67,Good
STU006930,Arjun Sharma,CSE,M.Tech,1,2,C,23,71.2,62.93,31.72,53.96,56.31,7.63,13.83,51.5,Average
STU006931,Meera Nair,CSE,B.Tech,4,7,D,23,99.01,77.57,35.96,85.98,89.49,9.44,24.53,86.22,Excellent
STU006932,Aditi Nair,ECE,B.Tech,1,1,B,20,76.2,74.43,33.41,62.36,59.68,7.94,19.64,61.15,Average
STU006933,Meera Shah,CSE,B.Tech,3,5,D,20,81.8,80.33,28.53,76.86,85.21,7.84,21.4,93.36,Excellent
STU006934,Pooja Rao,CSE,M.Tech,1,2,D,25,73.49,84.78,43.19,65.55,92.73,8.84,20.28,89.63,Average
STU006935,Aarav Patel,AI & DS,B.Tech,1,1,D,19,78.39,69.1,35.4,66.43,69.86,8.39,24.71,77.23,Average
STU006936,Arjun Singh,Mechanical,B.Tech,3,5,C,20,81.69,84.67,41.68,86.32,86.39,8.46,26.25,80.9,Excellent
STU006937,Yash Verma,Mechanical,B.Tech,4,8,C,22,69.13,70.69,30.33,58.32,66.76,8.06,18.0,66.31,Average
STU006938,Riya Iyer,CSE,B.Tech,1,2,D,20,69.18,75.79,36.82,57.46,69.12,7.86,21.95,70.73,Average
STU006939,Shreya Nair,AI & DS,B.Tech,2,4,C,20,81.64,71.31,30.18,71.13,59.61,8.14,28.57,75.77,Average
STU006940,Pooja Shah,CSE,B.Tech,4,8,C,23,75.96,71.95,32.38,66.56,75.74,8.24,17.21,62.94,Good
STU006941,Meera Singh,ECE,B.Tech,3,6,B,21,82.13,68.16,35.21,61.24,72.35,8.38,24.49,81.5,Good
STU006942,Manish Shah,CSE,B.Tech,4,8,A,23,81.0,71.12,37.2,63.71,60.66,7.29,20.52,71.95,Average
STU006943,Sanjay Shah,AI & DS,M.Tech,2,3,B,24,77.97,85.71,41.84,76.56,86.95,8.84,25.16,85.72,Good
STU006944,Arjun Das,AI & DS,M.Tech,2,3,A,26,66.76,84.72,30.1,71.72,79.51,8.01,24.2,74.51,Average
STU006945,Ishaan Menon,IT,B.Tech,4,8,A,23,82.02,74.15,28.41,63.33,66.38,7.37,21.4,78.24,Average
STU006946,Kavya Verma,Civil,B.Tech,2,3,B,19,77.53,79.46,41.26,72.97,76.87,8.06,22.39,74.95,Good
STU006947,Zoya Krishnan,CSE,B.Tech,3,5,D,20,88.89,78.69,38.08,66.85,77.32,8.48,23.09,81.74,Good
STU006948,Sneha Reddy,CSE,B.Tech,3,6,D,21,55.98,62.59,28.81,50.45,57.71,7.73,11.06,60.08,At Risk
STU006949,Aryan Das,ECE,B.Tech,4,7,C,23,70.2,80.52,39.25,73.86,68.31,7.98,19.2,66.67,Average
STU006950,Yash Sharma,ECE,B.Tech,4,8,D,22,64.04,64.78,29.87,52.38,63.78,7.77,13.94,64.03,At Risk
STU006951,Arjun Verma,EEE,B.Tech,3,5,D,22,88.21,70.74,36.47,72.68,64.57,8.03,23.24,78.64,Average
STU006952,Surya Menon,IT,B.Tech,1,2,B,19,100,70.03,37.31,53.28,56.7,7.54,18.61,77.92,Average
STU006953,Surya Sharma,IT,B.Tech,4,7,C,22,57.38,61.14,28.83,62.07,63.62,8.21,21.99,61.77,At Risk
STU006954,Aditya Krishnan,IT,B.Tech,2,3,C,20,91.93,74.89,32.87,62.69,56.8,7.97,19.2,70.84,Average
STU006955,Aryan Das,Civil,B.Tech,4,7,A,22,78.45,76.55,33.32,61.41,68.54,7.49,23.29,81.46,Average
STU006956,Aditi Joshi,IT,B.Tech,3,6,C,20,87.71,82.95,38.79,85.12,83.52,8.74,24.94,65.4,Good
STU006957,Manish Mehta,CSE,B.Tech,3,6,A,22,82.27,77.6,32.12,66.09,74.22,8.22,18.64,74.67,Good
STU006958,Diya Pillai,AI & DS,B.Tech,3,6,B,22,67.36,65.82,27.66,58.46,68.89,7.38,22.82,74.16,Average
STU006959,Tanvi Pillai,CSE,B.Tech,4,8,D,23,76.48,71.58,32.0,59.94,72.73,7.82,15.06,76.65,Good
STU006960,Yash Reddy,EEE,B.Tech,2,3,A,20,95.16,71.83,34.35,61.05,68.29,7.84,25.5,86.94,Average
STU006961,Aditya Gupta,ECE,B.Tech,2,4,B,21,84.13,69.2,32.24,61.93,63.08,7.21,17.72,83.91,Average
STU006962,Aryan Gupta,Mechanical,B.Tech,2,4,B,20,92.39,70.06,31.49,63.2,67.93,8.36,20.52,73.64,Average
STU006963,Ananya Verma,IT,B.Tech,2,3,A,19,75.91,68.2,26.35,52.73,65.43,7.27,22.11,64.27,Average
STU006964,Aditi Mehta,CSE,B.Tech,2,3,D,20,67.01,71.57,33.03,54.7,80.67,8.53,19.2,62.84,Average
STU006965,Krishna Das,CSE,B.Tech,4,7,B,23,85.23,76.54,35.23,56.75,63.26,7.59,21.36,85.23,Average
STU006966,Rohan Pillai,CSE,B.Tech,4,8,C,23,70.41,79.88,34.6,65.41,81.69,7.69,23.01,70.29,Average
STU006967,Varun Menon,CSE,M.Tech,1,1,D,25,84.23,69.51,36.3,63.18,66.72,8.03,20.34,73.62,Average
STU006968,Vikram Gupta,Civil,B.Tech,3,5,A,20,85.6,68.31,39.77,63.57,84.77,8.05,16.23,80.31,Good
STU006969,Ananya Nair,AI & DS,B.Tech,1,1,D,18,70.98,63.39,30.8,50.3,65.67,7.99,17.88,68.44,Average
STU006970,Sai Mehta,IT,B.Tech,4,7,C,22,68.2,77.02,31.62,55.08,63.87,7.0,23.4,74.06,Average
STU006971,Surya Sharma,AI & DS,M.Tech,2,4,D,24,96.25,70.38,28.1,67.68,68.44,7.2,25.02,90.02,Average
STU006972,Zoya Nair,Civil,B.Tech,3,6,C,20,85.63,56.79,28.52,45.47,48.86,7.3,17.34,72.64,At Risk
STU006973,Tanvi Patel,IT,B.Tech,4,8,B,23,80.29,77.43,35.51,65.07,55.77,7.1,22.11,71.73,Average
STU006974,Arjun Mehta,EEE,M.Tech,2,4,A,23,89.96,70.92,30.47,65.21,78.3,7.56,25.17,89.55,Good
STU006975,Rohan Iyer,Civil,B.Tech,1,2,D,19,93.88,80.73,37.42,78.52,98.51,8.74,25.74,86.14,Excellent
STU006976,Aryan Chatterjee,ECE,B.Tech,2,3,A,20,92.56,77.66,32.31,70.39,74.48,7.59,21.33,82.56,Good
STU006977,Zoya Singh,Mechanical,B.Tech,2,4,A,19,73.56,58.92,21.62,56.14,53.61,6.68,15.2,56.53,At Risk
STU006978,Sai Menon,CSE,B.Tech,4,7,A,22,75.6,72.55,28.19,75.76,68.97,8.82,24.63,75.93,Average
STU006979,Meera Sharma,ECE,B.Tech,2,3,C,21,84.97,74.36,30.39,56.51,59.5,7.92,24.66,81.1,Average
STU006980,Riya Singh,EEE,B.Tech,3,6,C,22,81.42,68.21,38.02,64.84,71.06,7.79,27.22,74.87,Good
STU006981,Krishna Krishnan,CSE,B.Tech,3,5,C,21,71.04,64.57,29.04,53.15,60.75,7.63,15.82,70.1,Average
STU006982,Nikhil Bose,EEE,B.Tech,4,8,C,22,80.41,70.75,33.68,65.76,70.54,7.38,24.85,85.39,Good
STU006983,Riya Das,Civil,B.Tech,4,7,D,23,73.89,66.6,27.37,64.07,67.75,8.11,16.47,75.18,Average
STU006984,Pooja Singh,Civil,B.Tech,4,7,C,21,82.91,74.5,37.34,55.42,90.44,7.78,18.94,81.22,Excellent
STU006985,Ishaan Nair,CSE,B.Tech,1,1,B,19,59.45,73.58,36.08,58.66,70.9,8.5,13.53,66.25,At Risk
STU006986,Ananya Krishnan,ECE,B.Tech,2,3,A,19,70.19,78.91,38.36,71.8,72.82,8.22,21.87,77.84,Average
STU006987,Rahul Sharma,AI & DS,B.Tech,3,5,D,21,69.55,66.29,30.95,66.8,66.28,8.22,13.18,61.04,Average
STU006988,Sai Sharma,AI & DS,M.Tech,1,2,D,25,83.32,82.79,37.77,71.2,80.12,8.74,24.32,83.82,Good
STU006989,Manish Bose,AI & DS,B.Tech,4,7,A,22,82.17,74.02,29.34,63.69,85.28,7.53,25.28,74.36,Excellent
STU006990,Shreya Shah,EEE,B.Tech,3,5,C,21,77.58,73.81,38.56,70.08,86.41,7.17,24.92,84.39,Good
STU006991,Aditya Joshi,EEE,B.Tech,3,5,D,21,96.74,81.1,37.69,59.69,84.65,7.89,21.27,79.54,Good
STU006992,Zoya Singh,Mechanical,B.Tech,4,7,B,22,73.14,62.27,25.47,69.74,73.64,8.06,16.31,72.39,Average
STU006993,Diya Mehta,CSE,B.Tech,4,7,A,22,82.78,74.96,34.19,70.78,78.54,8.77,18.23,71.12,Good
STU006994,Varun Mishra,IT,B.Tech,4,7,C,23,70.16,58.92,33.12,48.38,54.93,7.38,19.55,59.98,At Risk
STU006995,Sanjay Bose,AI & DS,B.Tech,4,8,C,23,99.14,78.19,34.64,64.17,85.57,8.36,27.28,83.43,Excellent
STU006996,Bhavya Patel,ECE,M.Tech,1,2,A,22,72.2,65.27,22.71,47.61,52.33,6.15,15.55,56.76,At Risk
STU006997,Meera Mishra,CSE,B.Tech,3,6,C,21,59.69,70.25,40.0,62.89,59.28,8.09,18.12,72.65,At Risk
STU006998,Aditi Singh,Mechanical,M.Tech,2,4,C,26,82.9,80.38,33.88,72.3,75.13,8.19,22.41,67.51,Good
STU006999,Sanjay Gupta,IT,B.Tech,3,6,C,20,81.53,77.99,37.56,64.47,88.9,7.84,24.07,81.63,Excellent
STU007000,Pooja Bose,Civil,B.Tech,3,6,B,20,66.06,81.02,35.16,69.75,72.33,8.4,21.1,65.44,Average
STU007001,Aditya Patel,Civil,B.Tech,1,2,A,18,86.48,68.34,29.19,51.54,68.47,7.58,15.36,75.29,Average
STU007002,Aditya Krishnan,IT,B.Tech,3,6,A,22,74.06,70.62,34.42,59.18,70.2,7.48,25.6,73.23,Average
STU007003,Arjun Shah,IT,B.Tech,2,4,D,20,79.82,73.96,36.36,69.22,69.33,8.6,21.76,61.23,Average
STU007004,Shreya Mehta,EEE,B.Tech,4,7,B,21,89.0,67.31,36.75,65.15,69.94,7.57,17.53,73.29,Average
STU007005,Kavya Bose,IT,B.Tech,4,7,C,23,81.74,70.42,34.5,55.29,60.73,8.06,21.56,72.32,Average
STU007006,Ananya Sharma,Mechanical,B.Tech,2,4,A,19,68.19,68.88,37.4,70.61,69.04,7.84,13.85,64.87,Average
STU007007,Pooja Gupta,EEE,B.Tech,4,7,D,22,75.73,77.19,35.07,66.6,71.71,7.55,18.33,78.49,Good
STU007008,Nisha Reddy,IT,B.Tech,1,1,A,20,78.81,72.8,37.55,66.47,64.03,7.76,18.97,81.67,Average
STU007009,Kavya Reddy,CSE,B.Tech,3,5,D,22,78.78,61.69,26.98,52.89,58.71,8.33,25.29,65.32,Average
STU007010,Nisha Nair,Mechanical,B.Tech,1,1,C,20,81.57,62.36,31.35,64.88,85.53,8.31,19.5,69.13,Excellent
STU007011,Surya Shah,AI & DS,B.Tech,2,4,D,19,79.5,66.29,34.02,52.74,74.98,7.59,19.38,82.95,Good
STU007012,Ananya Gupta,AI & DS,B.Tech,3,6,C,21,80.09,67.64,31.59,46.03,66.37,7.51,19.36,64.15,Average
STU007013,Rahul Verma,CSE,B.Tech,3,5,C,22,74.44,76.06,40.86,77.03,69.18,8.38,23.57,83.66,Average
STU007014,Manish Mishra,Civil,B.Tech,4,8,A,22,83.43,76.76,37.57,81.39,82.5,8.17,20.35,74.55,Good
STU007015,Aditi Chatterjee,AI & DS,B.Tech,1,1,D,18,75.29,76.49,33.98,61.54,71.02,8.09,20.67,72.9,Good
STU007016,Aarav Krishnan,CSE,B.Tech,4,7,D,21,73.54,68.18,37.16,61.68,65.82,8.06,16.79,73.27,Average
STU007017,Aditi Patel,EEE,M.Tech,1,2,D,23,74.4,78.65,33.37,73.47,70.96,8.27,26.96,79.47,Average
STU007018,Yash Bose,IT,B.Tech,4,8,D,23,90.1,63.64,26.64,59.31,61.25,7.64,16.41,79.05,Average
STU007019,Nisha Iyer,ECE,B.Tech,4,8,B,22,96.13,64.81,37.13,66.14,83.52,8.11,23.76,75.28,Good
STU007020,Manish Joshi,CSE,B.Tech,2,3,A,20,68.4,68.44,31.09,69.34,73.28,7.29,23.76,75.04,Average
STU007021,Sneha Reddy,ECE,B.Tech,1,1,A,19,80.16,77.64,34.85,61.36,71.34,8.05,22.17,71.48,Good
STU007022,Akash Mehta,Civil,B.Tech,2,3,B,20,85.0,77.33,36.42,59.35,82.2,7.89,23.27,77.77,Good
STU007023,Isha Sharma,Civil,M.Tech,2,3,D,24,90.76,70.5,29.72,50.81,72.4,8.61,18.64,81.25,Good
STU007024,Sai Nair,CSE,B.Tech,1,1,C,18,70.73,69.91,31.21,68.84,74.37,8.14,21.55,57.39,Average
STU007025,Rohan Gupta,EEE,B.Tech,3,5,A,21,74.74,90.77,38.71,72.19,80.96,8.18,20.64,71.49,Average
STU007026,Pooja Mishra,ECE,B.Tech,3,6,C,22,63.83,71.37,31.25,54.91,57.65,8.88,16.22,79.05,At Risk
STU007027,Meera Shah,Civil,B.Tech,2,3,C,21,80.75,79.83,33.1,68.57,75.38,7.3,22.13,74.26,Good
STU007028,Rohan Sharma,EEE,B.Tech,3,6,A,21,66.88,66.66,29.85,52.49,80.25,7.1,23.2,60.88,Average
STU007029,Diya Mehta,ECE,B.Tech,3,6,B,20,86.93,63.19,30.95,64.86,57.93,6.78,17.05,89.8,Average
STU007030,Zoya Rao,EEE,B.Tech,1,2,A,18,72.4,75.4,37.06,64.57,68.0,7.97,21.48,72.77,Average
STU007031,Meera Krishnan,EEE,B.Tech,1,2,C,18,85.15,63.98,41.16,60.03,66.11,8.68,16.11,74.62,Average
STU007032,Rohan Joshi,Civil,B.Tech,3,5,A,22,65.79,70.25,30.42,59.99,60.05,7.96,23.28,76.1,Average
STU007033,Diya Nair,EEE,B.Tech,3,5,A,20,77.21,73.8,27.87,66.43,77.39,6.8,24.85,71.56,Good
STU007034,Vikram Kumar,CSE,B.Tech,4,8,A,21,89.79,78.21,37.24,55.55,86.2,8.21,25.3,85.95,Excellent
STU007035,Aarav Reddy,ECE,B.Tech,4,7,D,23,75.68,75.8,31.29,69.82,67.18,7.73,28.91,71.7,Average
STU007036,Karan Mishra,CSE,B.Tech,2,3,C,19,77.01,72.18,37.72,71.09,82.66,7.93,20.85,74.56,Good
STU007037,Tanvi Rao,CSE,B.Tech,3,6,D,20,91.17,77.58,38.43,73.23,79.98,8.46,21.8,84.84,Good
STU007038,Aditya Verma,Mechanical,B.Tech,1,2,C,19,64.72,65.25,26.45,37.69,52.94,7.15,16.61,64.26,At Risk
STU007039,Varun Reddy,EEE,B.Tech,2,4,C,21,91.84,73.86,38.18,60.07,75.1,7.97,18.13,83.86,Good
STU007040,Aryan Bose,AI & DS,M.Tech,2,3,A,26,90.65,78.16,31.77,59.77,67.99,8.12,23.06,74.09,Average
STU007041,Nikhil Pillai,CSE,B.Tech,1,1,B,20,98.47,60.96,39.09,51.55,74.36,7.32,20.26,84.21,Good
STU007042,Tanvi Singh,Mechanical,M.Tech,1,2,C,25,87.69,67.92,27.28,64.27,68.41,7.99,24.42,83.32,Average
STU007043,Yash Joshi,Mechanical,B.Tech,1,1,D,19,77.42,72.46,32.98,68.13,69.33,7.97,23.45,86.45,Average
STU007044,Bhavya Gupta,ECE,B.Tech,2,3,D,21,80.07,64.31,32.88,67.51,77.34,6.95,17.55,73.66,Good
STU007045,Isha Singh,EEE,M.Tech,1,1,A,24,66.91,61.43,26.49,56.01,75.45,7.57,10.9,64.19,Average
STU007046,Sanjay Mishra,Mechanical,B.Tech,3,5,C,20,85.05,71.8,29.07,65.2,77.13,7.31,23.12,71.6,Good
STU007047,Isha Shah,Civil,B.Tech,1,1,B,19,91.86,78.57,39.74,72.97,82.57,7.78,27.26,84.82,Good
STU007048,Ishaan Chatterjee,ECE,B.Tech,3,6,B,21,85.85,73.02,35.1,66.42,77.61,9.0,21.13,87.59,Good
STU007049,Surya Krishnan,EEE,B.Tech,1,2,B,19,79.69,58.76,28.32,53.36,55.51,7.18,18.03,68.08,Average
STU007050,Pooja Bose,ECE,B.Tech,3,5,D,21,74.62,74.8,41.44,69.39,87.43,8.56,16.85,65.4,Average
STU007051,Zoya Shah,AI & DS,B.Tech,3,6,A,20,83.96,85.76,45.6,72.69,77.15,7.92,22.92,86.28,Good
STU007052,Riya Chatterjee,IT,B.Tech,2,3,D,20,80.89,77.18,32.95,62.54,63.07,7.49,23.12,74.12,Average
STU007053,Rahul Reddy,Civil,B.Tech,3,6,A,20,78.53,72.5,29.33,68.21,77.13,7.74,18.05,68.56,Good
STU007054,Shreya Nair,CSE,B.Tech,4,7,D,22,82.69,66.38,25.96,53.6,64.3,7.36,19.65,78.46,Average
STU007055,Yash Verma,Mechanical,B.Tech,4,8,A,22,84.15,84.05,35.46,69.14,86.82,7.27,25.36,85.57,Excellent
STU007056,Shreya Reddy,AI & DS,B.Tech,3,6,B,21,86.66,73.84,34.18,60.08,78.61,8.28,18.61,68.7,Good
STU007057,Pooja Rao,CSE,B.Tech,2,3,B,21,82.51,76.89,32.71,61.22,75.03,7.11,25.1,86.03,Good
STU007058,Ananya Kumar,ECE,B.Tech,4,7,A,23,96.14,69.66,33.78,49.63,71.97,7.73,27.39,87.93,Good
STU007059,Sanjay Pillai,CSE,B.Tech,3,6,C,20,83.97,65.71,34.95,62.28,72.39,7.39,20.95,79.37,Good
STU007060,Zoya Nair,Mechanical,B.Tech,2,3,A,20,86.03,70.2,30.19,66.87,64.3,7.22,20.48,84.0,Average
STU007061,Krishna Patel,EEE,B.Tech,2,4,B,21,82.91,74.85,40.48,60.93,78.44,7.42,17.45,64.36,Good
STU007062,Karan Mishra,EEE,B.Tech,3,5,A,20,81.85,61.34,33.57,44.28,50.67,7.02,15.74,70.43,At Risk
STU007063,Nikhil Gupta,IT,B.Tech,4,8,B,21,76.96,73.79,32.47,56.54,60.64,8.04,18.62,79.12,Average
STU007064,Surya Menon,AI & DS,B.Tech,1,2,C,18,83.23,80.12,33.68,65.65,73.85,8.14,24.25,65.32,Good
STU007065,Nikhil Rao,CSE,B.Tech,4,7,C,21,79.23,73.36,34.2,68.19,80.46,8.85,21.48,71.34,Good
STU007066,Karan Iyer,CSE,B.Tech,3,5,A,22,91.14,76.99,36.73,54.96,76.35,7.83,21.91,79.49,Good
STU007067,Kavya Patel,AI & DS,B.Tech,1,1,C,20,86.11,74.9,31.79,70.98,71.47,7.61,20.56,75.25,Good
STU007068,Surya Iyer,AI & DS,B.Tech,2,4,B,20,70.6,64.18,35.25,63.2,74.05,7.7,15.08,58.5,Average
STU007069,Sanjay Singh,CSE,B.Tech,3,5,D,22,78.41,85.97,36.26,77.3,79.55,7.66,25.13,76.08,Good
STU007070,Aarav Patel,AI & DS,B.Tech,4,7,A,22,68.09,65.32,36.52,67.45,67.37,7.79,19.52,78.74,Average
STU007071,Aditya Pillai,ECE,M.Tech,2,3,B,23,82.57,79.59,39.76,85.19,86.85,9.17,18.05,76.61,Excellent
STU007072,Shreya Reddy,Mechanical,B.Tech,4,7,A,23,93.34,75.14,33.58,77.11,77.83,8.37,28.9,92.33,Good
STU007073,Yash Mehta,ECE,B.Tech,1,1,D,19,66.22,58.88,26.96,73.44,69.48,7.85,18.2,67.96,Average
STU007074,Surya Pillai,Civil,B.Tech,1,2,D,19,74.6,68.95,32.57,53.18,59.81,7.87,21.02,72.11,Average
STU007075,Surya Mishra,ECE,B.Tech,3,6,C,22,78.32,72.52,30.04,59.02,76.71,7.71,19.12,85.74,Good
STU007076,Arjun Sharma,Mechanical,B.Tech,2,3,A,20,71.51,69.15,33.08,59.47,80.25,8.36,14.44,69.41,Average
STU007077,Manish Pillai,AI & DS,B.Tech,1,2,C,20,67.92,73.66,32.91,67.05,69.06,7.2,21.95,67.42,Average
STU007078,Krishna Sharma,AI & DS,B.Tech,4,7,D,21,73.21,55.42,23.32,58.44,73.25,7.78,18.11,62.49,Average
STU007079,Ishaan Iyer,Mechanical,B.Tech,3,5,B,21,78.14,76.94,34.08,68.9,70.07,8.43,24.05,74.83,Good
STU007080,Isha Bose,CSE,B.Tech,3,5,C,22,75.41,65.91,32.23,61.03,68.42,8.02,17.89,66.45,Average
STU007081,Nisha Patel,ECE,B.Tech,4,7,B,21,78.72,79.73,37.23,68.86,80.94,8.38,21.37,66.74,Good
STU007082,Krishna Sharma,ECE,B.Tech,2,3,A,20,81.18,63.45,34.98,64.29,71.5,8.07,17.18,77.54,Good
STU007083,Aditya Krishnan,Mechanical,M.Tech,1,1,A,24,76.41,77.41,36.13,77.85,89.4,8.49,24.87,78.71,Good
STU007084,Aditya Shah,CSE,B.Tech,3,5,A,21,90.38,75.45,36.9,66.43,86.14,8.93,26.87,74.84,Excellent
STU007085,Sanjay Singh,Mechanical,M.Tech,1,1,B,24,85.35,69.5,37.8,56.72,83.01,8.17,22.22,68.03,Good
STU007086,Arjun Kumar,AI & DS,B.Tech,2,3,B,20,77.38,66.98,37.59,61.83,65.04,7.3,17.19,79.64,Average
STU007087,Rahul Menon,ECE,B.Tech,2,3,A,20,92.57,72.02,29.21,68.52,62.2,7.91,19.55,71.06,Average
STU007088,Ananya Kumar,IT,M.Tech,2,3,A,25,82.13,64.1,34.22,55.62,65.57,8.14,17.0,72.22,Average
STU007089,Aryan Mishra,Civil,B.Tech,2,4,B,20,63.84,75.04,37.49,72.78,58.75,8.22,17.01,68.47,At Risk
STU007090,Aditya Patel,ECE,B.Tech,2,4,B,21,86.87,71.1,37.63,69.46,69.91,9.29,21.72,80.47,Average
STU007091,Bhavya Patel,CSE,B.Tech,1,2,A,19,79.49,74.12,26.76,59.49,60.39,7.12,27.82,82.45,Average
STU007092,Karan Singh,AI & DS,M.Tech,2,4,D,26,81.57,71.15,32.38,73.31,67.61,7.99,20.9,80.04,Average
STU007093,Sanjay Mishra,Mechanical,M.Tech,2,4,B,24,91.78,70.57,34.79,73.32,73.89,9.01,20.11,76.98,Good
STU007094,Arjun Kumar,CSE,M.Tech,2,4,B,25,80.81,81.71,40.49,67.28,82.08,8.42,20.66,81.51,Good
STU007095,Aryan Kumar,CSE,B.Tech,4,7,C,22,89.56,88.18,41.85,77.59,88.24,8.51,26.45,90.6,Excellent
STU007096,Sneha Singh,CSE,B.Tech,3,5,A,21,65.95,64.98,30.96,60.54,68.13,8.72,21.08,76.26,Average
STU007097,Karan Mehta,Civil,B.Tech,2,4,D,21,80.5,83.03,37.3,71.61,85.25,8.36,21.59,68.16,Excellent
STU007098,Bhavya Menon,AI & DS,B.Tech,3,6,C,20,73.81,85.89,35.04,72.57,72.7,9.45,17.13,79.82,Average
STU007099,Sneha Iyer,ECE,B.Tech,3,6,D,20,88.62,68.85,35.2,62.81,73.53,8.07,23.38,79.0,Good
STU007100,Diya Joshi,CSE,M.Tech,1,2,D,23,79.21,67.66,31.2,64.88,74.86,7.39,15.61,71.17,Good
STU007101,Karan Menon,Civil,B.Tech,1,1,D,18,70.29,73.99,33.18,75.92,80.84,7.75,19.79,79.6,Average
STU007102,Zoya Nair,ECE,B.Tech,3,5,C,20,62.33,70.39,25.25,64.83,59.57,8.01,19.07,82.08,At Risk
STU007103,Aarav Iyer,CSE,B.Tech,1,2,B,18,68.32,82.69,35.93,60.14,77.98,8.0,23.75,69.97,Average
STU007104,Yash Krishnan,IT,B.Tech,1,2,B,18,74.74,76.85,36.61,64.15,75.62,9.01,21.69,73.61,Average
STU007105,Rahul Sharma,EEE,B.Tech,2,4,C,19,76.95,71.88,34.65,73.54,80.18,7.91,23.01,87.03,Good
STU007106,Tanvi Shah,ECE,B.Tech,4,7,B,23,89.03,86.88,37.89,84.12,99.94,9.27,24.75,78.39,Excellent
STU007107,Sai Kumar,ECE,M.Tech,1,2,D,24,75.76,76.5,34.46,68.16,79.2,7.65,19.27,68.6,Good
STU007108,Varun Singh,AI & DS,B.Tech,4,7,C,22,72.63,88.67,35.94,68.62,80.28,8.36,18.94,85.01,Average
STU007109,Rohan Mehta,CSE,B.Tech,1,2,B,19,95.23,69.35,34.15,56.45,66.36,8.37,23.11,78.84,Average
STU007110,Vikram Menon,AI & DS,B.Tech,1,1,D,19,82.09,68.1,37.08,70.82,70.73,7.28,28.59,80.17,Good
STU007111,Ananya Mishra,Mechanical,B.Tech,2,4,C,20,73.69,73.4,37.73,60.53,82.88,8.64,24.22,68.05,Average
STU007112,Nisha Singh,Mechanical,B.Tech,4,7,A,22,77.03,77.76,32.17,60.17,76.6,8.47,22.11,72.18,Good
STU007113,Rahul Menon,CSE,B.Tech,3,6,C,22,100,64.56,31.53,60.33,54.42,7.41,23.04,72.03,At Risk
STU007114,Akash Singh,Mechanical,B.Tech,1,2,A,18,88.36,54.58,27.88,56.8,49.73,7.65,21.32,73.55,At Risk
STU007115,Isha Bose,ECE,B.Tech,4,8,D,23,80.29,77.31,36.08,58.25,77.69,8.32,22.07,61.34,Good
STU007116,Sneha Chatterjee,AI & DS,B.Tech,4,7,B,23,84.42,72.56,36.97,72.02,84.07,8.58,24.59,86.7,Good
STU007117,Karan Patel,Civil,B.Tech,3,5,A,21,74.75,81.35,32.92,56.48,85.37,7.13,20.55,84.58,Average
STU007118,Sanjay Shah,AI & DS,B.Tech,2,3,D,21,73.23,82.97,34.21,67.09,78.5,8.1,21.25,88.16,Average
STU007119,Isha Mishra,AI & DS,M.Tech,1,1,D,22,69.7,71.17,25.82,62.17,77.32,8.61,19.14,59.02,Average
STU007120,Aryan Bose,CSE,B.Tech,3,6,D,22,87.36,73.96,38.5,66.87,76.41,8.11,22.37,90.97,Good
STU007121,Sai Shah,CSE,M.Tech,1,1,A,25,66.11,65.84,33.15,57.54,75.23,8.43,19.93,72.79,Average
STU007122,Sai Rao,Civil,B.Tech,1,1,D,18,76.66,71.69,34.88,70.83,73.96,8.21,19.74,56.5,Good
STU007123,Varun Nair,CSE,B.Tech,2,4,C,19,80.47,74.8,34.67,68.78,87.24,7.62,22.95,58.36,Excellent
STU007124,Aditya Reddy,CSE,B.Tech,2,4,B,20,70.2,62.0,28.48,57.98,59.69,8.38,21.17,73.53,Average
STU007125,Ishaan Chatterjee,EEE,B.Tech,4,7,A,22,96.02,74.68,32.83,64.19,71.97,7.48,32.05,86.76,Good
STU007126,Aryan Verma,EEE,B.Tech,4,7,C,23,69.03,74.06,33.67,72.79,83.47,7.68,18.98,75.74,Average
STU007127,Meera Singh,CSE,B.Tech,4,7,D,21,98.86,86.91,33.53,77.57,88.11,8.27,30.95,90.82,Excellent
STU007128,Rohan Iyer,Mechanical,B.Tech,4,7,D,22,87.42,87.6,39.05,83.83,100,9.37,30.34,81.26,Excellent
STU007129,Ishaan Iyer,ECE,B.Tech,4,7,C,22,85.13,74.25,37.66,68.28,79.44,8.14,25.81,78.39,Good
STU007130,Varun Nair,CSE,B.Tech,1,1,D,20,94.95,85.47,41.11,78.12,96.86,9.24,21.52,83.88,Excellent
STU007131,Akash Reddy,Mechanical,M.Tech,1,1,D,23,85.33,58.58,37.49,63.58,75.06,8.34,14.31,82.0,Good
STU007132,Diya Pillai,ECE,B.Tech,2,4,A,20,89.13,78.82,36.0,64.36,69.76,7.65,15.3,83.26,Average
STU007133,Varun Reddy,CSE,B.Tech,4,8,A,23,58.76,62.98,34.88,64.3,67.39,8.64,19.11,66.54,At Risk
STU007134,Isha Kumar,ECE,B.Tech,2,4,D,21,84.77,78.2,38.86,54.33,73.33,7.59,18.98,69.81,Good
STU007135,Surya Das,Civil,B.Tech,2,3,D,21,88.99,76.1,32.8,67.45,78.14,7.46,23.66,74.5,Good
STU007136,Nikhil Kumar,CSE,B.Tech,2,3,C,20,88.16,74.35,40.2,62.94,75.25,8.0,24.4,72.07,Good
STU007137,Meera Mishra,CSE,B.Tech,3,6,B,20,92.99,71.1,35.67,67.61,89.43,8.02,20.03,80.54,Excellent
STU007138,Meera Krishnan,AI & DS,B.Tech,2,4,B,20,67.11,74.07,33.82,71.33,71.24,8.31,16.29,60.36,Average
STU007139,Meera Reddy,CSE,B.Tech,1,1,D,18,86.01,77.78,38.06,63.9,69.91,7.55,20.33,83.12,Average
STU007140,Sanjay Bose,CSE,B.Tech,2,3,A,19,75.18,80.53,34.52,75.28,78.85,7.56,23.91,81.54,Good
STU007141,Karan Singh,ECE,M.Tech,2,3,C,24,74.69,73.87,31.6,54.76,79.37,8.59,16.06,75.66,Average
STU007142,Ananya Kumar,AI & DS,M.Tech,2,4,C,23,72.05,74.83,35.81,75.21,81.97,8.83,23.87,59.55,Average
STU007143,Rahul Patel,ECE,B.Tech,2,4,D,21,87.17,71.71,32.09,66.05,64.02,7.73,19.95,66.1,Average
STU007144,Isha Mishra,IT,B.Tech,3,6,B,22,97.16,89.37,37.08,82.49,88.88,9.6,25.68,84.05,Excellent
STU007145,Krishna Krishnan,ECE,B.Tech,3,5,B,20,70.47,75.71,34.83,66.22,76.2,7.17,21.01,73.48,Average
STU007146,Tanvi Reddy,AI & DS,B.Tech,2,4,D,21,84.98,75.57,32.17,69.95,81.92,7.79,25.28,77.49,Good
STU007147,Rohan Singh,CSE,B.Tech,4,8,A,22,74.36,71.35,39.21,67.44,78.54,7.77,26.1,75.58,Average
STU007148,Vikram Verma,CSE,M.Tech,2,3,C,24,76.71,63.21,33.57,58.09,63.53,8.41,17.61,68.14,Average
STU007149,Aarav Shah,Mechanical,B.Tech,1,1,A,20,78.1,77.24,36.21,74.25,84.09,8.62,19.23,65.59,Good
STU007150,Meera Mehta,CSE,B.Tech,1,2,C,18,80.5,78.19,35.72,69.86,82.29,7.24,16.22,72.61,Good
STU007151,Pooja Chatterjee,EEE,B.Tech,2,3,B,21,76.91,65.16,35.28,58.71,60.78,8.17,23.07,87.52,Average
STU007152,Diya Iyer,CSE,M.Tech,1,2,A,23,59.04,57.28,27.77,52.24,62.53,8.45,15.76,50.49,At Risk
STU007153,Sai Rao,CSE,B.Tech,2,4,B,21,79.92,85.82,41.78,66.8,85.93,7.8,23.1,78.51,Good
STU007154,Isha Patel,AI & DS,B.Tech,1,2,B,19,78.21,51.76,36.43,60.2,63.52,7.3,19.06,67.83,Average
STU007155,Surya Singh,Mechanical,M.Tech,2,3,D,24,91.71,72.35,29.37,60.79,65.22,7.37,20.29,84.36,Average
STU007156,Zoya Reddy,CSE,B.Tech,1,2,D,19,77.28,65.06,31.87,54.46,68.4,7.56,21.4,56.86,Average
STU007157,Nikhil Verma,CSE,B.Tech,2,4,A,20,87.52,81.03,38.47,51.75,66.59,6.4,25.36,80.64,Average
STU007158,Nikhil Verma,Mechanical,B.Tech,3,6,C,22,86.12,78.1,33.61,66.48,70.51,8.62,25.64,75.77,Good
STU007159,Aryan Reddy,AI & DS,B.Tech,4,8,D,23,83.4,72.42,33.38,57.98,65.2,7.94,19.09,84.07,Average
STU007160,Varun Pillai,AI & DS,B.Tech,1,2,C,18,80.35,76.94,36.65,72.6,89.95,8.72,25.4,79.72,Excellent
STU007161,Krishna Chatterjee,Mechanical,B.Tech,4,7,B,21,92.78,81.34,33.37,75.7,84.25,8.83,27.36,82.87,Good
STU007162,Zoya Patel,CSE,B.Tech,3,6,D,22,85.0,91.83,31.77,55.96,73.85,7.45,25.64,77.35,Good
STU007163,Aarav Mehta,EEE,B.Tech,2,3,C,20,78.28,70.22,37.21,73.33,86.44,8.12,14.19,68.57,Good
STU007164,Arjun Patel,CSE,B.Tech,1,2,A,18,74.53,52.94,26.09,54.66,58.09,7.87,18.66,61.61,Average
STU007165,Karan Gupta,CSE,M.Tech,1,2,A,23,77.22,60.01,18.9,58.28,64.98,7.6,24.43,66.27,Average
STU007166,Karan Patel,CSE,B.Tech,2,4,B,19,86.86,82.49,36.49,71.4,87.26,7.92,24.35,79.76,Excellent
STU007167,Aarav Verma,ECE,B.Tech,2,3,A,20,72.16,73.02,30.22,58.88,53.54,7.94,18.8,80.22,At Risk
STU007168,Aditya Singh,CSE,B.Tech,4,7,A,23,65.76,64.86,29.1,61.51,71.18,7.18,16.74,62.96,Average
STU007169,Diya Rao,EEE,B.Tech,1,1,A,20,85.12,75.6,26.17,55.41,57.27,7.29,17.31,65.08,Average
STU007170,Sneha Shah,Mechanical,B.Tech,3,6,B,20,82.79,53.15,26.79,52.06,75.54,8.15,20.27,76.4,Good
STU007171,Rahul Reddy,AI & DS,B.Tech,3,6,B,21,79.3,75.51,32.88,57.94,80.5,8.51,22.33,87.97,Good
STU007172,Varun Verma,EEE,B.Tech,4,7,D,23,75.54,65.34,37.25,74.95,68.55,8.15,18.16,79.47,Average
STU007173,Bhavya Gupta,EEE,B.Tech,4,7,C,23,82.7,58.57,28.82,72.68,83.71,8.5,23.01,76.21,Good
STU007174,Bhavya Mehta,AI & DS,B.Tech,3,6,C,20,72.42,64.39,31.06,56.87,60.66,6.82,16.9,59.38,Average
STU007175,Aryan Das,CSE,B.Tech,4,8,C,22,72.29,67.21,33.42,53.5,67.79,8.15,20.47,87.91,Average
STU007176,Shreya Joshi,Civil,B.Tech,1,1,A,20,79.09,87.55,48.81,71.66,81.14,9.09,18.11,73.15,Good
STU007177,Krishna Singh,ECE,B.Tech,3,5,D,20,72.73,72.48,30.76,70.05,77.79,7.84,14.54,64.8,Average
STU007178,Akash Joshi,Mechanical,B.Tech,4,7,C,21,80.03,73.86,28.45,57.09,57.01,7.36,23.92,65.05,Average
STU007179,Aditya Verma,IT,B.Tech,4,8,A,21,73.96,60.64,25.78,56.68,47.89,7.42,17.98,64.95,At Risk
STU007180,Surya Das,Civil,M.Tech,1,1,A,25,76.14,74.82,36.43,54.98,61.55,7.65,22.96,70.64,Average
STU007181,Nikhil Gupta,IT,B.Tech,1,1,C,19,91.81,59.68,34.11,62.22,89.71,8.16,20.06,71.4,Excellent
STU007182,Aditya Patel,ECE,B.Tech,4,7,C,21,73.46,75.77,29.12,65.38,68.16,7.67,25.23,71.05,Average
STU007183,Sneha Krishnan,Civil,B.Tech,1,1,D,19,77.74,75.26,31.75,61.38,77.38,8.08,22.52,72.68,Good
STU007184,Vikram Patel,ECE,B.Tech,4,8,C,22,86.17,70.53,34.03,61.4,67.7,7.97,23.96,70.85,Average
STU007185,Krishna Mishra,ECE,M.Tech,1,1,D,22,77.47,76.02,32.0,66.19,87.56,8.16,25.49,72.13,Good
STU007186,Tanvi Gupta,CSE,B.Tech,2,4,A,20,75.97,68.93,31.53,55.58,64.59,7.61,17.06,59.59,Average
STU007187,Akash Chatterjee,ECE,B.Tech,1,2,B,20,74.28,64.15,34.2,47.76,55.08,7.34,19.63,70.58,Average
STU007188,Sanjay Nair,AI & DS,B.Tech,4,7,A,23,87.99,83.83,39.2,72.15,73.16,8.31,26.16,81.26,Good
STU007189,Rohan Gupta,CSE,B.Tech,4,8,C,22,74.4,67.34,39.56,59.48,66.77,8.47,17.98,62.27,Average
STU007190,Zoya Patel,EEE,B.Tech,2,4,A,21,84.92,71.89,40.91,65.0,66.47,8.16,17.47,81.93,Average
STU007191,Aditi Gupta,IT,B.Tech,3,5,C,22,87.05,58.69,29.66,63.22,61.01,7.18,17.68,78.73,Average
STU007192,Vikram Gupta,ECE,B.Tech,3,5,B,22,92.19,78.76,33.3,60.71,79.43,7.4,22.26,86.98,Good
STU007193,Sneha Mishra,EEE,B.Tech,3,6,A,21,82.65,79.04,35.37,68.03,68.45,8.03,27.23,81.39,Average
STU007194,Surya Bose,AI & DS,B.Tech,1,1,B,19,78.86,66.84,31.76,62.53,59.62,7.35,18.29,66.97,Average
STU007195,Isha Menon,IT,B.Tech,1,2,D,20,75.54,83.64,38.03,66.1,85.95,9.01,24.52,85.43,Good
STU007196,Ananya Kumar,EEE,B.Tech,4,7,B,21,73.73,68.49,32.05,63.61,79.98,8.87,19.69,61.79,Average
STU007197,Meera Rao,CSE,B.Tech,3,6,D,21,74.09,74.64,32.2,67.61,77.38,8.85,26.05,70.68,Average
STU007198,Vikram Shah,ECE,B.Tech,3,5,A,21,72.58,75.74,34.13,59.09,80.43,7.42,22.29,76.59,Average
STU007199,Meera Rao,Mechanical,M.Tech,2,3,B,23,77.64,74.12,30.86,72.84,86.93,8.48,24.3,77.81,Good
STU007200,Akash Sharma,EEE,B.Tech,3,6,C,20,77.28,73.88,30.9,55.79,77.21,7.75,20.06,65.63,Good
STU007201,Rohan Shah,CSE,M.Tech,1,2,D,25,85.07,71.08,36.3,59.24,67.5,7.58,21.75,74.4,Average
STU007202,Varun Pillai,Mechanical,B.Tech,3,5,A,22,90.4,63.99,30.09,56.13,51.29,8.21,22.96,79.46,At Risk
STU007203,Bhavya Shah,CSE,B.Tech,1,2,C,18,70.09,75.97,38.65,53.06,64.22,6.69,21.21,73.42,Average
STU007204,Meera Reddy,ECE,M.Tech,2,4,D,26,85.6,79.36,36.5,77.36,78.72,7.22,24.92,86.29,Good
STU007205,Kavya Pillai,CSE,B.Tech,1,2,A,18,88.92,88.66,35.75,70.61,84.38,8.17,29.57,86.43,Good
STU007206,Sanjay Kumar,Civil,B.Tech,2,4,D,19,73.21,86.66,35.23,74.51,78.3,7.79,16.16,66.77,Average
STU007207,Shreya Verma,EEE,B.Tech,3,5,B,22,91.97,88.7,40.72,78.45,83.24,8.31,21.76,85.91,Good
STU007208,Surya Mehta,Civil,B.Tech,1,1,D,20,78.13,71.11,28.81,59.95,57.03,7.76,22.45,73.69,Average
STU007209,Aryan Kumar,IT,B.Tech,2,4,A,20,82.86,69.22,35.69,58.74,83.35,7.5,24.91,92.48,Good
STU007210,Aryan Gupta,Mechanical,B.Tech,4,8,B,21,86.81,85.97,35.36,68.22,88.76,7.84,21.73,75.47,Excellent
STU007211,Nikhil Mehta,Mechanical,B.Tech,1,1,B,20,81.66,72.34,37.85,55.35,63.74,8.46,21.12,69.55,Average
STU007212,Riya Pillai,Mechanical,B.Tech,4,8,B,23,75.83,65.26,28.83,66.75,68.3,7.51,23.16,66.28,Average
STU007213,Zoya Menon,ECE,B.Tech,1,2,B,20,90.17,61.73,28.34,48.11,73.96,7.92,20.96,67.43,Good
STU007214,Meera Bose,IT,B.Tech,4,8,C,23,80.17,69.31,34.15,77.11,68.15,8.29,17.24,81.46,Average
STU007215,Karan Krishnan,ECE,B.Tech,3,5,B,21,76.65,71.92,38.66,66.95,76.78,8.7,17.78,76.86,Good
STU007216,Riya Bose,ECE,B.Tech,2,4,C,19,99.62,78.01,32.76,55.45,84.99,8.15,22.11,88.78,Good
STU007217,Aditi Rao,CSE,B.Tech,3,6,C,22,86.4,84.63,34.84,71.63,70.08,7.97,28.11,76.99,Good
STU007218,Akash Singh,CSE,B.Tech,3,6,A,22,78.67,75.75,29.94,59.08,70.39,7.22,26.72,81.45,Good
STU007219,Riya Sharma,ECE,B.Tech,3,5,B,20,70.18,60.59,32.8,61.88,71.56,7.44,19.59,70.61,Average
STU007220,Surya Joshi,AI & DS,B.Tech,2,3,B,21,75.97,69.79,36.49,65.26,82.55,8.35,23.09,77.26,Good
STU007221,Aditya Das,ECE,M.Tech,1,2,A,24,76.8,76.63,33.15,68.91,71.16,7.67,18.97,74.63,Good
STU007222,Akash Nair,AI & DS,B.Tech,4,8,C,23,78.85,70.49,34.52,61.52,66.34,7.07,22.27,73.18,Average
STU007223,Meera Iyer,CSE,B.Tech,3,6,D,20,88.18,84.0,36.83,73.11,86.34,7.88,26.18,89.12,Excellent
STU007224,Ishaan Joshi,Mechanical,B.Tech,1,2,D,19,74.73,68.04,26.04,49.15,52.58,6.98,20.42,79.53,At Risk
STU007225,Kavya Reddy,CSE,B.Tech,3,5,B,20,93.56,62.87,32.32,55.78,61.72,7.3,18.89,81.96,Average
STU007226,Shreya Iyer,CSE,M.Tech,2,3,B,26,86.28,77.49,29.22,60.42,67.14,8.62,17.81,81.73,Average
STU007227,Zoya Das,Civil,B.Tech,2,4,D,21,78.45,63.83,28.43,50.44,55.96,7.74,25.08,64.04,Average
STU007228,Shreya Rao,AI & DS,B.Tech,1,1,B,18,76.38,69.11,35.25,59.08,66.38,7.9,20.47,70.69,Average
STU007229,Riya Rao,EEE,B.Tech,1,2,D,18,84.48,67.05,38.0,56.74,76.83,8.02,20.71,74.96,Good
STU007230,Sai Verma,IT,B.Tech,4,7,D,23,76.75,74.69,37.81,66.92,62.54,7.69,20.87,82.74,Average
STU007231,Aditya Verma,IT,B.Tech,3,6,D,22,84.25,79.39,32.39,68.73,97.05,7.85,27.13,64.26,Excellent
STU007232,Sai Krishnan,AI & DS,B.Tech,4,8,A,22,68.94,71.69,26.12,52.91,62.67,6.62,22.12,74.23,Average
STU007233,Tanvi Singh,AI & DS,B.Tech,3,6,A,20,74.62,74.15,31.59,63.46,65.91,7.98,27.85,77.07,Average
STU007234,Aryan Patel,AI & DS,B.Tech,2,4,C,20,69.6,76.61,34.97,74.7,71.37,8.44,17.47,73.2,Average
STU007235,Sneha Reddy,IT,B.Tech,3,5,C,22,83.81,70.73,34.58,72.81,72.65,7.87,18.65,68.19,Good
STU007236,Sneha Patel,Civil,B.Tech,1,1,D,19,83.08,77.59,28.28,66.55,70.42,7.75,21.22,72.87,Good
STU007237,Arjun Sharma,ECE,B.Tech,2,3,C,20,77.13,70.29,26.72,57.93,70.89,7.21,20.58,59.41,Good
STU007238,Isha Reddy,Civil,B.Tech,2,3,C,20,77.27,75.95,31.34,63.11,90.62,7.93,21.3,75.69,Good
STU007239,Ishaan Nair,Mechanical,B.Tech,2,3,D,21,75.24,74.86,32.5,69.88,83.0,8.53,23.23,85.21,Good
STU007240,Aditya Mishra,CSE,M.Tech,1,1,B,24,85.22,81.85,37.12,79.11,65.44,7.33,25.96,78.67,Average
STU007241,Manish Shah,ECE,B.Tech,4,7,B,21,85.64,73.17,30.13,64.93,73.63,8.38,24.09,82.91,Good
STU007242,Manish Das,Mechanical,M.Tech,1,2,B,25,77.52,85.96,39.31,76.66,100,8.45,25.22,86.27,Good
STU007243,Aditya Kumar,CSE,B.Tech,3,5,D,21,82.35,67.68,36.03,63.5,75.34,8.32,19.04,74.86,Good
STU007244,Shreya Kumar,CSE,B.Tech,3,6,C,21,84.41,91.41,43.38,64.36,87.02,8.54,25.92,73.61,Excellent
STU007245,Arjun Singh,IT,B.Tech,1,1,C,18,86.74,80.85,36.54,65.26,75.62,8.28,23.48,79.71,Good
STU007246,Krishna Sharma,AI & DS,B.Tech,2,3,D,19,95.21,74.56,35.47,71.83,68.6,8.44,26.08,82.67,Average
STU007247,Rahul Pillai,AI & DS,B.Tech,3,6,C,21,100,76.92,38.94,74.23,69.75,8.0,22.82,89.28,Average
STU007248,Isha Joshi,Civil,B.Tech,1,2,C,18,82.15,66.35,33.36,61.0,60.64,7.16,18.18,79.21,Average
STU007249,Manish Das,AI & DS,B.Tech,3,6,B,22,80.21,79.76,39.57,58.51,86.06,8.63,24.7,74.15,Excellent
STU007250,Aditi Krishnan,CSE,B.Tech,1,2,C,18,85.39,76.81,33.32,66.21,77.85,7.55,18.89,93.31,Good
STU007251,Sneha Sharma,AI & DS,B.Tech,2,3,B,21,72.91,80.2,32.97,63.8,78.84,8.06,20.65,75.61,Average
STU007252,Rahul Nair,CSE,B.Tech,2,3,B,19,71.64,71.81,31.34,55.05,67.22,7.85,17.9,55.06,Average
STU007253,Karan Krishnan,IT,M.Tech,2,3,B,24,81.12,78.79,33.25,62.69,72.13,8.17,24.93,81.78,Good
STU007254,Nisha Pillai,Civil,B.Tech,3,5,C,22,67.2,61.17,28.46,45.45,65.11,6.77,24.45,61.08,Average
STU007255,Isha Sharma,CSE,M.Tech,1,2,A,22,70.93,54.8,30.03,64.93,68.85,7.11,14.81,66.55,Average
STU007256,Surya Shah,ECE,B.Tech,4,8,B,21,94.72,72.72,29.5,59.91,63.87,8.0,24.0,80.26,Average
STU007257,Krishna Nair,CSE,B.Tech,4,8,B,22,91.67,74.25,32.49,68.67,75.92,7.6,24.43,87.17,Good
STU007258,Surya Bose,ECE,B.Tech,1,1,D,18,83.44,73.57,36.58,75.51,92.72,8.26,25.1,85.62,Excellent
STU007259,Nisha Chatterjee,Civil,B.Tech,4,7,B,21,79.9,71.57,36.56,58.57,66.87,8.04,26.47,77.82,Average
STU007260,Surya Menon,Civil,M.Tech,2,3,D,23,81.5,73.43,35.76,62.23,74.91,7.57,16.68,91.27,Good
STU007261,Ananya Reddy,Mechanical,B.Tech,4,7,D,21,68.65,70.74,27.75,57.36,80.03,8.12,15.8,56.94,Average
STU007262,Aditi Krishnan,EEE,B.Tech,4,8,A,22,86.62,78.09,35.2,64.71,76.54,7.69,22.62,79.62,Good
STU007263,Vikram Kumar,IT,B.Tech,4,8,A,22,71.96,79.11,35.88,66.38,83.33,8.07,23.28,67.77,Average
STU007264,Zoya Mehta,CSE,B.Tech,3,5,D,20,85.71,83.51,40.59,86.75,92.55,8.35,25.11,86.63,Excellent
STU007265,Arjun Reddy,Mechanical,B.Tech,4,7,A,22,87.36,66.42,27.77,60.08,72.19,7.17,25.91,92.37,Good
STU007266,Shreya Pillai,AI & DS,B.Tech,4,8,B,23,96.09,76.47,35.82,75.01,93.2,7.69,28.16,75.35,Excellent
STU007267,Aarav Singh,Civil,B.Tech,2,4,B,21,83.64,70.91,37.71,59.96,65.74,8.37,21.75,84.13,Average
STU007268,Diya Patel,Mechanical,B.Tech,4,7,C,21,82.85,70.34,34.43,59.27,70.89,8.12,23.57,71.46,Good
STU007269,Sanjay Gupta,EEE,B.Tech,4,7,A,22,79.24,69.58,32.53,63.49,62.09,7.96,17.24,76.95,Average
STU007270,Aryan Gupta,Mechanical,B.Tech,2,4,B,21,79.94,71.67,36.88,78.21,64.93,9.57,22.77,85.59,Average
STU007271,Yash Chatterjee,EEE,B.Tech,2,3,B,21,75.72,67.42,30.42,58.43,61.36,6.92,22.11,68.58,Average
STU007272,Sneha Joshi,IT,M.Tech,2,3,B,24,85.36,72.17,37.72,59.83,71.72,8.17,13.89,80.62,Good
STU007273,Vikram Kumar,ECE,B.Tech,2,4,C,19,73.85,69.32,32.62,58.71,67.31,7.55,15.5,69.51,Average
STU007274,Manish Chatterjee,IT,M.Tech,2,3,D,25,94.5,60.74,31.51,55.57,44.76,7.26,18.27,79.06,At Risk
STU007275,Ishaan Singh,Mechanical,B.Tech,3,5,B,20,100,85.27,40.45,84.36,88.85,9.22,26.71,83.17,Excellent
STU007276,Isha Pillai,Mechanical,B.Tech,1,1,A,19,80.99,66.45,26.92,70.71,63.69,7.61,24.97,65.21,Average
STU007277,Aditya Singh,Mechanical,B.Tech,1,1,A,20,82.61,78.41,37.41,77.46,62.48,8.32,19.92,92.46,Average
STU007278,Arjun Reddy,Mechanical,B.Tech,4,7,C,21,90.95,83.22,43.7,82.74,83.92,8.58,28.09,77.55,Good
STU007279,Arjun Sharma,ECE,B.Tech,1,1,D,19,78.17,71.95,31.16,64.69,73.48,8.26,17.55,73.22,Good
STU007280,Aryan Rao,AI & DS,B.Tech,2,4,C,19,81.52,72.62,38.08,64.77,76.38,8.35,16.5,82.45,Good
STU007281,Riya Mishra,Civil,B.Tech,3,5,B,21,69.93,67.46,36.63,58.2,62.44,7.97,17.2,72.57,Average
STU007282,Bhavya Joshi,Civil,B.Tech,4,7,D,22,92.14,76.33,31.53,68.14,82.57,8.0,26.73,82.9,Good
STU007283,Rohan Nair,AI & DS,B.Tech,4,7,D,23,87.37,80.03,35.09,80.55,89.6,9.41,21.06,81.57,Excellent
STU007284,Nikhil Mehta,EEE,B.Tech,3,6,D,20,79.77,71.26,37.13,69.5,81.83,7.8,20.03,83.99,Good
STU007285,Ananya Krishnan,Mechanical,B.Tech,1,2,D,20,79.07,75.14,32.18,54.51,70.73,6.94,21.01,80.86,Good
STU007286,Riya Iyer,CSE,B.Tech,4,7,D,22,82.37,79.32,38.74,53.54,86.31,7.54,22.57,76.62,Excellent
STU007287,Bhavya Mehta,AI & DS,B.Tech,3,5,A,22,92.89,77.5,38.54,72.42,71.78,8.33,28.24,77.35,Good
STU007288,Diya Pillai,AI & DS,B.Tech,4,7,A,23,68.33,85.29,42.98,64.92,65.79,8.95,24.68,72.11,Average
STU007289,Diya Kumar,Civil,B.Tech,4,8,B,22,75.66,77.8,38.69,65.88,77.71,7.34,21.14,75.87,Good
STU007290,Shreya Menon,Civil,B.Tech,3,6,D,22,83.42,72.46,33.04,66.28,73.35,6.81,27.48,73.88,Good
STU007291,Aditi Shah,CSE,M.Tech,2,3,A,23,76.72,76.46,31.03,74.06,81.04,8.23,21.72,73.22,Good
STU007292,Varun Sharma,Mechanical,B.Tech,2,3,D,19,76.08,68.21,31.59,57.23,62.33,8.4,15.93,75.29,Average
STU007293,Aditi Mehta,Mechanical,B.Tech,3,6,D,22,82.93,75.2,36.09,76.08,82.52,8.27,24.25,64.91,Good
STU007294,Tanvi Reddy,IT,B.Tech,4,7,B,21,79.75,81.61,36.19,79.08,88.77,8.31,22.41,75.06,Good
STU007295,Aarav Joshi,Mechanical,B.Tech,2,3,C,20,81.52,65.81,23.44,47.76,65.63,7.07,20.8,71.96,Average
STU007296,Yash Mishra,CSE,B.Tech,3,5,D,20,80.69,75.6,28.55,76.22,82.48,8.48,23.91,78.9,Good
STU007297,Ishaan Rao,EEE,B.Tech,1,1,B,18,74.63,68.41,32.43,53.54,64.3,8.09,22.71,74.23,Average
STU007298,Bhavya Kumar,IT,B.Tech,2,4,B,21,82.35,56.28,26.88,53.55,59.54,7.1,15.15,74.91,Average
STU007299,Aditi Shah,ECE,B.Tech,2,4,C,19,75.01,60.78,26.89,65.22,65.87,6.86,22.65,74.87,Average
STU007300,Nikhil Iyer,IT,B.Tech,3,5,A,22,98.22,78.27,32.68,70.49,100,7.45,22.76,75.78,Excellent
STU007301,Tanvi Verma,Mechanical,B.Tech,4,7,B,23,77.77,77.29,29.77,57.37,66.95,8.42,21.3,86.01,Average
STU007302,Diya Krishnan,Civil,M.Tech,2,4,C,23,94.0,75.59,37.76,76.37,97.44,7.91,19.37,69.77,Excellent
STU007303,Krishna Iyer,EEE,B.Tech,1,1,C,18,76.1,76.11,39.56,71.61,67.85,8.16,15.41,77.01,Average
STU007304,Krishna Iyer,CSE,B.Tech,3,6,D,20,74.82,72.67,32.57,62.68,69.18,7.52,27.5,82.62,Average
STU007305,Sanjay Bose,CSE,B.Tech,1,2,A,20,79.62,85.09,38.05,74.68,80.17,9.12,27.72,82.66,Good
STU007306,Krishna Patel,CSE,B.Tech,1,2,B,18,85.4,70.94,31.14,60.77,75.06,7.44,19.83,74.48,Good
STU007307,Nisha Gupta,Mechanical,M.Tech,2,3,D,23,76.62,60.09,25.46,75.86,65.13,8.26,22.49,79.97,Average
STU007308,Yash Reddy,AI & DS,B.Tech,4,7,D,21,77.6,70.72,34.5,66.82,72.65,8.37,22.7,64.56,Good
STU007309,Bhavya Bose,CSE,M.Tech,2,3,D,25,71.8,73.03,34.44,63.87,74.72,8.5,20.8,72.12,Average
STU007310,Yash Joshi,Civil,B.Tech,2,4,A,19,67.58,73.69,29.84,74.39,82.41,8.83,21.45,74.18,Average
STU007311,Vikram Joshi,ECE,B.Tech,1,2,A,20,73.5,76.73,41.51,73.54,89.51,8.19,11.06,75.95,Average
STU007312,Nikhil Bose,ECE,B.Tech,2,4,B,21,80.17,78.26,34.89,74.91,71.8,8.19,23.73,66.6,Good
STU007313,Nisha Nair,IT,B.Tech,3,5,C,21,82.15,79.74,37.89,60.3,79.42,9.17,20.41,78.88,Good
STU007314,Riya Kumar,CSE,B.Tech,3,5,B,20,73.96,76.75,38.39,71.2,99.06,9.11,23.89,62.65,Average
STU007315,Aryan Menon,ECE,B.Tech,4,8,D,23,65.06,65.68,31.83,56.01,68.33,7.78,16.64,61.68,Average
STU007316,Nisha Joshi,CSE,B.Tech,4,8,D,23,81.68,73.23,32.24,61.11,57.97,8.17,20.94,87.94,Average
STU007317,Rohan Mishra,IT,B.Tech,1,2,B,19,76.78,78.47,37.42,69.72,77.87,8.04,23.15,71.26,Good
STU007318,Rohan Das,AI & DS,B.Tech,4,8,C,22,71.09,56.5,21.89,49.01,67.34,6.92,20.55,67.26,Average
STU007319,Vikram Shah,IT,B.Tech,1,2,B,18,88.77,65.81,36.35,62.52,77.52,8.22,22.1,77.85,Good
STU007320,Krishna Chatterjee,EEE,B.Tech,1,2,C,18,96.49,73.77,36.66,73.6,77.25,8.16,26.65,83.61,Good
STU007321,Nisha Rao,Mechanical,B.Tech,4,7,A,23,81.06,83.49,42.14,64.09,86.61,8.8,18.13,82.59,Excellent
STU007322,Aryan Krishnan,ECE,B.Tech,1,2,B,18,76.58,63.7,23.34,62.0,60.65,7.64,22.84,68.49,Average
STU007323,Nikhil Menon,ECE,B.Tech,2,4,A,19,89.82,66.63,29.76,53.02,49.16,7.51,20.91,78.28,At Risk
STU007324,Yash Kumar,AI & DS,B.Tech,4,8,B,21,88.75,76.05,28.33,61.18,72.73,8.36,24.39,73.07,Good
STU007325,Aditi Menon,CSE,B.Tech,4,8,D,22,66.74,74.1,28.76,56.16,74.55,8.35,12.19,65.98,Average
STU007326,Pooja Krishnan,IT,B.Tech,2,4,C,21,76.83,75.79,40.06,61.42,79.84,8.05,18.31,74.84,Good
STU007327,Aditi Nair,IT,B.Tech,2,3,C,19,69.38,77.43,31.91,70.32,71.28,8.04,24.57,91.03,Average
STU007328,Riya Shah,ECE,B.Tech,4,7,B,23,83.61,78.34,35.08,67.89,75.48,7.4,22.67,81.3,Good
STU007329,Manish Iyer,ECE,B.Tech,2,4,D,19,76.77,79.71,37.74,70.58,82.17,8.86,19.06,85.94,Good
STU007330,Varun Singh,AI & DS,B.Tech,4,8,A,22,77.83,73.82,35.52,72.43,71.71,8.57,18.26,75.72,Good
STU007331,Sneha Mishra,CSE,B.Tech,2,3,B,21,75.87,59.73,25.37,55.5,53.67,8.08,17.63,65.1,At Risk
STU007332,Nikhil Menon,Mechanical,B.Tech,4,7,C,23,80.53,81.67,31.3,67.91,67.44,8.92,26.91,80.03,Average
STU007333,Karan Menon,ECE,M.Tech,1,1,B,24,49.62,52.63,27.11,41.98,63.17,6.32,13.57,60.19,At Risk
STU007334,Krishna Verma,ECE,B.Tech,3,6,A,21,64.38,82.46,32.65,70.25,69.39,9.19,22.45,78.38,At Risk
STU007335,Ishaan Patel,AI & DS,B.Tech,3,5,D,21,93.63,66.73,31.16,63.03,56.83,7.6,19.82,81.89,Average
STU007336,Riya Rao,AI & DS,B.Tech,2,3,D,20,87.28,63.79,28.99,71.49,68.93,7.21,17.66,85.77,Average
STU007337,Isha Mishra,EEE,B.Tech,3,5,A,20,67.86,80.01,36.58,65.47,79.0,8.12,22.7,77.76,Average
STU007338,Varun Iyer,CSE,B.Tech,2,4,D,20,89.47,73.56,40.67,81.09,90.17,8.24,17.55,74.8,Excellent
STU007339,Varun Bose,Civil,B.Tech,1,2,A,20,100,76.76,38.14,62.05,86.17,7.45,25.2,93.3,Excellent
STU007340,Ishaan Bose,Mechanical,B.Tech,4,7,A,21,79.25,82.53,37.01,69.08,86.21,8.55,19.75,74.9,Good
STU007341,Aditi Kumar,AI & DS,B.Tech,3,6,D,21,87.3,71.26,35.35,60.61,77.53,8.53,20.1,75.07,Good
STU007342,Rahul Verma,IT,B.Tech,3,6,C,22,78.17,70.98,32.21,53.38,62.57,7.77,19.38,77.69,Average
STU007343,Aditya Menon,ECE,B.Tech,3,6,D,21,90.89,60.55,28.79,53.08,54.65,7.82,24.8,81.49,At Risk
STU007344,Surya Kumar,EEE,M.Tech,1,1,C,22,73.18,80.08,39.46,71.59,85.57,8.71,19.89,73.63,Average
STU007345,Sai Mishra,ECE,B.Tech,4,8,D,23,80.24,57.41,31.31,48.96,58.46,8.39,23.74,76.87,Average
STU007346,Karan Joshi,ECE,M.Tech,1,1,D,25,84.47,67.64,32.62,64.61,69.77,7.22,22.68,74.76,Average
STU007347,Vikram Gupta,AI & DS,M.Tech,2,3,B,23,77.64,70.82,34.89,55.39,63.91,7.8,20.0,77.84,Average
STU007348,Isha Chatterjee,ECE,B.Tech,4,7,B,22,80.02,90.04,39.15,74.03,79.54,8.05,28.28,84.2,Good
STU007349,Zoya Das,ECE,B.Tech,2,3,C,20,83.02,77.75,36.2,79.25,70.75,8.33,31.35,78.9,Good
STU007350,Akash Sharma,ECE,B.Tech,3,5,D,21,75.68,59.66,32.79,52.35,58.58,7.22,17.5,59.25,Average
STU007351,Manish Pillai,CSE,B.Tech,4,8,A,23,64.78,74.8,30.83,62.7,61.08,8.12,22.64,72.08,At Risk
STU007352,Aditi Nair,ECE,B.Tech,3,6,B,22,78.31,73.38,34.27,67.81,79.56,8.63,17.16,67.91,Good
STU007353,Sai Mehta,CSE,B.Tech,1,1,D,19,82.51,72.94,35.09,62.19,84.16,9.4,22.87,74.72,Good
STU007354,Pooja Patel,Civil,B.Tech,4,8,C,23,91.01,80.67,30.93,64.78,72.18,7.94,26.74,74.84,Good
STU007355,Ananya Bose,Mechanical,B.Tech,1,1,D,19,66.54,68.36,32.64,61.99,76.23,8.03,19.06,62.02,Average
STU007356,Rahul Mishra,AI & DS,B.Tech,2,3,D,19,72.32,78.13,32.29,55.4,72.64,8.26,16.69,77.25,Average
STU007357,Karan Chatterjee,AI & DS,B.Tech,1,2,A,20,83.29,79.24,34.85,67.08,78.81,8.23,20.67,77.15,Good
STU007358,Pooja Joshi,Mechanical,B.Tech,1,2,D,19,71.06,81.82,37.9,63.64,89.05,8.08,22.47,70.78,Average
STU007359,Surya Gupta,CSE,B.Tech,1,2,B,20,67.65,78.68,34.62,59.21,76.87,7.39,24.75,66.18,Average
STU007360,Aryan Menon,CSE,B.Tech,1,2,A,19,85.43,65.79,29.12,57.17,72.76,6.43,19.78,72.77,Good
STU007361,Nikhil Patel,CSE,B.Tech,1,1,A,18,67.76,70.63,30.88,68.5,78.31,8.25,18.54,64.03,Average
STU007362,Aditya Bose,CSE,B.Tech,1,2,A,19,85.92,74.84,35.91,69.91,76.07,7.67,20.58,83.66,Good
STU007363,Zoya Mishra,CSE,B.Tech,2,3,C,19,85.68,80.0,31.85,75.01,90.63,8.38,20.63,70.3,Excellent
STU007364,Kavya Patel,IT,B.Tech,3,5,D,22,72.58,80.88,31.64,61.55,92.07,8.57,20.68,63.05,Average
STU007365,Karan Rao,EEE,M.Tech,1,2,B,25,63.28,68.07,32.29,63.65,74.66,8.49,14.31,65.73,At Risk
STU007366,Ishaan Mehta,Mechanical,B.Tech,1,2,D,19,78.69,74.03,34.22,67.66,78.45,8.31,19.19,97.38,Good
STU007367,Tanvi Gupta,EEE,B.Tech,3,5,B,22,75.44,69.44,35.34,59.11,75.3,8.22,22.5,73.89,Good
STU007368,Aditya Das,IT,B.Tech,4,7,D,23,89.32,58.39,31.32,56.13,65.24,7.38,18.13,75.9,Average
STU007369,Varun Shah,CSE,B.Tech,2,4,A,20,82.1,67.54,35.14,60.09,63.44,7.79,20.46,79.81,Average
STU007370,Kavya Menon,CSE,B.Tech,1,2,A,18,84.22,61.11,33.96,60.64,80.17,7.68,19.54,73.14,Good
STU007371,Sneha Krishnan,Civil,B.Tech,1,2,B,18,71.11,70.05,35.47,57.56,63.03,7.57,22.17,75.0,Average
STU007372,Yash Iyer,CSE,B.Tech,1,1,D,19,72.62,60.44,36.16,63.07,66.94,9.27,19.13,58.58,Average
STU007373,Nikhil Nair,AI & DS,B.Tech,2,4,D,20,80.45,72.88,37.01,55.99,68.69,7.58,24.95,91.8,Average
STU007374,Aditya Pillai,CSE,B.Tech,1,1,D,20,67.1,51.73,32.16,54.22,70.7,6.8,14.63,68.59,Average
STU007375,Shreya Rao,ECE,B.Tech,3,5,C,21,88.24,73.83,28.39,64.04,58.79,7.9,23.93,71.38,Average
STU007376,Arjun Reddy,Civil,M.Tech,2,4,A,24,73.58,74.05,34.11,68.45,87.74,7.75,20.99,69.13,Average
STU007377,Rahul Iyer,AI & DS,M.Tech,1,2,A,22,81.88,61.53,31.27,55.35,59.73,7.22,25.74,78.54,Average
STU007378,Nikhil Krishnan,IT,M.Tech,1,2,B,22,81.33,67.82,35.83,55.88,62.07,7.94,19.26,73.89,Average
STU007379,Varun Mishra,AI & DS,B.Tech,3,6,C,22,79.45,83.79,43.58,77.27,84.15,8.08,23.58,70.43,Good
STU007380,Rohan Krishnan,ECE,B.Tech,2,3,C,20,89.81,85.21,37.86,78.21,90.9,9.17,22.31,92.68,Excellent
STU007381,Rohan Shah,AI & DS,B.Tech,1,1,C,18,66.76,78.33,31.79,72.51,56.42,7.56,16.74,69.67,Average
STU007382,Sai Patel,ECE,B.Tech,3,6,D,21,70.59,59.73,29.27,48.53,55.56,7.52,19.37,68.21,Average
STU007383,Sneha Reddy,ECE,B.Tech,1,1,A,18,78.68,72.06,34.86,59.64,84.1,8.89,15.29,71.1,Good
STU007384,Aryan Verma,EEE,B.Tech,3,6,C,22,94.36,63.49,31.91,61.04,60.68,6.73,19.44,84.97,Average
STU007385,Surya Pillai,CSE,B.Tech,2,3,D,20,70.67,69.29,29.63,69.0,75.48,8.77,23.13,63.52,Average
STU007386,Shreya Verma,EEE,B.Tech,3,6,C,21,90.23,75.75,34.43,65.83,85.01,8.74,25.92,75.15,Excellent
STU007387,Krishna Joshi,Civil,B.Tech,2,4,D,20,96.0,86.57,38.05,74.28,85.27,8.05,20.2,86.9,Excellent
STU007388,Riya Krishnan,AI & DS,B.Tech,1,2,D,18,81.69,68.24,31.81,64.26,60.46,7.72,15.74,79.93,Average
STU007389,Karan Mishra,CSE,M.Tech,1,2,D,24,100,84.88,33.97,70.06,80.54,7.63,25.0,85.47,Good
STU007390,Kavya Shah,AI & DS,B.Tech,1,2,C,19,82.09,65.35,31.61,63.37,83.74,8.5,18.23,75.04,Good
STU007391,Vikram Mehta,IT,B.Tech,4,7,B,23,79.61,72.17,39.03,74.91,72.61,7.9,23.29,83.48,Good
STU007392,Ishaan Iyer,Mechanical,M.Tech,1,1,B,25,74.34,75.04,31.46,74.87,87.39,8.17,23.33,73.39,Average
STU007393,Akash Pillai,IT,B.Tech,2,3,B,20,100,71.16,36.25,59.66,64.02,7.76,25.28,85.79,Average
STU007394,Karan Nair,ECE,B.Tech,2,4,B,20,75.93,61.42,28.36,51.7,76.76,7.76,20.64,74.04,Good
STU007395,Meera Menon,EEE,B.Tech,3,5,C,20,84.61,73.81,37.27,74.01,77.81,8.19,22.06,82.68,Good
STU007396,Ishaan Gupta,ECE,B.Tech,3,5,C,21,71.3,63.34,26.36,63.7,72.41,7.04,20.11,69.55,Average
STU007397,Kavya Menon,AI & DS,B.Tech,2,3,A,20,77.0,75.88,37.44,59.81,77.0,8.22,22.2,66.88,Good
STU007398,Yash Mishra,Mechanical,B.Tech,2,4,D,21,82.94,68.76,32.86,58.28,66.87,7.97,19.59,76.05,Average
STU007399,Vikram Kumar,Mechanical,B.Tech,3,5,C,20,80.21,77.55,35.2,60.43,77.99,8.09,16.21,72.63,Good
STU007400,Diya Kumar,CSE,B.Tech,1,1,D,18,82.57,73.73,27.84,64.6,84.12,8.17,20.73,77.8,Good
STU007401,Aryan Das,IT,B.Tech,1,1,C,19,84.86,79.15,31.6,66.22,85.35,8.23,24.18,78.28,Excellent
STU007402,Aryan Sharma,ECE,B.Tech,4,8,B,22,73.21,60.55,28.64,59.04,69.15,7.59,22.76,76.75,Average
STU007403,Rohan Mehta,CSE,B.Tech,2,3,A,21,78.18,75.69,37.61,69.83,66.03,8.3,20.46,68.38,Average
STU007404,Yash Shah,CSE,B.Tech,4,7,A,21,77.22,62.15,28.64,60.81,58.82,8.06,11.67,74.23,Average
STU007405,Kavya Verma,EEE,B.Tech,2,4,B,21,95.61,80.06,33.08,79.1,74.73,8.22,25.76,97.48,Good
STU007406,Bhavya Joshi,Civil,M.Tech,1,1,D,25,77.54,77.08,33.76,62.12,90.95,8.74,19.78,74.77,Good
STU007407,Isha Pillai,CSE,B.Tech,1,1,D,19,99.81,88.4,37.0,71.02,93.09,8.84,28.96,82.5,Excellent
STU007408,Aditi Mehta,Mechanical,B.Tech,3,5,B,21,92.09,84.68,42.89,82.78,91.48,8.99,22.41,77.94,Excellent
STU007409,Sneha Nair,EEE,B.Tech,1,2,A,20,72.27,70.68,33.05,57.63,81.9,7.18,19.82,72.74,Average
STU007410,Aditi Patel,EEE,B.Tech,1,2,A,20,92.34,76.94,33.35,64.35,78.68,9.53,19.91,71.58,Good
STU007411,Shreya Das,CSE,B.Tech,1,1,C,20,73.42,64.82,34.09,41.05,70.95,7.78,11.98,74.79,Average
STU007412,Zoya Mishra,AI & DS,B.Tech,1,1,C,20,81.05,79.18,36.24,78.6,80.07,8.62,22.34,76.11,Good
STU007413,Meera Das,Mechanical,M.Tech,1,2,C,22,68.87,50.74,26.63,60.17,70.05,7.93,18.22,66.78,Average
STU007414,Ishaan Reddy,AI & DS,B.Tech,3,6,D,22,84.89,60.27,28.82,65.43,72.93,8.27,25.29,74.6,Good
STU007415,Rohan Krishnan,ECE,B.Tech,3,5,D,22,82.54,66.29,33.27,56.35,64.53,8.38,23.02,74.8,Average
STU007416,Varun Patel,CSE,B.Tech,1,2,A,19,83.85,58.65,26.39,51.61,51.62,7.73,16.88,71.91,At Risk
STU007417,Aditya Gupta,IT,B.Tech,4,8,B,23,90.16,75.59,26.01,64.97,60.57,7.83,18.95,78.26,Average
STU007418,Aditya Sharma,AI & DS,B.Tech,2,4,C,21,98.52,78.99,39.23,66.56,84.36,7.9,20.48,84.31,Good
STU007419,Karan Iyer,AI & DS,B.Tech,1,2,C,20,87.58,81.05,32.05,62.67,71.76,7.79,20.37,89.36,Good
STU007420,Krishna Nair,EEE,B.Tech,2,4,B,19,86.53,71.06,41.84,74.72,78.65,8.3,26.78,84.51,Good
STU007421,Bhavya Bose,AI & DS,B.Tech,4,7,D,22,84.5,83.06,34.03,69.29,76.06,7.4,27.81,81.65,Good
STU007422,Akash Singh,Mechanical,B.Tech,3,6,B,21,86.5,81.48,38.83,68.39,81.46,7.95,27.14,91.82,Good
STU007423,Arjun Singh,IT,B.Tech,1,2,C,19,72.71,76.01,31.04,75.32,71.04,8.44,23.94,65.49,Average
STU007424,Vikram Chatterjee,Mechanical,B.Tech,3,6,C,21,89.38,75.2,30.92,50.78,53.41,7.68,20.84,70.72,At Risk
STU007425,Tanvi Joshi,CSE,B.Tech,1,1,A,18,78.1,73.33,31.44,67.01,66.03,7.86,22.25,78.94,Average
STU007426,Rahul Chatterjee,EEE,B.Tech,2,4,B,19,76.78,57.63,30.93,60.33,67.0,6.7,17.89,63.73,Average
STU007427,Diya Pillai,Mechanical,B.Tech,1,2,A,20,79.04,61.49,29.69,52.26,68.46,6.53,23.42,80.1,Average
STU007428,Riya Mishra,EEE,M.Tech,1,2,C,22,77.95,54.95,26.1,57.07,72.77,7.28,22.53,78.57,Good
STU007429,Arjun Mehta,Mechanical,B.Tech,3,5,A,20,80.17,70.07,29.67,62.57,62.31,8.61,20.34,74.54,Average
STU007430,Manish Verma,CSE,B.Tech,1,1,B,20,79.45,85.56,35.63,74.14,82.97,8.13,31.07,81.41,Good
STU007431,Ananya Mehta,CSE,B.Tech,2,3,B,19,87.25,71.77,33.11,70.61,74.63,8.32,25.0,75.21,Good
STU007432,Varun Nair,CSE,B.Tech,1,1,C,20,76.0,73.24,33.13,58.87,77.15,9.05,19.94,67.11,Good
STU007433,Bhavya Bose,Civil,B.Tech,3,6,B,21,80.74,85.31,41.87,64.77,83.99,8.11,22.0,77.57,Good
STU007434,Krishna Sharma,IT,B.Tech,4,7,B,23,82.77,68.8,38.95,54.42,74.98,8.1,16.36,57.97,Good
STU007435,Aditya Iyer,IT,B.Tech,2,3,B,19,77.86,82.81,37.91,69.09,80.8,7.53,19.39,68.69,Good
STU007436,Rohan Gupta,Mechanical,B.Tech,3,6,C,22,82.81,68.0,33.82,64.63,61.94,7.31,25.28,73.97,Average
STU007437,Meera Reddy,ECE,B.Tech,1,1,D,18,88.96,87.51,35.33,71.39,92.73,8.15,27.8,95.17,Excellent
STU007438,Tanvi Das,IT,B.Tech,2,4,D,19,83.52,67.23,38.19,72.47,59.84,7.84,18.13,70.79,Average
STU007439,Shreya Chatterjee,IT,B.Tech,4,8,C,23,66.71,74.75,37.29,76.88,81.44,8.99,19.12,70.65,Average
STU007440,Aditya Pillai,AI & DS,B.Tech,1,1,C,20,97.29,69.0,29.45,66.03,63.82,7.79,22.55,89.05,Average
STU007441,Tanvi Mehta,ECE,B.Tech,4,7,B,22,74.09,65.94,31.42,53.94,63.52,8.07,12.4,58.58,Average
STU007442,Ananya Kumar,IT,B.Tech,4,8,D,23,84.02,74.69,24.11,53.03,57.47,7.63,19.26,83.75,Average
STU007443,Arjun Joshi,ECE,B.Tech,1,2,D,20,70.83,78.25,32.11,53.53,96.93,8.04,18.44,67.25,Average
STU007444,Meera Bose,Mechanical,B.Tech,4,8,A,23,72.45,81.19,33.81,63.69,76.99,8.58,17.79,68.99,Average
STU007445,Isha Nair,Mechanical,M.Tech,1,2,D,24,68.88,67.84,37.17,74.4,66.43,7.33,13.58,70.96,Average
STU007446,Aryan Rao,Civil,B.Tech,3,5,D,22,75.92,62.97,29.79,45.75,41.13,7.91,11.71,72.31,At Risk
STU007447,Ananya Iyer,Civil,B.Tech,1,1,B,20,75.04,78.37,35.14,81.66,89.89,8.67,27.13,70.85,Good
STU007448,Ananya Verma,AI & DS,B.Tech,4,8,B,22,80.4,76.39,31.4,65.26,89.82,8.0,24.13,75.92,Excellent
STU007449,Varun Reddy,IT,B.Tech,2,3,A,19,87.02,84.86,34.69,75.86,94.77,8.52,27.75,82.22,Excellent
STU007450,Tanvi Kumar,EEE,B.Tech,3,6,B,21,81.5,82.92,33.9,63.63,73.1,8.22,21.26,76.9,Good
STU007451,Kavya Krishnan,Civil,B.Tech,3,6,B,22,86.11,78.24,37.66,78.66,84.25,8.86,22.73,80.04,Good
STU007452,Kavya Chatterjee,Mechanical,B.Tech,4,7,A,23,68.1,62.38,28.0,42.43,62.68,7.38,20.7,77.31,Average
STU007453,Tanvi Gupta,ECE,B.Tech,4,8,A,21,93.03,76.52,44.82,73.63,85.93,8.31,21.81,87.31,Excellent
STU007454,Nisha Shah,CSE,B.Tech,3,6,D,21,81.31,56.34,25.56,39.13,56.57,7.44,16.99,70.62,Average
STU007455,Zoya Nair,ECE,B.Tech,4,7,C,23,73.19,65.37,29.19,63.44,73.02,8.21,14.94,73.7,Average
STU007456,Nisha Rao,Civil,M.Tech,1,1,D,24,84.09,77.51,28.47,61.71,82.9,7.34,23.37,88.15,Good
STU007457,Nikhil Das,CSE,B.Tech,2,4,A,20,81.49,77.74,34.04,65.86,80.66,7.83,20.27,69.31,Good
STU007458,Meera Mishra,AI & DS,B.Tech,3,6,A,22,67.03,68.17,40.34,65.95,80.81,8.45,19.54,68.76,Average
STU007459,Riya Shah,Mechanical,B.Tech,1,2,A,19,86.86,65.22,26.6,48.7,51.35,8.2,14.39,75.03,At Risk
STU007460,Sai Sharma,IT,B.Tech,2,4,D,20,77.8,85.8,36.75,70.41,70.85,8.03,24.32,76.81,Good
STU007461,Varun Shah,IT,B.Tech,2,4,A,20,80.6,77.44,40.4,70.03,90.99,7.44,23.29,73.52,Excellent
STU007462,Bhavya Nair,EEE,B.Tech,1,1,D,20,77.77,76.05,29.61,59.7,70.74,7.67,20.44,68.48,Good
STU007463,Nikhil Rao,CSE,B.Tech,4,8,D,22,73.36,74.64,41.07,76.31,82.73,8.19,19.6,77.2,Average
STU007464,Kavya Singh,IT,M.Tech,1,2,A,25,81.72,63.63,30.48,53.36,59.68,7.31,15.15,75.03,Average
STU007465,Pooja Singh,IT,B.Tech,1,2,D,18,73.0,65.12,28.69,56.41,70.67,7.75,25.17,72.57,Average
STU007466,Zoya Das,Civil,B.Tech,2,3,D,21,88.95,77.6,40.65,64.18,83.86,8.04,25.36,82.59,Good
STU007467,Aditi Joshi,AI & DS,B.Tech,3,6,D,21,87.38,87.1,44.25,86.47,99.48,8.5,23.53,97.14,Excellent
STU007468,Manish Pillai,AI & DS,B.Tech,2,4,D,21,64.87,82.58,29.46,61.41,85.39,8.67,20.97,69.88,At Risk
STU007469,Ananya Sharma,EEE,B.Tech,3,5,B,22,82.44,83.97,39.95,85.79,88.53,8.64,23.66,78.49,Excellent
STU007470,Krishna Joshi,IT,B.Tech,3,6,B,22,76.59,77.27,30.28,65.71,91.47,7.32,20.41,78.42,Good
STU007471,Surya Menon,AI & DS,B.Tech,1,2,C,18,75.71,72.8,27.76,60.31,67.31,7.74,18.93,91.79,Average
STU007472,Pooja Krishnan,ECE,B.Tech,4,8,A,23,78.36,66.22,33.32,70.02,71.05,7.23,24.84,66.63,Good
STU007473,Manish Joshi,ECE,B.Tech,4,7,C,21,94.83,76.05,32.95,70.65,80.36,8.41,23.73,76.61,Good
STU007474,Pooja Gupta,CSE,B.Tech,2,3,C,20,100,78.06,40.38,61.31,61.33,8.45,27.41,74.41,Average
STU007475,Sai Mishra,AI & DS,M.Tech,2,3,B,26,89.57,80.48,33.46,56.84,72.78,8.13,18.67,82.91,Good
STU007476,Krishna Bose,CSE,B.Tech,4,8,B,23,95.28,65.85,33.85,59.38,69.32,7.8,20.75,89.67,Average
STU007477,Krishna Rao,AI & DS,B.Tech,3,5,C,22,77.38,71.71,36.46,54.15,75.94,7.15,20.42,70.95,Good
STU007478,Zoya Rao,CSE,B.Tech,2,3,A,20,74.78,70.48,25.89,51.58,63.35,7.68,19.31,68.95,Average
STU007479,Sanjay Patel,Civil,B.Tech,3,6,D,20,87.62,73.17,31.35,55.51,83.32,8.73,22.95,79.9,Good
STU007480,Meera Sharma,IT,B.Tech,2,3,B,20,81.6,65.36,32.3,61.0,68.89,7.08,17.16,68.26,Average
STU007481,Nikhil Iyer,IT,B.Tech,4,7,D,22,71.53,78.35,33.21,69.36,78.2,8.48,21.18,72.69,Average
STU007482,Rahul Menon,Mechanical,B.Tech,2,4,A,20,75.4,68.6,26.62,63.08,67.34,7.91,19.3,82.39,Average
STU007483,Shreya Nair,EEE,B.Tech,1,2,D,18,79.35,66.33,35.53,49.06,72.57,6.72,19.36,71.79,Good
STU007484,Nikhil Nair,Mechanical,B.Tech,2,3,D,20,78.16,71.16,25.98,59.54,68.61,7.89,15.86,72.24,Average
STU007485,Arjun Bose,CSE,B.Tech,3,5,D,20,84.69,74.59,33.11,51.8,68.03,7.49,18.82,78.89,Average
STU007486,Riya Nair,ECE,B.Tech,1,1,B,20,54.13,70.89,28.61,62.83,81.89,7.84,22.02,56.59,At Risk
STU007487,Aryan Das,CSE,B.Tech,2,3,A,20,88.19,70.61,38.23,52.47,76.85,7.58,19.46,74.43,Good
STU007488,Aditi Joshi,CSE,M.Tech,1,1,B,25,85.94,86.04,39.11,73.7,63.59,7.62,20.68,76.81,Average
STU007489,Sai Rao,Civil,B.Tech,4,8,A,23,77.03,85.8,33.11,78.43,80.74,8.2,23.47,86.43,Good
STU007490,Krishna Bose,Mechanical,B.Tech,4,8,B,22,75.05,80.71,38.68,72.98,78.91,8.69,17.96,73.49,Good
STU007491,Sai Reddy,Mechanical,B.Tech,2,4,D,19,61.93,72.46,32.95,67.25,65.67,7.97,18.12,73.29,At Risk
STU007492,Yash Bose,AI & DS,B.Tech,1,2,A,19,71.68,68.91,30.63,58.14,73.89,8.02,20.85,65.41,Average
STU007493,Riya Patel,ECE,B.Tech,4,8,C,21,78.66,65.2,34.17,50.46,64.56,7.66,15.25,67.45,Average
STU007494,Manish Sharma,AI & DS,M.Tech,2,3,B,23,83.6,67.68,29.22,64.58,70.95,8.83,21.34,70.84,Good
STU007495,Riya Mehta,Mechanical,B.Tech,1,1,B,19,84.0,74.42,44.19,63.66,74.51,8.19,12.77,65.5,Good
STU007496,Sanjay Joshi,IT,B.Tech,2,3,D,19,66.63,67.8,34.03,67.93,66.67,8.47,15.97,60.27,Average
STU007497,Aarav Krishnan,IT,B.Tech,4,7,C,23,81.21,87.72,42.29,71.61,79.73,8.19,26.65,84.17,Good
STU007498,Meera Menon,AI & DS,B.Tech,1,2,D,18,78.72,81.11,39.96,72.63,78.55,7.92,23.06,77.44,Good
STU007499,Yash Das,Civil,B.Tech,3,5,B,20,78.65,70.93,30.22,59.44,75.5,7.76,23.6,79.44,Good
STU007500,Sneha Chatterjee,ECE,B.Tech,3,6,B,22,74.59,73.12,32.04,67.25,82.34,7.99,24.32,73.11,Average
STU007501,Yash Menon,AI & DS,B.Tech,1,1,C,18,69.52,59.89,29.75,55.55,69.92,7.49,20.18,55.11,Average
STU007502,Sai Bose,ECE,B.Tech,3,5,C,21,74.13,73.2,31.03,56.15,51.77,8.31,25.39,77.49,At Risk
STU007503,Aditi Pillai,ECE,B.Tech,2,3,D,21,70.96,70.22,32.34,55.03,69.46,7.71,19.7,66.7,Average
STU007504,Karan Chatterjee,EEE,B.Tech,4,8,A,21,75.74,67.5,30.17,63.49,74.69,7.78,19.07,64.71,Good
STU007505,Aditya Mishra,CSE,B.Tech,2,3,C,19,75.72,86.36,37.27,68.58,79.13,8.35,18.29,78.44,Good
STU007506,Sai Rao,Mechanical,B.Tech,4,7,C,21,92.41,69.09,35.43,65.03,61.59,7.89,18.77,76.92,Average
STU007507,Nikhil Verma,Mechanical,B.Tech,4,8,B,22,79.41,69.21,32.39,55.07,62.96,7.93,18.54,81.23,Average
STU007508,Sai Shah,Mechanical,B.Tech,3,6,C,22,82.31,78.05,33.28,66.96,83.57,8.15,20.14,72.69,Good
STU007509,Surya Menon,CSE,B.Tech,3,5,A,21,84.38,71.17,31.49,66.45,65.89,8.17,22.17,74.51,Average
STU007510,Karan Das,Mechanical,B.Tech,3,5,B,21,79.79,74.8,30.85,61.54,73.7,8.09,23.03,78.28,Good
STU007511,Pooja Shah,EEE,B.Tech,2,4,C,21,84.51,66.45,26.91,61.77,72.85,7.73,24.68,62.53,Good
STU007512,Varun Verma,Civil,B.Tech,4,8,C,21,78.7,81.08,35.71,82.28,78.53,8.24,26.54,82.72,Good
STU007513,Aryan Rao,CSE,B.Tech,4,8,C,22,71.79,74.33,38.02,50.53,61.54,8.07,16.43,76.06,Average
STU007514,Krishna Bose,Mechanical,B.Tech,4,7,D,23,70.68,75.95,30.45,61.34,67.27,8.07,22.31,62.97,Average
STU007515,Sanjay Singh,IT,B.Tech,1,1,A,20,80.34,76.7,34.21,59.28,76.09,7.55,23.14,76.76,Good
STU007516,Aarav Nair,ECE,B.Tech,1,2,A,18,85.46,79.48,34.71,60.39,78.22,8.44,25.63,76.56,Good
STU007517,Aarav Das,Civil,B.Tech,1,1,B,20,84.87,81.9,36.37,57.78,80.02,8.61,20.37,71.73,Good
STU007518,Kavya Pillai,EEE,B.Tech,1,1,D,19,77.14,72.2,35.0,50.69,77.4,7.18,22.33,86.15,Good
STU007519,Surya Chatterjee,Mechanical,B.Tech,4,7,A,21,65.98,57.64,23.82,61.06,52.48,7.12,18.32,64.11,At Risk
STU007520,Manish Pillai,EEE,M.Tech,1,2,A,23,69.59,69.32,32.56,46.32,64.91,7.46,19.94,62.46,Average
STU007521,Aryan Krishnan,AI & DS,B.Tech,3,6,C,22,88.52,80.2,31.16,71.79,82.5,7.71,25.99,79.53,Good
STU007522,Nisha Kumar,ECE,B.Tech,3,6,D,22,80.69,75.64,32.58,45.39,72.48,7.56,24.68,65.27,Good
STU007523,Shreya Singh,CSE,B.Tech,4,7,C,22,71.95,83.6,38.42,79.12,85.45,8.46,25.08,72.96,Average
STU007524,Diya Patel,IT,B.Tech,3,6,D,22,81.48,72.87,37.05,68.84,71.83,8.4,25.69,69.16,Good
STU007525,Ishaan Menon,Mechanical,B.Tech,1,2,D,20,72.3,76.57,32.0,51.13,81.99,7.97,24.81,75.0,Average
STU007526,Nikhil Kumar,Civil,B.Tech,1,1,D,19,64.53,66.34,31.66,48.78,65.79,8.08,18.52,70.13,At Risk
STU007527,Bhavya Pillai,ECE,B.Tech,1,1,B,18,73.06,76.62,31.36,56.85,73.26,7.81,20.85,80.49,Average
STU007528,Diya Pillai,IT,B.Tech,2,4,A,19,76.57,71.48,33.58,69.39,78.21,7.81,21.87,68.45,Good
STU007529,Ananya Mehta,Civil,M.Tech,1,1,A,24,78.27,69.6,24.55,62.28,66.01,7.44,24.52,74.38,Average
STU007530,Isha Shah,CSE,B.Tech,3,5,D,21,86.29,68.79,30.64,52.12,75.13,7.04,21.73,62.87,Good
STU007531,Manish Sharma,ECE,M.Tech,1,1,A,23,76.13,82.75,37.31,66.0,85.36,7.9,22.4,62.48,Good
STU007532,Surya Shah,CSE,B.Tech,3,5,B,22,67.25,74.99,33.96,67.83,67.93,8.6,17.98,74.51,Average
STU007533,Ishaan Menon,Mechanical,M.Tech,1,1,A,25,80.03,76.03,37.13,54.65,69.96,8.28,21.06,75.75,Average
STU007534,Isha Menon,ECE,B.Tech,4,7,B,23,82.13,64.15,27.58,57.02,66.26,8.09,20.18,66.42,Average
STU007535,Nisha Pillai,AI & DS,B.Tech,4,7,A,23,87.32,73.68,34.94,62.77,76.46,7.66,20.99,61.92,Good
STU007536,Isha Rao,EEE,B.Tech,3,6,B,20,78.7,65.78,31.88,61.12,64.6,7.37,20.54,73.42,Average
STU007537,Sai Sharma,ECE,B.Tech,1,1,A,19,75.57,68.11,29.73,65.08,83.06,7.67,20.34,79.0,Good
STU007538,Rahul Krishnan,Mechanical,M.Tech,1,2,B,22,76.22,81.12,40.55,78.75,72.21,8.17,14.99,76.56,Good
STU007539,Bhavya Patel,Civil,B.Tech,4,8,C,22,78.08,79.17,38.23,65.64,75.11,7.96,24.35,78.9,Good
STU007540,Karan Pillai,Mechanical,B.Tech,3,5,B,20,82.84,87.28,38.45,76.88,82.12,8.28,25.77,63.22,Good
STU007541,Rohan Rao,ECE,B.Tech,4,8,C,23,77.82,75.81,35.03,57.56,72.78,7.43,24.01,76.21,Good
STU007542,Vikram Iyer,ECE,M.Tech,2,4,A,23,80.23,65.47,31.75,61.46,76.5,7.15,20.82,80.57,Good
STU007543,Surya Kumar,EEE,B.Tech,1,2,B,19,70.17,68.1,38.66,63.98,82.81,8.18,17.33,78.03,Average
STU007544,Akash Shah,CSE,M.Tech,1,2,C,24,72.35,73.27,38.03,67.41,82.21,8.44,18.51,69.67,Average
STU007545,Meera Iyer,ECE,M.Tech,2,3,B,26,81.65,72.02,35.44,60.89,87.92,8.26,20.93,65.49,Excellent
STU007546,Aryan Patel,AI & DS,B.Tech,1,2,B,19,76.76,53.17,25.9,54.8,63.27,8.06,16.07,73.19,Average
STU007547,Zoya Iyer,CSE,B.Tech,2,3,A,21,75.07,71.71,32.08,59.33,78.61,7.14,20.33,71.92,Good
STU007548,Varun Rao,ECE,B.Tech,1,2,A,18,57.01,81.49,37.3,62.58,64.16,9.05,14.3,69.18,At Risk
STU007549,Sanjay Pillai,CSE,B.Tech,3,5,C,20,77.54,73.47,32.66,74.23,78.32,7.61,26.39,74.61,Good
STU007550,Isha Bose,IT,B.Tech,3,6,C,20,61.93,57.63,32.33,59.33,59.89,9.17,18.19,66.39,At Risk
STU007551,Vikram Nair,IT,B.Tech,4,7,C,21,70.16,81.03,36.29,66.69,67.28,6.84,20.38,79.08,Average
STU007552,Pooja Menon,Mechanical,B.Tech,2,4,B,21,86.41,66.7,34.85,53.8,72.21,7.75,18.98,77.6,Good
STU007553,Arjun Pillai,EEE,B.Tech,4,8,C,22,87.17,72.52,34.89,65.44,86.08,8.12,24.54,74.77,Excellent
STU007554,Meera Kumar,Civil,B.Tech,3,6,D,21,89.71,83.31,37.22,69.74,83.24,8.12,23.99,81.37,Good
STU007555,Rohan Bose,Mechanical,B.Tech,4,8,B,22,66.68,67.79,29.71,56.18,84.76,8.31,20.48,86.34,Average
STU007556,Akash Gupta,CSE,B.Tech,3,6,C,22,88.82,85.13,41.73,77.05,95.76,9.05,28.89,78.19,Excellent
STU007557,Surya Reddy,Mechanical,B.Tech,1,1,A,18,87.06,87.11,39.78,72.72,83.96,8.31,29.23,90.79,Good
STU007558,Vikram Verma,Mechanical,B.Tech,4,7,A,21,90.94,81.84,38.91,72.42,74.59,8.04,20.69,84.42,Good
STU007559,Yash Gupta,IT,B.Tech,3,6,D,21,66.41,77.53,36.68,70.16,79.0,8.12,13.1,68.21,Average
STU007560,Rahul Chatterjee,ECE,B.Tech,1,1,A,20,87.92,71.42,31.69,61.51,65.76,8.39,26.98,78.26,Average
STU007561,Aditi Sharma,AI & DS,B.Tech,4,8,A,22,85.24,86.82,40.66,75.88,92.61,8.67,20.46,86.55,Excellent
STU007562,Vikram Shah,CSE,B.Tech,2,3,B,19,73.58,68.24,38.76,58.49,68.16,8.41,14.46,75.65,Average
STU007563,Bhavya Das,Mechanical,B.Tech,4,8,A,22,92.94,75.8,36.41,71.21,64.43,8.19,24.87,81.0,Average
STU007564,Akash Sharma,Civil,M.Tech,2,4,A,26,73.49,73.11,31.06,77.41,67.53,7.44,22.3,79.16,Average
STU007565,Ananya Reddy,Civil,B.Tech,1,1,D,20,88.1,70.68,34.24,60.47,85.8,8.26,27.01,73.13,Excellent
STU007566,Ananya Sharma,CSE,B.Tech,2,4,A,21,69.91,66.97,32.11,74.95,83.09,7.79,23.58,70.6,Average
STU007567,Riya Bose,AI & DS,B.Tech,3,5,C,20,67.04,88.48,42.3,68.09,79.94,8.34,20.45,76.21,Average
STU007568,Yash Chatterjee,Civil,B.Tech,3,5,B,22,73.34,85.28,32.31,60.11,76.09,6.7,23.45,74.85,Average
STU007569,Bhavya Joshi,ECE,B.Tech,1,1,D,19,83.49,55.43,25.09,51.98,58.67,7.4,21.33,58.94,Average
STU007570,Karan Singh,AI & DS,M.Tech,1,1,C,24,86.93,60.92,34.68,55.75,64.62,7.39,19.53,70.97,Average
STU007571,Shreya Krishnan,Civil,B.Tech,4,7,A,23,87.9,81.91,36.98,67.15,77.25,7.55,22.12,77.74,Good
STU007572,Rahul Shah,CSE,B.Tech,1,1,C,20,85.58,70.41,39.14,65.29,73.18,7.99,22.09,81.34,Good
STU007573,Manish Kumar,Mechanical,B.Tech,3,6,A,21,84.63,65.7,29.93,52.58,66.31,7.05,18.06,73.7,Average
STU007574,Sneha Shah,Civil,M.Tech,1,2,A,22,74.94,71.65,40.48,68.44,86.52,8.13,21.47,64.3,Average
STU007575,Pooja Nair,AI & DS,B.Tech,3,6,C,22,78.19,68.27,34.03,50.53,73.15,8.32,22.71,85.03,Good
STU007576,Zoya Chatterjee,EEE,B.Tech,2,4,D,21,74.86,68.84,32.29,41.44,65.19,7.82,18.93,64.41,Average
STU007577,Manish Menon,IT,B.Tech,4,8,D,23,80.15,57.73,25.76,51.35,47.68,6.46,20.73,63.06,At Risk
STU007578,Nikhil Patel,IT,B.Tech,2,3,D,21,63.32,75.38,28.35,63.59,66.41,8.46,23.27,70.43,At Risk
STU007579,Kavya Krishnan,CSE,B.Tech,2,3,B,21,89.88,71.03,39.42,78.71,75.12,7.88,22.29,78.75,Good
STU007580,Aditi Patel,ECE,B.Tech,1,1,B,20,93.03,76.93,32.39,70.13,66.0,7.85,23.46,88.82,Average
STU007581,Aditya Chatterjee,AI & DS,M.Tech,1,1,C,22,73.83,80.05,43.24,74.75,76.77,8.07,25.11,83.53,Average
STU007582,Sanjay Singh,IT,B.Tech,4,7,B,22,77.16,64.62,30.11,58.29,62.5,8.53,17.09,67.78,Average
STU007583,Sai Krishnan,IT,M.Tech,2,3,D,26,72.56,74.01,40.35,64.55,77.33,8.63,21.11,62.16,Average
STU007584,Meera Menon,ECE,B.Tech,2,3,B,20,78.9,79.14,36.75,54.68,80.93,8.64,26.38,73.0,Good
STU007585,Meera Gupta,CSE,B.Tech,4,7,C,23,79.35,76.42,38.91,68.9,84.38,8.46,19.05,80.5,Good
STU007586,Tanvi Mishra,AI & DS,B.Tech,1,1,A,19,79.13,61.94,31.63,52.57,62.95,7.96,13.95,67.38,Average
STU007587,Karan Menon,CSE,B.Tech,4,7,D,23,89.95,85.83,39.8,80.5,83.65,8.56,23.1,89.24,Good
STU007588,Nisha Mehta,AI & DS,B.Tech,2,4,C,21,86.41,74.09,36.15,65.2,74.11,8.5,16.79,73.13,Good
STU007589,Rohan Bose,Mechanical,B.Tech,4,7,B,23,79.83,75.4,31.73,69.99,75.7,7.73,29.8,83.25,Good
STU007590,Rahul Mishra,EEE,B.Tech,4,8,B,23,78.46,70.93,36.5,57.41,59.78,7.7,21.08,72.74,Average
STU007591,Manish Bose,AI & DS,B.Tech,4,8,D,22,84.9,81.46,37.04,78.75,78.59,8.37,17.68,81.71,Good
STU007592,Riya Singh,AI & DS,B.Tech,2,3,C,21,72.86,68.27,30.37,58.92,62.4,8.28,18.87,62.91,Average
STU007593,Aditya Shah,EEE,B.Tech,3,6,A,22,69.87,71.36,30.39,55.37,70.65,8.04,15.24,69.71,Average
STU007594,Rohan Mehta,CSE,B.Tech,2,4,A,19,94.89,75.25,35.14,71.39,83.52,7.78,31.3,86.51,Good
STU007595,Aditya Patel,AI & DS,B.Tech,3,6,D,20,89.4,68.83,39.2,56.24,73.06,7.76,18.36,71.49,Good
STU007596,Zoya Singh,IT,B.Tech,2,4,A,21,74.46,67.75,26.97,57.99,65.2,8.06,16.13,80.42,Average
STU007597,Karan Krishnan,Mechanical,B.Tech,2,4,B,19,67.71,62.4,29.12,49.15,54.66,6.78,16.66,61.2,At Risk
STU007598,Yash Joshi,Civil,B.Tech,1,2,B,20,66.12,77.06,34.79,61.03,68.77,8.23,14.37,62.64,Average
STU007599,Meera Nair,CSE,B.Tech,1,1,C,20,71.99,81.73,38.66,63.31,74.82,8.67,23.05,77.42,Average
STU007600,Karan Iyer,ECE,B.Tech,3,5,C,22,78.9,72.13,35.44,54.63,53.07,7.34,18.22,74.61,At Risk
STU007601,Ishaan Shah,AI & DS,B.Tech,1,1,D,18,73.11,76.77,36.5,67.08,70.31,7.42,22.4,75.02,Average
STU007602,Riya Rao,EEE,B.Tech,4,8,A,21,88.77,75.52,36.87,68.13,76.72,8.19,22.79,82.64,Good
STU007603,Meera Joshi,EEE,B.Tech,4,7,A,21,62.32,76.77,36.42,71.91,83.18,8.95,22.47,70.6,At Risk
STU007604,Zoya Das,AI & DS,B.Tech,4,8,C,22,72.36,78.76,30.23,66.74,79.96,8.01,25.11,79.79,Average
STU007605,Akash Pillai,ECE,B.Tech,3,6,B,21,61.93,69.6,29.78,56.59,67.85,7.62,15.3,63.87,At Risk
STU007606,Bhavya Kumar,AI & DS,B.Tech,1,2,A,19,76.9,82.9,34.43,76.11,81.37,8.4,20.17,80.31,Good
STU007607,Varun Joshi,CSE,B.Tech,2,3,A,21,89.44,72.58,32.79,57.8,71.77,8.07,22.39,74.81,Good
STU007608,Pooja Patel,AI & DS,B.Tech,3,5,D,20,91.19,71.07,36.16,60.36,72.23,7.86,26.58,79.09,Good
STU007609,Aditya Bose,IT,B.Tech,4,8,C,21,72.46,85.94,40.13,77.57,81.75,8.71,20.94,84.8,Average
STU007610,Sai Mehta,AI & DS,B.Tech,2,4,C,19,87.63,76.77,36.42,68.25,83.04,7.77,24.01,74.89,Good
STU007611,Karan Sharma,ECE,B.Tech,4,7,C,22,93.61,76.76,33.82,74.32,81.01,7.6,20.84,83.59,Good
STU007612,Sneha Bose,CSE,B.Tech,3,5,B,22,99.19,84.23,33.31,75.51,84.69,9.05,18.33,77.32,Good
STU007613,Kavya Rao,IT,B.Tech,3,6,C,22,76.8,80.77,35.75,71.67,90.7,7.48,18.57,72.58,Good
STU007614,Karan Patel,Mechanical,B.Tech,4,7,A,22,71.61,76.64,34.79,68.24,98.42,8.83,19.32,79.44,Average
STU007615,Ishaan Verma,AI & DS,B.Tech,4,8,C,23,85.2,77.53,37.31,65.46,75.98,8.2,19.83,79.68,Good
STU007616,Shreya Patel,IT,B.Tech,2,4,D,20,66.34,50.69,23.95,36.79,41.83,6.92,21.38,68.5,At Risk
STU007617,Kavya Nair,ECE,B.Tech,2,4,D,19,62.15,78.87,33.19,72.35,90.52,8.56,22.22,62.93,At Risk
STU007618,Rahul Pillai,AI & DS,B.Tech,4,7,D,23,63.41,55.3,33.31,54.72,51.54,7.93,8.11,52.71,At Risk
STU007619,Sneha Mishra,AI & DS,B.Tech,1,1,D,20,90.33,76.61,34.06,69.65,88.49,8.61,24.92,79.18,Excellent
STU007620,Bhavya Verma,AI & DS,B.Tech,1,2,B,19,87.83,64.84,30.64,45.77,63.23,7.89,22.63,95.33,Average
STU007621,Pooja Mehta,AI & DS,B.Tech,2,3,D,19,94.96,69.03,29.96,63.24,73.73,6.61,31.8,91.8,Good
STU007622,Nisha Sharma,ECE,B.Tech,1,2,C,18,87.0,79.52,36.06,65.99,83.93,8.75,23.11,65.73,Good
STU007623,Sanjay Verma,AI & DS,B.Tech,2,4,C,20,87.12,70.55,32.17,65.09,78.49,7.25,21.92,79.32,Good
STU007624,Nisha Pillai,CSE,B.Tech,1,1,B,19,76.78,63.8,31.73,64.43,65.55,8.53,17.75,66.7,Average
STU007625,Bhavya Shah,AI & DS,M.Tech,2,4,B,24,69.93,58.16,29.69,60.1,81.65,7.93,25.45,64.11,Average
STU007626,Surya Patel,AI & DS,B.Tech,3,6,A,21,91.95,69.83,32.36,59.03,69.45,7.18,24.34,79.79,Average
STU007627,Nisha Krishnan,Mechanical,B.Tech,1,2,C,19,81.74,63.33,34.96,62.5,68.25,7.78,17.48,61.12,Average
STU007628,Varun Joshi,Mechanical,B.Tech,3,5,B,22,80.73,67.56,34.64,59.55,63.65,8.57,16.88,72.55,Average
STU007629,Meera Chatterjee,EEE,B.Tech,1,1,D,20,90.84,69.67,33.84,54.46,79.09,7.83,20.23,72.79,Good
STU007630,Aryan Joshi,ECE,B.Tech,1,1,B,20,85.38,75.25,37.49,71.02,85.94,8.38,25.21,77.81,Excellent
STU007631,Karan Nair,CSE,B.Tech,3,5,C,21,70.67,82.24,33.39,65.37,70.97,8.46,18.16,63.23,Average
STU007632,Sanjay Shah,EEE,B.Tech,4,8,B,22,84.3,77.61,39.89,59.42,69.94,8.12,18.72,87.24,Average
STU007633,Karan Rao,IT,B.Tech,1,1,A,20,72.03,65.01,29.13,65.22,77.11,8.05,21.84,64.4,Average
STU007634,Aditya Menon,EEE,B.Tech,3,6,A,21,78.99,74.27,37.14,76.08,75.55,8.49,17.45,74.88,Good
STU007635,Akash Reddy,Civil,B.Tech,4,8,D,22,69.46,63.95,31.48,49.44,62.61,8.54,13.32,74.88,Average
STU007636,Manish Verma,Mechanical,B.Tech,3,6,C,21,89.22,78.51,38.9,80.16,87.02,8.11,18.19,78.3,Excellent
STU007637,Nisha Pillai,AI & DS,B.Tech,2,4,A,19,84.75,73.83,34.16,53.1,59.53,8.2,16.19,66.51,Average
STU007638,Isha Sharma,Civil,B.Tech,4,8,B,22,100,90.63,42.7,86.78,90.02,8.12,27.13,73.64,Excellent
STU007639,Yash Nair,EEE,B.Tech,4,7,B,21,84.01,70.8,31.06,62.37,74.81,8.56,22.02,72.65,Good
STU007640,Nisha Sharma,EEE,B.Tech,4,8,D,21,78.36,79.7,32.06,71.1,82.05,7.59,27.48,80.49,Good
STU007641,Pooja Iyer,IT,B.Tech,1,1,B,20,88.8,67.66,35.34,71.27,80.59,7.04,21.66,75.67,Good
STU007642,Sanjay Joshi,Mechanical,B.Tech,1,1,C,18,77.31,72.1,34.29,56.28,66.35,7.41,14.9,63.76,Average
STU007643,Vikram Krishnan,ECE,B.Tech,3,5,A,21,84.9,62.94,27.27,49.3,60.08,7.21,17.5,79.75,Average
STU007644,Krishna Kumar,EEE,B.Tech,4,7,D,23,83.75,70.2,31.63,59.86,61.93,7.23,21.71,74.09,Average
STU007645,Surya Mishra,CSE,B.Tech,4,8,A,21,74.29,72.52,35.31,68.51,65.6,8.19,21.49,77.58,Average
STU007646,Karan Patel,AI & DS,B.Tech,1,1,C,18,67.92,81.04,33.15,67.99,76.39,7.93,22.2,76.43,Average
STU007647,Ishaan Mehta,IT,B.Tech,1,2,A,20,71.09,60.36,30.93,65.88,58.19,7.2,19.41,67.88,Average
STU007648,Aditi Gupta,ECE,B.Tech,4,8,A,22,83.68,63.53,31.68,66.05,68.34,7.44,20.71,78.98,Average
STU007649,Ishaan Mehta,IT,B.Tech,2,3,A,20,84.95,83.18,34.52,75.86,82.94,7.96,25.69,76.26,Good
STU007650,Aryan Rao,EEE,B.Tech,4,8,A,23,67.48,80.06,33.25,66.72,69.2,8.29,21.56,72.63,Average
STU007651,Sanjay Rao,EEE,B.Tech,2,4,D,20,69.97,71.9,37.28,59.86,58.37,7.15,16.57,70.99,Average
STU007652,Nikhil Verma,Civil,B.Tech,3,5,D,20,86.79,83.86,36.69,74.79,78.93,8.34,26.7,96.74,Good
STU007653,Aditi Kumar,CSE,M.Tech,1,2,A,23,92.15,69.96,32.98,52.98,67.42,8.24,18.86,79.79,Average
STU007654,Aryan Gupta,CSE,B.Tech,4,7,B,23,73.47,60.15,29.74,44.03,58.52,7.86,18.97,63.47,Average
STU007655,Arjun Singh,ECE,B.Tech,4,7,D,23,66.99,68.77,33.48,55.56,76.75,7.84,19.02,61.86,Average
STU007656,Varun Mishra,ECE,B.Tech,4,7,B,21,78.71,66.46,31.08,64.34,64.23,7.63,15.16,70.99,Average
STU007657,Aryan Krishnan,CSE,B.Tech,4,8,A,22,76.04,63.16,32.55,64.25,64.5,7.57,19.24,77.52,Average
STU007658,Zoya Gupta,AI & DS,B.Tech,4,7,D,21,66.26,69.95,27.59,52.12,65.64,8.26,23.92,70.89,Average
STU007659,Surya Shah,EEE,B.Tech,4,8,D,22,79.6,71.61,32.86,57.94,82.5,7.39,22.12,76.58,Good
STU007660,Karan Bose,CSE,B.Tech,2,3,C,19,81.7,73.38,33.33,63.52,81.91,7.38,28.81,67.85,Good
STU007661,Rahul Rao,ECE,B.Tech,4,8,A,21,83.34,75.54,31.7,63.32,61.42,7.63,22.48,76.8,Average
STU007662,Meera Shah,ECE,B.Tech,3,5,D,20,84.75,76.05,35.49,57.07,70.15,7.52,19.25,77.25,Good
STU007663,Meera Mishra,ECE,B.Tech,4,7,D,21,77.51,78.37,39.04,57.39,73.04,8.35,20.82,75.43,Good
STU007664,Nikhil Bose,AI & DS,B.Tech,4,8,A,21,75.51,53.54,26.27,44.47,54.24,7.39,17.99,66.49,At Risk
STU007665,Tanvi Iyer,CSE,B.Tech,3,6,D,20,82.76,81.21,39.56,69.99,78.01,8.67,21.26,84.35,Good
STU007666,Isha Chatterjee,AI & DS,B.Tech,2,4,C,21,80.7,75.28,38.41,63.26,77.87,7.59,22.64,81.37,Good
STU007667,Shreya Das,ECE,B.Tech,4,7,C,22,60.41,70.17,33.26,65.78,63.46,8.11,15.5,72.6,At Risk
STU007668,Karan Bose,Mechanical,B.Tech,3,5,C,20,86.54,81.94,43.72,77.82,92.42,8.5,22.1,86.23,Excellent
STU007669,Varun Shah,AI & DS,B.Tech,1,1,D,18,71.93,72.76,37.79,60.02,84.94,7.42,24.39,71.94,Average
STU007670,Akash Iyer,IT,M.Tech,1,2,C,25,84.41,82.66,39.08,70.74,84.38,8.52,17.47,84.7,Good
STU007671,Sai Menon,Mechanical,B.Tech,3,6,A,22,79.61,79.47,39.66,76.6,84.09,9.93,16.97,85.39,Good
STU007672,Rohan Verma,Mechanical,M.Tech,2,3,C,26,87.82,71.35,31.71,61.34,64.84,7.03,27.37,71.36,Average
STU007673,Sai Iyer,EEE,B.Tech,2,4,B,21,95.49,63.43,24.68,62.46,59.62,6.9,22.9,72.77,Average
STU007674,Aarav Menon,AI & DS,B.Tech,4,7,C,22,78.16,75.12,38.03,75.85,77.08,8.86,16.21,75.45,Good
STU007675,Nisha Chatterjee,ECE,B.Tech,1,1,B,20,86.13,77.5,37.74,73.75,77.18,9.1,24.64,77.91,Good
STU007676,Shreya Krishnan,CSE,B.Tech,2,3,B,19,78.37,78.01,40.43,69.87,82.07,8.2,29.0,88.13,Good
STU007677,Pooja Chatterjee,IT,B.Tech,3,5,C,20,62.52,62.34,31.92,56.26,68.6,6.92,18.48,74.35,At Risk
STU007678,Ananya Joshi,AI & DS,B.Tech,1,1,B,20,79.91,82.8,37.54,71.3,79.42,8.7,22.91,83.01,Good
STU007679,Nisha Iyer,CSE,B.Tech,1,1,D,19,92.8,70.6,38.07,76.43,82.23,7.9,19.29,68.42,Good
STU007680,Riya Nair,AI & DS,B.Tech,4,7,C,21,89.02,80.53,39.32,67.67,74.63,8.94,21.26,68.61,Good
STU007681,Riya Sharma,AI & DS,B.Tech,4,8,C,21,70.94,71.64,27.76,54.83,69.69,7.39,16.96,71.93,Average
STU007682,Kavya Singh,Civil,B.Tech,4,7,A,21,74.31,63.75,29.26,57.28,66.75,7.81,15.72,77.43,Average
STU007683,Isha Kumar,CSE,B.Tech,3,6,C,21,75.0,70.73,34.56,61.12,68.29,8.16,16.68,76.42,Average
STU007684,Diya Iyer,Civil,M.Tech,2,3,C,26,89.64,75.51,25.72,70.04,73.06,8.94,19.57,64.18,Good
STU007685,Pooja Verma,ECE,M.Tech,2,4,A,25,80.06,87.24,36.38,63.62,80.93,8.44,23.16,83.19,Good
STU007686,Krishna Rao,Mechanical,B.Tech,4,7,C,21,69.4,47.29,21.95,30.63,47.98,7.02,9.29,61.55,At Risk
STU007687,Rohan Chatterjee,Civil,B.Tech,4,8,C,23,67.36,69.77,27.22,56.37,81.56,7.56,20.86,73.26,Average
STU007688,Vikram Gupta,EEE,B.Tech,3,5,C,21,76.48,76.91,35.3,61.17,67.28,8.1,23.6,73.08,Average
STU007689,Sneha Rao,ECE,B.Tech,2,3,B,20,78.86,77.26,40.66,75.61,76.37,8.69,20.63,87.26,Good
STU007690,Aditya Chatterjee,IT,B.Tech,2,4,A,21,75.91,66.25,33.81,51.69,73.23,8.2,21.65,59.18,Good
STU007691,Rohan Krishnan,Mechanical,B.Tech,3,5,C,20,82.51,62.79,30.46,59.64,66.98,8.39,26.72,80.27,Average
STU007692,Bhavya Sharma,Civil,B.Tech,1,1,B,18,82.56,67.76,33.77,54.03,65.32,7.09,20.58,79.32,Average
STU007693,Sneha Menon,ECE,B.Tech,4,7,C,21,67.95,69.29,34.52,51.76,83.14,8.71,15.81,72.85,Average
STU007694,Surya Krishnan,AI & DS,B.Tech,3,6,A,21,73.91,78.71,31.0,59.84,75.36,8.31,25.08,69.98,Average
STU007695,Sai Iyer,AI & DS,B.Tech,1,1,A,20,64.6,71.72,33.07,61.94,66.96,6.94,19.52,78.22,At Risk
STU007696,Nisha Nair,ECE,B.Tech,1,1,C,19,74.82,88.2,40.18,82.22,82.67,9.54,17.2,70.62,Average
STU007697,Diya Mehta,CSE,B.Tech,2,4,D,20,88.72,76.33,38.46,60.66,72.62,7.52,21.55,74.13,Good
STU007698,Nisha Singh,CSE,B.Tech,4,8,D,21,87.91,75.38,38.21,60.13,69.61,7.86,26.96,87.3,Average
STU007699,Nisha Chatterjee,CSE,B.Tech,4,8,B,23,79.8,71.77,35.33,64.57,90.74,8.11,18.99,81.38,Good
STU007700,Vikram Shah,Civil,B.Tech,2,3,D,20,73.05,78.45,36.17,66.95,76.31,7.52,26.31,77.37,Average
STU007701,Ishaan Kumar,CSE,B.Tech,4,7,D,21,82.2,58.21,26.97,43.24,68.95,7.84,23.07,67.39,Average
STU007702,Sanjay Singh,Mechanical,B.Tech,4,7,D,23,72.94,74.05,34.76,64.6,60.31,8.41,15.82,75.42,Average
STU007703,Surya Nair,AI & DS,M.Tech,1,1,A,24,84.34,80.09,36.33,65.09,88.17,8.18,15.42,76.61,Excellent
STU007704,Sai Singh,Mechanical,B.Tech,1,2,A,18,74.12,71.36,37.44,69.6,62.96,8.16,21.38,78.86,Average
STU007705,Arjun Verma,CSE,B.Tech,4,8,A,21,73.65,76.25,38.86,78.59,82.5,8.0,19.81,77.67,Average
STU007706,Kavya Kumar,AI & DS,B.Tech,3,6,D,20,78.4,76.88,31.11,63.0,78.89,8.53,21.12,67.41,Good
STU007707,Nikhil Rao,Mechanical,M.Tech,1,1,C,23,73.35,86.09,36.61,78.64,81.81,9.14,22.31,79.06,Average
STU007708,Vikram Mehta,CSE,B.Tech,1,1,C,20,77.32,76.0,40.0,74.36,75.97,8.41,18.16,77.34,Good
STU007709,Sneha Rao,EEE,B.Tech,3,6,C,21,74.93,69.78,37.46,71.59,63.86,8.47,17.99,76.6,Average
STU007710,Rohan Shah,AI & DS,B.Tech,4,7,C,21,86.62,78.48,34.32,75.79,88.52,8.59,25.19,65.85,Excellent
STU007711,Diya Chatterjee,CSE,B.Tech,2,3,C,20,85.11,75.1,35.55,67.45,69.97,8.52,25.31,80.25,Average
STU007712,Aditya Chatterjee,AI & DS,B.Tech,3,6,C,21,74.48,77.0,33.65,64.27,82.22,7.59,24.24,65.99,Average
STU007713,Zoya Patel,Mechanical,B.Tech,1,2,C,19,82.3,70.54,37.38,68.47,87.61,7.54,19.32,75.39,Excellent
STU007714,Surya Reddy,ECE,B.Tech,2,4,B,20,70.24,69.5,33.02,54.33,66.61,7.52,17.84,62.63,Average
STU007715,Varun Kumar,CSE,B.Tech,3,5,D,22,78.39,61.62,27.95,42.4,62.4,7.47,17.94,69.18,Average
STU007716,Sneha Chatterjee,CSE,B.Tech,4,8,A,22,93.76,60.52,30.51,55.1,50.23,7.36,17.13,74.19,At Risk
STU007717,Krishna Mehta,ECE,B.Tech,1,1,C,20,83.7,75.35,33.89,75.15,75.76,8.46,16.67,78.68,Good
STU007718,Krishna Gupta,CSE,B.Tech,3,5,D,22,97.05,82.76,34.14,61.89,72.99,7.99,24.06,72.62,Good
STU007719,Ishaan Pillai,AI & DS,B.Tech,1,2,B,19,68.83,72.23,43.48,70.2,79.32,7.61,17.51,67.91,Average
STU007720,Akash Chatterjee,Civil,B.Tech,2,3,C,21,76.92,55.65,24.46,57.21,68.57,7.32,20.73,72.27,Average
STU007721,Diya Kumar,Mechanical,B.Tech,2,3,C,20,64.17,66.88,31.82,60.92,82.87,7.87,17.57,62.39,At Risk
STU007722,Sneha Gupta,EEE,B.Tech,3,5,A,20,83.59,71.38,31.5,48.67,64.81,8.09,18.16,75.92,Average
STU007723,Shreya Patel,CSE,B.Tech,1,1,B,19,70.12,76.26,30.01,58.78,70.02,9.08,20.27,64.76,Average
STU007724,Aditya Reddy,EEE,B.Tech,4,8,A,21,84.73,82.82,36.26,72.88,74.51,7.99,22.6,90.37,Good
STU007725,Meera Mehta,CSE,B.Tech,2,4,B,20,77.38,65.88,33.6,61.04,74.03,7.77,24.03,72.52,Good
STU007726,Kavya Kumar,IT,B.Tech,2,4,A,21,73.95,70.75,34.8,69.32,70.2,7.64,19.5,70.14,Average
STU007727,Yash Reddy,ECE,B.Tech,3,6,A,20,72.46,77.02,31.91,66.98,83.71,7.92,19.22,72.29,Average
STU007728,Yash Pillai,EEE,B.Tech,4,7,D,21,81.37,81.31,37.88,63.09,84.98,7.69,23.94,80.82,Good
STU007729,Zoya Verma,CSE,B.Tech,3,6,D,22,74.11,56.24,31.61,72.51,65.75,8.2,18.29,67.74,Average
STU007730,Ishaan Krishnan,Civil,B.Tech,1,1,A,19,79.71,73.29,32.53,61.64,69.99,8.0,20.46,67.78,Average
STU007731,Akash Nair,Civil,B.Tech,4,8,C,23,83.44,69.2,29.55,65.99,80.49,7.99,27.89,76.33,Good
STU007732,Bhavya Mishra,CSE,M.Tech,1,1,C,24,89.69,85.01,38.74,84.15,85.74,8.01,26.45,81.34,Excellent
STU007733,Riya Iyer,ECE,B.Tech,4,7,C,21,69.71,76.73,32.88,73.21,70.8,7.81,19.24,84.41,Average
STU007734,Karan Shah,AI & DS,B.Tech,4,7,A,21,78.96,74.01,35.02,52.51,70.06,7.63,19.44,82.4,Good
STU007735,Sanjay Bose,IT,B.Tech,1,1,A,20,81.5,62.98,29.45,59.94,64.49,7.95,14.79,74.59,Average
STU007736,Riya Iyer,Civil,B.Tech,1,1,D,20,90.22,83.7,36.64,77.71,89.28,8.97,24.99,88.3,Excellent
STU007737,Nisha Bose,IT,B.Tech,1,2,A,18,79.97,67.74,33.03,56.49,73.76,7.77,22.75,75.52,Good
STU007738,Yash Iyer,Civil,B.Tech,2,4,B,19,72.45,69.38,33.2,63.85,84.66,8.15,17.26,75.25,Average
STU007739,Sai Kumar,Civil,B.Tech,1,1,D,18,79.38,66.97,31.69,63.48,78.34,6.95,21.5,79.51,Good
STU007740,Aditya Krishnan,Civil,B.Tech,2,4,B,19,90.92,73.71,36.32,50.73,77.84,8.14,25.3,79.23,Good
STU007741,Surya Bose,EEE,B.Tech,1,1,A,18,78.62,65.87,30.79,55.38,61.48,7.36,15.08,70.4,Average
STU007742,Aryan Krishnan,CSE,B.Tech,2,3,B,21,76.97,73.9,34.32,65.36,85.96,8.43,21.43,64.26,Good
STU007743,Diya Shah,Civil,M.Tech,1,2,C,24,87.45,74.76,31.06,65.27,61.36,8.06,22.85,83.17,Average
STU007744,Rahul Singh,ECE,M.Tech,1,2,D,25,87.52,78.88,33.52,69.01,77.05,7.91,27.66,83.42,Good
STU007745,Pooja Reddy,AI & DS,B.Tech,1,1,D,19,73.48,72.01,33.97,54.86,71.15,7.54,21.85,86.88,Average
STU007746,Riya Verma,CSE,B.Tech,3,5,A,20,73.1,67.3,25.01,52.94,71.55,7.72,12.67,60.37,Average
STU007747,Yash Kumar,CSE,B.Tech,4,8,A,21,86.92,70.57,32.76,73.65,75.45,8.4,23.39,78.47,Good
STU007748,Nikhil Bose,Mechanical,B.Tech,4,8,A,22,75.86,73.92,34.74,65.35,77.63,7.83,20.19,83.51,Good
STU007749,Rohan Bose,AI & DS,B.Tech,3,6,B,21,66.06,64.87,31.11,62.62,63.06,7.66,17.02,64.0,Average
STU007750,Sanjay Iyer,AI & DS,B.Tech,1,2,A,18,80.97,64.07,26.18,43.93,69.54,8.28,18.79,62.9,Average
STU007751,Tanvi Das,ECE,M.Tech,2,3,A,25,75.33,81.63,31.34,63.92,87.88,7.88,23.41,71.97,Good
STU007752,Aryan Kumar,EEE,B.Tech,1,2,B,19,75.19,73.88,36.06,62.18,72.12,8.04,21.9,63.12,Good
STU007753,Pooja Pillai,Mechanical,M.Tech,1,2,C,24,93.57,89.19,38.25,67.97,81.6,8.21,25.07,92.57,Good
STU007754,Pooja Kumar,IT,B.Tech,2,4,A,20,73.86,74.82,35.26,68.73,77.53,7.92,18.37,68.62,Average
STU007755,Aditi Sharma,AI & DS,B.Tech,4,7,D,22,82.58,69.79,28.35,59.01,55.78,7.87,24.93,79.6,Average
STU007756,Sai Verma,CSE,B.Tech,3,6,C,20,84.08,62.46,34.2,63.78,57.41,7.48,15.74,78.91,Average
STU007757,Vikram Bose,CSE,M.Tech,1,1,C,25,74.31,83.04,38.5,71.36,77.89,9.14,13.08,67.67,Average
STU007758,Zoya Mehta,AI & DS,B.Tech,4,8,D,22,70.91,80.9,36.55,59.78,61.85,7.1,24.46,62.19,Average
STU007759,Nisha Patel,Mechanical,B.Tech,1,1,B,19,68.9,64.58,26.29,63.74,70.89,7.26,14.39,67.77,Average
STU007760,Aarav Reddy,EEE,B.Tech,3,5,C,21,81.18,71.71,40.37,55.78,68.66,8.63,16.79,78.55,Average
STU007761,Rahul Patel,EEE,B.Tech,3,6,B,20,82.1,84.36,38.75,79.68,98.83,8.03,24.54,71.35,Excellent
STU007762,Vikram Kumar,EEE,B.Tech,4,7,C,23,61.22,71.2,30.13,63.33,68.76,7.98,16.11,83.14,At Risk
STU007763,Pooja Mishra,Civil,B.Tech,3,5,D,20,69.24,59.07,28.92,59.89,74.29,7.5,16.71,71.14,Average
STU007764,Pooja Singh,ECE,B.Tech,4,7,B,22,79.7,69.04,32.38,61.48,69.29,7.56,16.6,72.3,Average
STU007765,Vikram Shah,AI & DS,B.Tech,2,4,C,20,73.35,65.15,30.76,51.84,65.28,7.81,13.04,61.04,Average
STU007766,Vikram Kumar,IT,B.Tech,2,3,B,20,75.55,81.45,43.09,69.5,78.64,8.28,19.98,80.3,Good
STU007767,Kavya Verma,Mechanical,B.Tech,1,2,B,18,81.59,76.62,34.71,67.52,75.79,7.84,25.43,74.42,Good
STU007768,Manish Menon,Civil,B.Tech,3,6,B,22,79.1,56.18,28.85,68.08,69.1,8.02,16.34,71.92,Average
STU007769,Nikhil Iyer,CSE,B.Tech,2,4,C,20,88.85,67.48,28.35,53.4,63.65,7.48,19.89,72.37,Average
STU007770,Meera Mishra,CSE,B.Tech,4,8,B,22,78.57,77.21,42.11,67.29,82.23,7.77,20.7,63.88,Good
STU007771,Aryan Nair,ECE,B.Tech,4,7,B,21,89.99,72.18,28.58,62.28,83.7,8.35,24.44,76.18,Good
STU007772,Manish Iyer,AI & DS,B.Tech,2,3,C,21,81.29,60.06,29.25,53.14,59.83,7.5,16.41,86.64,Average
STU007773,Aryan Sharma,CSE,M.Tech,1,2,D,25,93.52,63.33,35.5,56.24,53.68,7.2,22.11,73.22,At Risk
STU007774,Aditi Chatterjee,CSE,B.Tech,4,7,D,21,63.26,64.92,41.08,62.51,60.26,7.76,21.02,73.33,At Risk
STU007775,Aditi Singh,ECE,B.Tech,2,4,C,19,81.94,76.93,43.01,65.7,90.46,9.12,20.55,72.49,Excellent
STU007776,Meera Reddy,AI & DS,B.Tech,1,2,D,18,79.55,58.13,30.65,68.68,67.65,7.79,13.47,62.6,Average
STU007777,Bhavya Iyer,EEE,B.Tech,3,5,D,21,95.18,73.71,29.21,77.43,87.41,7.97,20.02,88.37,Excellent
STU007778,Krishna Rao,ECE,B.Tech,2,3,C,19,68.0,66.59,30.41,55.81,66.85,8.6,17.08,61.62,Average
STU007779,Diya Nair,CSE,B.Tech,1,1,B,18,80.02,63.45,31.08,52.03,67.04,7.76,19.39,75.06,Average
STU007780,Aditya Kumar,CSE,B.Tech,1,1,A,18,73.02,76.18,34.31,68.71,72.47,9.08,17.09,65.83,Average
STU007781,Krishna Nair,Mechanical,B.Tech,2,3,B,20,83.56,52.43,20.77,29.97,48.07,7.03,15.2,65.1,At Risk
STU007782,Manish Mishra,AI & DS,B.Tech,4,7,D,22,100,65.65,38.63,61.12,72.65,7.03,17.67,81.62,Good
STU007783,Aditya Mishra,AI & DS,B.Tech,4,7,C,21,88.0,80.87,35.65,69.25,77.75,7.58,22.88,76.38,Good
STU007784,Sneha Menon,ECE,B.Tech,3,6,D,21,74.57,75.95,38.51,63.29,69.93,8.1,21.99,86.43,Average
STU007785,Meera Chatterjee,Mechanical,B.Tech,1,1,B,20,83.29,75.92,34.84,68.56,68.53,7.67,22.81,76.37,Average
STU007786,Karan Das,CSE,B.Tech,2,4,A,20,80.57,68.76,32.78,52.25,71.18,7.53,22.41,71.0,Good
STU007787,Varun Joshi,Civil,B.Tech,2,3,A,19,74.6,79.65,37.71,76.16,67.29,9.04,23.12,72.62,Average
STU007788,Aditya Gupta,AI & DS,M.Tech,1,1,A,24,88.86,71.31,31.0,63.7,71.92,7.51,27.43,86.27,Good
STU007789,Isha Das,ECE,B.Tech,4,8,A,22,99.19,80.82,35.57,71.53,79.25,7.49,28.25,85.26,Good
STU007790,Diya Joshi,EEE,B.Tech,4,8,D,22,78.42,79.46,31.77,74.51,76.67,7.92,21.1,80.81,Good
STU007791,Aditi Rao,ECE,M.Tech,1,1,D,23,83.54,83.32,42.75,80.95,92.87,8.75,20.81,70.39,Excellent
STU007792,Nisha Menon,CSE,B.Tech,3,5,B,21,80.99,85.15,36.31,70.01,85.62,8.5,20.81,77.71,Excellent
STU007793,Meera Chatterjee,ECE,B.Tech,4,8,B,23,83.8,79.11,36.09,64.46,70.42,8.17,21.99,75.15,Good
STU007794,Akash Joshi,Civil,B.Tech,3,5,C,21,79.65,74.36,33.76,66.46,61.12,8.23,26.96,88.04,Average
STU007795,Karan Das,EEE,B.Tech,3,6,B,22,75.31,78.94,37.16,62.11,69.76,7.89,24.26,80.36,Average
STU007796,Sanjay Pillai,Mechanical,B.Tech,3,5,C,20,81.45,69.39,26.86,55.88,69.53,7.83,29.38,82.17,Average
STU007797,Sneha Mehta,ECE,B.Tech,3,6,C,21,83.34,78.23,36.87,70.03,80.99,7.68,23.04,71.87,Good
STU007798,Diya Kumar,EEE,B.Tech,3,6,A,21,81.07,54.45,28.81,59.94,49.75,7.08,21.2,68.11,At Risk
STU007799,Surya Verma,CSE,M.Tech,1,2,A,25,72.67,87.95,37.54,84.37,88.94,8.16,29.23,72.79,Average
STU007800,Sai Singh,IT,B.Tech,4,7,A,23,79.71,70.07,32.66,64.78,78.03,8.28,22.47,77.82,Good
STU007801,Aryan Bose,CSE,B.Tech,3,6,B,21,83.0,74.16,32.96,60.04,70.8,7.93,21.2,83.57,Good
STU007802,Aarav Bose,AI & DS,B.Tech,2,4,A,20,97.26,81.94,36.17,67.84,67.99,7.91,25.71,77.02,Average
STU007803,Aditya Reddy,ECE,B.Tech,1,2,A,19,72.6,71.03,32.71,70.24,65.5,8.39,18.79,64.7,Average
STU007804,Arjun Mehta,Civil,B.Tech,2,4,D,20,80.75,79.71,32.82,63.86,91.08,8.22,23.34,73.52,Excellent
STU007805,Diya Patel,EEE,B.Tech,2,3,A,19,74.15,77.7,34.94,71.68,79.88,8.02,25.2,75.22,Average
STU007806,Sanjay Joshi,EEE,B.Tech,4,7,C,23,78.82,66.24,32.89,62.88,77.39,8.04,22.95,64.17,Good
STU007807,Aryan Singh,EEE,B.Tech,1,1,D,20,82.8,77.8,36.25,48.73,70.09,8.54,18.4,76.52,Good
STU007808,Diya Singh,AI & DS,M.Tech,2,4,C,23,80.98,58.56,29.06,64.87,76.01,8.32,16.95,69.87,Good
STU007809,Ishaan Das,ECE,B.Tech,3,5,B,20,66.41,48.16,20.18,39.13,54.91,6.48,13.11,65.67,At Risk
STU007810,Nisha Menon,EEE,B.Tech,1,2,A,20,76.65,76.67,39.85,70.6,69.38,8.03,15.41,66.33,Average
STU007811,Bhavya Mehta,Mechanical,B.Tech,1,2,A,18,77.72,73.0,32.03,59.12,74.3,8.28,17.16,85.61,Good
STU007812,Kavya Singh,IT,B.Tech,2,3,A,19,89.31,70.37,30.15,59.97,81.59,8.3,22.17,72.85,Good
STU007813,Meera Chatterjee,ECE,B.Tech,3,6,D,22,94.98,72.59,34.55,69.11,89.57,8.14,26.15,73.69,Excellent
STU007814,Surya Gupta,IT,B.Tech,4,8,C,23,89.47,78.1,47.91,74.38,87.28,8.89,18.71,87.57,Excellent
STU007815,Arjun Mishra,AI & DS,B.Tech,3,6,B,20,79.75,73.74,29.82,61.93,76.47,7.21,21.09,80.2,Good
STU007816,Aditya Reddy,Mechanical,B.Tech,1,1,D,20,89.34,76.81,41.45,81.78,69.84,9.37,25.51,93.41,Average
STU007817,Diya Shah,CSE,B.Tech,4,7,A,22,86.62,74.52,30.27,68.78,61.68,8.21,26.85,83.93,Average
STU007818,Meera Reddy,ECE,B.Tech,3,5,B,21,59.58,71.61,30.58,70.31,72.12,8.48,17.48,71.33,At Risk
STU007819,Shreya Joshi,Civil,B.Tech,2,4,B,19,95.1,87.2,40.81,79.42,97.76,8.15,24.92,90.45,Excellent
STU007820,Arjun Gupta,IT,B.Tech,1,1,B,19,77.45,62.76,32.2,58.66,55.25,7.78,14.04,72.75,Average
STU007821,Aditya Nair,Civil,B.Tech,1,2,B,18,73.93,69.64,38.79,59.23,90.01,8.75,18.04,71.03,Average
STU007822,Sneha Kumar,Mechanical,B.Tech,3,5,D,22,77.51,86.17,42.0,67.14,83.55,8.03,22.15,76.73,Good
STU007823,Diya Mehta,CSE,B.Tech,4,8,C,22,81.66,89.16,39.09,74.01,88.86,8.9,18.57,78.74,Excellent
STU007824,Nisha Shah,Mechanical,B.Tech,2,3,B,19,68.4,78.12,37.22,67.01,81.91,7.99,23.08,68.82,Average
STU007825,Surya Bose,CSE,M.Tech,2,4,D,23,80.46,75.62,34.04,71.01,67.34,8.39,28.73,79.74,Average
STU007826,Sanjay Chatterjee,IT,B.Tech,3,5,D,20,77.66,59.56,31.73,52.33,76.34,8.17,21.64,61.09,Good
STU007827,Tanvi Bose,CSE,B.Tech,2,3,B,19,73.57,71.01,27.04,62.36,75.48,8.3,21.16,78.0,Average
STU007828,Sai Bose,IT,B.Tech,4,7,D,23,77.75,62.73,32.46,57.72,72.59,7.26,19.95,68.62,Good
STU007829,Krishna Rao,AI & DS,B.Tech,2,3,C,21,81.76,73.37,39.87,60.94,79.65,7.8,14.42,77.89,Good
STU007830,Krishna Rao,CSE,B.Tech,2,3,C,20,84.11,66.55,35.5,70.87,68.71,8.1,22.59,70.83,Average
STU007831,Nikhil Singh,EEE,B.Tech,2,3,A,19,83.44,71.79,34.81,70.95,77.69,7.56,29.21,82.79,Good
STU007832,Sai Das,Civil,B.Tech,2,4,B,19,84.34,58.01,28.23,43.11,59.14,6.8,17.64,77.34,Average
STU007833,Vikram Mishra,CSE,B.Tech,1,2,A,18,80.16,73.3,36.2,60.47,66.53,6.87,23.65,74.41,Average
STU007834,Nisha Chatterjee,IT,B.Tech,3,6,C,22,82.4,77.39,36.84,73.02,96.44,8.65,20.89,73.96,Excellent
STU007835,Tanvi Joshi,CSE,B.Tech,3,6,C,21,61.28,61.52,26.21,60.48,80.57,7.83,15.92,69.18,At Risk
STU007836,Surya Menon,Mechanical,B.Tech,4,7,C,23,58.93,71.4,37.54,66.13,70.93,7.65,23.28,66.69,At Risk
STU007837,Isha Patel,ECE,B.Tech,1,2,A,19,75.64,65.43,30.7,56.43,63.93,7.27,21.36,76.77,Average
STU007838,Vikram Rao,AI & DS,B.Tech,1,1,D,18,86.12,83.73,37.44,71.67,99.68,8.57,25.23,78.23,Excellent
STU007839,Kavya Shah,IT,B.Tech,2,3,C,21,81.53,77.15,38.95,61.26,75.13,8.86,16.78,78.43,Good
STU007840,Nisha Das,Civil,B.Tech,4,8,B,23,74.17,63.78,28.04,59.9,71.07,8.36,18.85,70.42,Average
STU007841,Riya Mehta,ECE,B.Tech,2,4,B,19,92.29,83.85,34.65,76.52,87.18,8.87,26.84,96.84,Excellent
STU007842,Rohan Rao,EEE,B.Tech,4,7,C,23,78.93,76.07,37.21,68.65,74.67,9.05,22.21,68.11,Good
STU007843,Aarav Sharma,ECE,B.Tech,3,5,B,22,87.58,79.55,30.56,66.13,79.94,7.32,27.34,86.38,Good
STU007844,Varun Bose,CSE,B.Tech,1,2,D,19,74.95,70.59,38.37,45.31,58.47,7.46,14.53,55.28,Average
STU007845,Yash Joshi,ECE,B.Tech,4,7,C,21,88.13,72.49,41.03,58.03,74.44,7.61,19.8,77.45,Good
STU007846,Krishna Das,CSE,B.Tech,3,5,C,20,73.03,72.1,30.56,61.82,73.15,7.9,20.9,85.73,Average
STU007847,Sneha Nair,CSE,B.Tech,3,5,D,22,78.99,76.52,42.46,65.53,79.61,7.75,15.85,61.03,Good
STU007848,Rahul Sharma,CSE,B.Tech,4,7,B,22,80.19,75.67,40.39,67.52,66.59,7.75,19.37,67.69,Average
STU007849,Surya Shah,ECE,B.Tech,2,3,A,21,74.81,66.28,26.46,39.03,58.8,7.41,17.94,68.6,Average
STU007850,Pooja Mishra,ECE,B.Tech,3,6,B,22,92.97,85.18,46.12,80.22,85.74,10.0,26.34,74.02,Excellent
STU007851,Manish Verma,IT,M.Tech,1,2,C,25,94.58,73.09,37.15,72.04,92.62,7.82,25.59,60.07,Excellent
STU007852,Surya Bose,Mechanical,B.Tech,3,5,C,22,80.33,77.87,36.46,69.96,79.2,8.22,20.96,68.4,Good
STU007853,Ananya Rao,CSE,B.Tech,1,2,B,19,95.85,84.15,33.84,65.2,78.92,8.74,23.72,89.09,Good
STU007854,Aarav Singh,CSE,B.Tech,4,7,C,21,77.71,65.51,30.97,67.74,72.44,8.03,18.43,74.85,Good
STU007855,Nikhil Menon,ECE,M.Tech,1,2,C,25,76.88,80.19,38.88,69.8,80.37,8.03,25.83,68.72,Good
STU007856,Shreya Patel,AI & DS,B.Tech,2,3,D,19,67.73,59.43,30.47,57.47,57.9,8.46,16.96,62.93,Average
STU007857,Ishaan Joshi,AI & DS,B.Tech,3,5,A,21,68.78,61.92,31.16,57.13,58.53,6.55,15.05,67.86,Average
STU007858,Akash Bose,AI & DS,B.Tech,1,2,C,20,84.71,76.13,32.49,60.53,81.57,8.35,25.33,84.52,Good
STU007859,Ananya Mishra,Civil,B.Tech,1,2,B,20,86.87,72.49,23.42,69.82,71.08,7.93,25.45,91.22,Good
STU007860,Ananya Singh,Civil,B.Tech,3,5,D,20,85.14,71.0,32.35,71.78,73.97,7.61,18.17,82.79,Good
STU007861,Vikram Singh,EEE,B.Tech,1,2,D,19,83.19,69.59,32.07,59.04,71.9,8.0,13.71,79.9,Good
STU007862,Yash Rao,AI & DS,B.Tech,3,6,C,22,78.55,73.75,36.21,74.14,88.79,8.09,23.65,75.83,Good
STU007863,Karan Pillai,ECE,B.Tech,4,8,B,21,74.99,63.66,36.71,66.01,71.31,7.84,20.71,59.03,Average
STU007864,Rahul Mehta,EEE,B.Tech,2,4,D,21,87.34,72.08,34.37,66.09,71.9,7.65,24.37,79.62,Good
STU007865,Riya Iyer,Civil,B.Tech,1,2,B,18,76.67,71.1,38.94,64.3,70.42,7.59,18.44,61.36,Good
STU007866,Isha Patel,ECE,M.Tech,2,3,D,26,88.61,60.36,29.64,45.61,67.49,7.17,18.92,75.4,Average
STU007867,Karan Joshi,IT,B.Tech,4,8,A,21,58.94,63.89,33.65,55.19,66.08,7.97,14.45,74.07,At Risk
STU007868,Rohan Bose,ECE,B.Tech,4,7,A,22,84.16,70.17,34.61,61.32,63.68,8.34,18.5,63.88,Average
STU007869,Shreya Verma,IT,B.Tech,4,8,B,21,68.01,72.32,24.87,59.8,57.19,7.84,22.09,66.67,Average
STU007870,Rohan Pillai,ECE,B.Tech,3,5,B,22,86.29,68.64,35.0,75.35,82.31,8.42,16.48,78.98,Good
STU007871,Manish Menon,ECE,B.Tech,3,6,B,20,77.02,71.02,33.77,60.52,72.09,8.44,19.19,69.25,Good
STU007872,Ishaan Reddy,Mechanical,B.Tech,1,1,B,19,72.34,82.1,32.32,58.58,75.16,8.01,17.89,70.73,Average
STU007873,Diya Das,Mechanical,B.Tech,1,1,B,19,95.74,78.22,38.14,70.76,71.91,8.15,22.8,93.19,Good
STU007874,Vikram Krishnan,Civil,B.Tech,3,6,A,22,70.58,73.62,35.11,54.83,74.04,8.82,16.34,62.75,Average
STU007875,Diya Sharma,EEE,B.Tech,2,3,D,21,74.82,84.68,37.02,72.05,92.42,7.66,22.53,70.39,Average
STU007876,Akash Shah,IT,M.Tech,2,4,B,24,82.23,68.56,29.53,53.07,70.34,7.87,15.67,80.34,Good
STU007877,Meera Rao,Mechanical,B.Tech,4,8,C,21,86.67,73.26,38.3,62.37,76.62,7.92,24.58,72.79,Good
STU007878,Meera Kumar,CSE,M.Tech,2,4,A,26,80.58,84.4,38.04,68.19,75.41,8.02,21.8,70.08,Good
STU007879,Bhavya Joshi,IT,B.Tech,4,8,A,23,76.82,70.06,34.52,70.74,78.4,7.96,14.87,68.25,Good
STU007880,Shreya Mehta,CSE,B.Tech,4,7,A,23,92.42,67.74,36.6,61.75,70.84,8.05,25.4,86.87,Good
STU007881,Vikram Rao,Civil,B.Tech,3,5,D,21,84.97,76.05,36.52,71.35,86.0,8.22,23.76,74.31,Excellent
STU007882,Meera Chatterjee,Mechanical,B.Tech,3,5,A,21,86.48,65.77,33.22,59.63,83.47,7.65,23.66,71.61,Good
STU007883,Yash Das,ECE,M.Tech,2,3,B,25,74.58,79.92,38.5,71.43,78.86,8.32,22.47,78.5,Average
STU007884,Ishaan Joshi,Mechanical,B.Tech,4,8,D,23,72.49,58.66,34.05,45.55,72.09,7.45,16.75,64.84,Average
STU007885,Yash Reddy,Mechanical,B.Tech,2,4,C,21,72.64,71.75,36.04,66.55,68.3,8.33,19.52,70.52,Average
STU007886,Akash Joshi,ECE,B.Tech,1,2,D,20,83.89,69.09,32.8,61.1,67.85,6.81,17.7,77.1,Average
STU007887,Shreya Mishra,IT,B.Tech,3,6,A,21,85.26,71.78,31.81,51.68,62.26,7.51,26.94,82.03,Average
STU007888,Karan Shah,Civil,B.Tech,1,2,C,19,76.03,70.46,32.77,62.94,70.13,7.53,19.74,62.99,Good
STU007889,Bhavya Gupta,Civil,B.Tech,4,7,C,22,71.96,66.9,35.43,63.7,81.33,7.73,16.36,79.1,Average
STU007890,Akash Bose,ECE,B.Tech,2,4,C,19,96.04,72.37,28.2,58.04,67.73,7.48,25.29,93.51,Average
STU007891,Aryan Menon,AI & DS,B.Tech,3,6,A,22,76.56,61.75,26.03,67.74,76.2,8.77,22.16,69.9,Good
STU007892,Aryan Nair,Civil,B.Tech,1,2,D,20,80.16,66.88,27.74,58.45,66.91,7.97,23.24,78.82,Average
STU007893,Nisha Chatterjee,AI & DS,B.Tech,3,6,A,20,85.42,79.76,37.2,82.33,94.86,7.7,31.88,81.18,Excellent
STU007894,Surya Chatterjee,Mechanical,B.Tech,3,5,A,21,82.08,57.71,28.89,54.92,67.54,7.88,18.59,78.66,Average
STU007895,Surya Verma,EEE,B.Tech,4,7,C,21,96.25,81.51,33.04,59.47,84.21,8.53,25.84,92.52,Good
STU007896,Aditi Nair,IT,B.Tech,1,1,D,19,82.14,74.71,38.53,56.46,85.4,8.86,21.42,70.45,Excellent
STU007897,Krishna Das,CSE,B.Tech,4,8,D,22,61.84,75.5,27.2,68.25,62.8,8.42,20.13,85.48,At Risk
STU007898,Rahul Krishnan,CSE,B.Tech,2,4,A,21,70.24,74.17,32.2,69.75,87.47,7.98,24.84,75.53,Average
STU007899,Nikhil Gupta,CSE,B.Tech,1,1,D,18,92.43,69.82,35.78,70.26,73.3,8.24,24.43,76.74,Good
STU007900,Riya Krishnan,ECE,B.Tech,3,6,A,20,71.4,82.49,40.77,72.13,85.13,8.8,19.63,81.25,Average
STU007901,Sneha Sharma,CSE,B.Tech,1,1,C,19,73.83,59.25,30.05,59.96,70.4,7.56,15.47,71.63,Average
STU007902,Vikram Nair,CSE,B.Tech,2,3,C,19,80.08,72.76,28.59,72.89,60.94,8.44,16.43,78.29,Average
STU007903,Manish Iyer,IT,B.Tech,3,5,B,21,82.39,69.06,31.48,63.23,71.25,7.61,19.5,73.32,Good
STU007904,Karan Reddy,ECE,B.Tech,4,7,A,23,76.29,61.8,35.82,50.02,58.22,6.94,24.65,77.23,Average
STU007905,Varun Reddy,Civil,B.Tech,2,3,B,19,77.97,73.06,35.24,62.21,65.15,7.68,20.74,76.11,Average
STU007906,Rohan Das,CSE,B.Tech,3,6,C,21,90.08,81.6,33.94,60.72,66.94,7.31,18.38,72.65,Average
STU007907,Rohan Sharma,EEE,B.Tech,1,2,C,18,72.75,74.39,33.0,64.58,71.78,7.95,20.52,68.96,Average
STU007908,Vikram Mehta,AI & DS,B.Tech,3,6,D,20,85.25,68.36,29.7,63.58,62.08,7.29,17.03,76.62,Average
STU007909,Nisha Das,CSE,B.Tech,4,8,C,22,79.44,71.56,38.15,62.47,71.16,7.92,23.61,68.01,Good
STU007910,Aditi Sharma,AI & DS,B.Tech,2,3,D,20,94.42,70.76,30.47,64.39,78.13,7.45,21.7,75.28,Good
STU007911,Isha Rao,IT,B.Tech,1,1,D,19,83.67,76.72,35.91,69.25,82.18,7.87,21.61,70.3,Good
STU007912,Manish Mehta,AI & DS,B.Tech,4,8,A,23,86.55,75.35,37.02,52.38,69.88,7.57,16.71,72.65,Average
STU007913,Nisha Rao,CSE,B.Tech,1,2,D,19,94.33,67.67,36.05,51.89,51.44,8.28,18.99,77.69,At Risk
STU007914,Akash Rao,EEE,M.Tech,1,1,B,23,63.87,64.78,33.96,55.55,56.88,7.9,21.1,74.13,At Risk
STU007915,Nikhil Reddy,AI & DS,B.Tech,4,7,B,23,77.57,65.2,32.52,57.3,70.52,7.64,21.5,91.64,Good
STU007916,Kavya Kumar,AI & DS,B.Tech,1,1,C,18,92.94,85.99,41.2,75.73,84.25,7.73,22.64,89.78,Good
STU007917,Sneha Mishra,AI & DS,B.Tech,2,4,A,21,79.8,75.97,30.77,75.94,77.6,7.63,13.7,82.71,Good
STU007918,Varun Chatterjee,IT,M.Tech,2,4,D,25,87.18,65.41,32.34,53.92,79.28,7.31,22.43,66.44,Good
STU007919,Aditya Mehta,Mechanical,B.Tech,3,5,C,20,82.73,74.67,35.13,66.12,76.73,7.88,26.79,71.7,Good
STU007920,Surya Nair,EEE,B.Tech,3,5,B,22,85.8,73.69,37.8,80.74,71.18,7.74,18.05,80.67,Good
STU007921,Yash Mishra,CSE,B.Tech,4,8,C,22,79.39,55.94,29.84,57.12,73.14,7.6,16.87,57.7,Good
STU007922,Nikhil Krishnan,Civil,B.Tech,4,7,A,23,97.42,70.22,35.28,59.61,75.5,7.32,19.95,81.36,Good
STU007923,Isha Rao,CSE,B.Tech,1,1,D,19,69.79,72.63,35.08,69.98,84.25,7.5,24.41,75.61,Average
STU007924,Ananya Singh,CSE,M.Tech,1,2,C,25,76.35,76.26,41.18,80.59,84.41,8.35,24.22,74.58,Good
STU007925,Sai Shah,CSE,B.Tech,4,7,A,22,77.03,74.75,32.59,54.63,78.88,7.25,19.86,75.17,Good
STU007926,Sai Iyer,AI & DS,B.Tech,2,4,C,21,69.61,91.62,35.23,82.07,83.96,8.17,27.85,80.26,Average
STU007927,Tanvi Mehta,CSE,B.Tech,2,4,A,21,86.94,69.05,32.2,74.86,57.8,8.27,19.49,62.48,Average
STU007928,Surya Krishnan,IT,B.Tech,2,4,D,21,70.58,67.49,33.32,59.91,69.36,7.77,17.73,59.74,Average
STU007929,Ananya Rao,Civil,B.Tech,2,3,B,19,80.46,71.82,30.26,69.88,70.24,8.38,18.87,76.23,Good
STU007930,Yash Patel,IT,B.Tech,4,8,B,21,86.56,62.53,28.25,50.19,60.86,7.32,15.81,68.33,Average
STU007931,Sai Das,EEE,B.Tech,3,5,B,20,86.73,61.91,26.2,66.19,69.85,8.12,15.41,63.09,Average
STU007932,Meera Krishnan,Civil,B.Tech,2,3,C,20,88.53,67.59,36.38,66.09,68.7,7.84,24.67,81.51,Average
STU007933,Ananya Krishnan,Mechanical,B.Tech,3,6,D,21,77.06,84.07,44.32,77.81,93.08,8.36,25.27,71.15,Good
STU007934,Aditi Verma,CSE,B.Tech,4,8,D,23,70.4,74.04,34.09,68.34,65.83,7.61,18.93,69.6,Average
STU007935,Meera Patel,AI & DS,M.Tech,1,1,C,24,89.34,55.09,26.42,57.02,71.87,8.53,18.38,67.64,Good
STU007936,Surya Patel,ECE,B.Tech,1,2,B,20,76.88,76.83,36.1,62.43,70.23,7.86,24.13,91.68,Good
STU007937,Aditya Kumar,AI & DS,B.Tech,1,1,C,18,75.2,71.66,33.88,65.65,83.45,7.87,22.6,74.86,Good
STU007938,Rohan Sharma,AI & DS,B.Tech,3,5,D,20,66.35,73.71,37.52,62.56,82.46,9.39,19.83,66.79,Average
STU007939,Akash Sharma,AI & DS,B.Tech,3,5,D,21,84.51,68.85,29.77,57.63,78.29,8.27,17.38,78.72,Good
STU007940,Ishaan Chatterjee,CSE,B.Tech,4,8,A,22,69.08,83.42,34.97,67.29,80.39,7.95,20.29,68.47,Average
STU007941,Aditya Shah,AI & DS,B.Tech,2,4,D,20,79.22,74.15,44.79,69.89,86.25,9.3,12.72,60.19,Good
STU007942,Meera Verma,Mechanical,B.Tech,3,5,C,21,70.88,73.43,35.16,62.73,85.27,7.69,19.76,76.56,Average
STU007943,Aditya Krishnan,CSE,B.Tech,3,6,D,21,91.5,72.32,37.44,74.26,70.75,7.88,27.36,67.7,Good
STU007944,Diya Kumar,IT,B.Tech,3,6,D,20,92.35,65.1,34.67,59.46,66.9,8.17,12.3,74.26,Average
STU007945,Sneha Reddy,IT,B.Tech,3,5,A,21,82.3,74.23,37.91,58.68,73.1,7.95,22.13,68.97,Good
STU007946,Aarav Iyer,AI & DS,B.Tech,3,5,B,21,74.1,75.6,32.44,66.65,81.26,7.26,18.53,74.77,Average
STU007947,Isha Mishra,AI & DS,B.Tech,3,5,C,21,87.4,66.62,26.47,55.5,51.18,7.39,15.53,72.16,At Risk
STU007948,Aditya Chatterjee,CSE,B.Tech,3,6,A,20,73.86,87.64,38.66,88.48,100,8.7,26.02,78.12,Average
STU007949,Varun Verma,Mechanical,B.Tech,3,6,D,21,84.94,60.62,34.1,66.02,86.65,7.57,21.37,86.5,Excellent
STU007950,Isha Das,AI & DS,M.Tech,2,3,B,23,73.6,64.07,26.74,55.31,56.37,7.33,23.31,67.77,Average
STU007951,Aryan Shah,CSE,M.Tech,1,2,C,22,81.14,79.67,35.8,69.44,78.94,7.16,25.78,84.11,Good
STU007952,Isha Patel,AI & DS,B.Tech,3,5,A,22,73.55,67.04,28.53,42.36,52.32,7.71,13.56,56.88,At Risk
STU007953,Tanvi Joshi,CSE,B.Tech,2,3,D,20,69.56,63.13,25.75,47.6,73.43,6.86,15.33,74.77,Average
STU007954,Nikhil Verma,ECE,B.Tech,1,1,D,20,75.67,82.41,28.8,60.5,86.13,7.65,29.16,80.99,Good
STU007955,Nisha Gupta,EEE,B.Tech,2,3,B,20,87.42,70.17,31.82,65.7,69.73,7.25,20.82,78.59,Average
STU007956,Isha Mishra,CSE,B.Tech,4,8,B,22,78.48,65.18,28.25,67.89,71.21,7.32,24.62,74.28,Good
STU007957,Rahul Nair,EEE,B.Tech,1,2,D,18,71.33,70.54,33.43,69.81,66.02,7.2,19.32,69.57,Average
STU007958,Karan Verma,CSE,B.Tech,4,8,C,22,91.07,85.33,34.46,69.26,82.71,7.61,26.48,90.7,Good
STU007959,Shreya Gupta,Mechanical,B.Tech,2,3,D,20,81.81,85.67,38.82,76.18,87.84,8.67,23.82,73.62,Excellent
STU007960,Tanvi Singh,EEE,B.Tech,1,1,D,20,87.44,66.8,32.22,55.68,68.14,8.12,23.13,82.04,Average
STU007961,Akash Das,AI & DS,B.Tech,1,2,C,19,79.46,86.14,40.08,67.15,81.58,8.57,25.28,76.9,Good
STU007962,Sanjay Iyer,AI & DS,B.Tech,1,2,D,19,76.64,76.18,36.71,63.34,67.72,8.09,23.18,86.52,Average
STU007963,Nisha Bose,ECE,B.Tech,2,4,A,19,88.25,68.13,37.61,61.73,80.53,8.1,22.38,74.36,Good
STU007964,Surya Joshi,AI & DS,B.Tech,3,6,D,21,84.49,63.92,28.99,57.13,70.62,7.34,18.64,84.84,Good
STU007965,Rohan Pillai,IT,M.Tech,1,2,D,23,83.62,71.89,32.11,58.87,68.92,8.12,19.56,75.05,Average
STU007966,Sai Mishra,IT,B.Tech,1,2,B,18,76.22,68.46,34.89,62.56,82.06,7.88,22.39,75.5,Good
STU007967,Aditya Bose,ECE,M.Tech,1,1,C,24,63.44,63.31,34.75,47.9,68.85,7.13,15.79,63.58,At Risk
STU007968,Aditi Kumar,Civil,B.Tech,3,5,B,21,80.92,61.27,34.73,71.46,73.22,8.16,23.26,67.62,Good
STU007969,Sanjay Kumar,EEE,B.Tech,4,8,D,23,71.85,65.09,32.96,51.94,52.33,8.45,22.1,66.98,At Risk
STU007970,Manish Krishnan,CSE,B.Tech,4,7,B,21,80.67,72.3,35.77,55.31,84.75,7.65,19.87,74.61,Good
STU007971,Sanjay Nair,Civil,B.Tech,3,6,C,22,78.01,95.57,42.23,86.55,91.55,8.65,29.19,90.34,Good
STU007972,Yash Rao,AI & DS,B.Tech,2,4,B,20,88.01,72.89,34.79,59.32,70.97,8.35,16.97,75.55,Good
STU007973,Sneha Joshi,CSE,B.Tech,4,8,D,21,89.82,62.87,37.13,63.16,57.75,7.74,19.84,67.68,Average
STU007974,Isha Das,ECE,B.Tech,4,8,D,23,71.3,71.67,29.0,71.43,69.15,7.95,19.03,80.0,Average
STU007975,Bhavya Patel,ECE,B.Tech,2,4,B,20,82.33,77.66,36.96,66.76,81.38,7.58,25.46,83.48,Good
STU007976,Diya Sharma,AI & DS,B.Tech,1,2,B,20,86.51,79.2,33.16,74.03,71.23,7.45,17.04,64.28,Good
STU007977,Pooja Shah,EEE,B.Tech,2,4,A,19,69.81,68.04,30.42,69.23,82.6,7.02,21.99,81.51,Average
STU007978,Zoya Gupta,IT,B.Tech,4,8,B,23,75.09,75.59,37.83,67.16,85.39,8.37,18.94,84.15,Good
STU007979,Isha Nair,ECE,M.Tech,2,4,D,25,80.26,83.98,37.13,65.73,69.95,8.31,26.29,70.23,Average
STU007980,Surya Mishra,Mechanical,B.Tech,2,4,D,19,83.13,74.68,34.44,64.23,69.54,8.54,24.86,89.09,Average
STU007981,Riya Mehta,Civil,M.Tech,2,4,D,23,74.87,67.55,36.73,61.23,74.8,9.12,18.71,73.25,Average
STU007982,Sai Gupta,Mechanical,B.Tech,4,8,C,22,81.78,75.38,33.2,62.59,66.01,8.54,21.87,77.07,Average
STU007983,Ishaan Kumar,ECE,B.Tech,1,1,C,18,86.48,68.98,33.41,50.96,74.86,7.46,12.52,71.73,Good
STU007984,Shreya Sharma,CSE,B.Tech,1,2,D,19,87.66,69.39,32.76,50.12,74.6,8.33,18.3,71.12,Good
STU007985,Aarav Shah,CSE,B.Tech,3,5,C,22,96.02,65.22,34.57,57.71,67.85,7.49,22.6,71.54,Average
STU007986,Karan Mishra,IT,B.Tech,2,4,C,19,88.65,90.84,33.37,69.14,100,8.51,23.38,85.22,Excellent
STU007987,Yash Bose,IT,B.Tech,3,5,B,21,88.25,75.1,40.26,74.33,81.63,7.82,23.23,73.16,Good
STU007988,Krishna Patel,IT,B.Tech,3,6,C,20,96.56,72.49,36.48,67.12,86.19,7.98,22.11,77.95,Excellent
STU007989,Diya Joshi,IT,B.Tech,1,1,A,20,83.18,66.61,29.77,61.67,59.82,7.72,26.55,70.24,Average
STU007990,Kavya Verma,Civil,B.Tech,3,5,A,22,71.59,75.89,42.06,71.0,76.07,7.44,18.34,71.58,Average
STU007991,Karan Joshi,Civil,B.Tech,1,2,B,20,77.56,73.89,32.19,55.8,74.44,8.23,17.33,85.96,Good
STU007992,Arjun Bose,CSE,B.Tech,2,3,A,21,92.46,76.96,35.86,67.11,79.15,8.19,18.39,68.48,Good
STU007993,Riya Krishnan,CSE,B.Tech,4,7,B,23,64.31,81.27,34.3,61.19,66.34,7.31,19.64,83.73,At Risk
STU007994,Diya Verma,ECE,B.Tech,3,5,B,22,95.86,75.73,36.07,69.07,85.62,8.64,26.96,76.68,Excellent
STU007995,Pooja Sharma,Mechanical,M.Tech,1,1,C,24,68.97,61.72,38.12,54.87,65.74,7.61,14.3,69.89,Average
STU007996,Krishna Bose,Civil,B.Tech,2,3,B,19,91.41,71.87,30.24,70.85,72.14,7.15,21.51,68.96,Good
STU007997,Aryan Patel,AI & DS,B.Tech,3,5,A,21,87.04,71.22,34.85,62.35,59.47,8.66,17.67,82.24,Average
STU007998,Nisha Iyer,Civil,B.Tech,3,5,B,21,84.35,67.32,26.77,52.81,68.45,7.71,21.2,74.32,Average
STU007999,Ananya Chatterjee,Civil,B.Tech,4,8,A,22,75.58,58.63,29.96,52.62,67.11,8.08,14.25,68.37,Average
STU008000,Kavya Patel,ECE,B.Tech,3,5,A,20,79.54,86.0,37.8,74.73,81.86,7.82,25.94,86.29,Good
STU008001,Arjun Shah,CSE,B.Tech,4,8,B,22,82.6,63.83,25.8,49.96,72.13,7.38,25.22,62.22,Good
STU008002,Pooja Mishra,CSE,M.Tech,1,1,A,24,89.0,83.22,35.09,70.5,76.76,9.02,22.03,77.86,Good
STU008003,Manish Krishnan,Mechanical,B.Tech,1,2,D,18,85.22,71.34,32.49,63.12,71.5,8.23,17.13,80.08,Good
STU008004,Karan Iyer,AI & DS,B.Tech,1,1,B,19,81.61,68.22,38.05,66.34,70.74,9.2,21.61,77.02,Good
STU008005,Krishna Mishra,CSE,M.Tech,2,3,C,23,73.08,78.28,40.62,82.09,81.53,8.48,14.97,80.56,Average
STU008006,Karan Nair,Civil,B.Tech,2,3,C,20,86.13,79.1,27.35,67.59,74.34,8.06,26.89,81.84,Good
STU008007,Aditya Sharma,Mechanical,B.Tech,1,1,B,18,75.0,72.25,29.16,70.82,62.01,6.97,19.44,65.67,Average
STU008008,Meera Kumar,Civil,B.Tech,3,6,A,22,66.11,72.9,33.3,70.55,70.77,7.89,22.74,67.87,Average
STU008009,Ananya Rao,CSE,B.Tech,1,1,C,19,86.0,79.03,38.61,63.0,75.81,7.8,27.31,82.91,Good
STU008010,Yash Shah,CSE,B.Tech,4,7,D,23,83.49,62.64,35.5,57.67,59.24,6.77,20.3,82.38,Average
STU008011,Bhavya Gupta,IT,B.Tech,1,2,D,19,75.08,63.63,32.72,57.1,64.32,7.35,19.68,76.59,Average
STU008012,Arjun Krishnan,CSE,B.Tech,4,8,A,23,73.2,75.28,34.49,60.56,88.45,7.49,14.17,62.38,Average
STU008013,Isha Mehta,EEE,B.Tech,1,2,B,19,69.4,68.21,34.54,55.94,61.11,7.95,19.77,74.24,Average
STU008014,Kavya Sharma,IT,B.Tech,2,4,B,20,81.98,76.91,29.25,69.81,64.51,7.41,20.69,77.99,Average
STU008015,Vikram Pillai,CSE,B.Tech,1,2,C,20,90.3,95.91,38.27,76.52,96.87,8.99,22.39,90.1,Excellent
STU008016,Ishaan Joshi,IT,B.Tech,1,2,D,18,72.58,64.38,34.54,52.84,66.11,8.54,13.59,66.22,Average
STU008017,Rohan Kumar,IT,B.Tech,3,6,B,22,68.41,60.03,28.18,64.95,69.43,7.36,22.45,72.8,Average
STU008018,Riya Das,Mechanical,M.Tech,1,2,D,24,78.55,78.88,34.48,75.29,77.7,7.72,26.74,76.25,Good
STU008019,Kavya Iyer,AI & DS,B.Tech,3,5,B,22,84.08,68.29,39.75,69.66,80.78,8.97,18.29,72.6,Good
STU008020,Tanvi Joshi,CSE,B.Tech,4,8,B,22,83.66,92.43,37.27,72.57,70.42,8.4,21.01,82.52,Good
STU008021,Varun Bose,AI & DS,B.Tech,1,1,A,19,79.33,72.38,30.91,59.37,65.04,7.84,20.0,78.46,Average
STU008022,Kavya Kumar,Civil,B.Tech,4,7,B,21,92.61,79.02,31.37,57.77,76.82,7.8,30.9,80.47,Good
STU008023,Aditya Bose,Mechanical,B.Tech,3,6,A,22,86.53,69.61,36.07,56.73,70.0,7.88,22.36,84.52,Good
STU008024,Kavya Gupta,AI & DS,B.Tech,1,1,B,18,92.55,70.9,34.84,67.81,73.63,7.69,18.17,61.43,Good
STU008025,Karan Verma,ECE,B.Tech,4,7,A,23,93.52,82.21,45.61,74.14,83.22,8.67,23.88,84.58,Good
STU008026,Vikram Patel,EEE,B.Tech,1,1,A,20,84.59,70.9,33.42,60.12,79.9,8.17,18.73,60.5,Good
STU008027,Aditi Bose,IT,B.Tech,2,4,D,19,71.55,80.14,36.39,70.09,79.67,8.09,16.89,80.49,Average
STU008028,Meera Mishra,CSE,B.Tech,2,3,A,19,83.01,78.1,35.37,57.94,80.09,8.0,25.07,76.62,Good
STU008029,Kavya Krishnan,AI & DS,B.Tech,2,4,A,20,83.75,70.91,30.61,53.5,81.81,7.74,21.45,64.89,Good
STU008030,Karan Verma,AI & DS,B.Tech,4,8,B,22,71.79,66.45,28.72,54.58,62.92,7.34,20.31,70.87,Average
STU008031,Surya Chatterjee,AI & DS,B.Tech,3,5,A,22,75.06,80.83,31.21,70.19,76.6,7.89,24.0,82.43,Good
STU008032,Ishaan Singh,Civil,B.Tech,3,5,C,22,63.0,65.32,33.25,60.26,71.98,7.04,15.88,69.03,At Risk
STU008033,Sneha Krishnan,EEE,B.Tech,4,8,B,21,78.01,79.49,42.05,57.52,75.91,8.74,17.4,78.36,Good
STU008034,Ananya Pillai,Civil,B.Tech,1,2,D,20,75.69,61.5,24.9,47.07,54.97,6.99,20.03,65.42,At Risk
STU008035,Ananya Kumar,CSE,B.Tech,2,3,B,19,75.51,79.62,33.78,59.54,61.89,8.12,25.07,78.37,Average
STU008036,Bhavya Joshi,IT,B.Tech,3,6,C,20,79.91,63.23,29.03,69.65,80.45,7.72,21.64,70.97,Good
STU008037,Arjun Reddy,Civil,B.Tech,4,8,C,21,88.56,66.83,31.8,58.13,63.08,8.3,20.37,67.16,Average
STU008038,Vikram Kumar,ECE,B.Tech,1,2,B,18,65.93,66.98,28.33,68.2,68.59,7.03,15.32,56.49,Average
STU008039,Akash Mehta,AI & DS,B.Tech,2,3,B,19,88.21,68.71,35.92,64.41,79.7,8.01,20.66,84.82,Good
STU008040,Aryan Chatterjee,EEE,M.Tech,2,3,D,24,94.27,73.26,34.59,57.5,68.36,7.09,25.47,80.54,Average
STU008041,Akash Krishnan,EEE,B.Tech,4,8,A,23,78.18,67.84,31.28,54.21,68.19,7.5,23.06,89.1,Average
STU008042,Aarav Bose,Civil,B.Tech,2,4,B,20,81.78,86.41,39.7,71.2,76.44,8.16,25.68,76.54,Good
STU008043,Pooja Verma,Civil,B.Tech,1,2,B,20,77.98,64.76,30.46,61.33,46.69,7.9,23.84,79.09,At Risk
STU008044,Aarav Verma,EEE,B.Tech,3,5,D,22,97.06,80.85,38.04,77.37,88.34,8.7,28.68,100,Excellent
STU008045,Sanjay Kumar,AI & DS,M.Tech,1,1,C,25,80.14,73.08,35.42,66.03,81.87,8.71,21.45,77.38,Good
STU008046,Nisha Verma,EEE,B.Tech,2,4,D,21,97.04,83.34,39.11,70.03,77.05,7.54,27.27,85.64,Good
STU008047,Diya Bose,CSE,B.Tech,2,4,C,21,72.21,73.07,31.53,75.36,79.15,8.43,17.21,74.86,Average
STU008048,Karan Krishnan,ECE,B.Tech,4,7,D,21,73.58,73.82,37.77,64.59,88.0,8.1,22.72,64.82,Average
STU008049,Nisha Das,EEE,B.Tech,3,6,D,22,83.88,68.03,33.39,67.53,73.17,7.67,21.56,75.71,Good
STU008050,Akash Iyer,ECE,B.Tech,3,5,C,21,63.31,64.72,34.17,74.71,68.28,7.54,14.87,67.96,At Risk
STU008051,Ananya Menon,IT,B.Tech,3,5,B,22,89.6,61.19,29.8,49.69,50.57,7.64,19.96,69.22,At Risk
STU008052,Aryan Patel,AI & DS,B.Tech,4,7,A,23,88.97,80.45,38.49,80.52,82.44,8.78,26.09,80.96,Good
STU008053,Shreya Chatterjee,ECE,B.Tech,1,2,B,20,82.56,69.98,36.59,70.61,67.57,7.93,19.52,59.74,Average
STU008054,Rahul Rao,ECE,B.Tech,3,6,C,20,79.73,79.94,33.04,71.43,82.76,8.15,26.05,87.46,Good
STU008055,Bhavya Rao,Mechanical,B.Tech,1,2,D,20,86.08,65.21,34.14,65.16,72.86,7.93,24.1,65.98,Good
STU008056,Ananya Pillai,IT,B.Tech,1,2,A,20,90.95,74.54,37.26,69.76,72.32,8.27,25.63,88.16,Good
STU008057,Sai Gupta,ECE,B.Tech,4,8,D,22,86.01,66.98,34.7,57.73,65.4,7.39,14.41,82.27,Average
STU008058,Isha Das,ECE,B.Tech,3,6,C,21,93.64,58.0,28.26,62.98,74.86,7.81,21.39,70.08,Good
STU008059,Nikhil Chatterjee,CSE,B.Tech,2,4,C,21,78.2,67.79,28.78,54.93,67.58,7.53,22.43,62.98,Average
STU008060,Diya Kumar,CSE,B.Tech,3,5,C,20,80.3,65.55,35.82,50.9,71.4,8.01,21.17,65.82,Good
STU008061,Nisha Chatterjee,ECE,B.Tech,3,5,A,21,89.79,75.58,39.23,72.65,75.97,8.3,24.69,78.38,Good
STU008062,Sanjay Nair,AI & DS,B.Tech,3,5,D,20,82.97,63.31,28.09,55.97,68.63,7.85,20.62,77.07,Average
STU008063,Nisha Bose,CSE,B.Tech,1,1,A,20,87.03,64.69,33.22,44.35,64.47,8.26,16.34,70.17,Average
STU008064,Diya Joshi,EEE,B.Tech,3,5,B,20,95.02,78.44,36.99,64.9,71.17,8.01,23.02,87.92,Good
STU008065,Riya Patel,Civil,B.Tech,4,8,B,21,73.92,69.61,33.53,73.08,73.93,8.23,14.37,64.14,Average
STU008066,Aditya Patel,CSE,B.Tech,2,3,C,21,74.16,73.92,34.06,58.68,58.94,7.77,19.46,61.31,Average
STU008067,Ishaan Kumar,Civil,B.Tech,3,6,A,21,77.9,75.0,33.52,62.77,73.3,9.09,24.6,84.98,Good
STU008068,Yash Das,AI & DS,M.Tech,2,3,B,23,80.88,74.75,33.19,68.02,62.94,7.77,24.8,75.45,Average
STU008069,Zoya Krishnan,CSE,B.Tech,4,7,C,21,77.07,70.79,33.71,59.77,67.26,7.9,21.32,67.83,Average
STU008070,Rohan Bose,EEE,B.Tech,4,8,A,23,60.58,61.41,30.17,53.62,68.34,7.37,14.67,72.9,At Risk
STU008071,Vikram Gupta,EEE,B.Tech,3,6,A,20,69.97,73.24,33.16,63.37,76.97,7.89,23.83,67.83,Average
STU008072,Aditya Das,AI & DS,B.Tech,3,6,D,21,84.99,75.61,40.05,71.06,67.49,8.23,22.93,81.32,Average
STU008073,Kavya Nair,Mechanical,B.Tech,1,1,A,20,62.37,69.99,29.44,64.67,61.52,7.37,20.32,67.73,At Risk
STU008074,Manish Gupta,ECE,B.Tech,2,3,D,19,76.75,70.47,33.66,59.41,64.85,7.31,22.76,59.78,Average
STU008075,Yash Mehta,AI & DS,B.Tech,1,2,D,20,95.67,70.99,34.11,65.38,68.2,8.16,22.59,78.67,Average
STU008076,Tanvi Iyer,ECE,M.Tech,1,1,D,25,90.37,60.85,38.68,64.96,61.86,8.43,20.95,72.27,Average
STU008077,Riya Shah,AI & DS,M.Tech,2,4,B,26,75.19,66.94,36.68,55.79,71.96,8.02,15.47,66.2,Good
STU008078,Aditi Mehta,ECE,B.Tech,2,3,B,19,81.68,71.9,31.69,60.93,87.35,8.13,22.42,75.56,Excellent
STU008079,Aarav Bose,ECE,B.Tech,1,1,B,19,69.47,75.67,33.08,62.02,74.11,7.49,19.7,73.73,Average
STU008080,Akash Rao,AI & DS,B.Tech,3,6,A,22,88.35,78.17,33.12,60.56,81.99,8.33,26.23,82.25,Good
STU008081,Diya Joshi,CSE,M.Tech,1,1,C,24,73.81,65.0,30.42,56.47,71.48,8.06,18.76,70.62,Average
STU008082,Rahul Sharma,CSE,B.Tech,4,8,B,21,99.23,87.56,43.95,67.14,80.4,7.91,26.87,91.21,Good
STU008083,Surya Das,AI & DS,B.Tech,1,2,B,18,83.57,58.0,28.3,55.0,47.64,6.97,19.7,75.16,At Risk
STU008084,Aryan Verma,CSE,M.Tech,1,1,A,22,87.98,78.45,36.05,74.46,81.09,8.23,20.43,75.81,Good
STU008085,Kavya Sharma,CSE,B.Tech,4,7,C,22,85.02,62.2,36.49,64.89,68.93,8.09,21.2,66.22,Average
STU008086,Sanjay Iyer,Civil,B.Tech,2,4,A,19,82.68,71.66,36.07,49.59,69.2,7.49,20.06,76.5,Average
STU008087,Nikhil Patel,Mechanical,B.Tech,4,7,D,21,76.77,68.07,26.06,48.4,75.99,7.96,23.8,75.9,Good
STU008088,Aditya Mehta,ECE,B.Tech,4,7,D,22,73.55,72.76,32.1,61.91,71.54,8.08,16.33,70.56,Average
STU008089,Karan Shah,ECE,B.Tech,2,3,A,21,80.91,65.05,30.22,54.26,69.2,7.18,17.9,64.09,Average
STU008090,Riya Mehta,Civil,B.Tech,3,6,B,20,67.29,67.5,33.66,51.24,70.71,8.38,16.05,65.37,Average
STU008091,Nisha Patel,CSE,B.Tech,4,7,D,23,81.45,74.17,35.6,58.85,83.98,8.33,17.08,64.52,Good
STU008092,Sneha Mishra,EEE,B.Tech,1,1,C,19,74.98,82.47,32.94,69.29,73.95,7.82,22.86,74.17,Average
STU008093,Surya Mishra,AI & DS,B.Tech,4,8,B,22,79.79,68.57,36.45,61.77,73.65,7.82,22.16,67.6,Good
STU008094,Akash Rao,Mechanical,B.Tech,3,5,C,20,79.04,86.74,39.21,63.91,75.75,8.66,23.52,67.36,Good
STU008095,Aditya Pillai,Mechanical,M.Tech,2,3,A,26,77.94,70.94,34.38,63.81,65.96,7.66,21.79,84.96,Average
STU008096,Meera Das,Civil,B.Tech,4,7,C,21,78.47,70.85,25.83,65.0,65.25,7.69,21.38,75.05,Average
STU008097,Aarav Shah,IT,B.Tech,4,8,B,23,87.77,80.13,37.48,62.84,77.15,6.71,20.46,77.59,Good
STU008098,Bhavya Das,Civil,B.Tech,4,7,D,21,78.28,78.13,39.11,70.16,78.34,8.72,20.91,72.68,Good
STU008099,Diya Verma,Civil,B.Tech,2,3,C,19,62.58,78.82,33.24,64.85,73.27,8.41,12.91,67.01,At Risk
STU008100,Nikhil Singh,CSE,M.Tech,1,2,C,23,82.18,74.78,28.38,65.46,66.11,8.4,18.92,72.99,Average
STU008101,Diya Joshi,CSE,B.Tech,3,5,B,22,85.11,67.07,36.38,64.81,75.99,8.76,26.16,75.53,Good
STU008102,Ishaan Nair,ECE,B.Tech,4,8,D,21,89.5,77.72,36.77,81.71,96.63,8.42,22.59,85.16,Excellent
STU008103,Surya Krishnan,Civil,B.Tech,3,5,A,22,73.08,69.94,33.32,53.83,77.69,8.18,17.67,59.08,Average
STU008104,Ishaan Krishnan,AI & DS,B.Tech,1,2,D,20,76.73,71.65,34.09,60.4,75.85,8.35,17.88,81.5,Good
STU008105,Surya Singh,ECE,B.Tech,1,1,B,19,65.48,59.28,31.14,56.29,71.39,7.26,15.18,61.75,Average
STU008106,Vikram Gupta,Civil,B.Tech,3,5,C,20,71.66,70.54,33.78,59.27,65.1,7.17,17.99,66.56,Average
STU008107,Aditya Rao,AI & DS,B.Tech,1,1,C,18,80.08,73.53,29.5,55.24,69.85,8.15,25.66,70.31,Average
STU008108,Shreya Bose,AI & DS,B.Tech,2,4,B,21,82.47,79.68,39.75,69.64,76.16,7.55,20.08,69.7,Good
STU008109,Varun Patel,Mechanical,M.Tech,1,2,A,24,77.06,82.66,36.02,67.21,85.25,8.63,18.66,72.57,Good
STU008110,Aryan Shah,IT,B.Tech,3,6,A,20,78.56,74.81,30.86,56.34,74.52,7.68,13.12,72.01,Good
STU008111,Vikram Mishra,CSE,B.Tech,3,6,C,21,74.53,68.55,36.55,54.5,55.16,7.42,21.71,74.38,Average
STU008112,Aditya Kumar,CSE,B.Tech,4,8,A,21,76.05,73.07,36.82,65.17,71.03,8.05,23.69,71.85,Good
STU008113,Meera Nair,ECE,M.Tech,2,4,D,23,81.41,71.25,32.23,48.84,50.88,7.6,19.6,70.77,At Risk
STU008114,Bhavya Gupta,ECE,B.Tech,3,6,D,22,72.5,68.05,30.87,54.36,62.82,7.45,18.67,55.45,Average
STU008115,Karan Iyer,CSE,B.Tech,3,6,D,22,88.01,84.27,43.46,76.61,95.53,8.7,20.72,76.35,Excellent
STU008116,Akash Kumar,IT,B.Tech,2,3,C,19,85.52,80.67,40.26,77.22,90.44,8.63,22.76,78.95,Excellent
STU008117,Arjun Joshi,CSE,B.Tech,3,6,C,21,95.54,67.97,31.11,62.51,70.6,8.29,17.42,78.11,Good
STU008118,Diya Iyer,ECE,B.Tech,4,8,B,21,69.18,68.94,34.27,67.42,83.08,7.57,16.02,65.86,Average
STU008119,Kavya Bose,EEE,M.Tech,2,4,B,23,78.29,78.77,32.58,63.78,79.0,7.96,21.47,81.88,Good
STU008120,Bhavya Menon,ECE,B.Tech,4,7,D,21,79.48,76.82,36.64,75.37,70.41,8.73,23.47,81.56,Good
STU008121,Pooja Joshi,IT,B.Tech,1,2,C,19,79.02,85.6,44.18,66.65,80.11,8.5,22.77,72.87,Good
STU008122,Sanjay Pillai,CSE,B.Tech,4,8,D,22,91.48,82.6,36.35,57.02,77.58,7.12,21.88,83.73,Good
STU008123,Nisha Patel,IT,B.Tech,4,8,D,23,80.08,73.05,39.9,64.55,69.33,8.64,13.62,73.11,Average
STU008124,Tanvi Krishnan,ECE,M.Tech,2,3,D,25,100,68.46,39.01,80.12,78.13,7.51,28.22,86.49,Good
STU008125,Arjun Bose,AI & DS,B.Tech,1,2,C,20,100,77.75,36.24,62.17,75.32,7.92,27.9,76.69,Good
STU008126,Sneha Verma,IT,B.Tech,1,1,D,19,78.08,74.47,36.21,72.64,74.32,8.52,18.94,72.07,Good
STU008127,Vikram Mehta,EEE,B.Tech,4,7,A,23,81.49,72.76,33.09,59.51,60.48,8.57,18.29,72.41,Average
STU008128,Akash Chatterjee,CSE,B.Tech,3,6,B,21,71.85,63.33,33.6,51.35,51.64,8.12,12.09,65.97,At Risk
STU008129,Ananya Reddy,ECE,B.Tech,2,4,D,21,78.8,79.82,36.5,67.91,80.47,8.65,20.15,70.7,Good
STU008130,Manish Reddy,CSE,B.Tech,2,3,A,20,75.55,71.38,38.2,62.43,80.62,7.62,21.78,69.2,Good
STU008131,Vikram Kumar,ECE,B.Tech,3,5,A,20,69.47,62.55,31.73,49.17,72.15,6.64,19.43,47.0,Average
STU008132,Yash Joshi,Civil,B.Tech,2,3,B,19,81.59,71.27,30.63,57.34,79.36,7.81,17.99,78.32,Good
STU008133,Riya Shah,Civil,B.Tech,1,2,B,18,75.16,75.87,36.38,74.89,67.41,8.43,19.64,80.26,Average
STU008134,Zoya Shah,CSE,B.Tech,1,2,B,19,65.09,71.47,35.06,68.96,74.15,8.62,14.39,69.36,Average
STU008135,Surya Reddy,AI & DS,B.Tech,1,2,B,20,70.82,76.4,37.07,64.92,82.39,7.57,21.69,73.76,Average
STU008136,Surya Kumar,ECE,M.Tech,1,2,D,22,79.53,72.47,38.55,72.44,71.6,7.18,21.59,85.03,Good
STU008137,Ishaan Pillai,Civil,B.Tech,2,3,B,19,85.25,67.75,38.5,53.73,77.98,8.15,14.17,61.99,Good
STU008138,Aditi Reddy,CSE,B.Tech,3,6,C,21,82.02,56.04,25.65,61.91,62.69,8.08,23.48,78.71,Average
STU008139,Ishaan Pillai,EEE,B.Tech,2,4,B,21,78.47,73.2,33.53,62.68,74.15,8.77,21.72,72.16,Good
STU008140,Meera Iyer,AI & DS,B.Tech,2,3,C,19,77.81,60.47,25.2,53.31,68.59,7.2,26.97,71.43,Average
STU008141,Kavya Krishnan,IT,B.Tech,1,1,C,18,71.8,55.22,25.61,44.28,57.16,7.06,14.6,60.92,Average
STU008142,Zoya Pillai,ECE,B.Tech,2,3,A,20,71.79,71.98,35.06,71.73,66.39,7.12,20.74,72.98,Average
STU008143,Aryan Menon,AI & DS,B.Tech,1,2,B,20,68.79,69.08,31.11,55.09,67.4,7.41,20.09,74.66,Average
STU008144,Aryan Verma,ECE,B.Tech,3,5,D,20,100,81.81,36.81,51.38,74.0,7.08,23.82,90.62,Good
STU008145,Aditya Iyer,IT,B.Tech,1,2,C,19,74.59,68.52,34.71,65.45,65.03,7.91,12.61,71.51,Average
STU008146,Nikhil Verma,AI & DS,B.Tech,1,1,D,18,79.32,77.12,33.21,51.05,76.05,7.82,25.07,74.57,Good
STU008147,Sanjay Singh,Mechanical,B.Tech,3,5,A,20,90.07,76.0,33.92,66.98,65.64,7.47,26.74,93.44,Average
STU008148,Aarav Sharma,ECE,B.Tech,3,6,A,21,80.55,62.78,30.18,58.19,61.87,7.53,19.86,64.62,Average
STU008149,Varun Krishnan,CSE,B.Tech,4,8,C,22,78.58,66.24,25.61,56.55,68.29,7.98,18.41,68.0,Average
STU008150,Tanvi Joshi,IT,B.Tech,1,2,B,18,80.23,81.32,41.83,81.87,93.0,8.84,24.04,75.83,Excellent
STU008151,Varun Iyer,AI & DS,B.Tech,3,5,A,21,85.34,73.24,30.33,61.31,79.01,7.67,19.76,79.88,Good
STU008152,Nisha Mishra,CSE,B.Tech,4,7,A,21,73.99,57.1,30.86,54.0,66.49,7.92,19.2,67.53,Average
STU008153,Shreya Chatterjee,AI & DS,B.Tech,2,4,D,21,66.0,86.12,36.99,68.96,86.13,8.2,19.32,79.85,Average
STU008154,Meera Rao,AI & DS,B.Tech,2,3,A,20,72.79,71.33,39.02,65.39,79.86,8.35,23.1,80.46,Average
STU008155,Sneha Das,CSE,M.Tech,2,4,D,23,70.99,79.5,29.42,69.52,79.46,8.89,24.63,75.73,Average
STU008156,Varun Mishra,ECE,B.Tech,3,6,A,20,84.46,71.47,32.06,65.39,68.35,8.81,16.71,79.89,Average
STU008157,Aryan Shah,Mechanical,B.Tech,3,5,B,21,71.9,79.6,33.51,70.89,80.24,8.34,20.12,72.83,Average
STU008158,Surya Chatterjee,Mechanical,B.Tech,3,5,D,22,83.95,72.05,33.83,64.95,92.37,7.46,22.56,77.93,Excellent
STU008159,Rohan Krishnan,IT,B.Tech,2,4,B,21,82.59,75.81,31.67,66.65,62.62,6.72,20.16,77.75,Average
STU008160,Pooja Iyer,CSE,B.Tech,3,6,D,20,84.04,78.12,41.59,75.26,80.23,9.44,26.13,90.22,Good
STU008161,Aarav Joshi,AI & DS,B.Tech,2,4,D,19,72.66,78.52,35.92,81.0,69.91,8.84,28.55,82.44,Average
STU008162,Meera Iyer,Civil,B.Tech,4,7,D,21,72.23,61.6,23.93,59.6,70.72,6.46,18.77,54.54,Average
STU008163,Surya Shah,CSE,B.Tech,4,7,D,22,69.54,76.63,40.14,58.22,74.0,8.03,22.34,72.9,Average
STU008164,Ananya Bose,IT,B.Tech,3,6,A,21,90.58,62.31,33.54,62.0,72.87,7.62,22.99,69.28,Good
STU008165,Karan Sharma,CSE,B.Tech,3,6,B,22,86.63,71.44,32.54,54.71,72.9,7.68,21.14,81.53,Good
STU008166,Sai Krishnan,Mechanical,M.Tech,1,2,C,23,75.7,71.89,27.88,71.14,80.33,7.38,25.73,80.55,Good
STU008167,Ishaan Patel,Civil,B.Tech,3,5,C,20,77.29,75.62,34.09,70.34,76.22,8.22,26.72,72.83,Good
STU008168,Aditya Shah,Mechanical,B.Tech,1,2,D,19,74.59,77.23,33.25,53.91,73.56,7.91,19.31,71.39,Average
STU008169,Rahul Bose,Mechanical,B.Tech,3,5,B,21,71.31,73.79,32.16,55.67,70.97,7.95,12.85,69.11,Average
STU008170,Arjun Rao,ECE,B.Tech,3,5,D,21,76.71,69.08,33.65,60.36,71.03,7.91,17.25,67.8,Good
STU008171,Shreya Sharma,ECE,M.Tech,1,1,A,24,70.82,60.56,28.81,68.81,73.62,7.85,20.24,72.98,Average
STU008172,Pooja Pillai,Mechanical,B.Tech,1,1,A,18,83.76,86.21,42.52,90.61,81.92,8.57,28.49,79.61,Good
STU008173,Sanjay Bose,Civil,B.Tech,1,2,A,19,77.21,68.31,34.52,60.68,64.52,8.23,24.24,79.22,Average
STU008174,Sai Menon,IT,B.Tech,1,2,C,18,85.63,78.67,33.85,65.93,77.71,7.99,22.48,80.85,Good
STU008175,Yash Gupta,AI & DS,B.Tech,3,6,A,21,86.04,76.21,33.66,68.6,80.68,7.96,24.5,81.12,Good
STU008176,Aarav Kumar,CSE,B.Tech,3,6,B,21,82.98,82.28,39.67,61.24,77.49,8.35,19.27,75.84,Good
STU008177,Kavya Rao,IT,B.Tech,3,5,D,20,83.5,82.82,34.48,64.84,91.68,8.74,23.57,88.58,Excellent
STU008178,Riya Sharma,AI & DS,B.Tech,2,4,B,19,79.82,60.06,32.78,56.44,63.25,8.45,17.55,74.08,Average
STU008179,Aditi Menon,IT,B.Tech,4,7,C,22,84.62,71.68,30.99,63.71,78.33,8.01,23.43,70.93,Good
STU008180,Aditya Das,CSE,B.Tech,3,6,B,22,64.67,66.64,30.75,53.13,64.27,7.76,16.59,65.57,At Risk
STU008181,Akash Chatterjee,AI & DS,B.Tech,4,8,A,23,69.25,62.66,25.15,52.49,63.9,6.77,16.81,74.7,Average
STU008182,Bhavya Verma,AI & DS,B.Tech,3,6,C,22,88.81,76.95,35.25,65.29,89.39,7.91,25.54,69.21,Excellent
STU008183,Meera Nair,ECE,B.Tech,1,1,C,18,86.52,66.5,36.1,72.74,76.13,8.46,22.65,71.98,Good
STU008184,Isha Iyer,Mechanical,B.Tech,2,3,D,19,74.33,87.82,44.77,74.9,87.09,9.19,25.4,68.98,Average
STU008185,Varun Mishra,CSE,B.Tech,4,7,B,23,61.86,66.32,32.41,59.62,70.62,7.58,17.25,75.86,At Risk
STU008186,Ananya Joshi,CSE,B.Tech,1,2,D,20,64.22,59.84,30.48,62.71,85.51,8.96,12.25,66.98,At Risk
STU008187,Aditi Kumar,CSE,B.Tech,4,8,C,23,84.8,80.16,27.7,75.32,89.46,8.17,23.9,81.21,Excellent
STU008188,Zoya Reddy,IT,B.Tech,1,2,A,18,88.45,78.97,36.62,56.73,69.93,8.49,23.15,67.27,Average
STU008189,Isha Krishnan,CSE,B.Tech,1,2,C,18,85.0,83.93,37.2,55.66,77.36,7.69,19.95,81.45,Good
STU008190,Yash Rao,AI & DS,B.Tech,1,2,A,20,84.45,82.3,29.33,59.59,86.13,9.35,23.68,66.85,Excellent
STU008191,Aarav Patel,Mechanical,B.Tech,4,7,D,23,85.77,60.43,26.39,52.66,63.39,7.69,19.92,65.59,Average
STU008192,Rahul Sharma,EEE,B.Tech,1,1,C,20,61.24,68.74,30.33,62.73,64.06,7.65,20.61,62.57,At Risk
STU008193,Aditya Krishnan,ECE,B.Tech,4,7,A,23,70.56,74.35,31.28,64.49,65.89,8.03,23.39,65.1,Average
STU008194,Sneha Joshi,EEE,B.Tech,2,4,B,21,89.56,78.76,31.59,66.51,66.32,7.8,22.12,77.27,Average
STU008195,Sai Reddy,Civil,B.Tech,4,7,C,21,88.05,63.22,32.33,65.9,74.13,8.09,20.09,69.89,Good
STU008196,Vikram Patel,ECE,B.Tech,2,3,A,21,94.43,87.99,38.29,74.33,85.56,8.49,28.79,81.39,Excellent
STU008197,Rohan Gupta,CSE,B.Tech,2,3,B,21,100,77.04,31.67,58.7,68.79,7.75,25.87,88.57,Average
STU008198,Krishna Pillai,Civil,B.Tech,1,1,D,19,84.28,64.42,27.56,61.34,70.11,8.0,22.89,92.75,Good
STU008199,Bhavya Reddy,ECE,B.Tech,3,5,D,21,72.86,78.1,36.82,64.14,71.24,7.51,17.39,73.79,Average
STU008200,Nisha Mishra,CSE,B.Tech,4,8,D,22,71.1,68.22,30.4,61.55,69.15,8.06,17.29,72.5,Average
STU008201,Akash Patel,ECE,B.Tech,1,1,B,20,82.77,63.1,31.24,66.85,65.05,6.95,22.92,88.75,Average
STU008202,Manish Singh,AI & DS,M.Tech,2,4,C,24,86.56,84.53,39.43,69.43,74.73,8.42,24.9,96.57,Good
STU008203,Meera Shah,CSE,B.Tech,4,7,C,23,78.13,61.39,34.43,61.22,63.14,8.08,25.92,82.53,Average
STU008204,Akash Kumar,ECE,B.Tech,2,4,D,19,66.83,58.62,28.54,48.52,58.37,6.85,22.88,67.44,Average
STU008205,Kavya Menon,AI & DS,B.Tech,2,4,A,19,80.3,70.74,35.4,64.92,68.23,7.89,24.67,62.94,Average
STU008206,Sneha Pillai,IT,B.Tech,3,5,A,21,87.06,87.24,39.77,71.63,80.48,8.23,25.71,76.1,Good
STU008207,Sai Reddy,CSE,B.Tech,4,7,C,21,74.48,72.59,30.86,66.94,65.17,7.65,19.39,69.81,Average
STU008208,Aditya Iyer,Mechanical,B.Tech,1,1,D,19,73.19,71.83,37.92,59.78,71.46,7.95,26.6,78.24,Average
STU008209,Rahul Patel,CSE,B.Tech,4,7,C,21,72.49,75.55,32.93,70.24,85.62,7.05,18.32,73.83,Average
STU008210,Sanjay Mehta,CSE,B.Tech,3,6,B,20,92.84,70.4,27.1,55.35,60.09,7.6,23.79,83.21,Average
STU008211,Ishaan Kumar,AI & DS,B.Tech,4,8,B,21,85.91,56.55,21.5,56.68,70.26,7.39,17.36,65.39,Good
STU008212,Sneha Krishnan,Civil,M.Tech,2,4,A,23,87.97,64.72,30.32,69.1,79.45,6.81,18.99,82.31,Good
STU008213,Rahul Mishra,CSE,B.Tech,3,6,C,21,78.59,77.36,42.44,76.57,79.98,8.39,23.35,83.87,Good
STU008214,Meera Nair,ECE,B.Tech,4,8,D,21,85.85,59.77,21.47,42.42,61.91,7.71,21.73,64.77,Average
STU008215,Diya Nair,CSE,B.Tech,4,8,D,21,72.64,76.93,27.96,74.93,77.92,7.64,21.14,68.41,Average
STU008216,Yash Menon,EEE,B.Tech,3,5,B,20,75.89,70.15,34.59,53.42,78.84,7.98,20.58,72.89,Good
STU008217,Pooja Shah,CSE,B.Tech,4,7,B,21,93.53,80.45,38.83,78.89,80.99,7.81,29.39,78.61,Good
STU008218,Aditi Pillai,CSE,B.Tech,1,1,B,18,72.33,70.04,32.94,70.54,60.57,7.41,18.52,82.8,Average
STU008219,Nisha Mehta,EEE,B.Tech,4,7,B,21,90.58,80.12,34.11,66.2,82.53,8.98,26.27,74.89,Good
STU008220,Aarav Pillai,IT,B.Tech,2,3,B,20,75.39,73.01,36.55,64.33,78.09,7.73,22.51,78.16,Good
STU008221,Aditi Krishnan,ECE,B.Tech,3,6,D,20,86.69,88.84,41.24,76.78,78.14,7.73,25.32,70.61,Good
STU008222,Bhavya Bose,CSE,B.Tech,1,2,A,19,95.46,76.8,34.98,67.59,77.17,8.63,23.12,81.3,Good
STU008223,Sanjay Rao,ECE,B.Tech,1,1,A,20,77.56,69.9,29.4,79.11,76.1,8.27,20.74,73.08,Good
STU008224,Arjun Rao,IT,B.Tech,3,5,A,20,85.58,91.72,38.21,76.35,70.15,8.74,27.98,94.16,Good
STU008225,Aryan Das,Mechanical,B.Tech,1,2,D,18,64.42,78.45,37.47,70.0,83.47,6.96,17.12,58.61,At Risk
STU008226,Sneha Mishra,AI & DS,B.Tech,4,7,B,22,88.73,78.18,34.52,44.87,87.83,7.73,23.56,77.71,Excellent
STU008227,Aditi Iyer,CSE,B.Tech,3,6,C,22,63.99,61.65,30.53,63.06,63.1,8.0,23.48,91.0,At Risk
STU008228,Ishaan Chatterjee,AI & DS,M.Tech,1,1,D,22,77.3,73.81,36.8,60.95,78.41,7.96,24.73,79.17,Good
STU008229,Ananya Nair,CSE,B.Tech,4,8,A,22,78.49,73.06,33.66,65.72,75.52,8.0,16.08,79.58,Good
STU008230,Yash Gupta,ECE,B.Tech,3,6,A,22,93.2,59.28,27.28,65.64,76.66,7.44,18.02,80.54,Good
STU008231,Vikram Das,CSE,B.Tech,2,4,B,20,80.19,66.48,35.38,62.47,66.41,7.94,19.5,69.81,Average
STU008232,Akash Bose,AI & DS,B.Tech,1,1,B,20,87.61,77.26,32.96,63.27,74.99,8.5,23.5,84.44,Good
STU008233,Nikhil Sharma,Mechanical,B.Tech,4,8,B,22,75.93,81.03,40.75,64.23,77.31,7.76,19.78,73.93,Good
STU008234,Aryan Mehta,CSE,B.Tech,2,4,D,21,66.45,85.14,42.95,76.58,72.95,9.47,24.81,74.58,Average
STU008235,Yash Das,Mechanical,B.Tech,4,8,B,22,75.97,59.8,29.17,44.47,65.49,7.6,10.64,61.69,Average
STU008236,Krishna Chatterjee,Mechanical,B.Tech,2,3,A,19,79.13,60.36,29.92,56.22,68.34,7.36,17.96,73.78,Average
STU008237,Kavya Patel,ECE,B.Tech,2,3,A,20,82.93,78.58,38.98,75.5,81.82,8.49,16.42,71.05,Good
STU008238,Kavya Singh,IT,B.Tech,3,5,B,22,79.79,80.82,39.96,67.33,75.2,7.47,21.68,81.36,Good
STU008239,Nisha Menon,IT,B.Tech,1,1,A,18,87.27,94.24,41.18,71.87,95.92,7.22,26.88,88.57,Excellent
STU008240,Ishaan Gupta,CSE,B.Tech,1,1,C,19,86.72,83.32,41.7,78.44,86.13,8.55,19.22,92.66,Excellent
STU008241,Sneha Patel,AI & DS,M.Tech,1,1,B,22,76.17,77.97,36.88,68.13,81.53,8.04,21.1,74.29,Good
STU008242,Manish Das,CSE,B.Tech,2,3,C,19,88.22,70.64,36.1,60.04,67.88,7.62,24.48,82.06,Average
STU008243,Varun Menon,Mechanical,B.Tech,2,4,A,20,54.91,76.96,33.27,72.74,76.78,8.5,17.71,56.49,At Risk
STU008244,Bhavya Iyer,AI & DS,B.Tech,4,8,A,23,75.37,68.26,28.68,66.7,55.65,8.35,22.36,71.75,Average
STU008245,Krishna Chatterjee,CSE,B.Tech,2,3,C,20,78.81,68.46,31.63,65.51,79.53,7.92,20.28,83.03,Good
STU008246,Surya Gupta,AI & DS,B.Tech,2,4,C,20,94.12,81.21,36.0,70.86,79.48,8.68,18.78,91.85,Good
STU008247,Aarav Patel,IT,B.Tech,1,1,B,19,87.66,90.91,37.31,71.6,87.96,9.14,21.77,85.58,Excellent
STU008248,Sanjay Reddy,CSE,B.Tech,3,6,C,22,79.46,60.48,33.75,50.76,45.98,7.9,18.41,72.99,At Risk
STU008249,Ishaan Chatterjee,EEE,B.Tech,3,5,D,22,81.67,64.09,28.91,56.7,65.01,7.72,19.87,80.88,Average
STU008250,Varun Menon,ECE,M.Tech,1,2,C,25,80.74,73.12,31.49,67.28,79.78,7.4,20.75,68.06,Good
STU008251,Kavya Krishnan,Mechanical,B.Tech,1,1,A,18,81.76,65.6,28.14,50.66,60.79,7.46,25.19,78.61,Average
STU008252,Yash Bose,EEE,B.Tech,4,8,A,21,78.74,55.81,29.96,55.92,67.76,7.22,18.92,82.29,Average
STU008253,Zoya Shah,AI & DS,B.Tech,2,4,C,21,91.08,67.64,31.66,68.71,70.05,7.39,23.06,75.4,Good
STU008254,Aarav Krishnan,CSE,B.Tech,2,4,A,21,86.51,80.1,42.84,88.59,94.83,8.58,18.68,67.1,Excellent
STU008255,Karan Pillai,IT,B.Tech,1,2,C,18,72.43,70.69,32.87,54.91,63.0,7.32,18.39,60.88,Average
STU008256,Nisha Joshi,AI & DS,B.Tech,3,6,C,22,78.53,70.93,36.5,57.43,85.07,8.39,20.02,86.04,Good
STU008257,Akash Gupta,CSE,B.Tech,1,1,C,20,100,76.18,35.65,76.36,88.39,8.25,24.08,84.1,Excellent
STU008258,Shreya Mishra,Mechanical,B.Tech,3,6,A,21,69.57,79.99,33.37,71.45,61.55,8.06,19.08,71.61,Average
STU008259,Sai Verma,ECE,B.Tech,2,3,D,21,72.6,65.44,28.13,60.21,53.72,6.49,15.23,75.08,At Risk
STU008260,Aditi Kumar,Civil,B.Tech,3,5,B,22,92.72,67.64,30.8,64.75,63.22,7.47,25.08,84.12,Average
STU008261,Rahul Bose,AI & DS,B.Tech,1,1,C,19,85.91,78.65,41.3,78.68,84.55,8.91,21.96,85.58,Good
STU008262,Ananya Rao,AI & DS,B.Tech,1,1,C,19,96.89,69.47,32.36,64.85,83.85,7.8,21.16,79.74,Good
STU008263,Varun Mishra,CSE,B.Tech,1,2,C,20,73.4,89.78,34.6,74.89,91.88,8.38,20.84,78.13,Average
STU008264,Nisha Reddy,ECE,B.Tech,4,7,A,22,83.86,85.9,34.92,71.87,85.03,8.3,26.85,83.07,Excellent
STU008265,Isha Mehta,CSE,B.Tech,2,4,A,21,78.14,63.08,32.39,53.85,47.58,8.1,11.25,81.89,At Risk
STU008266,Yash Rao,Civil,B.Tech,1,1,A,19,86.5,84.64,38.96,70.3,77.8,7.99,25.33,78.29,Good
STU008267,Shreya Reddy,ECE,B.Tech,4,7,A,22,80.63,66.53,31.64,56.92,59.48,7.62,17.23,58.39,Average
STU008268,Meera Chatterjee,ECE,B.Tech,2,4,C,20,66.04,65.22,34.97,57.53,56.71,7.42,17.12,72.92,Average
STU008269,Nisha Rao,Mechanical,B.Tech,4,7,B,23,85.94,89.61,37.54,87.95,88.89,8.3,27.44,82.8,Excellent
STU008270,Aditi Verma,IT,B.Tech,1,2,C,19,87.9,70.03,34.97,62.41,78.33,8.62,17.89,82.98,Good
STU008271,Sanjay Patel,Civil,B.Tech,3,6,B,22,85.59,72.82,36.49,63.66,69.7,7.64,22.83,83.08,Average
STU008272,Karan Sharma,CSE,B.Tech,2,3,D,20,76.54,75.34,38.53,60.29,83.42,8.37,25.82,88.75,Good
STU008273,Pooja Singh,CSE,B.Tech,3,6,D,22,74.62,74.57,36.03,64.94,80.64,8.08,18.81,78.87,Average
STU008274,Kavya Menon,ECE,B.Tech,1,1,A,19,80.72,79.91,41.86,65.07,79.93,8.51,19.72,71.19,Good
STU008275,Tanvi Nair,ECE,B.Tech,2,3,A,20,77.01,65.57,32.17,69.71,85.35,8.44,18.42,78.94,Good
STU008276,Vikram Reddy,Civil,B.Tech,2,3,B,20,91.66,72.69,34.61,61.39,82.58,8.32,20.44,88.43,Good
STU008277,Isha Mehta,ECE,B.Tech,2,4,A,20,77.93,71.71,37.94,63.74,77.35,7.06,17.45,89.98,Good
STU008278,Ishaan Joshi,ECE,B.Tech,4,7,C,21,69.02,65.94,29.0,56.55,65.69,7.38,20.91,72.75,Average
STU008279,Surya Patel,EEE,B.Tech,1,1,B,18,71.0,64.18,31.36,62.34,69.19,7.67,18.12,59.05,Average
STU008280,Bhavya Chatterjee,EEE,B.Tech,3,6,B,20,79.82,72.25,29.06,59.56,64.21,6.83,21.34,71.09,Average
STU008281,Shreya Gupta,EEE,B.Tech,2,4,C,19,76.51,72.51,33.33,57.78,60.24,7.43,16.68,74.34,Average
STU008282,Nikhil Kumar,Civil,B.Tech,3,5,B,21,91.32,73.34,32.77,71.22,74.64,8.5,19.97,75.44,Good
STU008283,Ananya Bose,EEE,B.Tech,1,2,D,20,73.41,77.3,34.51,62.5,77.5,8.21,25.04,68.13,Average
STU008284,Riya Sharma,CSE,B.Tech,3,6,D,21,85.88,67.12,36.73,67.08,76.7,6.87,23.4,73.07,Good
STU008285,Kavya Iyer,CSE,B.Tech,4,7,B,22,87.15,73.52,31.47,59.43,68.18,8.13,18.1,81.12,Average
STU008286,Arjun Krishnan,CSE,B.Tech,4,8,B,22,88.44,77.54,38.95,69.25,85.12,7.68,19.65,71.7,Excellent
STU008287,Aditya Rao,IT,B.Tech,1,1,C,20,75.77,69.58,35.23,51.79,72.23,7.79,17.23,76.42,Good
STU008288,Zoya Menon,Mechanical,B.Tech,2,3,A,21,68.77,84.97,33.89,69.74,85.06,8.91,20.22,68.78,Average
STU008289,Krishna Nair,CSE,M.Tech,2,4,A,26,86.32,74.51,33.2,62.24,75.22,7.49,19.07,69.35,Good
STU008290,Aarav Iyer,Civil,B.Tech,2,4,D,19,79.17,65.22,33.3,68.54,77.86,7.87,18.94,70.33,Good
STU008291,Aarav Gupta,ECE,B.Tech,1,1,A,20,76.66,74.74,38.64,85.54,81.67,8.48,21.53,78.08,Good
STU008292,Rohan Iyer,AI & DS,B.Tech,3,5,A,20,68.82,63.92,29.57,51.42,75.99,7.92,17.1,62.79,Average
STU008293,Surya Das,Civil,B.Tech,2,3,C,21,79.58,69.49,33.98,52.66,73.53,7.53,23.88,67.32,Good
STU008294,Ishaan Verma,EEE,M.Tech,1,2,C,24,79.96,77.29,32.91,59.48,71.94,7.84,19.09,76.49,Good
STU008295,Sanjay Iyer,Mechanical,B.Tech,2,3,D,19,81.96,75.24,31.53,51.11,65.87,8.71,19.63,79.15,Average
STU008296,Varun Reddy,Mechanical,B.Tech,3,6,A,21,82.55,82.07,36.56,58.98,91.83,8.02,22.9,89.98,Excellent
STU008297,Shreya Joshi,CSE,B.Tech,3,6,C,21,89.35,83.04,36.49,70.28,85.77,7.89,23.41,73.59,Excellent
STU008298,Vikram Pillai,AI & DS,B.Tech,2,4,C,19,76.61,71.9,26.61,68.9,67.44,7.97,20.95,61.6,Average
STU008299,Akash Iyer,CSE,B.Tech,1,1,B,20,88.51,64.46,32.2,58.5,73.22,7.24,19.24,88.76,Good
STU008300,Surya Singh,ECE,B.Tech,1,2,D,18,80.28,81.34,35.33,66.31,74.03,8.34,22.56,79.58,Good
STU008301,Shreya Joshi,CSE,B.Tech,3,6,A,21,64.36,78.49,38.12,61.3,71.22,8.09,15.98,64.64,At Risk
STU008302,Surya Iyer,CSE,B.Tech,3,5,D,22,74.08,71.01,31.61,69.66,75.86,7.74,16.51,71.83,Average
STU008303,Rohan Reddy,AI & DS,B.Tech,4,7,A,23,84.57,68.0,36.43,58.75,70.44,8.32,25.27,71.11,Good
STU008304,Karan Verma,Mechanical,B.Tech,3,6,D,22,80.02,79.2,33.45,60.09,83.21,7.94,17.17,75.15,Good
STU008305,Karan Rao,CSE,B.Tech,4,7,D,23,88.76,77.93,30.17,52.46,76.78,7.83,20.23,77.47,Good
STU008306,Rahul Bose,CSE,B.Tech,4,8,C,22,72.44,64.26,28.87,57.29,69.65,7.51,17.66,69.82,Average
STU008307,Varun Bose,Mechanical,B.Tech,1,2,A,20,78.21,80.77,35.93,61.97,80.25,7.33,18.62,83.53,Good
STU008308,Shreya Verma,Mechanical,B.Tech,4,8,B,21,73.95,58.32,27.52,55.28,60.17,6.84,13.32,67.28,Average
STU008309,Rahul Verma,EEE,M.Tech,1,1,D,24,61.1,56.85,25.58,55.56,65.47,7.95,18.95,76.28,At Risk
STU008310,Aditi Chatterjee,EEE,B.Tech,2,3,A,21,83.3,80.62,36.47,73.75,72.93,8.18,26.25,69.29,Good
STU008311,Manish Sharma,IT,B.Tech,3,6,C,22,74.61,75.27,37.5,66.02,67.85,8.79,19.37,75.24,Average
STU008312,Diya Bose,ECE,B.Tech,1,1,C,20,70.93,71.35,41.05,63.07,73.89,7.41,20.63,76.5,Average
STU008313,Tanvi Iyer,CSE,B.Tech,3,5,B,22,78.67,67.17,31.14,57.21,59.36,6.23,23.75,74.06,Average
STU008314,Aditya Pillai,Civil,B.Tech,1,2,B,20,69.66,76.98,35.02,63.45,68.97,7.94,24.63,75.1,Average
STU008315,Krishna Bose,ECE,B.Tech,3,6,C,22,89.34,80.55,33.77,64.92,76.88,8.45,20.57,100,Good
STU008316,Zoya Bose,AI & DS,B.Tech,1,2,B,20,79.7,76.38,30.22,64.56,62.36,8.44,21.19,75.43,Average
STU008317,Krishna Bose,CSE,B.Tech,2,3,A,21,65.06,83.38,40.76,65.35,75.64,7.34,15.01,73.28,Average
STU008318,Sai Singh,CSE,B.Tech,1,2,B,19,84.8,60.54,30.74,58.05,70.27,7.76,21.69,80.24,Good
STU008319,Diya Krishnan,Mechanical,M.Tech,1,1,B,23,67.22,83.14,36.06,74.84,79.24,7.38,21.68,80.02,Average
STU008320,Aditi Krishnan,EEE,B.Tech,2,3,B,21,67.5,79.37,36.91,66.06,81.03,8.96,12.48,72.58,Average
STU008321,Nikhil Iyer,CSE,M.Tech,2,3,D,24,70.33,77.79,34.9,54.9,95.79,8.02,24.64,86.24,Average
STU008322,Zoya Mishra,ECE,B.Tech,4,8,C,23,75.5,65.67,31.33,65.77,63.36,7.65,17.7,64.57,Average
STU008323,Manish Bose,CSE,M.Tech,1,2,B,25,80.62,66.54,32.52,53.64,50.07,7.39,21.52,80.61,At Risk
STU008324,Nikhil Joshi,Mechanical,B.Tech,4,7,D,21,85.63,76.25,36.22,76.22,81.27,8.97,21.7,86.21,Good
STU008325,Zoya Kumar,AI & DS,B.Tech,4,8,A,23,83.95,70.43,35.25,46.36,70.01,7.59,21.44,71.43,Good
STU008326,Arjun Mehta,IT,B.Tech,2,4,D,21,71.24,68.3,36.14,57.03,65.93,7.63,23.2,55.17,Average
STU008327,Nikhil Verma,CSE,M.Tech,1,2,C,25,80.66,70.48,25.85,53.76,72.47,8.26,24.82,66.21,Good
STU008328,Bhavya Patel,IT,B.Tech,1,1,B,20,77.38,75.52,32.6,63.02,77.44,7.71,19.77,78.39,Good
STU008329,Shreya Bose,ECE,B.Tech,2,4,A,19,81.24,69.76,37.62,49.23,77.29,8.27,22.63,72.85,Good
STU008330,Rohan Joshi,CSE,B.Tech,1,2,D,20,77.04,71.37,27.61,66.9,71.77,7.51,24.53,86.29,Good
STU008331,Ananya Singh,AI & DS,B.Tech,2,3,A,21,83.87,64.54,35.64,66.9,90.64,8.19,22.11,70.21,Excellent
STU008332,Isha Mishra,CSE,M.Tech,2,4,D,23,93.98,61.58,28.24,59.32,67.67,7.39,18.49,78.17,Average
STU008333,Sai Shah,CSE,B.Tech,4,7,B,22,71.19,65.3,32.52,60.12,72.53,7.7,17.85,74.48,Average
STU008334,Surya Bose,EEE,B.Tech,3,5,B,21,87.05,68.56,33.48,62.25,58.33,7.69,20.2,80.06,Average
STU008335,Aarav Bose,AI & DS,B.Tech,1,2,D,20,72.18,64.71,34.83,52.63,78.48,7.63,24.49,73.69,Average
STU008336,Ishaan Das,AI & DS,B.Tech,3,6,B,21,83.43,79.58,37.81,73.37,85.4,8.54,22.12,73.14,Excellent
STU008337,Ishaan Shah,CSE,B.Tech,4,8,D,22,96.33,84.49,32.32,65.45,84.53,8.15,22.13,86.84,Good
STU008338,Aditi Iyer,ECE,M.Tech,2,4,B,26,73.09,65.49,31.11,54.87,67.32,8.15,20.42,82.08,Average
STU008339,Varun Iyer,IT,B.Tech,1,2,B,18,85.35,76.71,33.59,66.71,81.18,7.77,25.32,83.42,Good
STU008340,Zoya Kumar,Mechanical,B.Tech,2,4,D,19,75.38,67.39,26.39,65.73,59.03,7.25,18.91,79.73,Average
STU008341,Ishaan Singh,ECE,B.Tech,2,4,D,21,87.96,75.03,34.83,52.95,71.41,8.21,21.15,85.95,Good
STU008342,Isha Kumar,Mechanical,B.Tech,4,7,D,22,72.08,82.36,36.61,74.76,84.38,8.91,20.96,77.7,Average
STU008343,Surya Singh,ECE,B.Tech,3,5,C,22,64.64,76.38,33.15,68.66,73.98,7.92,17.06,65.32,At Risk
STU008344,Rohan Sharma,Mechanical,B.Tech,1,2,D,20,71.36,74.56,28.85,59.91,60.92,7.61,22.03,73.3,Average
STU008345,Bhavya Das,ECE,B.Tech,2,4,C,19,74.97,66.84,28.59,62.57,71.69,7.56,19.71,65.81,Average
STU008346,Bhavya Reddy,IT,M.Tech,1,1,C,23,78.36,55.41,28.86,62.2,67.8,7.76,20.03,80.21,Average
STU008347,Sai Kumar,AI & DS,B.Tech,3,6,A,22,82.81,74.41,39.73,80.38,92.12,9.16,21.08,65.42,Excellent
STU008348,Sai Joshi,IT,B.Tech,3,6,B,21,74.61,80.39,35.32,80.91,86.99,9.07,25.45,78.29,Average
STU008349,Akash Reddy,EEE,B.Tech,3,6,D,22,78.14,81.17,33.87,75.72,77.85,8.49,23.61,80.69,Good
STU008350,Sneha Verma,AI & DS,B.Tech,1,1,C,20,86.54,82.05,40.48,79.4,64.82,7.52,26.05,84.07,Average
STU008351,Meera Chatterjee,Civil,B.Tech,3,6,C,21,83.73,77.58,32.65,75.14,75.94,7.62,22.76,84.58,Good
STU008352,Ishaan Bose,IT,B.Tech,3,6,A,21,79.78,67.67,28.83,62.83,81.11,8.76,16.08,80.28,Good
STU008353,Vikram Sharma,AI & DS,B.Tech,1,1,D,19,72.21,71.78,36.08,79.9,77.73,7.95,23.06,71.15,Average
STU008354,Arjun Pillai,CSE,B.Tech,3,6,C,21,82.26,81.12,37.51,66.08,74.63,8.61,19.38,76.6,Good
STU008355,Ananya Gupta,Mechanical,B.Tech,4,8,D,23,65.89,68.52,35.68,57.68,70.74,7.72,17.1,83.4,Average
STU008356,Aditi Sharma,CSE,B.Tech,1,2,C,18,65.61,64.47,26.47,51.87,68.3,7.0,16.9,68.44,Average
STU008357,Ishaan Pillai,ECE,B.Tech,3,5,D,21,85.36,83.8,36.94,62.59,88.6,8.41,21.65,69.94,Excellent
STU008358,Krishna Das,Civil,M.Tech,1,2,C,24,81.82,71.98,35.66,60.43,69.79,7.74,21.91,72.79,Average
STU008359,Aryan Krishnan,IT,B.Tech,1,1,A,19,93.39,79.96,42.65,74.39,82.62,7.83,27.29,94.81,Good
STU008360,Zoya Kumar,AI & DS,B.Tech,1,2,D,20,93.39,87.46,37.02,74.43,78.72,8.0,25.87,81.97,Good
STU008361,Ishaan Reddy,ECE,B.Tech,4,8,A,22,80.23,89.66,38.62,68.12,83.9,8.21,23.61,92.13,Good
STU008362,Ananya Iyer,Mechanical,B.Tech,2,4,B,21,75.92,63.86,32.32,60.77,57.21,8.2,14.81,82.08,Average
STU008363,Karan Menon,AI & DS,M.Tech,1,1,C,24,76.2,62.94,36.08,75.5,77.25,7.65,21.68,74.47,Good
STU008364,Nikhil Kumar,EEE,B.Tech,3,6,C,20,74.34,71.18,35.32,59.1,65.56,7.64,20.26,67.81,Average
STU008365,Rahul Reddy,EEE,B.Tech,2,4,B,21,84.7,74.65,34.64,63.68,71.79,7.86,20.36,81.18,Good
STU008366,Karan Menon,Mechanical,B.Tech,4,8,C,23,76.48,75.66,36.29,66.24,61.56,8.18,26.14,81.12,Average
STU008367,Nisha Joshi,ECE,B.Tech,1,1,D,19,85.46,73.12,34.89,61.26,72.88,7.83,19.18,77.56,Good
STU008368,Rohan Menon,AI & DS,B.Tech,4,8,A,21,87.32,63.08,26.49,61.04,62.5,7.45,18.1,77.15,Average
STU008369,Riya Shah,ECE,B.Tech,2,4,A,21,69.15,75.26,32.8,76.8,83.46,7.77,17.6,76.29,Average
STU008370,Zoya Joshi,CSE,B.Tech,4,7,C,22,95.85,87.85,39.05,69.4,79.03,8.0,24.8,89.45,Good
STU008371,Surya Gupta,AI & DS,B.Tech,2,3,D,20,72.55,68.71,33.83,66.18,86.17,7.32,23.22,75.33,Average
STU008372,Yash Mishra,EEE,B.Tech,2,4,C,20,79.41,80.97,33.93,73.4,69.51,7.98,23.23,82.68,Average
STU008373,Rohan Nair,CSE,B.Tech,2,4,C,21,88.95,75.44,35.81,62.03,74.57,8.3,25.48,78.79,Good
STU008374,Rahul Gupta,AI & DS,B.Tech,2,4,A,19,78.4,74.54,32.02,63.37,66.6,7.78,22.75,67.42,Average
STU008375,Zoya Iyer,Mechanical,B.Tech,3,5,A,20,65.3,70.19,34.32,63.28,78.77,7.82,20.42,84.13,Average
STU008376,Kavya Sharma,ECE,B.Tech,3,6,A,20,75.51,69.65,26.85,62.98,55.11,7.13,22.55,72.56,Average
STU008377,Aditya Iyer,Civil,B.Tech,4,8,A,22,92.58,74.62,34.75,66.61,80.5,7.22,27.56,82.88,Good
STU008378,Sai Rao,Mechanical,B.Tech,1,2,C,19,96.46,82.78,39.06,71.46,98.31,8.51,23.82,98.33,Excellent
STU008379,Aditya Chatterjee,ECE,B.Tech,1,1,C,19,79.28,75.23,37.6,72.7,76.66,7.29,24.37,73.92,Good
STU008380,Kavya Rao,ECE,B.Tech,3,5,C,20,89.16,79.54,36.88,58.54,77.26,7.99,14.28,70.16,Good
STU008381,Aarav Patel,CSE,B.Tech,4,7,C,22,68.96,64.52,32.56,72.27,64.18,8.34,9.33,61.42,Average
STU008382,Zoya Joshi,Mechanical,B.Tech,2,3,D,21,65.96,67.06,29.61,61.48,68.01,7.83,23.41,74.51,Average
STU008383,Manish Rao,IT,B.Tech,1,2,C,19,83.38,76.47,31.95,62.11,71.6,7.42,19.02,80.96,Good
STU008384,Arjun Verma,AI & DS,B.Tech,1,2,D,18,89.3,68.84,29.38,73.21,83.87,8.4,22.79,76.28,Good
STU008385,Kavya Joshi,AI & DS,B.Tech,4,7,B,22,73.32,79.96,30.81,71.46,73.07,8.29,23.18,73.7,Average
STU008386,Tanvi Chatterjee,AI & DS,B.Tech,1,2,C,20,64.25,69.38,34.17,65.96,84.55,6.74,17.52,65.49,At Risk
STU008387,Akash Menon,ECE,B.Tech,2,4,A,21,84.1,82.01,37.08,68.69,69.35,8.93,27.66,77.79,Average
STU008388,Sanjay Kumar,ECE,B.Tech,2,3,C,21,65.21,51.67,21.47,44.12,59.23,6.01,15.53,79.28,Average
STU008389,Pooja Nair,Civil,B.Tech,1,1,D,19,71.94,73.63,34.93,62.4,65.68,8.24,23.5,72.43,Average
STU008390,Kavya Joshi,IT,B.Tech,4,8,A,23,75.9,65.48,33.35,50.02,71.26,6.82,17.06,78.7,Good
STU008391,Kavya Menon,Civil,B.Tech,1,2,B,19,90.19,77.56,32.74,67.5,66.89,8.28,22.15,89.0,Average
STU008392,Rahul Pillai,CSE,B.Tech,3,5,D,21,88.07,63.84,28.96,60.75,71.57,8.11,17.31,75.87,Good
STU008393,Aarav Iyer,ECE,B.Tech,4,8,C,22,57.7,74.52,30.34,58.11,78.13,6.94,22.34,76.96,At Risk
STU008394,Aditi Iyer,CSE,B.Tech,1,2,B,20,61.74,59.7,24.87,48.45,47.08,7.68,15.46,61.95,At Risk
STU008395,Aditi Reddy,CSE,B.Tech,2,4,A,20,74.48,64.66,32.12,63.82,75.9,8.08,21.83,75.66,Average
STU008396,Bhavya Singh,AI & DS,B.Tech,4,7,B,21,89.39,74.41,36.28,73.13,72.95,8.95,21.06,75.73,Good
STU008397,Sai Patel,ECE,B.Tech,2,3,A,21,79.0,82.13,42.9,72.34,83.9,8.5,16.19,81.32,Good
STU008398,Surya Pillai,CSE,B.Tech,2,4,A,19,86.03,51.06,25.16,49.6,59.41,6.78,20.34,69.98,Average
STU008399,Varun Das,ECE,B.Tech,2,4,C,20,78.97,76.6,35.5,70.48,69.21,8.29,17.65,75.35,Average
STU008400,Diya Reddy,Mechanical,B.Tech,2,4,C,20,82.85,72.28,31.2,52.37,60.74,7.51,15.96,88.85,Average
STU008401,Surya Reddy,ECE,B.Tech,3,6,A,21,97.28,85.46,39.71,75.88,78.62,8.32,26.2,78.42,Good
STU008402,Bhavya Reddy,ECE,B.Tech,3,6,A,21,76.23,63.28,28.59,50.04,60.51,7.16,15.94,67.97,Average
STU008403,Aarav Patel,CSE,B.Tech,1,1,A,20,84.74,63.6,27.46,47.39,64.89,7.58,17.75,73.89,Average
STU008404,Sanjay Krishnan,ECE,B.Tech,3,6,A,21,59.68,76.32,32.44,59.76,73.66,8.19,15.68,74.86,At Risk
STU008405,Tanvi Joshi,ECE,B.Tech,2,3,D,19,80.66,78.05,34.14,64.8,90.05,8.49,18.72,71.75,Excellent
STU008406,Krishna Sharma,Civil,B.Tech,3,5,B,20,84.91,79.87,34.41,60.29,70.18,8.29,26.25,77.63,Good
STU008407,Meera Bose,Mechanical,B.Tech,4,8,A,23,83.78,82.92,43.91,68.74,91.68,8.91,19.4,87.19,Excellent
STU008408,Diya Bose,EEE,B.Tech,4,8,A,23,67.7,66.3,35.58,67.46,67.21,8.18,19.77,54.33,Average
STU008409,Karan Sharma,ECE,B.Tech,3,6,C,20,69.54,66.37,29.28,59.41,59.5,7.24,20.65,52.17,Average
STU008410,Sanjay Das,Mechanical,B.Tech,2,4,D,21,71.04,69.7,29.69,48.05,61.28,7.41,18.95,61.47,Average
STU008411,Nisha Gupta,CSE,M.Tech,2,3,C,23,98.37,72.29,36.05,70.74,84.99,8.15,27.94,82.84,Good
STU008412,Meera Rao,ECE,M.Tech,1,1,D,24,86.3,71.04,34.46,70.87,64.25,7.43,22.27,84.94,Average
STU008413,Yash Das,AI & DS,B.Tech,4,7,D,22,63.12,70.0,35.0,68.75,75.46,8.03,15.35,75.89,At Risk
STU008414,Shreya Joshi,IT,B.Tech,2,4,C,20,74.3,66.84,32.35,67.85,80.62,8.18,16.7,71.78,Average
STU008415,Bhavya Singh,AI & DS,B.Tech,3,5,D,22,76.38,71.01,28.26,59.84,62.81,7.22,24.07,70.2,Average
STU008416,Tanvi Kumar,ECE,B.Tech,2,4,B,20,96.96,70.97,30.13,60.59,68.01,8.44,28.42,68.16,Average
STU008417,Akash Mishra,AI & DS,B.Tech,4,8,B,23,92.43,71.4,39.25,68.16,68.67,8.28,24.17,72.47,Average
STU008418,Kavya Menon,Civil,B.Tech,4,7,B,21,67.81,76.71,24.15,59.91,81.92,8.14,19.66,72.73,Average
STU008419,Rahul Iyer,CSE,B.Tech,3,5,B,21,85.01,67.03,37.21,65.97,80.39,8.35,25.2,77.6,Good
STU008420,Rohan Rao,AI & DS,B.Tech,3,5,B,22,76.01,73.71,30.42,70.74,75.92,8.57,20.18,72.91,Good
STU008421,Isha Iyer,Mechanical,B.Tech,2,3,D,21,75.34,67.98,26.24,61.37,60.77,6.67,17.19,69.34,Average
STU008422,Riya Mishra,CSE,B.Tech,2,3,B,20,86.47,74.05,31.86,50.2,70.85,7.68,18.96,62.89,Good
STU008423,Diya Pillai,ECE,B.Tech,2,3,A,19,87.26,75.26,35.02,61.39,59.56,7.84,23.3,64.67,Average
STU008424,Nisha Singh,CSE,B.Tech,1,2,D,19,87.17,69.84,33.12,66.92,68.49,7.91,20.79,68.44,Average
STU008425,Ananya Bose,AI & DS,B.Tech,4,8,D,21,62.66,73.38,35.96,79.07,83.09,8.86,21.07,67.04,At Risk
STU008426,Karan Menon,Civil,B.Tech,3,6,B,22,78.91,72.76,31.91,52.16,75.55,8.15,24.59,89.0,Good
STU008427,Varun Mishra,Civil,M.Tech,2,4,C,24,79.17,70.65,34.54,73.15,78.49,8.04,22.47,82.42,Good
STU008428,Zoya Iyer,IT,B.Tech,4,8,D,21,80.98,67.63,34.45,74.06,60.62,7.78,19.44,84.33,Average
STU008429,Sneha Joshi,CSE,B.Tech,4,7,D,22,56.05,69.47,31.3,58.52,78.2,6.75,13.59,70.16,At Risk
STU008430,Akash Kumar,EEE,M.Tech,2,4,A,25,69.51,62.57,28.87,57.87,61.41,6.77,18.39,63.93,Average
STU008431,Aditya Mehta,AI & DS,B.Tech,3,6,D,22,77.92,72.33,30.75,48.09,90.25,8.04,26.44,64.26,Good
STU008432,Meera Krishnan,CSE,B.Tech,4,8,B,21,66.88,65.16,36.21,58.25,75.5,6.83,16.49,65.28,Average
STU008433,Nisha Gupta,EEE,B.Tech,1,1,B,19,73.63,69.78,37.13,58.27,71.52,8.01,19.1,56.86,Average
STU008434,Diya Das,ECE,B.Tech,1,1,D,20,66.09,73.48,32.14,72.36,79.05,8.18,15.48,64.36,Average
STU008435,Aditya Iyer,ECE,M.Tech,1,1,D,23,74.23,74.91,35.18,74.06,78.45,8.2,25.94,80.62,Average
STU008436,Surya Das,AI & DS,B.Tech,2,3,A,19,78.23,65.15,34.59,67.11,57.87,7.99,20.3,63.03,Average
STU008437,Nikhil Chatterjee,CSE,B.Tech,3,5,D,22,73.98,59.65,29.81,50.9,63.64,7.52,22.97,63.71,Average
STU008438,Arjun Das,IT,B.Tech,1,1,C,19,78.45,74.25,32.76,59.65,56.55,8.41,18.69,76.8,Average
STU008439,Rohan Rao,CSE,B.Tech,2,4,C,19,74.22,61.45,32.21,62.11,66.41,8.75,19.13,75.37,Average
STU008440,Meera Pillai,ECE,B.Tech,2,4,A,21,72.73,58.43,27.01,42.44,64.76,6.43,20.13,74.27,Average
STU008441,Karan Das,CSE,B.Tech,3,6,C,22,80.64,70.97,33.55,64.22,64.39,9.06,18.26,91.19,Average
STU008442,Vikram Verma,AI & DS,B.Tech,1,2,A,20,69.02,74.53,34.73,68.28,81.08,7.59,20.4,64.36,Average
STU008443,Meera Mehta,IT,B.Tech,3,5,B,20,72.89,79.21,33.34,61.04,76.24,8.47,17.23,86.48,Average
STU008444,Kavya Chatterjee,CSE,B.Tech,1,1,D,18,78.7,74.98,31.9,49.02,75.75,8.73,23.65,81.76,Good
STU008445,Manish Singh,IT,B.Tech,3,5,D,22,84.91,68.68,30.63,57.45,74.42,7.51,21.14,79.65,Good
STU008446,Shreya Iyer,CSE,B.Tech,1,2,B,19,71.03,68.55,31.83,60.09,71.49,7.56,16.53,62.89,Average
STU008447,Diya Rao,ECE,B.Tech,4,7,B,21,73.3,84.31,37.32,78.76,84.32,9.06,20.48,77.38,Average
STU008448,Pooja Kumar,ECE,B.Tech,3,5,B,20,81.94,81.93,44.23,75.71,80.1,8.37,25.12,71.66,Good
STU008449,Aditya Chatterjee,Mechanical,B.Tech,3,6,C,21,68.46,88.48,37.74,63.25,78.09,8.23,25.28,69.44,Average
STU008450,Bhavya Reddy,AI & DS,B.Tech,2,3,A,21,68.17,65.63,35.51,70.25,68.07,7.57,17.09,66.09,Average
STU008451,Shreya Iyer,CSE,B.Tech,3,5,D,21,73.16,76.29,38.15,65.69,69.51,8.03,13.6,71.09,Average
STU008452,Riya Chatterjee,ECE,M.Tech,1,1,C,23,72.46,61.5,30.09,42.52,60.33,7.49,15.21,58.0,Average
STU008453,Meera Pillai,EEE,M.Tech,1,1,A,24,78.24,75.61,31.39,61.89,70.06,8.56,20.35,74.08,Good
STU008454,Aditi Patel,Mechanical,M.Tech,1,2,C,22,88.89,72.86,34.62,56.22,69.06,7.34,18.59,73.46,Average
STU008455,Yash Iyer,ECE,B.Tech,3,5,B,22,53.87,60.6,26.47,53.26,67.14,7.26,17.27,51.77,At Risk
STU008456,Rohan Iyer,ECE,B.Tech,2,4,C,20,80.06,73.34,32.46,58.33,81.78,7.5,20.43,70.2,Good
STU008457,Sai Mehta,CSE,B.Tech,4,7,B,21,83.95,63.74,37.67,78.65,64.84,7.64,23.08,87.92,Average
STU008458,Rahul Singh,Civil,B.Tech,3,6,D,21,79.52,63.8,30.67,62.45,69.07,7.37,19.1,67.55,Average
STU008459,Arjun Joshi,ECE,B.Tech,1,2,D,19,85.39,72.87,36.91,66.13,74.51,7.66,16.5,77.92,Good
STU008460,Rohan Verma,IT,B.Tech,1,2,C,18,88.63,92.34,47.39,76.74,90.35,8.76,20.49,70.36,Excellent
STU008461,Tanvi Nair,CSE,B.Tech,1,2,D,20,73.59,74.23,33.7,62.44,76.41,8.18,26.02,71.37,Average
STU008462,Nisha Krishnan,AI & DS,B.Tech,2,4,D,19,81.32,77.17,35.09,65.79,78.18,7.4,25.53,84.8,Good
STU008463,Nisha Nair,Mechanical,B.Tech,4,7,D,23,88.8,66.44,26.28,51.94,59.59,7.14,22.29,87.21,Average
STU008464,Sanjay Sharma,CSE,M.Tech,2,4,C,24,82.09,56.39,21.65,50.89,56.93,7.88,18.18,68.56,Average
STU008465,Nikhil Mishra,CSE,B.Tech,4,7,D,22,84.28,93.16,35.67,80.12,93.77,9.05,25.22,77.94,Excellent
STU008466,Isha Singh,CSE,B.Tech,1,2,D,19,89.66,81.07,39.54,81.37,87.38,8.27,25.65,86.72,Excellent
STU008467,Nikhil Rao,IT,B.Tech,4,7,B,21,81.21,71.65,34.41,60.95,58.87,7.01,16.2,76.88,Average
STU008468,Kavya Reddy,ECE,B.Tech,1,2,A,20,80.97,81.01,39.12,71.21,78.19,8.49,22.82,80.55,Good
STU008469,Nisha Krishnan,Civil,B.Tech,1,2,A,19,91.02,79.64,35.88,63.04,88.2,8.56,25.3,84.11,Excellent
STU008470,Varun Das,ECE,B.Tech,4,8,D,22,86.25,73.38,33.53,59.15,68.81,7.99,19.4,71.34,Average
STU008471,Aryan Rao,IT,B.Tech,3,6,C,20,73.52,70.96,32.99,66.84,75.08,8.09,22.67,62.21,Average
STU008472,Sneha Sharma,CSE,B.Tech,2,4,D,19,87.2,86.11,37.24,71.64,91.15,8.58,24.84,92.25,Excellent
STU008473,Sanjay Mishra,IT,B.Tech,3,6,A,22,75.34,58.2,27.31,56.38,66.63,7.3,19.79,71.57,Average
STU008474,Nisha Chatterjee,IT,B.Tech,2,4,D,20,78.44,62.24,24.28,64.18,77.73,7.48,22.97,77.02,Good
STU008475,Ananya Mehta,ECE,B.Tech,2,3,B,21,69.64,61.82,28.97,63.33,63.73,7.81,14.15,66.2,Average
STU008476,Aditya Verma,ECE,B.Tech,1,2,B,18,75.59,78.85,34.04,77.61,72.75,8.96,26.16,75.32,Good
STU008477,Krishna Sharma,AI & DS,B.Tech,2,4,B,19,78.25,65.93,33.24,70.93,73.0,8.2,29.01,77.69,Good
STU008478,Rahul Iyer,AI & DS,B.Tech,2,3,D,20,88.22,72.71,35.51,64.19,67.9,6.9,25.47,76.32,Average
STU008479,Rohan Mehta,CSE,B.Tech,3,5,A,21,76.86,75.07,36.97,68.15,84.68,8.28,22.97,73.99,Good
STU008480,Ananya Reddy,CSE,B.Tech,4,8,B,22,76.02,77.33,34.08,76.58,83.28,8.1,22.4,86.27,Good
STU008481,Vikram Menon,IT,B.Tech,2,4,B,19,97.08,74.3,41.78,61.94,77.1,8.23,18.65,78.41,Good
STU008482,Ananya Singh,CSE,B.Tech,2,3,D,20,70.39,68.44,31.22,82.19,96.6,8.42,21.14,80.74,Average
STU008483,Shreya Iyer,Mechanical,B.Tech,3,6,C,22,74.95,63.18,38.02,60.97,70.55,8.75,23.48,76.93,Average
STU008484,Krishna Patel,CSE,B.Tech,4,7,B,23,88.28,85.2,39.33,68.59,86.86,8.36,23.25,76.52,Excellent
STU008485,Shreya Gupta,EEE,M.Tech,1,2,A,23,83.93,62.67,30.04,57.28,62.82,8.11,19.17,84.12,Average
STU008486,Sai Singh,EEE,B.Tech,1,2,A,20,97.58,72.83,28.6,61.23,62.93,7.82,26.28,88.5,Average
STU008487,Nikhil Pillai,AI & DS,M.Tech,2,4,D,25,86.99,71.76,36.44,70.12,71.06,8.33,20.86,84.81,Good
STU008488,Manish Verma,ECE,B.Tech,2,4,A,20,70.41,71.16,34.49,56.71,69.22,7.57,17.65,63.74,Average
STU008489,Yash Patel,CSE,B.Tech,4,7,A,23,71.16,71.38,28.15,55.34,72.75,7.49,18.09,67.79,Average
STU008490,Zoya Das,IT,B.Tech,3,5,A,21,90.3,73.57,28.31,69.25,77.86,7.61,23.93,79.47,Good
STU008491,Aryan Pillai,AI & DS,B.Tech,4,7,A,22,79.59,69.41,28.6,52.5,74.43,7.29,18.36,70.58,Good
STU008492,Zoya Joshi,AI & DS,B.Tech,3,6,A,21,84.36,84.89,41.0,78.35,100,8.17,16.3,96.64,Excellent
STU008493,Tanvi Kumar,EEE,B.Tech,4,7,A,23,72.43,75.99,33.66,64.4,80.28,8.67,21.37,75.8,Average
STU008494,Vikram Kumar,EEE,B.Tech,1,2,C,18,80.92,80.14,35.37,74.1,82.63,8.65,25.45,76.71,Good
STU008495,Isha Das,IT,B.Tech,2,4,B,21,79.81,73.92,29.5,53.11,78.02,7.56,20.96,58.17,Good
STU008496,Sanjay Das,AI & DS,B.Tech,2,4,C,20,83.17,80.56,39.37,81.85,95.94,8.59,22.99,76.17,Excellent
STU008497,Nikhil Das,CSE,B.Tech,1,1,C,20,78.99,82.13,34.14,72.79,76.31,7.95,25.75,78.17,Good
STU008498,Tanvi Pillai,CSE,B.Tech,1,2,C,18,60.53,68.77,30.23,73.95,69.62,8.06,17.99,75.48,At Risk
STU008499,Sneha Sharma,CSE,B.Tech,4,8,A,23,90.54,86.22,40.37,63.87,89.33,8.44,25.7,82.51,Excellent
STU008500,Zoya Mishra,CSE,B.Tech,3,5,D,21,87.49,87.33,38.89,79.2,83.66,8.06,26.26,78.96,Good
STU008501,Varun Nair,Mechanical,B.Tech,1,2,C,20,76.62,70.82,33.56,51.45,70.02,8.31,17.84,77.96,Good
STU008502,Rohan Sharma,IT,B.Tech,3,6,C,20,84.68,65.68,39.43,71.74,72.72,8.71,27.03,65.91,Good
STU008503,Sneha Mehta,AI & DS,B.Tech,2,3,B,21,81.35,77.72,33.62,68.55,71.08,8.05,24.07,85.52,Good
STU008504,Rohan Bose,AI & DS,B.Tech,1,1,A,18,95.0,77.59,33.69,74.47,78.83,7.76,30.27,84.06,Good
STU008505,Isha Joshi,Mechanical,B.Tech,1,1,B,19,72.17,72.57,40.48,60.3,67.69,7.06,23.38,65.72,Average
STU008506,Nisha Iyer,CSE,B.Tech,4,8,C,23,93.7,65.57,31.04,47.69,46.61,8.89,20.28,67.46,At Risk
STU008507,Rahul Joshi,CSE,B.Tech,4,7,D,23,91.45,70.43,35.75,65.08,80.31,8.98,20.37,71.82,Good
STU008508,Yash Joshi,EEE,B.Tech,1,2,B,20,70.27,66.88,27.39,59.97,62.74,7.73,20.68,81.47,Average
STU008509,Rahul Patel,EEE,B.Tech,3,5,B,20,75.75,73.34,39.05,64.12,69.48,7.52,26.22,66.37,Average
STU008510,Rahul Menon,AI & DS,B.Tech,1,2,D,19,81.68,71.46,28.98,67.81,76.8,7.91,20.25,74.13,Good
STU008511,Karan Verma,Mechanical,B.Tech,4,8,A,23,86.88,73.07,35.69,59.02,73.71,8.13,25.18,69.99,Good
STU008512,Yash Mishra,ECE,B.Tech,2,4,A,19,82.67,73.37,27.56,61.7,77.07,7.63,21.9,65.6,Good
STU008513,Sai Gupta,CSE,B.Tech,2,3,C,19,81.48,69.03,34.18,55.47,66.33,7.94,19.42,63.0,Average
STU008514,Sai Patel,EEE,B.Tech,2,4,C,19,90.92,69.02,34.17,64.63,74.78,7.46,28.42,80.44,Good
STU008515,Riya Chatterjee,IT,M.Tech,1,2,A,22,84.38,65.95,22.73,52.96,56.18,6.75,18.55,58.91,Average
STU008516,Pooja Joshi,CSE,B.Tech,3,6,B,22,84.11,67.17,27.8,50.5,72.47,8.03,18.54,74.24,Good
STU008517,Kavya Gupta,CSE,B.Tech,1,1,B,20,83.5,70.69,28.92,62.82,74.79,7.5,17.8,73.94,Good
STU008518,Sai Singh,Mechanical,B.Tech,2,3,B,20,94.5,75.39,32.01,60.07,79.34,7.87,23.23,77.01,Good
STU008519,Sneha Joshi,CSE,B.Tech,1,1,A,18,85.36,81.34,33.31,72.08,81.92,8.04,25.29,74.19,Good
STU008520,Aarav Menon,Civil,B.Tech,1,1,C,19,75.45,70.36,29.82,70.83,66.64,8.05,22.81,64.43,Average
STU008521,Vikram Rao,EEE,B.Tech,4,7,C,23,85.8,70.97,35.85,69.37,78.63,7.45,27.18,91.18,Good
STU008522,Aditi Mishra,Civil,B.Tech,2,3,B,21,84.51,68.59,31.15,58.05,66.22,8.02,20.45,87.87,Average
STU008523,Meera Singh,AI & DS,B.Tech,4,7,B,21,76.1,81.79,40.64,74.09,95.12,8.5,22.86,81.55,Good
STU008524,Sai Singh,AI & DS,B.Tech,2,4,C,21,71.2,78.88,31.32,63.57,71.31,7.74,23.29,55.99,Average
STU008525,Aarav Bose,EEE,B.Tech,4,8,A,22,74.56,82.47,33.43,71.5,74.66,8.17,21.25,80.04,Average
STU008526,Tanvi Das,ECE,B.Tech,3,6,D,21,78.04,65.48,35.65,60.26,73.63,7.9,15.51,80.05,Good
STU008527,Zoya Verma,AI & DS,B.Tech,3,5,A,21,73.75,76.2,34.89,57.52,61.1,8.39,21.27,74.32,Average
STU008528,Zoya Nair,Mechanical,B.Tech,1,2,B,19,75.08,72.1,33.7,65.03,65.78,7.76,23.24,58.39,Average
STU008529,Surya Mehta,Mechanical,B.Tech,1,1,C,20,78.85,73.53,30.29,56.21,72.67,7.56,16.56,78.48,Good
STU008530,Varun Mehta,CSE,B.Tech,4,8,A,22,69.8,66.19,29.67,60.5,64.75,6.94,17.81,62.42,Average
STU008531,Sneha Verma,CSE,B.Tech,2,4,A,21,72.68,68.34,31.95,65.97,68.71,8.17,23.71,71.08,Average
STU008532,Varun Mehta,AI & DS,B.Tech,4,8,B,21,78.05,72.22,31.94,44.31,71.59,8.23,19.02,78.27,Good
STU008533,Aryan Pillai,Mechanical,B.Tech,1,1,B,19,83.78,68.72,42.23,66.24,73.85,8.1,18.59,63.92,Good
STU008534,Sai Singh,ECE,B.Tech,1,2,A,18,80.82,76.29,29.37,63.77,81.12,8.8,19.57,76.52,Good
STU008535,Yash Kumar,AI & DS,B.Tech,4,8,C,23,81.46,76.07,39.13,79.97,81.83,8.25,16.22,66.73,Good
STU008536,Tanvi Bose,IT,B.Tech,1,2,B,18,60.61,70.14,28.15,55.71,73.2,7.84,18.83,64.13,At Risk
STU008537,Surya Gupta,CSE,B.Tech,1,2,A,18,73.64,83.04,32.52,82.39,77.8,8.2,23.76,80.22,Average
STU008538,Diya Reddy,CSE,B.Tech,1,1,B,20,85.98,74.1,32.48,65.53,74.42,8.24,24.66,81.03,Good
STU008539,Aryan Kumar,CSE,B.Tech,4,7,C,21,74.58,78.59,33.68,71.23,84.64,9.03,24.48,71.03,Average
STU008540,Surya Pillai,IT,B.Tech,3,6,C,20,87.21,76.68,38.26,56.2,73.26,8.84,17.65,83.07,Good
STU008541,Sneha Gupta,EEE,B.Tech,2,4,B,20,85.76,68.67,36.1,52.81,81.65,7.68,21.28,76.88,Good
STU008542,Varun Chatterjee,ECE,B.Tech,3,6,C,22,61.09,63.83,31.45,60.83,73.42,7.68,20.29,76.72,At Risk
STU008543,Nisha Gupta,Civil,B.Tech,1,1,C,19,80.18,64.98,31.54,60.46,73.27,7.94,22.39,78.23,Good
STU008544,Tanvi Iyer,Mechanical,B.Tech,3,5,B,20,76.75,76.85,38.06,54.52,77.74,7.29,24.5,75.61,Good
STU008545,Yash Mishra,AI & DS,M.Tech,2,3,D,24,77.23,58.56,31.68,56.58,54.43,7.6,20.05,71.16,At Risk
STU008546,Diya Nair,AI & DS,B.Tech,3,6,D,20,72.86,74.04,36.28,56.75,61.93,8.07,16.69,68.84,Average
STU008547,Bhavya Menon,EEE,B.Tech,1,2,C,20,72.31,82.23,39.27,69.2,71.97,7.52,21.68,74.67,Average
STU008548,Varun Kumar,AI & DS,M.Tech,2,4,C,26,94.17,76.49,35.85,60.97,67.6,7.87,27.52,88.14,Average
STU008549,Diya Joshi,Civil,B.Tech,2,3,C,20,92.27,72.72,40.31,75.39,70.79,8.39,15.14,86.87,Good
STU008550,Pooja Mishra,Mechanical,B.Tech,4,8,B,21,75.04,65.52,34.57,65.27,73.8,8.3,19.88,65.86,Good
STU008551,Riya Sharma,ECE,B.Tech,1,2,C,19,80.96,77.93,33.66,78.59,79.67,7.92,22.53,77.87,Good
STU008552,Shreya Das,AI & DS,M.Tech,2,3,A,24,71.74,83.28,36.77,81.2,86.47,8.67,25.75,78.6,Average
STU008553,Nikhil Kumar,AI & DS,B.Tech,2,4,C,20,67.04,75.75,33.64,68.62,74.81,7.66,20.4,61.54,Average
STU008554,Bhavya Nair,CSE,B.Tech,1,1,D,19,66.79,69.02,28.12,71.35,59.99,6.72,13.84,74.95,Average
STU008555,Bhavya Shah,EEE,B.Tech,1,1,D,20,92.37,64.17,28.38,56.53,73.81,7.31,21.33,78.24,Good
STU008556,Nisha Nair,ECE,B.Tech,2,3,B,19,89.74,80.29,39.36,62.42,69.79,8.57,17.05,76.57,Average
STU008557,Meera Reddy,CSE,B.Tech,2,4,B,21,89.2,77.35,37.18,67.52,75.52,7.95,19.76,80.88,Good
STU008558,Pooja Shah,ECE,B.Tech,1,1,D,20,74.08,66.57,35.81,59.91,66.55,7.47,20.78,76.75,Average
STU008559,Pooja Joshi,CSE,M.Tech,2,4,B,25,81.21,67.19,36.34,62.16,74.62,8.32,20.38,76.68,Good
STU008560,Isha Patel,Civil,B.Tech,2,4,A,21,84.08,60.79,23.58,49.76,52.74,7.49,20.84,79.35,At Risk
STU008561,Nikhil Singh,CSE,B.Tech,4,8,B,21,87.79,68.75,34.18,55.27,69.92,7.34,17.91,75.44,Average
STU008562,Sanjay Das,CSE,B.Tech,1,2,B,18,73.31,75.73,35.04,65.85,77.46,8.54,19.16,62.77,Average
STU008563,Ishaan Shah,EEE,B.Tech,2,4,C,20,74.87,71.85,33.76,70.74,78.16,8.96,21.93,86.74,Average
STU008564,Nisha Nair,IT,M.Tech,2,3,D,24,74.79,79.53,29.96,68.1,53.88,9.13,20.49,90.38,At Risk
STU008565,Aditya Menon,ECE,B.Tech,1,1,C,20,80.43,77.68,33.83,61.32,79.96,7.93,20.44,79.14,Good
STU008566,Sai Shah,CSE,M.Tech,1,1,C,22,72.5,67.36,33.97,52.45,57.95,7.59,23.1,71.56,Average
STU008567,Riya Iyer,EEE,M.Tech,2,4,A,25,93.4,76.6,35.63,69.62,73.46,8.07,24.35,79.05,Good
STU008568,Ishaan Krishnan,ECE,B.Tech,2,4,A,20,83.0,78.32,34.93,59.15,79.43,7.6,31.16,79.35,Good
STU008569,Aditi Iyer,Civil,M.Tech,1,1,C,25,94.08,74.42,31.95,63.84,76.88,8.05,23.56,85.6,Good
STU008570,Isha Mehta,ECE,B.Tech,1,1,D,19,76.74,78.65,39.79,45.69,75.68,8.02,18.77,82.2,Good
STU008571,Arjun Joshi,CSE,B.Tech,4,7,D,22,78.09,79.9,37.85,80.96,94.07,9.13,23.85,65.54,Good
STU008572,Vikram Patel,AI & DS,B.Tech,3,5,B,20,89.19,79.82,35.14,52.74,72.0,8.1,26.42,72.35,Good
STU008573,Aryan Shah,ECE,B.Tech,2,3,A,19,78.77,71.55,35.67,65.58,68.79,7.77,16.59,76.69,Average
STU008574,Ishaan Reddy,EEE,B.Tech,3,5,A,22,81.18,72.15,32.76,58.97,71.42,7.76,17.14,81.41,Good
STU008575,Sneha Menon,EEE,B.Tech,3,6,C,21,70.37,76.75,34.09,66.81,70.94,8.33,20.42,79.02,Average
STU008576,Vikram Sharma,ECE,M.Tech,2,3,B,23,68.13,80.88,36.85,72.46,80.76,8.67,21.63,74.29,Average
STU008577,Aarav Das,ECE,B.Tech,3,6,A,22,83.21,74.0,37.76,61.74,70.6,8.12,21.72,75.94,Good
STU008578,Varun Mishra,Mechanical,B.Tech,1,1,D,18,76.2,69.37,36.37,65.81,65.24,8.33,21.48,67.96,Average
STU008579,Bhavya Gupta,ECE,B.Tech,2,4,C,19,87.15,75.62,30.46,60.95,65.79,8.12,19.58,72.98,Average
STU008580,Shreya Singh,IT,B.Tech,4,8,A,21,95.18,70.2,29.32,62.61,73.41,7.64,25.16,76.78,Good
STU008581,Kavya Iyer,Mechanical,B.Tech,1,2,C,18,64.92,69.12,33.71,55.41,64.78,7.59,18.97,64.76,At Risk
STU008582,Nikhil Sharma,AI & DS,B.Tech,1,2,D,18,92.98,81.61,38.27,64.05,83.24,8.01,29.8,71.62,Good
STU008583,Sanjay Patel,Civil,B.Tech,1,1,D,19,85.64,69.36,32.2,60.82,71.05,8.22,21.67,77.75,Good
STU008584,Bhavya Mishra,IT,B.Tech,3,6,D,21,94.38,72.31,37.61,58.49,85.29,7.82,23.47,85.42,Excellent
STU008585,Kavya Shah,AI & DS,B.Tech,2,4,D,21,82.47,74.61,30.87,64.55,79.59,8.57,23.38,78.91,Good
STU008586,Tanvi Menon,Civil,B.Tech,2,4,A,21,86.24,71.89,37.19,61.83,76.26,8.12,25.76,87.47,Good
STU008587,Rohan Pillai,AI & DS,B.Tech,3,5,A,20,77.01,58.59,31.39,54.31,66.77,7.95,19.1,77.02,Average
STU008588,Bhavya Chatterjee,Mechanical,B.Tech,3,6,D,21,84.08,60.66,29.61,55.69,50.26,8.16,19.32,63.29,At Risk
STU008589,Tanvi Krishnan,Civil,B.Tech,4,7,B,22,84.17,75.07,33.14,83.04,89.97,8.42,22.14,80.39,Excellent
STU008590,Rahul Gupta,Mechanical,B.Tech,2,3,A,19,69.25,69.14,23.47,56.4,74.83,8.61,15.44,69.29,Average
STU008591,Akash Mishra,CSE,B.Tech,3,5,C,21,65.97,67.31,37.76,56.86,70.63,8.64,18.7,66.65,Average
STU008592,Zoya Chatterjee,CSE,B.Tech,3,5,C,21,70.86,78.47,35.79,66.07,71.03,8.24,19.93,73.3,Average
STU008593,Yash Das,IT,M.Tech,1,1,B,24,80.47,65.08,32.45,63.58,73.01,8.5,20.0,69.2,Good
STU008594,Karan Chatterjee,CSE,B.Tech,2,3,C,21,81.95,65.76,35.31,59.99,65.78,8.08,18.41,68.87,Average
STU008595,Isha Gupta,IT,B.Tech,1,2,B,19,81.36,83.48,36.6,59.23,89.96,9.64,21.43,83.5,Excellent
STU008596,Nisha Gupta,Mechanical,B.Tech,3,6,B,21,65.98,74.86,31.95,74.14,76.92,8.11,23.13,74.4,Average
STU008597,Manish Nair,CSE,B.Tech,3,5,D,21,68.76,72.63,35.21,74.35,68.56,8.49,22.49,75.92,Average
STU008598,Karan Joshi,Mechanical,B.Tech,2,4,A,21,79.35,75.96,35.3,71.79,73.04,7.72,18.15,85.34,Good
STU008599,Aditya Reddy,EEE,B.Tech,3,6,A,22,72.94,80.69,31.83,80.13,85.88,8.58,21.23,87.34,Average
STU008600,Rahul Joshi,EEE,B.Tech,3,5,A,22,95.34,73.82,32.22,56.16,76.28,7.05,18.74,82.29,Good
STU008601,Akash Iyer,EEE,B.Tech,4,8,A,23,72.44,73.95,37.46,77.6,73.86,8.57,21.05,73.24,Average
STU008602,Surya Singh,AI & DS,B.Tech,3,5,D,21,76.21,67.85,33.98,59.89,80.02,8.13,20.99,75.42,Good
STU008603,Aarav Chatterjee,EEE,M.Tech,2,3,C,26,71.03,67.61,32.07,56.36,65.99,7.44,15.47,76.74,Average
STU008604,Aditya Bose,EEE,B.Tech,3,6,D,22,96.82,75.62,33.85,68.69,88.94,7.66,21.66,87.02,Excellent
STU008605,Aarav Rao,ECE,B.Tech,4,7,B,23,82.69,71.97,31.59,52.96,68.27,6.98,17.33,81.89,Average
STU008606,Sai Bose,AI & DS,M.Tech,2,4,B,24,73.71,74.13,31.69,61.99,60.15,7.39,18.98,81.41,Average
STU008607,Manish Singh,CSE,B.Tech,4,8,A,21,79.69,77.62,34.9,68.37,90.28,8.14,21.64,74.06,Good
STU008608,Bhavya Krishnan,AI & DS,B.Tech,1,1,D,18,83.75,81.54,39.07,75.59,87.54,8.22,27.02,73.62,Excellent
STU008609,Arjun Nair,AI & DS,B.Tech,2,4,D,21,69.26,71.43,36.03,57.39,62.8,7.45,23.12,78.61,Average
STU008610,Aryan Pillai,AI & DS,B.Tech,1,1,A,19,82.02,69.24,31.73,78.52,76.78,8.32,28.81,83.66,Good
STU008611,Sai Nair,IT,M.Tech,2,3,A,26,75.99,69.38,30.02,62.47,77.84,8.2,19.86,72.17,Good
STU008612,Aditya Kumar,Mechanical,B.Tech,1,2,A,19,81.58,93.55,38.8,81.2,100,9.06,30.92,82.39,Excellent
STU008613,Meera Nair,AI & DS,B.Tech,2,4,B,19,93.04,77.56,34.81,68.48,76.88,7.98,24.06,84.24,Good
STU008614,Diya Patel,CSE,B.Tech,3,5,A,21,73.97,71.57,35.02,62.87,73.07,8.66,12.56,70.04,Average
STU008615,Sneha Mehta,IT,B.Tech,4,7,C,22,68.15,72.09,27.51,51.48,74.7,6.89,18.42,77.97,Average
STU008616,Surya Menon,CSE,B.Tech,4,8,A,21,92.91,77.24,39.63,61.64,75.45,7.75,22.9,74.03,Good
STU008617,Shreya Joshi,CSE,B.Tech,2,4,C,21,87.78,71.71,27.69,56.8,77.52,7.87,20.36,85.72,Good
STU008618,Aditi Mishra,AI & DS,B.Tech,1,1,B,18,92.42,74.22,32.97,62.93,74.48,8.61,17.09,80.79,Good
STU008619,Krishna Krishnan,AI & DS,B.Tech,1,2,A,20,80.01,61.37,28.74,57.46,75.49,8.11,20.49,80.74,Good
STU008620,Shreya Singh,EEE,B.Tech,4,8,C,23,78.86,85.05,39.8,67.03,72.8,9.28,23.12,83.8,Good
STU008621,Nikhil Sharma,CSE,B.Tech,1,2,B,18,73.67,51.69,23.52,46.81,57.62,7.77,14.12,66.57,Average
STU008622,Sneha Das,EEE,M.Tech,1,2,D,24,91.51,60.32,35.52,65.99,77.94,9.3,19.94,74.73,Good
STU008623,Nikhil Singh,CSE,B.Tech,2,4,A,20,82.37,80.72,32.72,60.12,70.42,8.09,18.92,72.09,Good
STU008624,Karan Gupta,EEE,B.Tech,2,3,D,19,84.05,64.86,32.57,58.53,71.75,7.96,23.53,63.87,Good
STU008625,Vikram Krishnan,IT,B.Tech,2,3,D,21,80.85,78.74,35.06,75.49,82.53,7.63,24.02,86.5,Good
STU008626,Bhavya Kumar,Civil,B.Tech,3,6,B,20,82.19,68.72,31.63,54.47,68.02,7.41,23.05,70.71,Average
STU008627,Kavya Joshi,ECE,B.Tech,3,5,C,20,73.52,60.13,33.83,69.2,72.52,7.66,16.9,59.28,Average
STU008628,Krishna Reddy,ECE,B.Tech,3,6,A,20,75.66,68.08,32.93,63.47,62.08,8.33,20.64,70.68,Average
STU008629,Nikhil Sharma,ECE,B.Tech,3,5,B,20,94.89,83.2,30.66,74.11,84.8,7.55,25.13,93.12,Good
STU008630,Varun Bose,EEE,B.Tech,2,4,D,20,98.01,67.42,25.75,43.17,69.54,6.96,19.9,81.64,Average
STU008631,Kavya Verma,CSE,B.Tech,2,3,D,19,91.28,65.79,36.75,59.03,59.05,8.35,22.75,77.8,Average
STU008632,Varun Chatterjee,CSE,B.Tech,2,4,D,19,70.83,77.4,30.65,57.76,76.0,7.47,17.25,76.1,Average
STU008633,Rohan Patel,Civil,B.Tech,3,6,C,20,87.1,72.9,32.62,58.85,79.7,7.61,26.7,83.04,Good
STU008634,Vikram Rao,CSE,B.Tech,3,6,D,22,82.78,80.89,36.35,71.21,85.68,8.38,23.72,76.44,Excellent
STU008635,Kavya Reddy,CSE,B.Tech,3,5,D,21,77.37,66.32,27.31,47.41,45.73,6.71,20.65,72.54,At Risk
STU008636,Sai Gupta,Civil,B.Tech,3,6,B,22,83.73,71.17,35.78,54.9,61.25,7.02,20.06,83.81,Average
STU008637,Rohan Joshi,AI & DS,B.Tech,2,3,C,19,94.8,55.96,28.76,52.29,73.76,7.57,24.77,79.02,Good
STU008638,Aditya Patel,IT,B.Tech,3,6,C,22,75.74,76.44,34.73,62.59,67.83,8.5,18.19,63.45,Average
STU008639,Aarav Chatterjee,ECE,M.Tech,2,4,D,23,94.63,74.83,32.94,67.14,76.03,7.33,23.54,93.08,Good
STU008640,Bhavya Pillai,CSE,M.Tech,1,1,A,24,73.46,70.42,38.14,69.17,80.12,7.64,14.21,65.5,Average
STU008641,Isha Mishra,Civil,B.Tech,1,1,D,19,70.15,61.74,31.88,55.71,70.51,7.08,16.0,65.17,Average
STU008642,Sanjay Shah,IT,B.Tech,1,2,C,18,79.87,62.64,29.86,53.17,52.43,7.83,16.81,81.56,At Risk
STU008643,Sneha Verma,AI & DS,B.Tech,1,1,D,18,69.81,76.0,38.24,72.44,78.42,9.08,20.51,55.26,Average
STU008644,Tanvi Rao,Mechanical,B.Tech,3,6,D,20,91.98,73.21,34.31,72.25,67.09,7.68,19.73,81.17,Average
STU008645,Bhavya Pillai,Mechanical,B.Tech,3,5,C,21,79.99,85.71,32.7,68.13,83.03,7.94,25.54,89.72,Good
STU008646,Isha Chatterjee,CSE,B.Tech,2,3,A,19,74.98,54.07,29.02,52.4,59.85,7.57,18.92,65.61,Average
STU008647,Varun Patel,Mechanical,B.Tech,3,6,B,20,85.44,64.65,34.05,57.42,68.17,8.24,21.54,64.38,Average
STU008648,Rahul Kumar,CSE,B.Tech,3,5,A,20,88.49,69.07,34.92,65.5,60.74,8.46,14.74,73.27,Average
STU008649,Shreya Nair,AI & DS,B.Tech,4,8,C,22,75.36,69.59,33.95,58.4,62.25,6.74,23.88,88.25,Average
STU008650,Vikram Das,Civil,B.Tech,4,8,A,22,69.76,77.14,33.75,62.59,59.88,8.31,20.46,72.34,Average
STU008651,Meera Kumar,IT,B.Tech,1,1,C,20,58.48,63.24,29.58,65.12,64.83,8.2,17.09,68.98,At Risk
STU008652,Krishna Reddy,AI & DS,B.Tech,3,6,D,20,78.91,72.91,33.73,53.49,75.57,7.66,19.07,57.81,Good
STU008653,Aarav Kumar,ECE,B.Tech,1,1,D,19,72.53,77.91,35.66,60.55,87.52,8.64,22.64,79.95,Average
STU008654,Vikram Pillai,EEE,B.Tech,3,6,A,22,82.88,75.98,34.49,67.75,69.11,8.39,21.68,88.33,Average
STU008655,Krishna Sharma,AI & DS,B.Tech,1,2,B,20,92.31,80.05,34.92,67.86,78.23,9.16,21.31,91.07,Good
STU008656,Tanvi Chatterjee,Civil,B.Tech,4,7,C,21,71.12,58.47,27.8,54.02,57.4,7.51,13.04,70.09,Average
STU008657,Manish Kumar,Mechanical,B.Tech,1,2,D,19,90.61,70.93,31.25,67.62,86.66,8.64,22.01,75.86,Excellent
STU008658,Varun Krishnan,EEE,B.Tech,3,5,A,22,85.48,59.79,35.95,66.18,75.38,7.86,20.7,75.26,Good
STU008659,Rohan Shah,Mechanical,B.Tech,1,2,A,19,84.56,74.25,36.74,71.86,74.82,7.39,27.96,85.09,Good
STU008660,Ishaan Patel,CSE,B.Tech,3,6,D,22,74.96,59.28,25.45,60.87,56.2,7.9,16.44,65.99,Average
STU008661,Aarav Das,AI & DS,B.Tech,3,5,D,22,73.41,71.56,28.41,60.99,66.91,8.22,24.49,79.23,Average
STU008662,Ishaan Mehta,ECE,B.Tech,2,3,A,19,90.54,81.16,29.69,77.68,79.01,8.24,26.43,89.89,Good
STU008663,Kavya Gupta,Civil,B.Tech,2,4,C,20,74.39,62.99,32.06,43.47,61.66,6.73,20.8,68.32,Average
STU008664,Rohan Rao,CSE,B.Tech,4,8,A,21,83.32,67.47,36.18,63.02,79.4,8.32,18.37,62.05,Good
STU008665,Zoya Reddy,ECE,B.Tech,4,7,A,23,75.13,66.21,26.32,47.19,65.31,7.73,21.75,88.88,Average
STU008666,Rohan Mehta,CSE,B.Tech,4,7,D,23,85.84,68.64,42.68,61.95,84.18,8.17,21.22,73.9,Good
STU008667,Varun Singh,Mechanical,B.Tech,1,2,C,18,88.59,85.57,38.38,70.89,84.61,7.6,22.45,73.01,Good
STU008668,Rohan Gupta,ECE,B.Tech,1,2,C,19,78.67,71.15,35.37,73.76,83.4,8.32,17.18,72.71,Good
STU008669,Rahul Gupta,CSE,B.Tech,4,7,D,22,92.43,72.6,28.88,62.58,70.84,8.04,23.08,77.32,Good
STU008670,Varun Menon,CSE,B.Tech,3,5,B,21,76.62,66.54,35.39,51.67,77.03,8.37,16.91,66.28,Good
STU008671,Meera Sharma,CSE,B.Tech,3,5,D,22,74.99,55.19,31.89,63.09,71.93,7.44,13.67,70.82,Average
STU008672,Surya Rao,IT,B.Tech,1,2,A,19,74.75,70.69,32.37,58.6,65.11,8.03,17.22,71.99,Average
STU008673,Rahul Shah,IT,B.Tech,4,7,B,21,55.87,76.49,33.3,58.11,76.51,8.46,16.7,69.81,At Risk
STU008674,Riya Pillai,CSE,B.Tech,3,5,A,20,71.49,69.62,25.83,65.98,64.96,8.26,19.83,69.69,Average
STU008675,Karan Shah,EEE,M.Tech,1,1,C,22,56.64,78.84,31.71,59.52,63.94,7.3,17.88,54.55,At Risk
STU008676,Bhavya Gupta,IT,B.Tech,1,1,B,20,71.19,71.55,29.46,73.21,84.28,8.1,24.77,71.1,Average
STU008677,Sai Sharma,AI & DS,B.Tech,1,2,A,19,77.81,79.48,31.1,76.14,79.0,8.75,21.83,84.73,Good
STU008678,Surya Krishnan,EEE,B.Tech,3,6,D,20,79.56,70.64,33.64,65.44,70.09,8.51,23.76,77.12,Good
STU008679,Meera Joshi,ECE,B.Tech,1,2,A,19,78.21,65.79,38.71,61.51,76.48,7.78,19.93,76.9,Good
STU008680,Surya Krishnan,ECE,B.Tech,1,1,D,20,82.15,92.53,35.08,66.5,77.4,7.97,25.73,69.71,Good
STU008681,Arjun Kumar,ECE,B.Tech,1,2,D,20,87.14,68.56,28.2,70.51,83.97,8.37,20.33,82.85,Good
STU008682,Zoya Krishnan,ECE,B.Tech,1,2,C,20,93.02,84.41,37.42,70.97,72.6,8.88,24.64,75.36,Good
STU008683,Diya Pillai,ECE,B.Tech,1,1,A,18,85.02,82.78,41.21,80.34,75.64,8.38,26.4,86.55,Good
STU008684,Aditi Kumar,CSE,B.Tech,2,4,D,20,83.05,73.02,39.58,78.75,75.97,7.55,27.73,58.46,Good
STU008685,Aarav Shah,ECE,B.Tech,1,2,C,19,94.02,83.9,38.24,69.17,83.09,8.16,23.95,81.99,Good
STU008686,Meera Bose,CSE,B.Tech,2,3,D,19,82.04,73.48,42.94,72.17,89.33,8.54,18.19,72.53,Excellent
STU008687,Isha Das,Mechanical,B.Tech,1,2,B,18,75.39,80.66,37.25,76.23,70.74,7.75,13.72,83.35,Good
STU008688,Pooja Reddy,Mechanical,B.Tech,3,5,A,21,72.48,74.85,39.64,74.75,71.25,7.72,23.6,74.47,Average
STU008689,Nisha Joshi,CSE,B.Tech,2,4,C,20,100,89.17,40.35,74.21,88.02,8.9,28.83,77.87,Excellent
STU008690,Sneha Joshi,CSE,B.Tech,1,1,C,19,85.69,69.82,33.17,62.56,63.61,7.82,24.37,72.78,Average
STU008691,Rohan Das,Mechanical,B.Tech,1,1,B,20,79.4,76.34,39.87,71.37,84.32,8.02,18.4,87.42,Good
STU008692,Aarav Chatterjee,CSE,M.Tech,1,1,A,22,88.52,79.09,38.5,76.2,81.86,9.26,17.04,81.07,Good
STU008693,Ananya Das,AI & DS,B.Tech,3,5,D,22,71.77,65.95,26.4,44.48,58.53,8.13,15.45,53.65,Average
STU008694,Rahul Kumar,Mechanical,B.Tech,2,3,A,19,88.09,80.95,39.77,72.12,77.37,8.59,22.11,85.13,Good
STU008695,Aryan Reddy,AI & DS,B.Tech,4,7,A,23,78.9,71.98,29.47,59.91,71.92,7.38,20.47,74.24,Good
STU008696,Riya Das,CSE,B.Tech,4,7,B,22,88.35,80.87,34.66,77.86,83.54,8.69,23.3,77.6,Good
STU008697,Akash Joshi,ECE,B.Tech,2,3,B,21,91.44,73.56,35.51,76.2,78.79,8.4,21.93,75.48,Good
STU008698,Sneha Verma,Mechanical,B.Tech,3,6,D,20,63.83,65.01,34.36,69.82,77.51,8.08,17.99,74.24,At Risk
STU008699,Karan Gupta,AI & DS,B.Tech,2,3,A,21,84.11,59.67,31.82,48.25,62.21,7.44,21.77,66.03,Average
STU008700,Vikram Bose,Mechanical,B.Tech,1,1,C,18,80.33,76.89,32.12,61.47,73.85,8.54,19.52,74.45,Good
STU008701,Varun Kumar,Mechanical,B.Tech,2,3,C,20,82.69,69.94,31.63,67.39,70.3,8.0,18.06,58.68,Good
STU008702,Shreya Chatterjee,AI & DS,B.Tech,3,5,A,22,96.85,80.76,38.73,71.83,92.84,8.81,29.7,89.1,Excellent
STU008703,Arjun Kumar,AI & DS,B.Tech,2,4,A,20,73.97,67.17,27.8,57.87,80.58,8.41,20.82,78.01,Average
STU008704,Yash Das,AI & DS,B.Tech,2,3,A,19,71.13,74.83,32.58,65.64,71.35,7.91,18.79,77.18,Average
STU008705,Varun Shah,CSE,M.Tech,1,2,D,23,76.05,63.92,30.45,57.52,70.85,8.14,17.76,76.93,Good
STU008706,Nisha Nair,AI & DS,B.Tech,3,6,C,22,74.53,90.75,40.89,66.76,90.02,8.56,26.17,79.83,Average
STU008707,Sanjay Singh,Mechanical,B.Tech,4,7,D,21,77.56,78.95,31.42,57.52,77.73,8.68,23.49,81.74,Good
STU008708,Aditya Mehta,CSE,B.Tech,2,3,B,19,93.51,73.27,31.23,61.04,75.43,7.68,21.16,74.61,Good
STU008709,Karan Mishra,ECE,B.Tech,2,4,A,19,78.83,78.94,32.78,71.32,67.1,7.58,24.96,85.58,Average
STU008710,Meera Chatterjee,CSE,B.Tech,3,6,A,21,78.43,78.21,39.26,73.39,97.55,7.51,24.29,84.52,Good
STU008711,Sneha Rao,Mechanical,M.Tech,1,2,B,25,83.48,84.38,36.54,66.03,87.72,8.24,18.51,74.6,Excellent
STU008712,Zoya Chatterjee,Mechanical,B.Tech,4,7,A,22,78.67,78.69,36.24,69.8,76.32,8.0,23.51,79.91,Good
STU008713,Vikram Iyer,ECE,B.Tech,2,4,A,20,84.4,69.27,36.31,65.87,83.47,7.76,16.85,76.27,Good
STU008714,Ishaan Shah,AI & DS,B.Tech,2,4,C,19,71.19,80.83,40.35,70.41,80.5,8.49,21.36,64.8,Average
STU008715,Manish Verma,IT,B.Tech,1,2,D,20,76.11,70.7,32.27,61.23,73.99,7.3,19.57,75.96,Good
STU008716,Tanvi Kumar,ECE,B.Tech,2,4,B,19,90.22,58.52,36.04,65.04,78.82,7.53,26.01,70.92,Good
STU008717,Bhavya Patel,CSE,B.Tech,2,3,D,20,66.5,65.9,31.93,53.23,68.56,7.77,18.24,78.41,Average
STU008718,Shreya Patel,Mechanical,B.Tech,3,5,B,22,87.09,67.65,38.35,67.79,70.1,9.3,21.53,75.39,Good
STU008719,Karan Bose,Civil,B.Tech,3,5,A,20,75.34,63.19,29.59,67.12,76.81,8.64,23.67,77.73,Good
STU008720,Ananya Pillai,CSE,B.Tech,1,1,B,19,95.01,65.98,30.6,61.61,81.08,7.54,21.66,79.37,Good
STU008721,Bhavya Sharma,AI & DS,B.Tech,3,5,C,22,75.97,83.62,38.46,67.47,71.72,8.63,17.22,77.7,Good
STU008722,Meera Shah,Civil,B.Tech,1,2,C,20,82.28,64.32,27.07,60.28,63.96,7.65,20.06,70.9,Average
STU008723,Aditi Kumar,Civil,B.Tech,1,2,B,20,81.81,75.55,30.4,70.72,86.78,7.07,28.85,86.99,Excellent
STU008724,Zoya Joshi,ECE,B.Tech,2,3,B,19,78.54,74.13,36.73,65.39,77.26,8.94,22.79,88.92,Good
STU008725,Akash Gupta,AI & DS,B.Tech,2,4,C,21,79.43,73.45,31.45,62.18,75.79,7.81,20.23,77.25,Good
STU008726,Tanvi Shah,Civil,B.Tech,4,8,C,22,85.13,90.11,44.04,81.96,89.39,8.88,23.09,76.49,Excellent
STU008727,Aditya Reddy,AI & DS,B.Tech,2,4,C,19,82.46,62.5,31.69,64.5,73.83,8.42,19.47,67.19,Good
STU008728,Aditi Chatterjee,Mechanical,B.Tech,2,3,A,21,71.45,74.19,30.59,51.41,61.86,8.1,26.12,74.43,Average
STU008729,Ananya Sharma,IT,B.Tech,2,4,A,19,86.7,72.96,38.25,85.03,77.14,8.32,25.55,77.07,Good
STU008730,Karan Bose,Civil,B.Tech,1,2,D,18,81.47,69.14,31.34,52.97,70.93,7.71,15.75,66.8,Good
STU008731,Sai Krishnan,IT,B.Tech,1,1,A,19,78.88,79.16,36.19,70.35,81.96,8.74,16.13,75.87,Good
STU008732,Diya Kumar,IT,B.Tech,1,2,A,19,85.67,82.76,36.44,64.35,75.48,9.04,23.96,82.71,Good
STU008733,Bhavya Reddy,Mechanical,M.Tech,1,2,C,25,76.26,70.56,31.92,65.88,70.1,8.45,23.2,86.15,Good
STU008734,Arjun Joshi,ECE,B.Tech,2,3,B,19,87.57,84.32,41.38,78.03,83.27,8.6,29.13,82.56,Good
STU008735,Karan Mehta,EEE,B.Tech,2,3,B,20,71.44,76.53,36.61,73.06,87.96,8.1,23.18,71.36,Average
STU008736,Rahul Nair,CSE,B.Tech,3,5,B,22,75.4,67.06,30.17,61.41,71.9,7.27,22.77,78.27,Good
STU008737,Pooja Sharma,IT,B.Tech,2,3,A,20,73.88,71.66,28.92,59.63,81.75,8.18,21.82,75.66,Average
STU008738,Varun Joshi,CSE,B.Tech,2,4,B,21,81.18,71.93,32.54,77.81,82.99,8.16,24.53,77.92,Good
STU008739,Isha Krishnan,ECE,B.Tech,3,6,A,20,78.1,81.34,36.09,73.47,77.16,8.07,23.97,80.37,Good
STU008740,Vikram Reddy,IT,M.Tech,2,4,C,26,84.36,68.87,29.11,58.45,70.36,7.95,21.7,60.26,Good
STU008741,Isha Patel,ECE,B.Tech,2,4,A,21,80.99,69.79,31.34,57.51,49.7,7.28,19.96,74.81,At Risk
STU008742,Aditya Mishra,AI & DS,M.Tech,2,4,D,23,90.67,75.08,38.0,63.55,81.0,8.62,28.31,71.17,Good
STU008743,Meera Pillai,CSE,B.Tech,2,4,C,20,80.75,73.57,36.49,72.16,73.07,8.96,23.4,81.84,Good
STU008744,Arjun Chatterjee,Mechanical,B.Tech,1,2,A,19,79.98,75.08,37.31,78.25,88.81,8.05,22.52,67.49,Good
STU008745,Aryan Patel,IT,B.Tech,2,3,A,19,88.68,64.58,32.87,74.26,72.71,7.5,16.48,84.02,Good
STU008746,Kavya Nair,AI & DS,B.Tech,2,3,B,21,85.65,59.65,32.15,66.51,68.07,7.56,25.05,79.88,Average
STU008747,Akash Chatterjee,AI & DS,B.Tech,4,7,D,21,85.46,67.45,30.48,64.06,72.82,8.7,22.7,74.48,Good
STU008748,Tanvi Krishnan,CSE,B.Tech,3,5,D,21,86.73,78.65,38.7,69.39,73.91,8.07,22.11,77.19,Good
STU008749,Bhavya Patel,Civil,B.Tech,3,6,C,21,84.32,74.61,30.78,66.69,82.07,7.85,24.63,89.96,Good
STU008750,Isha Menon,IT,B.Tech,1,2,B,19,70.2,73.43,31.08,54.96,60.05,8.19,14.87,72.77,Average
STU008751,Varun Reddy,Civil,B.Tech,1,1,B,19,78.19,81.36,38.36,79.8,92.66,8.47,18.42,75.14,Good
STU008752,Zoya Pillai,ECE,B.Tech,3,6,D,20,87.34,77.22,42.37,66.05,74.95,8.54,19.74,77.08,Good
STU008753,Rohan Bose,CSE,B.Tech,3,5,B,21,83.49,81.02,39.41,83.85,83.06,7.94,27.29,89.4,Good
STU008754,Shreya Singh,Mechanical,B.Tech,4,7,A,23,85.03,76.07,38.5,76.12,76.04,7.29,21.05,79.29,Good
STU008755,Manish Joshi,CSE,B.Tech,1,2,C,20,76.97,77.2,38.12,63.16,69.98,8.56,20.9,82.05,Average
STU008756,Aarav Nair,CSE,B.Tech,4,8,D,23,80.64,67.94,32.7,71.67,76.94,7.77,16.67,70.31,Good
STU008757,Arjun Sharma,Civil,B.Tech,2,3,A,20,83.35,65.75,33.41,49.48,57.42,8.04,17.97,73.26,Average
STU008758,Karan Rao,Civil,B.Tech,1,1,D,20,83.5,71.41,33.78,76.87,88.86,8.2,22.47,80.93,Excellent
STU008759,Aryan Mishra,EEE,B.Tech,1,2,C,20,78.08,78.8,32.82,61.51,84.55,8.3,23.85,82.69,Good
STU008760,Riya Rao,CSE,B.Tech,1,1,D,18,90.08,95.47,43.27,88.17,100,7.76,26.23,76.39,Excellent
STU008761,Pooja Menon,EEE,B.Tech,2,4,C,20,65.24,67.24,32.87,59.54,66.42,7.48,16.26,68.43,Average
STU008762,Rahul Menon,EEE,B.Tech,4,8,D,21,93.75,80.82,35.06,79.46,91.16,8.26,25.6,84.04,Excellent
STU008763,Sneha Menon,CSE,B.Tech,1,1,B,20,71.85,75.22,27.0,60.61,68.35,7.5,19.78,77.75,Average
STU008764,Nikhil Mehta,CSE,M.Tech,2,4,B,26,75.51,70.19,29.41,48.21,74.1,7.75,14.55,75.87,Good
STU008765,Arjun Das,CSE,M.Tech,2,4,C,24,82.44,64.06,26.21,64.2,68.46,6.91,20.18,70.87,Average
STU008766,Pooja Iyer,IT,B.Tech,1,1,A,18,81.87,73.97,35.91,61.22,68.23,7.97,22.24,76.52,Average
STU008767,Yash Kumar,Civil,B.Tech,1,1,C,19,64.74,74.99,42.43,63.65,68.25,8.36,14.72,56.71,At Risk
STU008768,Surya Sharma,IT,B.Tech,4,8,B,21,88.48,81.72,35.17,82.81,85.39,7.85,29.04,81.29,Excellent
STU008769,Karan Singh,EEE,B.Tech,2,4,C,20,85.38,76.34,35.04,58.23,81.75,6.99,19.24,89.97,Good
STU008770,Sanjay Mishra,Civil,B.Tech,4,8,C,22,72.64,80.1,35.21,69.02,74.42,8.53,14.32,67.03,Average
STU008771,Tanvi Das,CSE,B.Tech,4,8,C,21,92.42,68.5,31.13,61.01,60.87,7.66,23.52,76.11,Average
STU008772,Isha Mehta,EEE,B.Tech,2,3,C,20,71.93,67.91,32.59,60.92,66.42,8.16,21.31,55.26,Average
STU008773,Zoya Iyer,CSE,B.Tech,2,3,C,21,80.34,86.54,39.32,84.99,91.32,8.17,15.79,86.28,Excellent
STU008774,Tanvi Pillai,Mechanical,B.Tech,2,3,D,19,76.58,71.52,37.36,65.27,69.53,7.75,23.82,78.93,Average
STU008775,Yash Bose,CSE,B.Tech,1,1,C,19,99.14,71.23,37.64,69.65,67.7,7.26,16.14,93.28,Average
STU008776,Arjun Kumar,ECE,B.Tech,3,5,C,22,88.1,63.41,32.96,62.42,78.33,8.11,23.0,78.41,Good
STU008777,Pooja Singh,Mechanical,B.Tech,4,8,C,22,97.59,79.94,36.98,71.69,78.24,8.83,25.83,73.98,Good
STU008778,Akash Chatterjee,ECE,B.Tech,1,1,A,19,87.67,79.73,33.11,58.74,64.59,8.12,21.27,84.23,Average
STU008779,Nikhil Gupta,AI & DS,B.Tech,1,2,D,20,86.8,81.74,38.29,69.26,76.56,8.26,24.4,97.64,Good
STU008780,Manish Menon,Civil,M.Tech,2,3,A,23,75.01,60.78,33.75,70.25,73.68,7.36,18.52,75.97,Good
STU008781,Ishaan Kumar,Mechanical,B.Tech,4,7,D,23,82.93,63.3,26.69,49.72,59.43,8.18,17.19,78.54,Average
STU008782,Aditi Rao,AI & DS,B.Tech,3,6,B,22,80.55,78.18,32.28,49.4,72.01,7.43,21.42,74.51,Good
STU008783,Sanjay Krishnan,AI & DS,B.Tech,1,2,B,18,85.69,81.97,37.33,72.92,94.57,8.34,21.29,83.32,Excellent
STU008784,Nikhil Menon,EEE,B.Tech,3,5,B,20,75.99,68.87,32.14,57.87,71.15,7.97,18.58,69.65,Good
STU008785,Aarav Bose,AI & DS,B.Tech,1,1,B,20,82.01,74.97,39.23,70.48,85.08,8.15,22.96,87.04,Excellent
STU008786,Kavya Shah,CSE,B.Tech,3,5,C,20,80.49,80.99,35.27,67.22,84.79,7.73,20.67,69.68,Good
STU008787,Zoya Nair,Mechanical,B.Tech,1,2,B,18,80.55,60.87,32.11,54.44,61.01,7.86,18.42,75.8,Average
STU008788,Sai Rao,ECE,M.Tech,1,2,C,24,74.67,63.81,29.38,59.12,77.94,8.18,19.08,80.57,Average
STU008789,Arjun Rao,CSE,B.Tech,3,6,A,21,69.08,78.08,36.74,56.75,72.96,8.15,22.61,68.27,Average
STU008790,Rahul Nair,CSE,B.Tech,1,1,A,18,88.74,93.33,38.94,77.71,94.98,7.86,25.91,87.79,Excellent
STU008791,Aarav Mehta,CSE,B.Tech,2,4,A,20,91.59,79.86,37.63,72.08,85.75,8.37,28.25,79.72,Excellent
STU008792,Krishna Krishnan,IT,B.Tech,3,5,D,21,80.8,78.57,39.57,66.08,79.12,7.31,18.59,81.75,Good
STU008793,Surya Krishnan,ECE,B.Tech,1,1,C,19,82.89,82.59,41.77,56.74,61.59,8.81,19.34,79.82,Average
STU008794,Akash Gupta,EEE,B.Tech,4,8,C,23,87.98,74.14,31.3,66.72,90.06,8.66,25.91,79.71,Excellent
STU008795,Kavya Krishnan,CSE,B.Tech,3,5,A,20,74.04,54.18,24.57,53.11,57.9,8.26,17.99,69.3,Average
STU008796,Karan Menon,AI & DS,B.Tech,2,4,D,19,72.33,68.18,34.98,68.09,74.14,8.2,21.25,66.56,Average
STU008797,Manish Das,ECE,B.Tech,1,1,C,19,92.91,83.42,35.81,74.22,74.65,8.26,23.28,85.08,Good
STU008798,Ananya Mishra,ECE,B.Tech,3,5,C,22,85.64,83.58,35.87,71.44,90.94,8.54,24.61,90.64,Excellent
STU008799,Pooja Patel,CSE,M.Tech,1,2,C,25,97.91,81.97,32.27,74.13,89.61,8.27,18.97,77.29,Excellent
STU008800,Ananya Iyer,IT,B.Tech,3,5,A,22,86.47,62.51,32.39,61.69,64.12,8.34,22.56,71.46,Average
STU008801,Manish Singh,CSE,B.Tech,3,6,D,21,81.99,57.96,30.83,54.54,64.92,7.53,18.8,74.66,Average
STU008802,Tanvi Das,Mechanical,B.Tech,3,6,D,22,88.8,85.09,38.42,67.47,66.43,7.99,29.36,81.11,Average
STU008803,Rohan Reddy,AI & DS,B.Tech,4,8,B,21,75.31,75.67,32.35,55.26,59.05,7.93,13.54,60.9,Average
STU008804,Pooja Pillai,CSE,B.Tech,4,8,D,22,71.4,77.19,36.29,62.07,78.79,8.08,20.08,69.86,Average
STU008805,Arjun Bose,CSE,B.Tech,4,7,B,22,75.19,76.55,38.9,68.19,72.43,8.3,20.34,69.0,Good
STU008806,Ishaan Iyer,IT,B.Tech,4,7,B,21,83.23,62.93,32.18,56.83,60.58,7.65,18.32,79.63,Average
STU008807,Surya Mishra,Civil,B.Tech,1,2,C,19,98.23,84.29,34.88,68.91,77.1,7.97,27.72,85.06,Good
STU008808,Vikram Nair,Civil,B.Tech,2,4,C,19,71.83,79.02,35.51,78.95,84.34,8.82,22.34,78.87,Average
STU008809,Zoya Mishra,IT,B.Tech,4,8,D,21,81.38,75.08,34.64,61.86,68.08,8.07,22.88,76.51,Average
STU008810,Sneha Patel,IT,B.Tech,1,1,D,19,84.13,83.68,33.55,68.54,75.04,8.86,26.44,94.13,Good
STU008811,Rohan Das,AI & DS,B.Tech,1,1,A,20,72.0,75.76,32.52,62.32,78.72,7.58,23.84,62.15,Average
STU008812,Sai Mehta,ECE,B.Tech,1,1,B,20,91.0,79.55,40.64,78.37,92.37,8.92,23.97,74.15,Excellent
STU008813,Riya Mishra,ECE,B.Tech,3,6,B,21,79.06,65.08,32.54,62.88,77.48,7.61,17.97,74.41,Good
STU008814,Nikhil Verma,Civil,B.Tech,3,6,A,21,56.8,71.5,30.73,72.55,81.52,8.22,18.2,66.35,At Risk
STU008815,Sai Mehta,CSE,B.Tech,1,2,C,19,85.27,62.58,31.11,66.11,71.78,7.89,17.44,84.73,Good
STU008816,Vikram Patel,CSE,B.Tech,3,5,D,21,73.04,70.56,29.66,70.17,73.0,8.33,21.13,78.27,Average
STU008817,Tanvi Singh,ECE,B.Tech,3,6,D,20,77.4,71.31,34.94,77.02,71.93,7.56,24.74,70.06,Good
STU008818,Karan Iyer,CSE,B.Tech,2,3,D,20,81.91,74.48,35.2,71.93,77.44,8.3,26.92,86.88,Good
STU008819,Aditya Krishnan,CSE,M.Tech,1,2,A,22,86.29,72.23,40.47,67.62,69.23,8.39,31.06,81.07,Average
STU008820,Varun Chatterjee,AI & DS,B.Tech,2,4,A,20,79.3,66.07,27.29,53.52,66.86,7.94,19.99,76.15,Average
STU008821,Ishaan Krishnan,AI & DS,B.Tech,2,4,B,21,86.78,77.22,35.48,67.47,79.79,8.44,18.72,77.02,Good
STU008822,Bhavya Das,AI & DS,B.Tech,4,7,B,21,73.14,72.54,33.07,73.15,75.01,9.0,13.31,77.99,Average
STU008823,Kavya Verma,IT,B.Tech,4,8,D,21,77.21,68.7,37.98,61.78,87.62,8.56,21.12,58.09,Good
STU008824,Shreya Das,CSE,B.Tech,2,4,B,19,77.57,70.39,36.81,60.84,79.22,8.4,13.94,68.72,Good
STU008825,Akash Sharma,ECE,B.Tech,2,3,C,19,88.74,80.23,37.98,64.21,74.55,8.07,25.44,98.18,Good
STU008826,Diya Menon,Mechanical,B.Tech,4,7,D,21,74.91,79.49,36.98,71.44,76.29,8.13,23.69,76.58,Average
STU008827,Diya Nair,CSE,B.Tech,3,6,C,20,78.81,74.66,37.03,68.88,78.48,8.51,21.48,82.67,Good
STU008828,Arjun Sharma,CSE,B.Tech,1,1,C,18,65.3,65.29,27.21,64.56,71.72,7.93,10.61,65.09,Average
STU008829,Tanvi Verma,ECE,B.Tech,1,2,D,18,85.0,60.83,30.27,54.78,66.75,7.44,22.88,71.37,Average
STU008830,Ishaan Krishnan,IT,B.Tech,4,7,D,21,87.71,79.29,38.84,72.93,81.13,8.04,22.61,84.7,Good
STU008831,Pooja Menon,IT,B.Tech,1,1,A,19,84.41,74.65,37.28,84.82,83.61,7.26,21.86,80.85,Good
STU008832,Ishaan Shah,Civil,B.Tech,3,5,B,21,84.95,70.64,35.21,64.28,67.47,8.28,19.11,71.32,Average
STU008833,Sanjay Joshi,CSE,M.Tech,2,3,C,25,66.05,64.94,30.58,64.44,63.87,7.82,17.0,66.37,Average
STU008834,Arjun Verma,IT,B.Tech,3,5,D,21,72.0,73.91,36.02,65.44,64.29,8.17,18.44,73.35,Average
STU008835,Arjun Menon,AI & DS,B.Tech,4,7,B,22,80.41,75.75,35.95,72.36,72.8,8.05,20.53,79.64,Good
STU008836,Yash Reddy,CSE,B.Tech,2,4,C,20,81.59,80.85,34.64,72.03,82.45,8.17,25.82,75.21,Good
STU008837,Sanjay Krishnan,AI & DS,B.Tech,1,1,A,20,76.2,68.04,34.64,61.96,78.23,8.92,20.8,72.53,Good
STU008838,Arjun Krishnan,ECE,B.Tech,1,2,D,18,72.85,69.18,29.56,67.04,77.45,8.49,20.89,57.8,Average
STU008839,Diya Gupta,IT,B.Tech,2,3,B,19,83.49,81.09,32.7,65.45,74.67,7.84,21.29,80.31,Good
STU008840,Aditi Singh,ECE,B.Tech,1,2,D,19,68.15,85.39,30.27,54.29,70.21,8.3,19.33,78.43,Average
STU008841,Arjun Nair,Mechanical,B.Tech,4,7,B,22,79.77,70.09,27.3,65.79,70.8,7.58,21.92,81.88,Good
STU008842,Zoya Nair,EEE,B.Tech,1,1,C,18,89.27,73.03,41.21,63.31,69.22,7.77,20.07,70.78,Average
STU008843,Sneha Joshi,CSE,B.Tech,3,5,A,21,86.07,73.78,34.04,62.09,68.58,7.78,21.38,90.14,Average
STU008844,Ananya Singh,IT,B.Tech,1,1,D,18,79.05,65.26,26.76,55.21,65.54,7.17,20.87,70.58,Average
STU008845,Ananya Iyer,Civil,B.Tech,2,3,B,21,78.5,76.86,35.15,70.19,72.21,8.4,23.05,69.87,Good
STU008846,Nisha Gupta,CSE,B.Tech,4,7,B,22,75.81,75.61,39.58,68.87,67.68,8.78,21.15,76.52,Average
STU008847,Surya Shah,Civil,B.Tech,1,1,A,20,87.99,76.56,36.05,70.54,79.37,7.07,24.56,86.86,Good
STU008848,Nisha Singh,Civil,B.Tech,2,3,A,19,85.18,70.19,38.08,70.69,88.52,8.17,19.59,74.7,Excellent
STU008849,Karan Bose,AI & DS,B.Tech,3,5,B,22,79.69,66.92,33.76,61.67,58.14,7.02,22.95,70.05,Average
STU008850,Nikhil Mishra,Mechanical,B.Tech,4,7,A,22,81.58,71.34,36.49,68.59,76.55,8.69,25.56,78.72,Good
STU008851,Kavya Patel,ECE,B.Tech,1,2,B,19,78.14,86.73,43.32,81.25,89.54,8.28,20.44,76.26,Good
STU008852,Ananya Bose,AI & DS,B.Tech,2,3,C,20,96.26,82.3,37.54,61.36,86.66,7.54,22.92,73.19,Excellent
STU008853,Meera Chatterjee,AI & DS,M.Tech,2,3,C,25,75.0,61.31,31.4,63.7,67.57,7.43,16.7,66.21,Average
STU008854,Surya Sharma,CSE,B.Tech,4,8,C,22,78.74,77.55,22.74,63.54,69.35,7.32,25.09,67.48,Average
STU008855,Diya Nair,AI & DS,M.Tech,1,2,A,24,77.47,82.26,39.47,82.74,92.78,8.87,20.87,65.03,Good
STU008856,Krishna Chatterjee,IT,B.Tech,1,2,B,20,80.95,70.44,35.36,54.6,55.02,8.21,20.32,70.86,Average
STU008857,Surya Shah,Mechanical,B.Tech,4,7,B,23,83.3,74.63,31.49,55.25,69.84,7.9,17.07,83.24,Average
STU008858,Krishna Pillai,Civil,B.Tech,1,1,A,18,73.72,61.11,29.92,56.58,53.84,7.19,18.34,80.71,At Risk
STU008859,Sanjay Shah,AI & DS,B.Tech,3,5,A,22,83.12,74.84,41.86,73.47,67.36,7.87,20.07,64.56,Average
STU008860,Sai Joshi,CSE,B.Tech,4,8,B,21,79.0,82.67,44.31,72.21,91.3,8.26,18.37,79.49,Good
STU008861,Yash Joshi,Civil,M.Tech,1,2,A,22,83.45,73.32,32.81,69.6,84.23,7.82,18.83,81.81,Good
STU008862,Aarav Gupta,AI & DS,B.Tech,2,3,B,19,82.34,63.51,38.28,75.89,81.4,7.63,16.47,73.11,Good
STU008863,Varun Menon,AI & DS,B.Tech,2,4,D,20,78.36,61.36,30.25,52.41,63.28,7.76,20.77,66.77,Average
STU008864,Bhavya Nair,CSE,B.Tech,4,8,C,21,73.15,67.3,35.91,56.05,77.19,8.21,20.84,72.77,Average
STU008865,Bhavya Menon,ECE,B.Tech,1,1,C,20,74.14,72.42,32.31,66.79,50.69,8.51,17.41,64.38,At Risk
STU008866,Surya Gupta,AI & DS,B.Tech,4,7,A,21,78.56,81.19,31.59,66.23,81.59,8.66,19.39,74.42,Good
STU008867,Ishaan Chatterjee,AI & DS,B.Tech,1,2,A,18,87.5,70.21,28.83,74.07,79.17,8.34,21.63,88.84,Good
STU008868,Nikhil Bose,ECE,B.Tech,1,1,D,19,80.29,81.22,36.68,67.18,75.18,7.96,27.13,76.73,Good
STU008869,Krishna Bose,CSE,B.Tech,3,6,A,21,78.46,82.39,37.03,68.18,72.64,7.81,24.82,72.12,Good
STU008870,Akash Gupta,IT,B.Tech,1,2,D,20,74.14,72.34,35.89,66.43,70.53,8.44,20.14,72.12,Average
STU008871,Aryan Mehta,IT,B.Tech,1,2,C,20,81.72,78.7,34.28,63.68,72.66,8.29,24.9,76.6,Good
STU008872,Aditi Mishra,ECE,B.Tech,1,1,C,18,92.64,85.42,37.19,71.03,90.28,8.56,21.58,83.85,Excellent
STU008873,Diya Patel,CSE,B.Tech,1,1,A,19,94.04,65.36,30.08,60.36,48.05,6.56,23.0,74.2,At Risk
STU008874,Akash Iyer,ECE,B.Tech,4,8,C,23,78.97,74.87,33.86,72.3,73.06,8.13,20.62,75.12,Good
STU008875,Diya Mishra,ECE,B.Tech,1,1,D,20,91.31,59.9,37.1,70.67,75.91,8.03,15.62,94.79,Good
STU008876,Aditi Das,Mechanical,B.Tech,4,7,C,22,84.29,76.72,30.82,61.96,61.5,7.7,23.18,68.9,Average
STU008877,Zoya Rao,IT,B.Tech,3,6,D,20,85.02,74.09,35.99,64.74,83.52,7.39,18.78,87.43,Good
STU008878,Riya Singh,ECE,B.Tech,1,2,C,20,72.39,63.21,31.93,70.47,65.13,8.01,20.08,76.84,Average
STU008879,Pooja Patel,AI & DS,B.Tech,2,3,A,19,85.84,84.29,34.2,63.38,72.32,7.98,26.0,82.49,Good
STU008880,Varun Joshi,EEE,B.Tech,4,7,D,22,78.64,58.04,31.29,53.72,51.27,7.75,15.57,66.23,At Risk
STU008881,Sanjay Iyer,IT,M.Tech,2,4,C,23,89.8,71.1,34.63,68.75,72.48,7.69,20.88,78.01,Good
STU008882,Kavya Krishnan,Civil,B.Tech,1,1,D,20,75.27,83.8,36.53,57.76,69.86,8.66,24.51,74.98,Average
STU008883,Rohan Kumar,CSE,B.Tech,4,7,D,23,81.84,67.87,28.21,71.16,66.79,7.93,20.91,77.51,Average
STU008884,Pooja Chatterjee,ECE,B.Tech,1,2,C,19,82.34,89.02,43.64,78.28,92.18,8.14,19.45,80.55,Excellent
STU008885,Surya Gupta,AI & DS,B.Tech,3,5,C,22,81.61,61.48,32.94,51.07,70.34,7.53,20.49,72.04,Good
STU008886,Rahul Bose,AI & DS,M.Tech,1,2,B,23,75.33,74.93,38.56,71.27,81.12,8.6,23.29,76.59,Good
STU008887,Manish Verma,CSE,B.Tech,3,5,B,22,80.07,62.68,33.33,46.36,62.55,7.35,22.77,69.85,Average
STU008888,Rahul Kumar,ECE,B.Tech,1,1,D,18,71.19,84.09,34.68,68.43,68.75,7.83,28.4,76.94,Average
STU008889,Shreya Verma,CSE,M.Tech,2,4,D,25,83.4,71.17,37.02,78.5,73.94,8.95,19.89,83.37,Good
STU008890,Aditi Iyer,CSE,B.Tech,4,7,A,22,82.91,77.59,36.39,76.4,75.07,7.92,24.4,74.38,Good
STU008891,Riya Shah,IT,B.Tech,3,5,B,21,82.56,72.67,34.71,57.12,75.02,8.49,20.37,81.85,Good
STU008892,Pooja Pillai,CSE,M.Tech,1,1,C,23,88.19,63.72,28.33,57.27,62.77,7.35,21.01,77.66,Average
STU008893,Bhavya Joshi,CSE,B.Tech,1,2,A,19,74.46,56.23,33.09,42.41,56.38,6.94,17.65,66.73,Average
STU008894,Krishna Iyer,AI & DS,B.Tech,4,7,D,21,90.44,80.99,36.89,55.91,76.35,8.4,20.77,87.36,Good
STU008895,Varun Menon,ECE,B.Tech,3,5,D,20,78.75,84.83,39.95,70.43,76.09,8.23,19.79,78.85,Good
STU008896,Vikram Krishnan,AI & DS,B.Tech,1,2,A,20,74.29,85.63,34.81,70.23,88.68,8.9,20.88,69.54,Average
STU008897,Krishna Menon,IT,B.Tech,4,8,B,21,79.44,71.36,32.38,48.03,62.67,7.02,22.16,55.63,Average
STU008898,Zoya Shah,AI & DS,M.Tech,2,3,A,24,56.35,81.49,35.78,65.1,86.83,8.39,20.53,61.42,At Risk
STU008899,Diya Reddy,AI & DS,B.Tech,2,4,C,19,75.93,69.16,34.13,67.1,61.82,7.76,19.43,80.74,Average
STU008900,Meera Rao,AI & DS,B.Tech,2,3,D,21,78.03,60.34,27.06,40.5,54.18,6.93,19.78,61.84,At Risk
STU008901,Zoya Verma,AI & DS,B.Tech,3,6,B,21,73.85,73.98,38.06,75.56,81.49,7.94,22.1,57.21,Average
STU008902,Aryan Chatterjee,ECE,B.Tech,4,8,B,21,78.68,69.39,29.72,68.49,71.95,8.42,21.8,76.78,Good
STU008903,Aarav Rao,EEE,B.Tech,1,1,D,20,89.33,79.06,37.99,65.27,86.53,7.93,21.11,69.38,Excellent
STU008904,Aditi Gupta,CSE,B.Tech,3,5,C,21,84.03,72.37,42.24,62.55,78.31,8.29,14.89,84.23,Good
STU008905,Surya Singh,CSE,B.Tech,3,6,B,21,84.55,73.59,27.35,60.81,56.88,6.27,20.89,72.42,Average
STU008906,Rahul Kumar,CSE,B.Tech,3,6,A,20,70.97,66.76,30.47,70.32,68.36,7.63,22.71,75.44,Average
STU008907,Aditi Kumar,EEE,M.Tech,1,2,C,22,70.03,75.59,30.1,66.69,70.61,8.35,21.3,77.81,Average
STU008908,Bhavya Verma,CSE,B.Tech,2,3,C,19,72.2,77.61,32.18,64.96,74.21,8.05,25.63,80.67,Average
STU008909,Varun Mehta,AI & DS,B.Tech,3,6,D,20,84.89,64.5,28.38,52.54,68.74,7.56,19.66,62.67,Average
STU008910,Rahul Chatterjee,CSE,B.Tech,4,7,B,23,83.36,71.39,31.26,58.69,72.94,7.49,23.62,72.9,Good
STU008911,Nikhil Reddy,AI & DS,B.Tech,4,8,A,23,71.66,76.84,31.03,58.21,79.99,7.5,21.0,70.16,Average
STU008912,Aditi Shah,ECE,B.Tech,3,5,C,20,73.58,63.24,27.22,51.37,55.05,6.94,15.01,76.14,Average
STU008913,Surya Patel,EEE,B.Tech,1,2,C,19,79.52,63.35,28.39,50.45,73.15,7.17,19.33,69.73,Good
STU008914,Akash Shah,EEE,B.Tech,1,2,A,19,82.18,68.36,33.71,74.99,79.46,8.51,21.87,73.02,Good
STU008915,Aarav Das,AI & DS,B.Tech,2,3,B,19,69.96,72.0,32.85,70.9,74.81,7.62,24.22,76.48,Average
STU008916,Aditi Joshi,AI & DS,B.Tech,3,5,A,21,76.98,74.62,38.58,55.82,67.0,7.11,18.24,77.83,Average
STU008917,Vikram Mishra,CSE,B.Tech,2,3,B,20,82.3,76.97,36.41,73.1,73.35,7.58,20.65,82.03,Good
STU008918,Aditi Kumar,ECE,B.Tech,4,7,A,22,83.37,83.34,40.47,67.52,82.05,9.1,23.86,72.36,Good
STU008919,Rahul Sharma,CSE,B.Tech,2,4,C,19,76.53,66.63,33.13,63.2,71.61,7.59,18.6,77.39,Good
STU008920,Sai Das,Civil,B.Tech,3,6,C,21,87.52,83.6,34.18,59.29,66.81,8.3,22.92,79.49,Average
STU008921,Sai Patel,IT,B.Tech,2,4,D,20,73.4,67.01,35.3,58.65,77.15,7.73,19.96,71.32,Average
STU008922,Sneha Chatterjee,CSE,B.Tech,1,1,B,18,80.84,74.14,31.05,54.35,71.44,7.84,17.08,63.22,Good
STU008923,Zoya Mehta,EEE,B.Tech,2,4,A,20,80.97,71.43,32.3,71.21,60.6,7.95,22.56,73.5,Average
STU008924,Nikhil Mehta,CSE,B.Tech,4,7,C,21,72.2,93.42,44.18,69.74,89.32,8.76,24.6,72.15,Average
STU008925,Sai Patel,AI & DS,B.Tech,3,6,A,22,87.31,86.66,41.66,75.6,85.66,8.39,20.07,78.15,Excellent
STU008926,Arjun Patel,Mechanical,B.Tech,3,6,A,20,81.63,84.18,34.68,66.99,98.4,8.5,24.64,88.55,Excellent
STU008927,Manish Verma,Civil,B.Tech,4,8,B,22,95.73,78.65,37.48,67.69,93.07,8.07,26.28,78.15,Excellent
STU008928,Meera Singh,Mechanical,M.Tech,1,1,B,25,77.86,79.76,38.32,80.29,82.17,8.56,24.86,80.0,Good
STU008929,Tanvi Verma,Mechanical,B.Tech,1,2,D,20,86.33,67.07,32.05,57.11,74.93,7.36,21.74,81.67,Good
STU008930,Surya Mehta,EEE,B.Tech,3,5,D,20,84.22,87.11,45.47,82.71,80.87,8.25,24.4,85.08,Good
STU008931,Rohan Kumar,EEE,B.Tech,4,8,C,22,76.01,74.98,33.28,63.19,71.96,8.42,22.33,78.29,Good
STU008932,Yash Joshi,ECE,B.Tech,4,8,C,22,80.04,62.61,32.03,66.55,71.85,8.48,17.25,64.82,Good
STU008933,Sneha Sharma,CSE,B.Tech,2,4,C,20,79.11,64.42,27.8,53.58,64.65,7.49,15.49,80.26,Average
STU008934,Surya Rao,CSE,B.Tech,3,6,C,20,82.74,71.27,30.26,59.05,63.99,8.27,17.72,80.01,Average
STU008935,Riya Nair,Mechanical,M.Tech,1,2,C,23,74.0,58.55,32.6,60.0,74.17,7.69,20.07,75.79,Average
STU008936,Karan Bose,ECE,B.Tech,4,7,B,22,69.98,84.75,37.3,66.72,91.35,8.67,20.16,83.28,Average
STU008937,Karan Sharma,CSE,B.Tech,2,4,C,19,87.98,82.18,38.91,59.16,86.2,8.08,21.8,80.92,Excellent
STU008938,Sneha Patel,Mechanical,B.Tech,4,8,D,23,83.43,63.76,29.62,55.4,57.25,7.24,28.74,72.07,Average
STU008939,Bhavya Das,AI & DS,B.Tech,4,8,D,22,72.03,59.85,33.61,76.6,77.93,7.77,24.05,68.15,Average
STU008940,Sneha Nair,CSE,B.Tech,3,6,A,20,84.2,80.12,34.02,62.26,77.09,7.13,27.89,76.81,Good
STU008941,Ishaan Verma,CSE,M.Tech,1,2,C,22,75.76,81.89,36.37,75.59,70.37,8.46,22.51,76.17,Good
STU008942,Sneha Singh,CSE,B.Tech,2,4,A,20,76.66,68.7,35.49,68.54,58.21,8.03,24.78,81.74,Average
STU008943,Nisha Kumar,Civil,B.Tech,4,7,D,21,86.28,81.04,38.68,72.82,77.93,8.15,26.76,81.44,Good
STU008944,Meera Nair,CSE,B.Tech,4,8,B,21,91.8,74.4,35.2,69.35,82.61,7.55,24.0,79.3,Good
STU008945,Nikhil Pillai,Mechanical,B.Tech,4,8,D,23,68.74,69.08,32.38,63.8,82.18,8.13,17.0,69.65,Average
STU008946,Zoya Mishra,CSE,B.Tech,3,6,B,21,63.65,70.96,28.74,65.77,69.63,7.75,18.62,63.34,At Risk
STU008947,Bhavya Mehta,Mechanical,B.Tech,2,3,B,20,84.01,74.11,34.2,55.98,66.04,6.84,21.09,78.49,Average
STU008948,Zoya Bose,AI & DS,B.Tech,1,1,C,19,82.94,74.86,37.2,74.51,78.41,7.59,20.51,75.38,Good
STU008949,Sanjay Menon,Civil,B.Tech,4,7,D,23,83.49,77.38,42.3,69.9,89.17,8.63,19.57,69.36,Excellent
STU008950,Aryan Joshi,EEE,B.Tech,4,7,C,23,81.53,64.44,31.5,48.77,49.45,7.62,12.1,74.2,At Risk
STU008951,Tanvi Mishra,IT,M.Tech,1,1,A,25,96.72,79.06,44.74,71.36,87.54,8.23,19.87,80.34,Excellent
STU008952,Akash Nair,CSE,B.Tech,4,8,D,23,84.45,72.94,29.94,38.9,57.57,7.83,24.84,76.99,Average
STU008953,Nisha Pillai,EEE,B.Tech,4,8,B,23,66.4,73.69,32.22,61.81,76.1,7.84,20.9,68.19,Average
STU008954,Karan Das,AI & DS,B.Tech,1,2,B,19,72.65,72.37,35.71,82.25,94.08,8.29,28.7,82.64,Average
STU008955,Nisha Menon,CSE,B.Tech,2,3,C,21,72.09,79.76,38.11,73.18,82.39,8.6,20.84,70.24,Average
STU008956,Sneha Patel,CSE,B.Tech,2,4,B,19,80.18,69.7,29.87,63.63,78.98,7.03,17.6,64.86,Good
STU008957,Arjun Reddy,EEE,B.Tech,1,1,D,19,71.64,70.33,37.51,62.34,64.45,9.02,19.42,67.69,Average
STU008958,Meera Kumar,CSE,B.Tech,1,1,A,18,72.19,69.09,35.45,54.69,73.94,8.45,16.47,68.97,Average
STU008959,Bhavya Bose,IT,B.Tech,4,8,A,23,88.24,78.03,33.24,71.44,77.63,8.99,26.2,83.16,Good
STU008960,Rahul Shah,AI & DS,B.Tech,3,6,C,22,71.64,69.13,38.65,70.13,69.94,7.64,18.22,73.23,Average
STU008961,Aditi Nair,Mechanical,B.Tech,3,5,B,20,89.26,74.89,34.37,59.17,68.31,7.63,26.03,79.89,Average
STU008962,Ananya Menon,Mechanical,B.Tech,3,5,B,22,75.39,73.82,34.07,63.42,77.13,8.13,19.58,80.17,Good
STU008963,Nikhil Sharma,CSE,B.Tech,3,5,B,22,87.96,69.81,31.88,68.64,68.92,7.25,19.79,80.36,Average
STU008964,Sneha Chatterjee,Mechanical,B.Tech,1,2,C,20,85.61,65.29,23.51,63.18,64.69,8.25,21.22,66.25,Average
STU008965,Ananya Rao,ECE,M.Tech,1,2,D,25,74.92,79.96,38.76,68.88,86.0,7.97,16.08,84.92,Average
STU008966,Ananya Reddy,CSE,B.Tech,1,2,B,18,83.11,64.88,28.73,65.27,78.9,7.69,16.27,74.65,Good
STU008967,Aditya Iyer,AI & DS,B.Tech,4,8,A,23,90.27,82.21,32.13,69.67,74.51,7.29,20.17,84.07,Good
STU008968,Yash Kumar,EEE,B.Tech,1,1,B,18,78.69,75.35,33.63,59.57,80.05,8.07,17.4,65.13,Good
STU008969,Aditya Mishra,CSE,M.Tech,1,1,B,25,76.73,58.94,31.44,65.7,73.04,8.36,16.77,82.64,Good
STU008970,Diya Kumar,CSE,B.Tech,1,1,D,18,72.88,65.54,35.04,66.15,79.5,7.84,20.02,65.87,Average
STU008971,Sneha Krishnan,Mechanical,B.Tech,2,4,C,20,82.89,77.46,36.96,74.34,75.87,7.62,18.67,84.74,Good
STU008972,Bhavya Pillai,EEE,B.Tech,3,6,D,22,78.68,75.84,25.46,58.96,75.33,7.29,25.62,78.81,Good
STU008973,Kavya Menon,ECE,B.Tech,2,3,C,21,85.68,70.79,32.47,70.07,81.98,7.7,28.13,79.45,Good
STU008974,Akash Mishra,AI & DS,B.Tech,4,7,B,21,72.53,64.32,25.33,61.17,73.89,8.41,20.9,76.59,Average
STU008975,Bhavya Iyer,AI & DS,B.Tech,4,8,A,22,72.57,62.75,31.06,52.74,62.45,7.81,21.23,77.95,Average
STU008976,Aarav Joshi,ECE,B.Tech,1,2,B,20,79.81,65.58,27.44,65.13,70.85,7.78,19.89,73.69,Good
STU008977,Aryan Shah,CSE,B.Tech,2,3,C,20,64.39,78.16,41.89,72.89,82.82,9.36,18.12,67.42,At Risk
STU008978,Karan Iyer,EEE,B.Tech,1,2,A,20,87.24,80.37,32.95,72.27,80.67,7.86,31.57,85.78,Good
STU008979,Rohan Patel,Mechanical,B.Tech,4,7,C,23,75.25,74.89,32.92,70.65,71.01,8.53,29.58,83.46,Good
STU008980,Kavya Shah,Mechanical,B.Tech,2,4,C,20,82.59,72.4,35.31,63.72,81.57,8.63,20.63,79.39,Good
STU008981,Ishaan Reddy,CSE,B.Tech,2,4,A,19,83.5,59.88,32.81,62.3,78.11,8.45,16.0,67.24,Good
STU008982,Aarav Gupta,IT,B.Tech,1,2,A,20,87.32,70.78,33.63,61.4,68.01,8.2,13.65,70.87,Average
STU008983,Tanvi Bose,Civil,B.Tech,2,4,A,21,90.35,74.37,33.23,64.3,74.15,8.15,22.61,71.41,Good
STU008984,Ishaan Singh,EEE,B.Tech,2,3,D,21,77.64,78.3,34.67,63.84,77.42,7.27,26.56,72.92,Good
STU008985,Arjun Nair,CSE,B.Tech,4,7,D,21,78.49,78.33,36.53,66.94,89.87,7.45,17.92,81.03,Good
STU008986,Arjun Nair,EEE,B.Tech,4,8,C,22,85.78,72.25,38.35,61.37,71.53,7.38,21.34,78.19,Good
STU008987,Isha Krishnan,Mechanical,B.Tech,2,4,B,20,98.78,78.75,40.23,67.05,72.52,8.16,28.11,93.05,Good
STU008988,Varun Pillai,ECE,M.Tech,1,2,A,24,79.33,63.09,31.95,51.32,66.64,6.18,20.3,60.96,Average
STU008989,Rohan Iyer,AI & DS,B.Tech,2,4,A,19,83.14,83.01,38.39,67.48,92.55,8.76,27.58,71.03,Excellent
STU008990,Shreya Joshi,Mechanical,B.Tech,2,3,D,20,89.97,64.07,33.09,67.02,67.7,8.33,17.26,86.52,Average
STU008991,Rahul Singh,CSE,B.Tech,4,8,C,21,68.33,80.96,44.61,72.0,77.53,8.5,23.37,79.51,Average
STU008992,Shreya Shah,CSE,B.Tech,3,5,B,22,69.73,80.29,34.7,78.79,91.83,9.2,19.64,78.48,Average
STU008993,Riya Pillai,Mechanical,B.Tech,4,7,D,21,81.95,71.74,36.87,67.74,80.37,7.68,19.12,65.21,Good
STU008994,Nisha Joshi,Mechanical,B.Tech,1,2,B,19,93.43,89.39,37.46,75.08,92.22,9.3,22.03,94.04,Excellent
STU008995,Sanjay Joshi,EEE,B.Tech,2,3,D,21,74.47,76.86,35.93,54.03,83.19,7.98,18.83,64.31,Average
STU008996,Shreya Joshi,AI & DS,B.Tech,1,2,A,20,86.14,56.52,29.24,62.6,74.31,7.51,14.88,73.76,Good
STU008997,Rahul Verma,AI & DS,M.Tech,1,1,B,25,91.02,71.27,34.98,66.54,76.99,7.85,17.87,89.21,Good
STU008998,Shreya Das,CSE,B.Tech,1,2,B,20,90.15,72.41,36.22,62.74,80.59,8.3,18.65,70.78,Good
STU008999,Krishna Bose,AI & DS,B.Tech,3,5,D,22,83.18,63.06,27.42,54.14,68.59,7.31,19.93,61.72,Average
STU009000,Akash Mishra,Civil,B.Tech,2,3,B,21,72.79,53.67,32.1,51.6,67.14,7.14,11.72,55.21,Average
STU009001,Bhavya Bose,Mechanical,B.Tech,3,6,D,22,81.25,73.66,34.1,58.67,71.92,7.77,16.47,84.96,Good
STU009002,Arjun Nair,IT,B.Tech,4,8,A,23,71.38,74.9,32.46,63.19,73.87,7.78,17.54,66.71,Average
STU009003,Zoya Pillai,Mechanical,B.Tech,2,4,A,19,77.88,82.62,35.88,71.89,67.86,7.57,25.21,84.43,Average
STU009004,Shreya Rao,Mechanical,B.Tech,2,4,A,19,79.82,65.44,27.04,52.76,50.61,6.92,13.2,57.21,At Risk
STU009005,Nikhil Nair,ECE,B.Tech,4,8,D,23,86.92,74.54,32.88,63.64,63.8,7.32,15.33,88.51,Average
STU009006,Aryan Sharma,IT,M.Tech,1,1,A,23,72.93,69.7,39.16,62.11,91.28,8.59,16.26,61.83,Average
STU009007,Tanvi Nair,Civil,B.Tech,4,8,D,23,84.08,63.37,25.32,48.82,66.52,7.29,22.09,63.8,Average
STU009008,Nikhil Patel,CSE,B.Tech,4,8,B,23,81.09,69.68,32.07,61.81,85.96,8.45,20.11,79.25,Excellent
STU009009,Kavya Krishnan,IT,M.Tech,1,2,B,24,90.75,86.95,41.54,76.9,94.5,9.2,18.85,83.6,Excellent
STU009010,Varun Menon,ECE,B.Tech,2,4,D,19,84.24,68.36,32.75,69.15,77.47,7.6,21.86,83.85,Good
STU009011,Ishaan Gupta,AI & DS,B.Tech,1,2,B,20,94.52,81.61,35.87,66.92,82.35,7.91,22.7,85.27,Good
STU009012,Aryan Shah,AI & DS,B.Tech,2,3,B,19,80.23,67.65,30.19,61.95,57.9,7.52,18.99,76.61,Average
STU009013,Riya Mehta,CSE,B.Tech,4,7,A,21,83.79,69.19,32.44,68.95,81.82,7.76,22.64,77.44,Good
STU009014,Kavya Singh,Mechanical,B.Tech,2,3,C,20,72.27,65.96,31.69,60.69,74.86,6.78,19.78,67.81,Average
STU009015,Arjun Das,CSE,B.Tech,4,8,B,23,78.23,73.44,31.08,74.2,77.82,8.15,21.71,85.68,Good
STU009016,Akash Pillai,Mechanical,B.Tech,2,4,A,19,71.84,78.61,35.06,69.66,80.61,8.42,18.91,78.02,Average
STU009017,Shreya Krishnan,Civil,B.Tech,1,2,B,19,85.03,75.78,32.8,63.55,75.81,7.95,22.29,84.29,Good
STU009018,Kavya Nair,CSE,B.Tech,3,5,B,21,84.52,73.13,33.06,64.95,62.65,8.49,18.69,75.97,Average
STU009019,Yash Krishnan,Mechanical,B.Tech,3,6,C,22,100,68.22,31.03,50.69,58.13,8.17,17.19,77.57,Average
STU009020,Riya Mishra,Civil,B.Tech,1,2,D,19,76.49,70.43,33.9,65.88,82.27,7.73,14.96,66.15,Good
STU009021,Arjun Nair,CSE,B.Tech,1,2,B,19,73.83,73.77,31.26,62.87,76.02,6.95,14.46,68.1,Average
STU009022,Varun Sharma,IT,B.Tech,1,1,B,18,72.31,85.73,33.85,63.43,77.26,8.32,23.63,59.59,Average
STU009023,Aditya Mehta,Mechanical,B.Tech,1,2,A,18,75.36,66.45,30.8,48.32,69.19,8.38,15.73,65.27,Average
STU009024,Sai Joshi,IT,B.Tech,1,1,B,20,70.91,69.98,31.27,71.24,77.83,7.83,22.33,79.6,Average
STU009025,Shreya Menon,IT,B.Tech,1,1,A,19,81.05,78.16,41.26,61.11,87.22,7.95,19.98,71.77,Excellent
STU009026,Rahul Gupta,AI & DS,B.Tech,4,7,D,23,77.96,65.79,33.32,59.21,71.31,8.03,19.48,72.74,Good
STU009027,Varun Shah,AI & DS,B.Tech,1,1,C,18,85.25,75.54,33.25,74.27,67.19,7.82,24.17,89.67,Average
STU009028,Vikram Patel,CSE,M.Tech,2,4,A,25,91.1,88.97,43.76,80.14,90.89,9.04,26.49,85.6,Excellent
STU009029,Ananya Mehta,AI & DS,B.Tech,2,4,C,19,69.24,81.33,38.68,73.32,85.83,8.93,20.76,72.17,Average
STU009030,Riya Iyer,CSE,B.Tech,2,3,C,19,72.28,66.1,33.54,52.91,73.4,8.24,11.05,63.91,Average
STU009031,Sanjay Patel,Mechanical,B.Tech,2,3,B,20,81.24,80.96,34.21,56.59,78.72,8.2,18.5,80.4,Good
STU009032,Yash Singh,AI & DS,B.Tech,2,4,D,19,99.7,84.75,43.96,77.7,96.96,8.21,26.47,72.01,Excellent
STU009033,Ishaan Krishnan,IT,B.Tech,3,6,C,22,75.15,71.98,29.07,69.96,65.19,8.09,20.81,86.88,Average
STU009034,Arjun Kumar,CSE,B.Tech,4,7,B,23,77.66,85.29,38.01,74.87,82.82,8.67,26.67,65.83,Good
STU009035,Rahul Bose,IT,B.Tech,2,3,A,20,89.18,73.45,30.08,51.19,68.02,7.32,16.22,78.74,Average
STU009036,Sanjay Nair,Mechanical,B.Tech,1,2,C,20,94.76,81.51,33.75,71.26,71.19,8.65,26.6,79.36,Good
STU009037,Ishaan Kumar,CSE,B.Tech,1,1,B,18,76.49,70.5,32.03,68.02,68.19,8.15,26.61,84.02,Average
STU009038,Arjun Patel,CSE,B.Tech,4,8,D,21,85.56,69.82,36.7,68.64,65.67,7.78,17.81,86.39,Average
STU009039,Krishna Mehta,CSE,B.Tech,1,2,C,18,69.31,72.8,36.43,58.75,83.2,8.22,20.7,72.79,Average
STU009040,Diya Verma,ECE,B.Tech,3,6,D,22,68.0,77.83,36.73,60.96,87.52,8.46,21.83,59.33,Average
STU009041,Riya Patel,AI & DS,B.Tech,3,5,C,20,80.93,75.41,32.22,68.62,74.02,8.23,22.78,80.43,Good
STU009042,Aditya Nair,CSE,B.Tech,4,7,A,23,70.9,63.73,31.69,53.22,70.94,7.83,17.0,68.21,Average
STU009043,Nikhil Verma,AI & DS,B.Tech,4,7,A,22,79.3,84.79,27.65,65.71,69.51,8.23,28.24,79.71,Average
STU009044,Varun Patel,Mechanical,B.Tech,1,1,A,19,98.55,81.18,39.13,77.61,79.78,8.47,23.46,88.7,Good
STU009045,Nikhil Reddy,CSE,B.Tech,2,4,B,20,90.54,91.54,41.87,81.6,91.76,8.89,20.85,75.06,Excellent
STU009046,Manish Mehta,AI & DS,B.Tech,4,8,D,21,77.24,64.73,32.15,69.8,66.21,6.81,16.74,71.9,Average
STU009047,Bhavya Rao,Mechanical,B.Tech,4,7,C,22,87.18,75.06,29.59,42.5,58.05,6.83,20.98,72.92,Average
STU009048,Pooja Reddy,CSE,B.Tech,1,2,B,20,65.51,75.17,35.39,47.5,80.26,8.02,22.27,77.12,Average
STU009049,Aarav Patel,Mechanical,M.Tech,1,2,B,22,85.1,76.72,34.21,51.87,75.69,7.98,24.77,85.66,Good
STU009050,Bhavya Shah,Mechanical,B.Tech,3,5,D,20,86.36,69.13,38.77,56.3,69.57,7.65,19.86,79.58,Average
STU009051,Shreya Krishnan,IT,B.Tech,4,7,D,23,61.87,50.18,31.08,52.6,67.42,7.24,20.04,61.1,At Risk
STU009052,Zoya Shah,Mechanical,B.Tech,2,3,B,20,75.42,73.22,34.24,65.94,73.25,8.08,20.0,58.49,Good
STU009053,Sneha Mehta,Civil,B.Tech,1,1,A,18,86.62,67.71,27.43,47.26,62.98,7.64,16.56,74.62,Average
STU009054,Aditi Bose,Civil,B.Tech,4,8,C,22,67.92,65.9,31.58,56.35,77.97,7.58,18.38,72.28,Average
STU009055,Arjun Reddy,Civil,B.Tech,3,6,B,20,84.59,76.6,41.35,70.39,74.35,7.97,20.85,65.23,Good
STU009056,Riya Reddy,CSE,B.Tech,1,1,A,20,68.51,79.83,34.86,83.55,94.48,9.22,18.79,62.15,Average
STU009057,Sai Menon,CSE,M.Tech,1,2,C,23,95.23,84.95,39.44,74.98,86.37,8.27,25.53,79.03,Excellent
STU009058,Akash Iyer,IT,B.Tech,3,6,A,22,69.17,66.7,35.31,61.45,66.71,8.58,18.24,57.54,Average
STU009059,Surya Verma,ECE,B.Tech,3,5,B,22,90.42,79.09,32.85,66.26,68.85,8.6,14.82,76.35,Average
STU009060,Manish Bose,AI & DS,B.Tech,1,2,D,19,68.91,69.77,34.07,74.26,92.34,9.2,25.73,81.72,Average
STU009061,Rohan Mishra,ECE,B.Tech,1,2,A,19,78.0,76.33,35.49,68.92,65.23,8.24,19.65,72.18,Average
STU009062,Karan Bose,IT,B.Tech,1,1,B,19,84.12,65.38,25.0,52.39,68.17,7.87,18.69,72.73,Average
STU009063,Krishna Mishra,Mechanical,B.Tech,2,3,A,19,78.68,60.78,30.8,53.1,64.24,7.48,22.26,71.52,Average
STU009064,Varun Das,CSE,B.Tech,2,3,D,20,90.64,80.79,35.36,67.5,81.75,8.34,18.04,79.94,Good
STU009065,Yash Verma,ECE,M.Tech,2,3,B,23,77.01,70.45,36.24,56.63,65.84,8.25,18.8,67.65,Average
STU009066,Karan Rao,ECE,B.Tech,4,7,C,22,90.23,85.95,37.31,86.63,96.18,8.58,22.72,89.84,Excellent
STU009067,Tanvi Nair,Mechanical,B.Tech,4,8,C,22,80.74,65.5,36.62,64.82,82.13,7.94,24.0,79.25,Good
STU009068,Aditya Chatterjee,Mechanical,B.Tech,1,2,B,18,89.59,59.73,27.01,52.38,61.49,8.19,19.05,87.15,Average
STU009069,Zoya Verma,AI & DS,B.Tech,1,2,A,20,85.29,79.86,34.19,67.43,72.55,8.54,16.98,74.68,Good
STU009070,Nisha Gupta,AI & DS,B.Tech,3,6,D,22,84.55,70.76,33.33,68.63,63.82,7.23,21.15,84.46,Average
STU009071,Arjun Shah,ECE,B.Tech,2,4,A,20,90.15,76.1,38.69,64.92,85.68,8.08,20.91,80.9,Excellent
STU009072,Karan Patel,CSE,B.Tech,2,3,D,20,72.09,71.63,35.22,60.23,78.48,8.61,15.07,57.82,Average
STU009073,Diya Mehta,IT,B.Tech,3,5,B,21,84.38,72.49,36.72,59.22,74.09,7.48,24.33,75.89,Good
STU009074,Sanjay Krishnan,IT,B.Tech,3,5,B,22,85.52,75.4,38.29,69.04,64.03,7.96,26.37,78.27,Average
STU009075,Isha Mehta,Mechanical,M.Tech,2,4,A,24,74.97,63.85,29.8,58.74,80.71,7.84,18.79,55.1,Average
STU009076,Diya Gupta,Civil,B.Tech,4,8,D,22,73.88,57.82,24.57,48.42,60.94,7.11,11.54,60.06,Average
STU009077,Meera Mehta,Mechanical,B.Tech,1,1,A,19,75.54,66.52,31.41,52.95,57.84,8.3,18.95,67.09,Average
STU009078,Manish Das,CSE,B.Tech,4,7,A,22,91.53,67.77,30.63,54.74,64.31,7.21,26.45,79.92,Average
STU009079,Surya Joshi,Mechanical,B.Tech,4,8,B,23,80.83,70.52,24.78,71.48,64.19,8.56,24.28,79.92,Average
STU009080,Kavya Patel,ECE,B.Tech,2,3,C,20,72.57,57.93,32.55,65.72,63.47,7.73,17.44,63.89,Average
STU009081,Aryan Mehta,ECE,B.Tech,1,2,A,18,71.11,72.76,37.08,65.97,79.58,8.41,22.06,71.33,Average
STU009082,Aryan Joshi,CSE,B.Tech,1,1,C,19,77.51,63.18,35.69,72.43,80.61,8.43,23.38,77.37,Good
STU009083,Yash Menon,Mechanical,B.Tech,3,5,B,22,83.05,90.61,43.04,84.42,91.55,8.42,19.3,73.66,Excellent
STU009084,Aditi Krishnan,ECE,B.Tech,4,8,C,21,79.5,80.76,43.84,77.05,86.61,8.34,19.77,75.92,Good
STU009085,Aditya Patel,Mechanical,B.Tech,3,6,A,21,84.16,66.86,33.27,59.83,79.46,7.43,23.17,67.67,Good
STU009086,Kavya Nair,Civil,B.Tech,4,8,A,22,81.93,70.68,35.63,60.73,83.45,7.83,21.3,71.14,Good
STU009087,Diya Verma,ECE,B.Tech,3,6,B,20,79.65,83.11,42.11,78.06,90.6,8.57,26.34,88.78,Good
STU009088,Ishaan Sharma,AI & DS,B.Tech,3,6,B,20,69.67,79.87,35.29,58.95,74.7,7.54,22.29,72.66,Average
STU009089,Nikhil Mehta,CSE,B.Tech,4,7,C,22,92.76,77.05,33.67,72.96,79.07,8.08,21.54,89.65,Good
STU009090,Zoya Iyer,IT,B.Tech,2,3,C,20,59.02,59.05,25.38,61.44,61.9,8.54,18.78,72.36,At Risk
STU009091,Kavya Mishra,Civil,B.Tech,4,8,A,23,78.31,69.5,37.64,66.42,72.33,7.9,21.2,83.73,Good
STU009092,Aditi Rao,IT,B.Tech,2,3,D,20,86.23,79.01,37.2,71.63,78.63,8.16,23.19,84.63,Good
STU009093,Yash Chatterjee,Mechanical,B.Tech,2,3,C,19,88.6,85.45,42.41,65.46,94.47,8.75,20.04,87.12,Excellent
STU009094,Manish Sharma,ECE,B.Tech,2,4,D,21,90.36,83.19,40.27,63.74,73.44,7.76,24.97,61.95,Good
STU009095,Varun Nair,AI & DS,B.Tech,2,4,D,19,92.08,79.21,38.28,79.32,81.8,8.07,25.36,81.35,Good
STU009096,Pooja Patel,EEE,B.Tech,4,7,B,21,74.53,72.45,33.12,79.31,89.94,8.66,24.48,74.1,Average
STU009097,Surya Bose,CSE,B.Tech,1,2,B,20,89.11,76.86,43.26,59.94,86.38,8.2,25.91,73.52,Excellent
STU009098,Nikhil Reddy,ECE,B.Tech,1,2,B,19,78.6,59.85,31.1,47.72,57.29,8.91,20.25,68.08,Average
STU009099,Aditya Mehta,ECE,B.Tech,2,3,C,21,86.1,74.79,38.19,57.14,73.48,8.24,18.62,88.82,Good
STU009100,Riya Mehta,IT,B.Tech,2,3,C,21,81.34,77.62,34.42,60.64,72.53,7.79,24.59,70.32,Good
STU009101,Sai Bose,IT,M.Tech,2,4,A,23,77.59,79.33,34.56,69.59,90.1,7.94,24.38,77.26,Good
STU009102,Aarav Kumar,AI & DS,B.Tech,1,1,C,20,88.52,71.61,36.09,58.08,79.36,7.63,21.85,82.79,Good
STU009103,Surya Bose,IT,B.Tech,4,8,B,22,68.5,65.98,29.88,60.29,53.22,6.88,13.11,75.72,At Risk
STU009104,Ishaan Singh,Civil,B.Tech,4,7,B,21,84.78,86.38,35.81,70.62,82.06,7.46,25.2,82.3,Good
STU009105,Ishaan Shah,ECE,M.Tech,2,4,D,25,84.37,76.44,35.53,59.01,53.96,6.91,17.68,76.12,At Risk
STU009106,Karan Reddy,IT,B.Tech,1,1,A,19,73.87,69.46,27.42,64.3,61.47,7.87,23.33,76.77,Average
STU009107,Yash Kumar,Civil,B.Tech,4,7,C,21,69.6,70.49,31.89,73.76,84.38,8.73,21.34,65.11,Average
STU009108,Aryan Verma,ECE,B.Tech,3,5,C,21,82.39,82.2,34.51,61.23,71.24,8.14,24.77,87.52,Good
STU009109,Nisha Chatterjee,Mechanical,B.Tech,3,5,D,22,82.35,75.8,38.28,68.39,92.62,8.85,25.25,73.87,Excellent
STU009110,Krishna Singh,AI & DS,B.Tech,3,6,A,21,73.91,69.59,34.0,55.75,65.52,7.74,24.96,80.6,Average
STU009111,Tanvi Rao,IT,M.Tech,2,3,A,25,82.04,62.9,30.61,53.99,77.85,7.35,20.16,79.06,Good
STU009112,Sneha Kumar,CSE,B.Tech,3,5,B,21,68.65,76.07,30.92,60.95,72.36,8.41,20.82,72.31,Average
STU009113,Zoya Verma,ECE,B.Tech,2,4,C,21,74.45,64.78,27.29,58.82,76.99,8.14,19.04,75.51,Average
STU009114,Surya Patel,EEE,B.Tech,1,1,A,20,82.76,66.67,25.69,64.38,61.52,7.17,22.6,79.28,Average
STU009115,Meera Patel,IT,B.Tech,3,6,B,20,73.99,69.77,32.81,59.08,60.32,7.42,21.91,62.4,Average
STU009116,Surya Kumar,EEE,B.Tech,3,6,A,20,88.94,66.49,30.82,62.53,65.08,7.62,22.88,78.39,Average
STU009117,Surya Menon,Mechanical,B.Tech,3,5,A,21,69.54,90.66,36.26,78.21,87.41,9.16,16.94,65.2,Average
STU009118,Vikram Krishnan,IT,B.Tech,4,8,A,22,74.51,79.68,37.98,68.76,89.4,8.05,23.7,75.56,Average
STU009119,Varun Iyer,CSE,B.Tech,2,4,C,19,75.13,76.13,36.34,77.45,82.43,8.38,26.59,83.08,Good
STU009120,Sneha Bose,AI & DS,B.Tech,1,1,C,18,86.26,61.02,24.43,58.14,61.11,7.06,8.63,69.07,Average
STU009121,Riya Bose,CSE,B.Tech,3,6,D,22,87.61,70.47,35.41,70.27,61.81,7.89,19.32,88.37,Average
STU009122,Bhavya Joshi,Mechanical,B.Tech,3,5,A,21,79.74,77.74,35.13,61.68,91.76,8.74,18.25,81.97,Good
STU009123,Varun Rao,Civil,B.Tech,1,2,D,20,69.69,71.15,34.1,77.1,67.01,8.08,24.86,79.08,Average
STU009124,Akash Gupta,CSE,B.Tech,2,3,A,21,91.53,68.78,34.56,58.32,71.64,8.52,14.65,74.49,Good
STU009125,Aarav Verma,CSE,B.Tech,1,2,B,18,79.24,79.5,39.36,71.27,85.34,8.52,16.13,77.33,Good
STU009126,Isha Joshi,CSE,M.Tech,2,4,A,24,85.47,73.46,33.27,59.36,73.37,8.2,22.36,79.72,Good
STU009127,Surya Nair,EEE,B.Tech,2,4,D,19,79.75,81.05,33.79,70.48,74.37,8.16,26.0,76.34,Good
STU009128,Yash Sharma,CSE,B.Tech,1,2,D,18,91.71,79.63,35.25,55.97,85.16,7.83,25.96,87.72,Excellent
STU009129,Karan Bose,Civil,B.Tech,4,7,D,21,86.56,80.42,36.45,66.28,71.84,8.29,19.28,63.55,Good
STU009130,Isha Sharma,AI & DS,B.Tech,2,3,B,19,69.08,61.6,30.03,68.9,65.5,6.76,21.23,65.27,Average
STU009131,Varun Nair,Civil,B.Tech,1,1,A,20,75.88,65.27,29.14,68.1,58.37,7.26,19.23,69.06,Average
STU009132,Tanvi Sharma,Civil,B.Tech,1,2,B,19,85.49,83.03,38.76,78.84,88.59,8.24,20.5,79.34,Excellent
STU009133,Ishaan Singh,CSE,B.Tech,1,2,C,19,79.13,64.88,32.22,68.57,69.07,7.66,22.29,77.46,Average
STU009134,Sai Rao,CSE,B.Tech,3,5,C,20,83.67,72.76,27.55,68.09,60.84,7.36,22.37,71.32,Average
STU009135,Vikram Das,Civil,B.Tech,4,8,C,22,90.17,80.13,36.33,68.88,87.41,8.38,24.47,86.13,Excellent
STU009136,Riya Patel,IT,B.Tech,2,3,D,20,81.43,73.08,36.74,53.94,74.95,7.99,17.07,67.79,Good
STU009137,Yash Chatterjee,CSE,B.Tech,2,3,B,19,81.65,61.34,33.38,51.98,61.27,7.44,23.98,72.48,Average
STU009138,Aryan Nair,CSE,M.Tech,1,2,D,25,85.43,77.58,37.13,66.06,70.02,7.99,23.31,88.77,Good
STU009139,Kavya Joshi,EEE,B.Tech,3,6,C,20,88.36,75.95,31.61,61.4,76.59,8.13,21.78,92.04,Good
STU009140,Sai Mishra,IT,B.Tech,2,4,D,20,76.98,69.34,30.97,73.09,69.78,7.6,19.09,68.42,Average
STU009141,Aarav Reddy,Mechanical,B.Tech,3,6,A,22,79.8,68.62,32.02,60.71,65.53,8.07,24.67,64.0,Average
STU009142,Manish Bose,CSE,B.Tech,2,3,A,19,81.36,70.7,33.83,70.76,74.56,7.36,28.12,75.9,Good
STU009143,Sneha Krishnan,EEE,B.Tech,4,8,A,21,65.35,66.27,32.48,68.79,66.0,6.74,21.49,67.31,Average
STU009144,Yash Verma,CSE,B.Tech,2,3,D,21,59.97,57.82,24.24,47.34,63.08,7.41,18.97,61.47,At Risk
STU009145,Diya Reddy,CSE,M.Tech,1,2,C,23,91.04,75.36,33.44,60.55,88.07,8.51,27.54,85.35,Excellent
STU009146,Vikram Shah,EEE,B.Tech,1,1,D,18,92.91,71.28,27.01,68.93,80.16,7.89,20.25,79.28,Good
STU009147,Arjun Mehta,Mechanical,B.Tech,4,7,B,23,76.04,79.53,33.71,67.01,75.12,8.23,15.18,66.84,Good
STU009148,Aryan Verma,Mechanical,B.Tech,3,5,C,22,76.45,62.72,30.07,59.06,56.92,7.12,21.38,69.97,Average
STU009149,Nisha Chatterjee,Mechanical,B.Tech,2,3,B,20,70.12,61.19,26.72,51.21,58.51,7.84,22.75,64.45,Average
STU009150,Surya Iyer,CSE,B.Tech,1,2,C,19,74.58,80.11,36.34,63.37,75.74,8.12,22.12,75.39,Average
STU009151,Sai Iyer,CSE,B.Tech,3,5,A,20,64.1,60.06,26.29,57.53,73.23,7.41,23.96,61.22,At Risk
STU009152,Diya Nair,AI & DS,B.Tech,2,4,C,20,71.92,78.66,35.97,84.36,100,8.86,24.73,78.76,Average
STU009153,Meera Mishra,ECE,M.Tech,2,4,A,24,69.51,66.11,33.42,47.01,60.11,7.5,17.54,59.87,Average
STU009154,Zoya Nair,EEE,B.Tech,1,2,C,19,84.78,64.2,29.34,58.45,56.95,8.2,13.54,78.69,Average
STU009155,Sneha Joshi,Mechanical,B.Tech,3,6,D,21,86.82,82.37,35.91,76.72,84.22,8.57,27.51,81.85,Good
STU009156,Pooja Das,Mechanical,B.Tech,3,6,C,22,73.06,77.56,36.62,80.21,74.25,8.62,19.69,70.58,Average
STU009157,Surya Singh,ECE,B.Tech,2,4,B,20,82.51,61.32,29.9,47.1,70.35,7.38,23.11,63.26,Good
STU009158,Rahul Iyer,CSE,M.Tech,2,3,D,25,81.45,71.2,30.79,64.5,76.95,7.79,23.71,76.69,Good
STU009159,Aditi Singh,Mechanical,M.Tech,2,4,C,25,74.82,83.34,41.34,76.01,92.91,9.17,23.06,83.96,Average
STU009160,Manish Reddy,Mechanical,B.Tech,1,1,A,19,87.39,59.19,29.59,56.3,74.2,7.26,17.97,78.53,Good
STU009161,Krishna Singh,CSE,B.Tech,4,7,A,23,81.92,74.07,32.56,62.01,69.36,7.86,22.62,72.97,Average
STU009162,Aarav Mehta,CSE,B.Tech,4,7,A,23,80.01,88.73,41.22,73.57,84.31,8.4,21.57,78.3,Good
STU009163,Meera Patel,ECE,B.Tech,3,5,B,20,74.79,76.25,36.79,68.13,86.82,8.35,23.71,81.32,Average
STU009164,Sanjay Joshi,CSE,B.Tech,1,1,B,20,78.41,78.85,32.98,64.62,89.89,8.09,20.98,78.01,Good
STU009165,Shreya Nair,ECE,B.Tech,3,6,B,21,82.55,73.71,31.77,71.28,74.18,7.73,21.64,76.63,Good
STU009166,Rohan Pillai,IT,M.Tech,2,4,D,23,100,73.59,36.14,70.11,78.04,8.19,27.27,81.49,Good
STU009167,Pooja Nair,EEE,B.Tech,1,1,A,19,88.98,73.75,38.46,71.08,81.27,8.42,28.04,78.67,Good
STU009168,Karan Reddy,EEE,B.Tech,1,2,C,20,83.19,74.34,35.94,71.44,95.37,7.89,28.21,78.51,Excellent
STU009169,Ananya Chatterjee,AI & DS,B.Tech,1,1,C,20,79.54,75.78,35.95,60.75,82.41,7.39,23.15,75.6,Good
STU009170,Nisha Menon,Civil,B.Tech,3,6,A,20,77.33,80.48,29.98,66.27,79.89,7.71,22.8,79.21,Good
STU009171,Vikram Nair,EEE,B.Tech,3,5,D,20,98.89,76.14,27.32,71.41,74.66,7.56,21.82,81.94,Good
STU009172,Tanvi Gupta,CSE,B.Tech,3,6,D,20,92.65,75.36,35.67,67.81,78.93,7.61,24.03,86.84,Good
STU009173,Akash Rao,ECE,B.Tech,4,7,B,21,85.85,76.73,36.27,68.47,84.37,8.63,22.38,66.5,Good
STU009174,Surya Joshi,ECE,B.Tech,2,3,D,19,72.3,75.94,34.14,70.73,85.41,7.11,22.35,78.62,Average
STU009175,Arjun Krishnan,ECE,M.Tech,2,3,C,23,72.03,74.79,39.45,72.68,81.19,8.33,19.0,69.85,Average
STU009176,Surya Shah,Civil,B.Tech,1,1,A,18,78.32,65.25,32.4,68.39,81.26,6.74,19.6,80.97,Good
STU009177,Diya Menon,IT,M.Tech,1,1,C,22,73.68,65.5,33.85,45.55,54.58,7.64,19.42,82.18,At Risk
STU009178,Aditi Joshi,CSE,B.Tech,4,7,D,21,77.6,68.24,33.05,58.48,50.99,6.92,15.19,61.23,At Risk
STU009179,Aditi Mehta,IT,B.Tech,2,4,A,19,100,73.19,35.21,63.25,74.33,7.04,21.52,82.41,Good
STU009180,Ananya Krishnan,CSE,B.Tech,1,2,A,19,80.53,78.23,38.65,62.37,67.89,7.55,14.59,71.07,Average
STU009181,Riya Mehta,CSE,B.Tech,4,7,D,21,80.49,87.5,40.12,68.41,75.6,7.78,21.68,75.93,Good
STU009182,Yash Bose,IT,B.Tech,2,3,A,19,81.91,77.93,36.08,75.76,94.49,7.58,24.62,71.72,Excellent
STU009183,Krishna Gupta,CSE,B.Tech,3,5,B,22,79.39,75.72,37.18,64.89,75.25,8.18,23.67,77.97,Good
STU009184,Shreya Shah,CSE,B.Tech,1,2,B,19,100,76.47,34.53,73.54,75.23,8.03,22.33,72.66,Good
STU009185,Ananya Kumar,ECE,B.Tech,4,8,D,23,74.09,67.79,29.8,58.61,66.03,7.43,19.99,72.87,Average
STU009186,Nisha Sharma,Mechanical,B.Tech,3,6,B,20,78.67,81.96,35.26,64.99,67.59,8.83,20.6,74.31,Average
STU009187,Karan Mishra,CSE,B.Tech,1,2,B,19,89.4,75.31,35.18,74.95,79.53,7.81,24.8,78.33,Good
STU009188,Karan Pillai,AI & DS,B.Tech,2,4,C,20,88.71,67.87,25.18,57.86,67.39,8.37,19.62,79.67,Average
STU009189,Sanjay Singh,Mechanical,B.Tech,3,5,D,22,82.52,62.08,34.67,60.71,65.71,7.36,18.69,69.78,Average
STU009190,Karan Pillai,ECE,B.Tech,4,8,A,23,92.41,77.13,32.09,75.15,72.21,8.15,20.28,85.16,Good
STU009191,Aarav Bose,Mechanical,B.Tech,2,3,A,19,84.14,73.95,38.65,70.82,69.0,7.75,17.03,65.63,Average
STU009192,Arjun Mishra,CSE,B.Tech,2,3,A,21,83.73,79.27,36.03,78.12,92.18,8.1,25.39,85.61,Excellent
STU009193,Aarav Mehta,Mechanical,B.Tech,1,1,B,18,87.36,75.8,37.05,71.92,74.69,7.6,19.29,75.72,Good
STU009194,Vikram Patel,AI & DS,B.Tech,3,5,C,20,98.52,63.95,34.87,56.15,74.18,7.8,22.75,81.83,Good
STU009195,Aarav Verma,Civil,B.Tech,2,4,B,19,86.82,69.73,32.57,64.69,66.73,7.34,23.14,83.23,Average
STU009196,Aryan Reddy,AI & DS,M.Tech,2,3,C,25,78.74,81.32,45.92,71.82,78.98,9.01,20.78,84.48,Good
STU009197,Sneha Bose,ECE,B.Tech,3,5,B,22,86.45,83.59,41.01,90.84,100,8.4,27.18,88.95,Excellent
STU009198,Tanvi Joshi,CSE,B.Tech,4,8,C,21,78.75,67.69,39.37,60.92,74.94,7.46,19.18,70.78,Good
STU009199,Surya Krishnan,EEE,B.Tech,4,7,B,21,78.68,60.42,26.53,57.8,77.52,7.03,22.83,75.76,Good
STU009200,Sanjay Chatterjee,Mechanical,B.Tech,4,8,B,21,100,74.38,30.87,71.04,63.02,7.51,25.01,95.81,Average
STU009201,Pooja Gupta,EEE,M.Tech,1,2,D,24,71.85,78.93,35.56,71.26,92.33,8.18,23.1,84.75,Average
STU009202,Nikhil Rao,CSE,B.Tech,2,3,B,21,77.11,88.67,40.93,73.27,81.44,7.68,28.97,85.95,Good
STU009203,Isha Chatterjee,Civil,B.Tech,3,6,D,22,73.87,70.92,35.7,52.78,71.8,8.13,14.75,58.25,Average
STU009204,Sai Mishra,ECE,B.Tech,4,8,B,23,77.37,84.12,36.15,77.67,77.72,8.29,26.33,90.19,Good
STU009205,Tanvi Kumar,CSE,B.Tech,2,4,C,19,77.46,77.08,39.7,58.68,67.21,7.7,19.64,72.01,Average
STU009206,Sanjay Joshi,IT,B.Tech,2,3,D,19,73.54,75.04,34.16,67.55,80.56,7.58,26.99,79.31,Average
STU009207,Nisha Gupta,Mechanical,M.Tech,2,3,C,24,86.43,80.48,37.43,58.53,76.03,8.46,19.34,71.95,Good
STU009208,Krishna Sharma,CSE,M.Tech,1,2,C,22,68.49,64.02,38.07,56.89,68.7,8.2,22.58,68.99,Average
STU009209,Kavya Verma,ECE,B.Tech,4,8,A,21,89.69,60.04,32.99,61.93,72.5,7.54,23.83,71.69,Good
STU009210,Tanvi Singh,EEE,B.Tech,2,4,A,21,85.15,73.89,29.97,73.47,87.91,7.5,25.98,78.66,Excellent
STU009211,Riya Mishra,Mechanical,B.Tech,1,2,C,19,80.18,82.34,37.11,74.34,66.22,7.53,22.65,78.15,Average
STU009212,Yash Chatterjee,ECE,B.Tech,1,1,D,19,82.96,72.73,32.7,64.71,67.02,7.27,21.6,92.01,Average
STU009213,Akash Bose,Mechanical,M.Tech,2,3,A,25,89.67,80.24,36.06,72.08,71.61,8.03,24.95,86.02,Good
STU009214,Tanvi Reddy,CSE,M.Tech,2,3,A,23,75.63,59.51,27.13,54.76,61.51,8.01,19.77,72.15,Average
STU009215,Vikram Mehta,Civil,B.Tech,4,7,D,22,78.85,71.93,42.34,78.61,74.57,7.95,22.45,77.43,Good
STU009216,Sanjay Das,EEE,B.Tech,4,8,A,21,72.48,83.07,37.02,76.76,74.55,7.42,21.11,80.09,Average
STU009217,Isha Reddy,Civil,B.Tech,4,7,C,22,80.05,75.02,31.36,65.04,62.95,7.82,20.47,77.8,Average
STU009218,Aarav Nair,ECE,B.Tech,2,3,B,19,93.35,76.96,34.89,65.9,74.97,7.71,24.89,85.95,Good
STU009219,Varun Krishnan,ECE,B.Tech,4,7,A,21,84.86,73.9,32.44,56.02,72.14,6.95,25.29,75.1,Good
STU009220,Aditi Das,IT,B.Tech,2,3,B,21,78.12,72.51,31.39,67.18,69.66,8.25,22.2,68.36,Average
STU009221,Varun Pillai,IT,M.Tech,1,2,D,22,75.1,72.87,39.31,76.69,80.93,8.71,22.36,74.72,Good
STU009222,Shreya Singh,IT,B.Tech,4,8,B,23,78.29,63.85,25.29,62.8,69.42,7.21,19.59,82.37,Average
STU009223,Vikram Menon,CSE,B.Tech,4,8,B,22,90.54,61.89,32.56,56.51,78.59,9.04,24.52,83.18,Good
STU009224,Ananya Chatterjee,EEE,B.Tech,2,3,B,21,80.98,75.81,33.96,59.34,68.52,7.88,25.23,83.0,Average
STU009225,Aditi Gupta,ECE,B.Tech,4,7,D,21,75.73,70.02,36.61,71.45,92.05,8.4,20.66,66.83,Good
STU009226,Nisha Rao,CSE,B.Tech,1,2,D,19,82.34,83.02,35.83,69.55,78.33,8.13,17.06,81.31,Good
STU009227,Nikhil Reddy,CSE,M.Tech,1,1,D,24,74.75,67.51,32.26,60.78,70.37,8.36,16.56,69.37,Average
STU009228,Tanvi Pillai,Civil,B.Tech,3,5,B,21,81.82,78.19,36.54,74.02,99.48,8.99,30.16,89.78,Excellent
STU009229,Pooja Pillai,EEE,B.Tech,4,7,D,22,70.28,69.98,31.41,66.3,81.69,9.02,14.27,65.23,Average
STU009230,Varun Singh,AI & DS,B.Tech,3,5,D,20,59.41,71.14,36.16,67.73,63.36,7.85,19.28,58.54,At Risk
STU009231,Sanjay Bose,CSE,B.Tech,1,1,B,20,73.82,73.62,31.77,71.52,83.09,8.19,20.0,73.12,Average
STU009232,Aditi Singh,Civil,B.Tech,1,1,B,19,73.74,61.64,28.73,60.64,62.07,7.3,15.87,76.18,Average
STU009233,Aarav Chatterjee,CSE,B.Tech,4,8,C,23,72.35,65.93,34.45,56.02,49.86,7.51,25.51,65.26,At Risk
STU009234,Pooja Patel,IT,B.Tech,3,5,C,20,74.56,58.87,31.09,50.37,64.84,7.78,14.62,64.08,Average
STU009235,Pooja Shah,CSE,B.Tech,3,5,D,21,64.94,77.07,37.75,65.64,76.0,7.28,18.92,75.55,At Risk
STU009236,Rohan Shah,ECE,B.Tech,2,3,C,19,73.44,64.56,28.28,51.76,66.04,7.21,15.06,63.98,Average
STU009237,Bhavya Reddy,Mechanical,B.Tech,1,2,B,19,68.64,81.6,33.77,72.15,81.21,8.53,26.45,77.5,Average
STU009238,Bhavya Reddy,IT,B.Tech,2,3,C,21,74.45,94.43,39.05,81.01,93.6,8.59,22.21,71.95,Average
STU009239,Ananya Shah,IT,B.Tech,4,7,D,22,85.19,71.26,32.34,63.82,68.98,6.9,21.43,77.86,Average
STU009240,Aryan Singh,EEE,B.Tech,3,6,A,22,90.45,72.93,35.86,54.93,71.06,7.44,18.98,71.16,Good
STU009241,Rohan Mishra,Civil,B.Tech,2,4,C,19,71.25,70.65,26.39,49.55,68.01,7.97,20.11,77.43,Average
STU009242,Rahul Krishnan,EEE,B.Tech,2,3,B,21,74.55,77.76,31.58,67.02,72.83,7.79,22.86,74.01,Average
STU009243,Varun Verma,Civil,B.Tech,1,2,A,19,69.65,57.39,31.27,53.5,59.41,7.02,20.18,65.88,Average
STU009244,Shreya Joshi,Mechanical,M.Tech,2,4,D,23,71.02,72.91,32.17,57.18,69.99,7.89,12.28,66.34,Average
STU009245,Manish Kumar,ECE,B.Tech,3,5,A,22,79.24,82.19,37.36,70.6,67.62,8.18,18.24,76.37,Average
STU009246,Krishna Bose,EEE,M.Tech,1,1,A,24,81.75,62.42,30.0,50.83,70.23,7.4,17.49,65.47,Good
STU009247,Vikram Singh,AI & DS,B.Tech,2,4,A,21,77.3,81.96,36.38,59.48,66.96,7.57,26.14,77.18,Average
STU009248,Akash Chatterjee,CSE,B.Tech,4,8,C,22,67.93,72.45,29.86,62.89,66.39,8.86,21.36,73.03,Average
STU009249,Surya Krishnan,AI & DS,B.Tech,3,6,A,22,77.55,88.59,40.7,61.74,72.57,7.85,23.97,78.62,Good
STU009250,Surya Kumar,IT,B.Tech,1,1,D,19,71.72,57.77,32.88,48.26,65.39,7.67,12.42,63.53,Average
STU009251,Ishaan Shah,Civil,B.Tech,3,5,B,21,96.6,73.91,39.0,63.38,70.3,7.87,17.46,81.57,Good
STU009252,Aditya Sharma,Civil,B.Tech,4,7,D,22,85.91,60.57,22.79,55.46,55.24,7.4,19.17,78.54,Average
STU009253,Rohan Mishra,ECE,B.Tech,2,4,D,20,72.88,66.07,32.49,48.76,70.82,8.58,18.81,67.1,Average
STU009254,Rohan Krishnan,AI & DS,B.Tech,4,8,A,23,75.37,65.02,37.6,56.16,78.3,8.05,18.81,72.95,Good
STU009255,Rahul Menon,CSE,B.Tech,1,2,A,18,71.04,70.54,33.81,52.65,83.63,7.3,22.96,63.07,Average
STU009256,Aarav Bose,Mechanical,B.Tech,1,1,C,19,90.05,92.25,42.82,79.7,89.79,8.93,29.49,88.89,Excellent
STU009257,Aryan Joshi,CSE,B.Tech,2,4,D,19,69.5,58.47,23.97,48.41,62.68,7.44,15.07,61.68,Average
STU009258,Rohan Rao,Mechanical,B.Tech,3,6,C,21,67.75,69.83,32.94,57.73,74.0,7.49,15.75,59.17,Average
STU009259,Aditya Das,Mechanical,B.Tech,4,7,B,23,82.43,82.06,42.03,75.04,87.5,8.04,22.77,87.14,Excellent
STU009260,Nikhil Menon,CSE,B.Tech,3,5,B,20,76.88,79.77,37.59,67.75,89.34,7.75,21.66,90.44,Good
STU009261,Rohan Patel,EEE,B.Tech,1,2,C,18,88.56,68.1,26.86,58.14,72.74,7.97,21.16,72.65,Good
STU009262,Akash Iyer,AI & DS,M.Tech,2,4,D,25,81.44,78.64,35.8,68.92,79.15,7.87,25.82,78.8,Good
STU009263,Akash Nair,CSE,B.Tech,4,8,D,22,88.13,85.49,39.8,65.09,78.88,7.88,19.29,84.83,Good
STU009264,Karan Iyer,Civil,B.Tech,1,2,A,18,88.67,63.53,29.28,53.8,65.65,8.42,22.17,75.06,Average
STU009265,Manish Iyer,ECE,B.Tech,4,8,A,21,96.76,70.12,34.38,61.42,68.87,7.76,19.23,80.63,Average
STU009266,Aryan Patel,Civil,B.Tech,3,5,C,20,79.35,65.51,32.41,49.32,63.78,6.72,19.57,72.72,Average
STU009267,Bhavya Gupta,CSE,B.Tech,4,8,C,23,78.67,81.15,37.6,63.48,97.46,7.37,24.92,76.61,Good
STU009268,Aditya Verma,Mechanical,B.Tech,3,6,D,20,88.78,70.97,29.83,63.96,63.83,7.88,22.75,74.48,Average
STU009269,Karan Krishnan,Civil,B.Tech,1,2,A,20,98.49,76.62,33.44,58.85,80.14,7.4,26.84,96.79,Good
STU009270,Ishaan Shah,CSE,M.Tech,1,2,D,25,88.78,81.26,40.58,54.71,77.8,8.85,23.39,79.74,Good
STU009271,Pooja Singh,ECE,B.Tech,1,2,D,19,79.25,61.4,31.36,48.97,73.16,7.71,14.21,74.65,Good
STU009272,Nisha Mishra,CSE,B.Tech,4,8,D,23,81.86,85.11,45.85,65.96,88.0,7.91,19.84,83.09,Excellent
STU009273,Yash Kumar,Civil,M.Tech,1,2,A,24,86.96,82.16,39.27,75.48,85.12,8.48,26.49,79.57,Excellent
STU009274,Krishna Shah,CSE,B.Tech,4,7,B,22,89.02,70.37,38.07,61.77,71.55,7.52,18.81,68.42,Good
STU009275,Diya Das,Mechanical,B.Tech,3,5,A,20,94.26,64.99,37.3,58.08,61.77,8.73,20.36,69.56,Average
STU009276,Ishaan Das,CSE,B.Tech,2,3,D,20,82.47,65.32,28.76,53.66,57.91,7.59,23.26,58.15,Average
STU009277,Aditi Nair,ECE,B.Tech,2,4,B,19,68.55,83.78,36.15,80.99,83.91,9.05,24.06,85.58,Average
STU009278,Rohan Shah,EEE,B.Tech,4,7,C,22,87.46,84.88,45.63,76.25,100,8.57,31.74,94.65,Excellent
STU009279,Rohan Menon,ECE,B.Tech,3,5,B,22,66.36,75.8,36.64,63.91,66.72,7.69,20.23,78.33,Average
STU009280,Varun Gupta,AI & DS,B.Tech,4,7,A,23,77.29,64.18,28.36,54.4,71.47,7.62,20.66,74.63,Good
STU009281,Aditya Kumar,AI & DS,B.Tech,4,8,B,21,81.85,71.55,35.11,58.02,78.72,7.71,24.96,87.5,Good
STU009282,Nisha Chatterjee,ECE,B.Tech,2,3,C,20,88.72,74.27,32.16,72.73,72.11,8.12,21.72,93.71,Good
STU009283,Kavya Rao,CSE,B.Tech,1,1,C,18,86.7,73.86,34.05,66.81,81.18,8.03,16.86,77.84,Good
STU009284,Ishaan Bose,Civil,M.Tech,1,2,D,25,61.09,85.22,38.0,74.65,87.08,8.27,22.65,67.66,At Risk
STU009285,Sanjay Pillai,Civil,M.Tech,1,1,A,22,89.08,81.25,35.89,76.34,85.11,8.88,18.03,73.57,Excellent
STU009286,Bhavya Gupta,AI & DS,B.Tech,2,3,B,21,63.79,57.86,27.23,45.08,51.35,7.43,23.54,68.4,At Risk
STU009287,Nikhil Menon,CSE,B.Tech,4,7,A,22,75.08,70.87,32.85,66.82,69.94,6.93,27.87,71.88,Average
STU009288,Pooja Mehta,IT,B.Tech,2,4,C,20,85.53,69.09,34.91,66.45,73.93,8.85,28.19,85.54,Good
STU009289,Akash Verma,Mechanical,B.Tech,1,2,C,19,85.09,81.75,34.32,69.09,72.3,8.32,24.68,79.72,Good
STU009290,Kavya Nair,CSE,B.Tech,2,3,D,21,78.74,64.0,34.57,58.04,73.18,8.05,22.82,75.22,Good
STU009291,Pooja Shah,IT,B.Tech,2,4,B,19,75.81,66.97,32.65,59.11,71.95,8.22,17.91,75.01,Good
STU009292,Sneha Singh,Civil,B.Tech,4,7,A,21,80.21,82.3,36.88,64.85,71.2,7.08,22.78,76.47,Good
STU009293,Krishna Shah,IT,B.Tech,4,8,A,21,85.43,72.59,36.99,64.34,64.02,8.79,19.43,77.96,Average
STU009294,Akash Verma,Mechanical,B.Tech,1,1,C,19,88.84,99.24,41.4,75.23,87.32,8.91,21.55,81.16,Excellent
STU009295,Aarav Pillai,CSE,B.Tech,2,3,B,19,76.45,69.28,35.86,51.88,64.09,7.38,15.65,63.73,Average
STU009296,Nikhil Patel,Mechanical,M.Tech,2,4,C,25,87.42,82.62,43.57,65.19,93.72,8.46,17.23,64.5,Excellent
STU009297,Ananya Verma,IT,B.Tech,3,6,A,20,90.27,62.69,29.25,51.12,53.73,7.32,15.9,62.38,At Risk
STU009298,Ishaan Das,CSE,B.Tech,4,8,A,21,86.32,80.96,43.26,77.28,81.24,9.83,21.59,81.47,Good
STU009299,Yash Mishra,AI & DS,B.Tech,4,7,B,22,69.56,76.36,35.93,51.16,68.19,8.21,21.39,60.49,Average
STU009300,Kavya Shah,CSE,B.Tech,1,2,C,18,70.05,65.01,32.62,49.31,69.75,7.23,20.75,74.35,Average
STU009301,Aditya Singh,EEE,B.Tech,4,7,A,21,87.99,74.7,39.95,68.34,81.93,9.17,18.68,81.6,Good
STU009302,Vikram Singh,Civil,B.Tech,2,4,D,21,68.55,75.3,35.92,68.17,78.54,7.7,16.65,74.55,Average
STU009303,Sneha Mishra,AI & DS,B.Tech,3,5,A,20,79.61,69.44,36.02,60.41,63.29,8.15,13.27,68.84,Average
STU009304,Aditya Das,EEE,B.Tech,1,2,C,18,79.14,72.81,36.3,65.2,78.64,8.47,18.69,77.09,Good
STU009305,Diya Mehta,IT,B.Tech,1,2,B,19,82.82,67.21,34.46,61.31,58.17,8.21,26.36,74.62,Average
STU009306,Ananya Verma,IT,B.Tech,1,2,D,20,97.83,75.42,40.93,76.12,82.32,8.35,24.46,80.02,Good
STU009307,Riya Chatterjee,CSE,B.Tech,4,7,C,21,82.79,76.55,36.24,62.26,76.37,7.31,28.68,86.01,Good
STU009308,Aarav Bose,CSE,B.Tech,4,7,B,21,69.34,71.9,31.44,68.72,72.94,7.3,20.24,81.94,Average
STU009309,Aditya Pillai,Civil,B.Tech,2,4,B,19,83.76,71.94,37.72,71.35,75.33,8.8,19.76,70.68,Good
STU009310,Nikhil Nair,IT,B.Tech,3,5,D,20,80.31,86.15,42.69,76.44,88.51,8.54,27.98,88.37,Excellent
STU009311,Varun Joshi,IT,B.Tech,3,5,D,22,82.69,61.92,31.07,66.72,67.54,7.36,18.75,67.3,Average
STU009312,Rohan Krishnan,AI & DS,B.Tech,3,6,A,21,72.47,67.34,33.53,69.16,60.49,7.92,25.69,66.51,Average
STU009313,Kavya Rao,IT,M.Tech,2,4,A,23,78.68,72.74,34.72,52.73,85.44,8.14,18.92,56.81,Good
STU009314,Aditi Chatterjee,IT,M.Tech,2,4,B,23,79.97,67.2,34.88,76.04,76.11,7.81,20.75,87.49,Good
STU009315,Meera Mehta,Civil,B.Tech,4,7,A,21,67.3,67.84,28.22,64.2,66.2,7.74,19.41,58.85,Average
STU009316,Varun Sharma,CSE,M.Tech,2,3,C,26,81.55,84.82,41.8,76.24,87.37,8.77,24.58,81.16,Excellent
STU009317,Kavya Menon,AI & DS,B.Tech,1,2,A,19,89.5,76.95,35.13,66.83,81.86,7.81,22.75,82.79,Good
STU009318,Yash Verma,EEE,B.Tech,4,7,A,22,82.33,70.5,32.41,60.33,60.5,7.48,18.57,75.42,Average
STU009319,Ishaan Patel,EEE,M.Tech,1,1,C,25,77.72,72.29,27.67,66.09,76.72,7.62,26.41,64.54,Good
STU009320,Bhavya Reddy,ECE,B.Tech,2,3,D,19,71.69,63.33,29.37,48.74,62.96,7.36,24.0,63.42,Average
STU009321,Aarav Rao,CSE,B.Tech,4,7,A,23,72.2,64.47,28.44,35.58,61.05,7.41,14.61,57.37,Average
STU009322,Zoya Sharma,EEE,B.Tech,4,7,B,23,98.26,76.68,35.24,62.15,89.52,7.32,22.49,76.4,Excellent
STU009323,Akash Kumar,Mechanical,B.Tech,2,3,A,19,70.65,63.49,22.61,71.24,63.21,8.11,17.02,65.54,Average
STU009324,Arjun Singh,ECE,B.Tech,4,8,C,21,75.66,58.19,31.5,58.24,85.36,8.31,14.64,68.84,Good
STU009325,Manish Gupta,ECE,B.Tech,4,8,C,23,87.16,75.51,35.31,63.38,75.83,7.66,17.8,73.74,Good
STU009326,Surya Gupta,Civil,M.Tech,1,2,A,25,63.95,71.71,35.27,58.37,66.0,8.15,17.36,68.59,At Risk
STU009327,Tanvi Sharma,AI & DS,B.Tech,4,8,A,21,87.3,73.36,34.54,50.83,59.8,8.31,18.93,88.72,Average
STU009328,Isha Patel,Civil,B.Tech,4,8,C,22,81.61,74.7,33.67,57.68,67.77,8.84,26.51,83.07,Average
STU009329,Manish Mehta,ECE,B.Tech,1,2,C,20,91.88,68.99,32.14,61.13,80.2,7.98,16.84,71.93,Good
STU009330,Sai Chatterjee,Mechanical,B.Tech,3,6,A,22,73.76,66.22,23.95,57.32,53.86,7.88,19.03,64.03,At Risk
STU009331,Manish Pillai,AI & DS,B.Tech,1,1,C,18,97.25,78.53,31.18,74.28,78.94,7.68,22.48,90.3,Good
STU009332,Sai Patel,ECE,B.Tech,1,2,A,18,85.48,81.25,35.58,70.22,84.33,8.12,28.09,74.01,Good
STU009333,Sanjay Rao,ECE,B.Tech,4,7,C,23,83.69,82.97,45.45,77.22,90.19,7.8,25.74,82.99,Excellent
STU009334,Sanjay Sharma,AI & DS,B.Tech,4,7,D,22,70.73,71.96,33.9,65.5,74.25,7.5,23.53,70.32,Average
STU009335,Pooja Krishnan,Mechanical,B.Tech,3,6,D,22,84.79,74.41,36.73,74.88,70.09,7.57,21.79,87.51,Good
STU009336,Diya Shah,CSE,B.Tech,1,1,A,20,62.02,64.32,29.25,57.3,59.29,7.35,27.28,77.84,At Risk
STU009337,Arjun Joshi,Mechanical,B.Tech,4,8,D,22,84.31,80.08,34.15,50.48,67.96,7.88,25.09,70.21,Average
STU009338,Isha Sharma,CSE,B.Tech,4,8,B,22,86.32,80.73,39.12,70.04,74.33,8.0,27.74,75.13,Good
STU009339,Rahul Reddy,EEE,B.Tech,4,7,B,22,71.14,57.56,24.5,45.08,59.83,6.68,16.42,74.43,Average
STU009340,Krishna Verma,Mechanical,B.Tech,3,5,A,21,77.06,59.2,31.83,50.88,61.2,7.55,14.57,60.4,Average
STU009341,Diya Gupta,AI & DS,B.Tech,2,4,A,19,79.09,59.04,28.72,60.14,55.34,7.92,19.49,75.82,Average
STU009342,Nisha Krishnan,Civil,B.Tech,3,5,D,22,80.72,74.39,36.32,69.42,80.33,7.53,18.32,83.16,Good
STU009343,Pooja Reddy,CSE,B.Tech,1,1,D,18,74.04,70.84,37.9,56.55,76.17,7.98,18.93,73.78,Average
STU009344,Aryan Sharma,AI & DS,B.Tech,3,6,C,21,79.41,75.58,31.8,60.56,66.44,7.83,22.78,77.61,Average
STU009345,Aditi Sharma,AI & DS,B.Tech,2,4,A,20,80.84,77.8,40.03,60.17,67.5,8.84,19.8,67.98,Average
STU009346,Sanjay Shah,Mechanical,B.Tech,3,5,D,20,75.95,65.61,34.96,47.46,75.5,7.99,18.85,79.79,Good
STU009347,Karan Chatterjee,EEE,B.Tech,4,8,C,21,79.36,73.32,31.49,71.0,85.37,7.61,24.73,73.28,Good
STU009348,Riya Pillai,ECE,M.Tech,1,2,D,22,77.86,77.03,30.09,58.72,75.12,7.43,24.08,74.99,Good
STU009349,Sanjay Bose,ECE,B.Tech,3,5,D,20,81.72,82.96,36.71,74.66,83.78,7.85,20.17,76.07,Good
STU009350,Yash Reddy,CSE,B.Tech,1,1,A,18,85.2,69.63,30.75,72.07,80.72,7.56,23.24,75.17,Good
STU009351,Aditya Chatterjee,IT,M.Tech,1,1,A,23,69.64,75.55,30.93,68.63,73.81,8.09,18.55,84.96,Average
STU009352,Aryan Mehta,EEE,M.Tech,1,1,A,24,90.53,75.1,32.03,68.63,78.81,7.54,18.29,82.63,Good
STU009353,Aarav Pillai,AI & DS,M.Tech,1,1,D,25,76.29,83.16,34.73,77.41,80.02,8.44,17.3,71.27,Good
STU009354,Rohan Patel,CSE,B.Tech,1,2,B,19,69.84,66.57,28.78,52.1,61.95,7.3,19.95,80.72,Average
STU009355,Rohan Rao,EEE,B.Tech,4,7,A,23,81.16,71.89,36.14,74.72,78.75,8.26,22.02,64.07,Good
STU009356,Ishaan Mishra,Civil,B.Tech,3,5,B,22,78.45,62.84,33.58,69.09,78.98,7.72,20.69,76.19,Good
STU009357,Meera Sharma,ECE,M.Tech,2,3,D,24,74.56,70.39,32.79,65.83,71.67,7.51,25.22,77.55,Average
STU009358,Arjun Das,ECE,B.Tech,2,3,B,19,73.53,71.41,36.35,67.39,65.67,8.46,23.01,73.18,Average
STU009359,Shreya Sharma,CSE,B.Tech,2,4,A,21,83.92,67.88,32.18,61.49,56.6,7.84,18.94,81.39,Average
STU009360,Manish Chatterjee,IT,B.Tech,1,1,D,19,87.85,77.03,35.16,67.45,82.33,9.16,28.4,85.28,Good
STU009361,Karan Chatterjee,EEE,B.Tech,2,3,B,21,73.28,61.09,33.4,76.66,73.4,7.61,17.45,73.11,Average
STU009362,Aryan Sharma,CSE,B.Tech,3,6,A,21,74.3,87.9,39.18,67.49,72.86,7.79,22.08,86.0,Average
STU009363,Nisha Shah,Mechanical,B.Tech,1,1,A,20,70.06,66.3,39.73,75.43,85.82,8.55,17.02,70.59,Average
STU009364,Bhavya Patel,EEE,B.Tech,3,5,C,20,87.47,75.38,33.56,73.47,70.73,8.18,22.04,66.46,Good
STU009365,Diya Krishnan,CSE,B.Tech,4,7,B,21,84.62,81.05,31.79,63.94,71.96,7.73,22.52,66.86,Good
STU009366,Yash Patel,CSE,B.Tech,4,7,B,23,88.25,71.76,30.95,56.44,73.12,8.74,21.8,81.64,Good
STU009367,Isha Verma,AI & DS,B.Tech,3,5,D,20,85.79,75.96,31.88,62.39,91.73,7.49,23.08,85.43,Excellent
STU009368,Nikhil Verma,CSE,B.Tech,1,1,C,19,79.67,84.11,40.65,74.52,86.77,9.02,21.61,84.07,Good
STU009369,Isha Gupta,IT,B.Tech,3,5,D,21,87.48,89.83,33.57,76.27,79.54,7.98,26.92,83.32,Good
STU009370,Varun Menon,Mechanical,B.Tech,1,1,A,20,78.15,67.68,30.28,62.5,77.56,6.83,20.04,73.98,Good
STU009371,Diya Gupta,CSE,B.Tech,4,8,C,22,92.26,66.05,29.31,43.42,77.69,7.18,20.09,65.38,Good
STU009372,Karan Joshi,Civil,B.Tech,3,6,C,22,70.63,53.61,23.4,46.65,59.04,7.16,15.55,63.14,Average
STU009373,Aryan Shah,CSE,B.Tech,1,1,B,18,74.62,78.72,35.41,83.04,75.03,8.62,23.99,79.0,Average
STU009374,Kavya Iyer,IT,B.Tech,3,5,A,21,76.82,70.69,39.44,68.41,82.03,8.2,23.45,82.05,Good
STU009375,Isha Krishnan,IT,B.Tech,1,1,B,19,88.34,75.19,41.4,70.45,80.36,8.65,21.28,79.57,Good
STU009376,Ishaan Krishnan,CSE,B.Tech,2,3,A,20,75.57,81.41,39.31,71.02,71.61,8.13,21.42,63.17,Good
STU009377,Yash Rao,CSE,B.Tech,2,3,B,19,90.92,79.89,37.1,70.48,74.61,8.05,27.66,85.97,Good
STU009378,Meera Mishra,EEE,B.Tech,2,4,B,21,78.92,67.56,34.46,63.27,72.86,7.8,21.03,72.45,Good
STU009379,Sai Iyer,ECE,B.Tech,3,6,B,22,78.7,68.86,30.23,58.75,61.11,7.39,23.25,59.45,Average
STU009380,Yash Pillai,AI & DS,B.Tech,3,6,A,20,83.17,58.69,29.2,42.75,56.82,7.66,19.3,79.96,Average
STU009381,Aarav Mishra,ECE,B.Tech,1,1,D,19,82.0,67.17,33.41,66.22,50.51,8.26,17.21,82.2,At Risk
STU009382,Ananya Mishra,IT,B.Tech,1,1,D,18,78.66,71.41,31.88,64.25,72.29,7.47,21.35,73.81,Good
STU009383,Vikram Mishra,ECE,M.Tech,2,3,A,25,82.55,75.45,31.77,73.78,82.25,7.75,21.66,77.39,Good
STU009384,Kavya Krishnan,IT,B.Tech,3,6,A,20,76.5,57.45,27.7,57.15,57.58,7.45,26.98,72.79,Average
STU009385,Rohan Joshi,ECE,B.Tech,1,2,D,19,82.59,74.52,31.72,47.82,63.25,7.61,23.72,88.67,Average
STU009386,Aditya Menon,AI & DS,B.Tech,4,7,B,21,75.01,70.03,32.61,57.19,69.12,7.95,16.19,80.88,Average
STU009387,Nisha Das,CSE,B.Tech,1,1,C,19,91.43,67.42,26.79,53.43,63.84,7.71,28.02,56.07,Average
STU009388,Meera Iyer,CSE,B.Tech,2,4,D,20,57.24,73.0,37.51,68.74,85.35,8.05,18.53,66.53,At Risk
STU009389,Aryan Sharma,Civil,B.Tech,2,4,B,21,78.12,59.61,26.95,50.65,59.56,7.6,18.92,75.5,Average
STU009390,Varun Gupta,Civil,M.Tech,1,2,B,22,79.58,74.02,33.21,58.18,77.78,8.38,20.98,72.03,Good
STU009391,Shreya Das,Mechanical,B.Tech,4,7,C,21,86.51,76.49,28.61,62.95,65.81,7.72,24.22,84.87,Average
STU009392,Rohan Kumar,CSE,B.Tech,2,3,A,19,79.28,75.39,31.55,70.16,64.62,7.37,23.25,73.23,Average
STU009393,Sai Gupta,CSE,M.Tech,1,1,D,23,89.91,72.36,31.71,61.41,66.59,8.05,26.3,75.25,Average
STU009394,Vikram Krishnan,EEE,B.Tech,1,2,C,18,64.87,53.7,31.32,72.43,62.28,9.27,11.2,67.83,At Risk
STU009395,Aditi Das,CSE,B.Tech,3,6,C,22,78.01,68.33,34.9,47.31,57.08,7.27,16.53,76.96,Average
STU009396,Meera Menon,Mechanical,B.Tech,1,1,C,19,69.39,69.93,35.08,56.13,66.55,7.76,21.53,66.98,Average
STU009397,Rohan Mishra,AI & DS,B.Tech,3,6,A,21,74.38,81.57,39.14,76.94,84.09,8.32,18.76,77.23,Average
STU009398,Isha Rao,Mechanical,B.Tech,3,5,A,21,91.62,85.85,37.27,62.91,76.13,8.84,21.73,74.87,Good
STU009399,Krishna Bose,AI & DS,B.Tech,3,6,B,20,77.85,68.88,31.52,59.83,69.83,6.61,24.1,79.73,Average
STU009400,Aryan Sharma,CSE,M.Tech,1,2,C,22,69.98,55.91,28.07,45.01,58.0,6.87,12.15,68.61,Average
STU009401,Manish Nair,IT,B.Tech,4,7,D,23,90.08,74.46,32.62,70.74,64.16,7.83,30.71,79.39,Average
STU009402,Varun Joshi,AI & DS,M.Tech,2,4,D,24,84.77,62.31,27.22,50.52,70.5,7.21,21.39,67.14,Good
STU009403,Zoya Gupta,CSE,B.Tech,4,7,C,22,81.11,77.55,39.33,66.58,73.44,7.98,23.22,77.88,Good
STU009404,Aditi Shah,EEE,M.Tech,2,3,D,23,99.67,83.87,41.83,70.51,95.57,9.03,28.07,100,Excellent
STU009405,Shreya Rao,AI & DS,B.Tech,3,5,D,21,84.19,70.83,29.58,56.5,63.76,7.9,20.17,78.37,Average
STU009406,Aditi Reddy,AI & DS,B.Tech,2,3,C,21,84.99,71.0,33.68,77.53,71.49,7.87,25.66,75.5,Good
STU009407,Vikram Sharma,Civil,B.Tech,4,7,A,22,81.01,72.05,33.22,56.51,63.98,7.79,14.49,69.15,Average
STU009408,Pooja Das,Mechanical,B.Tech,2,4,B,20,85.21,65.54,33.22,59.57,61.44,7.55,20.27,72.01,Average
STU009409,Varun Reddy,CSE,B.Tech,2,3,A,20,74.18,71.91,37.52,70.33,72.06,8.19,18.18,66.57,Average
STU009410,Akash Rao,ECE,M.Tech,2,3,D,25,80.08,83.3,42.49,77.19,89.51,8.52,28.39,79.36,Excellent
STU009411,Aarav Patel,IT,B.Tech,3,5,A,21,82.14,68.61,29.09,57.18,70.38,6.87,24.33,86.7,Good
STU009412,Yash Patel,AI & DS,B.Tech,3,6,B,21,79.91,67.22,37.96,54.7,68.09,7.62,21.96,64.39,Average
STU009413,Aditi Mishra,EEE,B.Tech,2,4,C,19,78.48,81.19,34.27,82.75,82.02,8.31,22.36,73.3,Good
STU009414,Krishna Sharma,ECE,M.Tech,2,4,B,23,92.82,68.21,28.25,72.71,90.06,7.88,26.92,79.33,Excellent
STU009415,Surya Bose,CSE,B.Tech,3,6,C,20,100,70.96,32.24,54.97,65.46,8.05,25.25,85.85,Average
STU009416,Nikhil Kumar,CSE,B.Tech,1,1,D,20,70.73,57.26,24.51,39.11,55.87,7.06,21.06,70.35,Average
STU009417,Aryan Iyer,ECE,B.Tech,3,5,C,20,67.35,81.51,36.26,67.02,76.09,8.48,17.55,53.92,Average
STU009418,Diya Verma,EEE,B.Tech,4,8,C,22,85.39,73.38,42.33,72.77,78.57,8.4,27.94,85.26,Good
STU009419,Meera Pillai,AI & DS,B.Tech,1,1,B,18,87.89,78.04,35.59,63.35,74.24,7.65,32.32,88.55,Good
STU009420,Sneha Chatterjee,AI & DS,B.Tech,3,5,D,21,74.38,71.36,26.84,64.47,81.21,7.09,29.52,72.21,Average
STU009421,Aarav Kumar,AI & DS,B.Tech,3,5,C,22,77.96,68.15,29.79,52.59,70.68,7.77,18.94,67.3,Good
STU009422,Surya Patel,EEE,B.Tech,1,1,A,19,82.33,73.95,30.05,54.98,67.47,8.35,22.87,76.6,Average
STU009423,Nisha Iyer,IT,B.Tech,4,7,B,21,89.0,63.66,30.42,47.15,60.58,7.31,19.88,76.01,Average
STU009424,Ananya Krishnan,IT,M.Tech,2,3,B,25,71.93,71.53,29.34,59.15,74.35,7.87,16.04,67.42,Average
STU009425,Pooja Krishnan,AI & DS,M.Tech,1,1,A,24,78.28,81.15,35.7,69.8,72.47,8.44,19.74,77.63,Good
STU009426,Sanjay Bose,CSE,B.Tech,2,4,C,21,86.59,63.35,31.72,65.02,76.01,7.92,23.74,75.15,Good
STU009427,Aditya Shah,IT,B.Tech,3,5,C,20,86.53,75.95,38.31,74.19,92.08,7.98,26.23,90.75,Excellent
STU009428,Rohan Bose,IT,M.Tech,1,2,C,23,91.31,93.12,45.85,66.07,87.23,8.52,20.06,88.44,Excellent
STU009429,Tanvi Verma,CSE,B.Tech,1,2,B,18,72.15,77.69,38.13,62.59,83.26,8.3,18.98,82.0,Average
STU009430,Vikram Verma,EEE,B.Tech,4,7,D,22,74.52,73.6,32.17,64.07,78.75,7.87,20.63,81.04,Average
STU009431,Aditi Menon,ECE,B.Tech,2,3,B,20,84.06,74.85,32.95,63.14,67.42,8.14,24.94,76.18,Average
STU009432,Shreya Patel,IT,B.Tech,2,3,A,21,77.12,66.6,36.7,74.69,71.55,7.45,21.77,59.99,Good
STU009433,Sanjay Iyer,AI & DS,B.Tech,1,1,A,20,93.07,79.0,32.49,56.43,81.86,7.44,26.17,88.14,Good
STU009434,Pooja Chatterjee,IT,B.Tech,4,8,A,21,83.94,78.59,39.44,73.33,72.43,8.39,23.96,82.95,Good
STU009435,Kavya Pillai,CSE,B.Tech,3,6,C,20,87.76,84.97,37.26,71.04,87.21,7.61,21.52,91.72,Excellent
STU009436,Rahul Bose,ECE,B.Tech,3,5,D,22,76.15,68.64,33.6,59.91,70.87,8.09,22.0,80.97,Good
STU009437,Zoya Das,EEE,M.Tech,1,2,D,24,93.66,85.22,34.75,72.84,74.17,7.51,30.46,91.04,Good
STU009438,Akash Kumar,IT,B.Tech,1,2,C,20,81.12,82.1,35.84,78.84,87.08,7.5,20.1,70.12,Excellent
STU009439,Manish Verma,AI & DS,B.Tech,2,4,D,20,80.93,71.12,29.03,52.68,64.82,7.84,19.62,79.74,Average
STU009440,Nisha Joshi,Civil,B.Tech,4,8,A,23,77.32,55.9,28.94,57.11,56.49,6.8,16.42,77.35,Average
STU009441,Shreya Pillai,Mechanical,B.Tech,4,7,B,21,84.72,82.42,46.38,88.0,93.48,8.66,23.52,81.58,Excellent
STU009442,Aditi Mehta,ECE,B.Tech,4,7,C,23,73.4,68.27,32.76,62.33,76.8,8.11,18.34,68.54,Average
STU009443,Pooja Menon,Civil,B.Tech,2,4,D,21,78.9,69.3,31.78,71.1,86.24,8.16,20.56,72.95,Good
STU009444,Aditi Joshi,AI & DS,B.Tech,1,2,B,19,86.25,74.07,37.48,71.83,77.8,7.74,23.13,82.96,Good
STU009445,Sneha Singh,Civil,B.Tech,1,2,A,20,81.17,76.02,29.71,69.02,73.9,7.75,24.44,77.31,Good
STU009446,Sanjay Gupta,ECE,B.Tech,1,1,A,18,75.14,66.29,38.52,58.58,58.3,8.36,15.21,61.38,Average
STU009447,Shreya Kumar,CSE,M.Tech,1,2,B,22,86.57,62.34,30.87,56.26,66.15,7.38,22.98,79.05,Average
STU009448,Vikram Chatterjee,ECE,B.Tech,1,1,B,19,84.11,75.24,31.79,70.81,76.75,7.33,24.74,67.68,Good
STU009449,Kavya Krishnan,ECE,B.Tech,4,7,B,21,75.6,85.82,41.25,76.45,94.06,9.16,25.24,70.85,Good
STU009450,Vikram Das,AI & DS,B.Tech,3,5,B,21,84.43,80.08,34.84,59.95,75.64,7.68,26.66,77.94,Good
STU009451,Nikhil Patel,Civil,M.Tech,2,3,C,26,74.01,70.55,31.46,60.53,67.15,6.92,22.23,71.39,Average
STU009452,Tanvi Bose,AI & DS,M.Tech,2,3,C,23,80.2,71.68,34.07,63.41,76.37,7.6,21.41,67.93,Good
STU009453,Akash Bose,CSE,B.Tech,2,3,C,19,68.48,58.11,27.07,61.32,66.17,7.91,16.95,64.04,Average
STU009454,Aarav Mishra,Mechanical,B.Tech,2,4,B,20,72.67,68.53,29.94,50.51,76.42,8.18,18.85,64.61,Average
STU009455,Varun Krishnan,Civil,B.Tech,1,1,C,20,75.36,74.45,32.79,58.8,62.69,7.52,19.6,74.97,Average
STU009456,Surya Das,IT,B.Tech,1,2,A,19,63.32,72.17,30.87,45.48,67.32,7.86,18.72,72.24,At Risk
STU009457,Sai Mishra,CSE,B.Tech,3,5,A,21,86.5,82.41,35.46,61.04,78.79,8.51,18.68,83.16,Good
STU009458,Meera Das,EEE,B.Tech,2,3,D,19,90.22,84.4,35.29,79.67,82.56,7.88,25.41,74.87,Good
STU009459,Shreya Chatterjee,EEE,B.Tech,4,7,D,22,95.94,81.97,36.45,76.11,79.33,8.42,23.16,91.25,Good
STU009460,Zoya Joshi,CSE,B.Tech,1,1,D,18,78.79,68.22,37.92,53.94,69.36,7.99,19.73,79.1,Average
STU009461,Karan Joshi,EEE,B.Tech,2,3,D,20,85.37,73.39,35.26,63.41,69.39,7.8,20.52,81.37,Average
STU009462,Akash Mehta,EEE,M.Tech,2,3,A,24,82.62,66.16,30.83,59.93,66.22,8.46,19.15,73.53,Average
STU009463,Zoya Krishnan,IT,B.Tech,1,1,B,19,77.18,83.72,41.48,67.11,87.05,8.62,20.76,72.4,Good
STU009464,Surya Das,IT,B.Tech,3,5,B,22,93.7,84.79,33.41,54.25,70.87,8.28,26.84,86.16,Good
STU009465,Tanvi Patel,ECE,B.Tech,4,8,D,23,82.0,62.5,35.14,70.26,59.99,7.98,20.35,91.4,Average
STU009466,Shreya Nair,Mechanical,B.Tech,1,2,D,20,74.5,74.39,30.6,71.84,85.84,7.5,23.71,79.07,Average
STU009467,Zoya Rao,IT,B.Tech,4,7,C,23,83.16,76.12,33.92,70.86,74.12,7.66,24.99,84.97,Good
STU009468,Isha Shah,Civil,B.Tech,3,5,C,20,80.66,83.66,40.97,77.62,94.52,8.84,27.31,83.72,Excellent
STU009469,Manish Krishnan,CSE,B.Tech,3,5,B,22,78.07,70.09,36.17,68.37,68.6,7.69,25.48,78.38,Average
STU009470,Rahul Verma,CSE,B.Tech,3,6,D,20,53.33,78.47,35.43,77.02,74.99,8.63,27.06,77.63,At Risk
STU009471,Aarav Rao,Civil,B.Tech,2,3,B,20,74.55,87.71,37.35,61.02,89.19,7.98,25.81,76.57,Average
STU009472,Aditi Nair,AI & DS,B.Tech,1,1,C,19,78.74,67.27,30.7,63.47,66.79,7.4,18.45,65.39,Average
STU009473,Bhavya Singh,AI & DS,B.Tech,3,6,C,20,78.56,68.53,37.56,55.95,62.73,6.93,20.06,77.29,Average
STU009474,Karan Mehta,Mechanical,B.Tech,1,1,C,19,65.85,65.32,28.67,47.19,60.92,7.12,13.53,63.94,Average
STU009475,Aditya Pillai,Civil,M.Tech,1,1,C,24,70.5,77.68,34.31,54.34,75.04,9.42,17.01,76.42,Average
STU009476,Vikram Gupta,ECE,B.Tech,3,5,A,22,81.87,80.37,35.36,59.83,70.21,7.79,23.31,81.27,Good
STU009477,Karan Joshi,ECE,B.Tech,1,1,A,20,83.57,66.94,33.33,63.82,84.29,8.94,21.58,69.11,Good
STU009478,Nisha Iyer,EEE,B.Tech,2,4,C,19,83.5,73.07,28.75,54.29,61.83,7.27,20.42,77.54,Average
STU009479,Nikhil Joshi,IT,B.Tech,2,3,C,20,81.75,67.96,31.12,66.76,82.81,7.53,20.01,76.67,Good
STU009480,Ananya Chatterjee,CSE,M.Tech,1,1,C,24,79.17,74.71,36.11,60.45,71.3,7.71,23.79,79.3,Good
STU009481,Krishna Mehta,IT,B.Tech,4,8,A,21,77.75,73.09,36.97,60.36,83.82,8.13,18.66,67.42,Good
STU009482,Rahul Shah,ECE,B.Tech,3,6,C,20,83.08,78.45,34.39,66.18,68.57,7.93,21.33,78.14,Average
STU009483,Nikhil Das,Mechanical,B.Tech,4,7,A,21,68.97,69.98,33.27,56.3,59.28,7.08,23.05,70.98,Average
STU009484,Aarav Patel,Civil,B.Tech,1,1,A,19,85.21,78.92,38.8,58.24,75.62,8.11,22.9,80.35,Good
STU009485,Isha Sharma,CSE,B.Tech,1,2,C,20,96.36,67.66,32.03,55.0,74.88,7.55,20.75,86.44,Good
STU009486,Pooja Patel,EEE,B.Tech,2,3,B,21,56.41,73.76,30.4,67.35,70.27,8.25,17.94,66.28,At Risk
STU009487,Diya Singh,CSE,B.Tech,1,2,D,19,76.27,63.84,24.57,56.42,55.94,8.19,20.24,70.95,Average
STU009488,Krishna Nair,ECE,B.Tech,1,2,A,20,89.09,73.25,33.96,77.69,71.56,9.22,25.0,80.65,Good
STU009489,Aditya Patel,IT,B.Tech,1,2,B,19,79.04,78.47,37.21,61.72,89.13,8.85,20.98,79.44,Good
STU009490,Isha Verma,IT,B.Tech,3,5,D,22,70.19,64.49,30.76,60.06,65.36,8.1,14.02,60.29,Average
STU009491,Varun Shah,ECE,B.Tech,2,3,A,21,81.62,79.41,41.44,66.98,92.2,8.38,21.53,78.6,Excellent
STU009492,Arjun Mehta,CSE,M.Tech,2,4,A,24,70.44,75.42,28.74,50.85,61.32,7.26,20.93,77.41,Average
STU009493,Zoya Patel,CSE,B.Tech,1,2,D,18,80.98,61.62,26.56,44.79,64.37,7.33,14.11,82.49,Average
STU009494,Riya Das,ECE,B.Tech,3,6,A,21,92.87,70.82,32.46,55.5,66.68,8.08,18.54,69.12,Average
STU009495,Meera Nair,IT,B.Tech,4,8,A,21,73.44,85.09,34.43,73.84,89.03,8.63,24.74,75.34,Average
STU009496,Aryan Chatterjee,CSE,B.Tech,3,6,B,20,72.51,72.91,39.31,67.96,75.71,7.83,21.77,69.79,Average
STU009497,Aditya Chatterjee,ECE,B.Tech,1,2,B,19,86.54,84.46,35.89,58.2,74.1,8.76,20.77,85.34,Good
STU009498,Pooja Sharma,Mechanical,B.Tech,1,2,A,18,68.6,52.08,26.62,46.49,60.42,7.95,11.94,65.46,Average
STU009499,Rahul Gupta,ECE,B.Tech,3,5,A,20,83.18,68.47,29.8,69.36,80.18,7.03,21.24,69.35,Good
STU009500,Sneha Patel,IT,B.Tech,1,1,A,19,86.21,67.29,29.85,68.95,71.85,8.41,25.27,75.4,Good
STU009501,Aditi Nair,ECE,B.Tech,2,4,B,21,91.62,67.03,29.25,63.81,66.96,7.14,24.75,78.35,Average
STU009502,Shreya Iyer,IT,M.Tech,1,1,A,22,75.56,77.54,37.67,65.84,75.65,8.0,21.73,80.23,Good
STU009503,Aarav Shah,Civil,B.Tech,2,4,D,19,82.76,71.89,32.36,69.55,83.58,8.09,27.31,87.49,Good
STU009504,Rohan Patel,CSE,B.Tech,4,7,D,22,86.17,75.35,36.9,63.27,89.96,8.68,21.54,70.42,Excellent
STU009505,Shreya Nair,IT,M.Tech,1,2,C,25,85.65,71.44,36.37,64.23,82.4,7.92,17.94,77.53,Good
STU009506,Ananya Kumar,AI & DS,B.Tech,2,3,D,20,81.78,60.46,27.6,46.42,54.41,6.72,19.95,62.2,At Risk
STU009507,Pooja Shah,CSE,B.Tech,2,3,D,20,79.93,72.01,30.21,64.06,71.38,7.84,14.65,66.59,Good
STU009508,Varun Mishra,Civil,B.Tech,4,7,A,21,74.29,75.94,30.61,69.08,69.91,8.38,22.3,75.35,Average
STU009509,Ananya Mehta,CSE,B.Tech,1,1,D,20,80.33,70.17,31.61,62.13,76.55,8.8,21.54,78.7,Good
STU009510,Kavya Nair,Civil,B.Tech,3,6,B,21,79.81,72.78,31.6,67.74,68.55,8.19,22.19,73.98,Average
STU009511,Yash Chatterjee,CSE,B.Tech,2,4,D,20,77.4,69.65,36.38,54.51,69.1,7.75,15.87,67.0,Average
STU009512,Nikhil Mishra,ECE,B.Tech,1,2,B,19,99.64,78.65,37.45,61.92,75.28,7.66,23.81,73.48,Good
STU009513,Diya Menon,CSE,B.Tech,4,8,B,22,84.05,71.65,32.68,61.43,80.69,8.39,21.03,86.23,Good
STU009514,Aditya Menon,CSE,B.Tech,3,5,D,20,78.59,78.55,34.25,65.97,61.02,8.69,14.99,78.4,Average
STU009515,Pooja Sharma,CSE,B.Tech,4,8,D,23,74.57,71.5,32.26,73.12,75.4,8.15,22.98,70.24,Average
STU009516,Varun Das,EEE,B.Tech,2,4,C,19,85.11,74.66,31.14,59.86,67.2,7.84,19.67,75.39,Average
STU009517,Riya Krishnan,AI & DS,B.Tech,1,2,A,20,91.54,74.53,38.34,64.52,63.01,7.48,21.13,72.41,Average
STU009518,Akash Menon,IT,B.Tech,1,1,A,20,83.69,82.21,33.86,66.03,83.15,7.22,26.64,75.38,Good
STU009519,Ishaan Krishnan,Mechanical,B.Tech,1,2,A,19,86.86,73.77,33.18,57.38,77.09,8.52,22.48,72.28,Good
STU009520,Aditya Krishnan,ECE,B.Tech,3,5,A,20,84.15,65.9,32.73,58.37,76.15,7.18,22.15,81.15,Good
STU009521,Ananya Verma,CSE,B.Tech,1,1,A,20,82.94,88.9,41.41,81.88,97.04,8.49,19.26,78.61,Excellent
STU009522,Nikhil Pillai,AI & DS,B.Tech,2,4,A,19,81.96,82.54,36.93,68.14,73.59,8.35,21.47,75.88,Good
STU009523,Surya Menon,CSE,B.Tech,2,3,A,19,69.94,72.64,33.52,44.4,54.76,8.44,11.12,66.01,At Risk
STU009524,Isha Kumar,EEE,B.Tech,2,4,D,21,87.16,71.55,32.49,68.68,82.9,7.33,20.53,69.44,Good
STU009525,Vikram Pillai,Mechanical,B.Tech,4,7,A,22,84.91,79.91,37.89,73.58,87.65,9.1,24.39,83.14,Excellent
STU009526,Ananya Shah,EEE,B.Tech,3,5,C,21,88.12,64.14,32.97,56.61,76.14,8.03,22.42,73.9,Good
STU009527,Aditya Singh,CSE,B.Tech,3,6,B,21,71.64,72.59,28.97,54.98,70.11,7.9,19.86,70.44,Average
STU009528,Rahul Verma,ECE,B.Tech,4,7,B,23,74.52,65.46,33.34,65.25,62.76,7.65,12.22,68.85,Average
STU009529,Surya Iyer,Mechanical,B.Tech,1,2,A,19,73.49,72.4,42.01,65.27,73.28,8.49,24.91,79.2,Average
STU009530,Diya Patel,Mechanical,B.Tech,1,2,D,18,81.68,69.46,34.77,69.29,91.28,8.43,20.12,79.42,Excellent
STU009531,Aarav Gupta,AI & DS,B.Tech,1,1,C,19,84.85,68.35,36.95,72.36,80.54,7.68,21.22,88.33,Good
STU009532,Zoya Singh,ECE,B.Tech,2,3,D,21,87.87,68.01,33.12,61.64,74.93,7.33,24.44,79.18,Good
STU009533,Krishna Mishra,IT,B.Tech,1,2,B,19,90.01,85.29,33.89,59.2,85.02,7.21,23.22,73.22,Excellent
STU009534,Diya Bose,ECE,B.Tech,2,4,A,20,92.26,80.16,35.52,67.81,73.66,7.58,18.36,88.49,Good
STU009535,Surya Shah,EEE,B.Tech,4,7,D,22,76.07,72.41,29.77,66.37,73.62,8.64,14.54,69.09,Good
STU009536,Tanvi Menon,Mechanical,B.Tech,1,2,C,20,80.38,69.68,29.03,64.76,58.67,7.58,16.78,71.98,Average
STU009537,Aryan Patel,IT,B.Tech,1,2,C,20,73.31,74.77,35.86,81.09,72.05,7.92,24.34,80.22,Average
STU009538,Nikhil Shah,CSE,B.Tech,3,5,A,21,90.53,80.63,40.13,64.76,96.01,8.59,24.07,86.64,Excellent
STU009539,Rohan Iyer,CSE,B.Tech,1,1,A,19,58.49,72.08,31.22,51.91,58.08,7.78,18.12,63.86,At Risk
STU009540,Vikram Krishnan,Civil,B.Tech,4,7,D,21,93.97,79.5,35.83,74.58,78.09,8.33,18.42,78.57,Good
STU009541,Diya Verma,AI & DS,B.Tech,3,5,C,22,80.38,79.75,29.16,62.03,71.46,7.94,25.11,70.02,Good
STU009542,Ananya Menon,CSE,M.Tech,1,2,A,25,75.29,67.72,29.62,55.84,81.04,7.46,23.81,84.25,Good
STU009543,Pooja Kumar,ECE,B.Tech,2,3,D,20,74.85,66.82,27.68,63.97,63.95,6.56,21.36,75.78,Average
STU009544,Akash Pillai,IT,B.Tech,4,7,A,22,76.5,73.27,36.94,47.51,52.13,7.71,18.81,72.85,At Risk
STU009545,Ishaan Kumar,AI & DS,B.Tech,4,8,C,22,70.51,68.89,37.03,61.02,64.61,8.44,22.8,68.86,Average
STU009546,Yash Verma,IT,B.Tech,1,2,D,20,79.66,68.03,28.53,59.05,78.05,8.97,15.21,71.6,Good
STU009547,Aarav Patel,CSE,B.Tech,2,3,C,20,85.18,82.88,40.5,86.85,85.31,8.73,23.24,82.81,Excellent
STU009548,Yash Rao,AI & DS,B.Tech,2,4,A,20,90.24,84.38,42.34,81.31,87.41,9.41,22.46,93.93,Excellent
STU009549,Shreya Mehta,ECE,B.Tech,2,3,D,21,83.78,72.64,35.81,64.04,57.66,7.66,19.58,67.88,Average
STU009550,Tanvi Pillai,ECE,B.Tech,3,5,C,20,85.29,76.48,31.96,62.84,80.57,8.35,17.82,75.22,Good
STU009551,Sneha Shah,Mechanical,M.Tech,1,1,D,24,85.25,67.76,31.5,61.71,75.22,6.19,24.08,65.4,Good
STU009552,Kavya Iyer,CSE,B.Tech,3,5,D,22,82.22,83.91,39.09,68.65,71.03,8.69,22.98,73.75,Good
STU009553,Tanvi Menon,ECE,B.Tech,4,8,C,23,80.68,89.8,40.33,81.43,71.26,8.62,28.14,79.51,Good
STU009554,Sneha Kumar,IT,B.Tech,4,7,B,21,81.87,67.77,31.5,57.88,74.26,7.25,18.83,70.66,Good
STU009555,Varun Iyer,IT,B.Tech,3,5,B,22,78.65,83.87,42.58,68.69,67.26,8.12,22.83,90.92,Average
STU009556,Vikram Rao,EEE,B.Tech,4,8,A,22,91.54,71.69,34.23,68.94,93.03,7.66,25.27,84.79,Excellent
STU009557,Bhavya Gupta,CSE,B.Tech,2,4,A,19,85.19,70.85,32.14,60.52,72.29,7.2,16.81,74.8,Good
STU009558,Nisha Mehta,EEE,B.Tech,3,6,A,20,88.35,65.02,32.92,61.75,74.01,7.78,26.26,75.27,Good
STU009559,Kavya Krishnan,ECE,B.Tech,3,5,C,22,62.75,90.34,46.11,74.74,89.13,8.77,23.69,78.62,At Risk
STU009560,Surya Pillai,EEE,B.Tech,3,5,D,22,96.42,74.23,35.94,60.9,77.99,7.88,25.34,81.13,Good
STU009561,Surya Verma,CSE,B.Tech,2,3,B,21,71.31,67.23,30.92,70.71,73.18,7.76,21.43,72.15,Average
STU009562,Nikhil Kumar,AI & DS,M.Tech,2,4,B,23,78.13,71.34,34.05,62.12,71.87,7.35,28.25,79.03,Good
STU009563,Kavya Bose,CSE,B.Tech,4,8,A,23,81.13,77.4,34.65,69.82,70.58,7.23,24.36,75.39,Good
STU009564,Aryan Das,IT,B.Tech,2,4,D,21,83.15,87.51,45.51,69.92,80.92,8.88,19.25,79.35,Good
STU009565,Karan Mehta,AI & DS,B.Tech,3,6,C,22,84.44,73.13,36.05,72.69,76.12,9.07,22.31,73.71,Good
STU009566,Rahul Rao,AI & DS,B.Tech,4,7,C,22,68.91,68.07,27.25,59.8,56.9,8.4,14.1,69.41,Average
STU009567,Rohan Mehta,IT,B.Tech,2,3,B,21,73.67,88.38,39.46,72.54,84.84,8.6,24.02,79.84,Average
STU009568,Nisha Verma,ECE,B.Tech,2,3,B,19,60.02,62.31,26.13,52.11,81.82,7.84,16.51,60.07,At Risk
STU009569,Pooja Bose,ECE,B.Tech,1,2,B,19,90.93,79.73,34.91,72.72,71.92,7.73,27.59,70.61,Good
STU009570,Ananya Pillai,IT,B.Tech,1,1,C,19,76.46,68.64,27.75,61.46,59.21,8.14,22.0,78.2,Average
STU009571,Tanvi Singh,ECE,B.Tech,2,4,C,21,81.52,64.95,30.8,55.91,79.42,7.58,19.41,80.46,Good
STU009572,Aryan Krishnan,AI & DS,B.Tech,4,7,A,22,70.92,75.91,30.58,66.3,78.01,7.32,29.19,84.59,Average
STU009573,Varun Kumar,CSE,B.Tech,2,4,A,20,85.25,65.67,33.7,59.94,79.53,8.3,18.81,63.72,Good
STU009574,Isha Reddy,ECE,B.Tech,1,1,D,19,80.46,72.94,32.02,68.83,66.05,8.6,16.6,66.42,Average
STU009575,Varun Chatterjee,Mechanical,B.Tech,4,8,C,23,80.68,74.41,35.87,68.37,83.46,7.99,20.89,67.92,Good
STU009576,Riya Mishra,CSE,B.Tech,4,8,B,23,100,71.84,32.12,52.4,73.8,7.22,22.45,84.88,Good
STU009577,Diya Das,CSE,B.Tech,3,5,B,20,80.41,68.21,30.94,52.34,69.52,6.83,22.69,72.4,Average
STU009578,Sanjay Das,CSE,B.Tech,2,4,B,19,94.88,80.38,37.24,76.62,77.85,8.74,20.96,94.13,Good
STU009579,Pooja Mishra,CSE,M.Tech,1,1,D,25,87.78,78.91,38.05,64.88,79.26,8.3,23.9,71.93,Good
STU009580,Ananya Pillai,CSE,B.Tech,2,4,B,19,76.54,80.77,40.73,74.08,77.22,8.19,19.85,65.53,Good
STU009581,Varun Patel,CSE,B.Tech,2,3,B,19,100,73.44,33.91,68.1,70.21,7.65,27.08,99.92,Good
STU009582,Ishaan Singh,CSE,B.Tech,1,2,A,20,69.95,78.07,29.4,64.01,67.01,8.59,21.23,60.78,Average
STU009583,Aditya Iyer,CSE,M.Tech,2,3,C,25,66.26,68.27,32.67,50.87,55.41,7.98,18.09,72.03,Average
STU009584,Shreya Patel,IT,B.Tech,3,6,B,20,63.89,61.65,23.62,50.68,50.15,6.73,16.46,73.29,At Risk
STU009585,Krishna Bose,CSE,B.Tech,4,8,B,21,81.76,76.08,31.3,67.15,70.38,7.89,20.95,84.03,Good
STU009586,Karan Das,IT,B.Tech,2,3,C,20,82.81,81.34,36.05,71.13,84.51,9.06,15.61,72.4,Good
STU009587,Diya Iyer,Civil,B.Tech,1,2,B,20,78.65,76.47,31.33,62.77,72.35,7.8,20.54,81.79,Good
STU009588,Aryan Shah,EEE,B.Tech,3,5,C,20,65.66,83.3,32.29,85.15,82.61,7.84,22.88,78.22,Average
STU009589,Isha Singh,Mechanical,B.Tech,4,7,C,21,86.22,72.03,31.58,73.81,77.65,8.17,19.29,83.95,Good
STU009590,Karan Nair,ECE,B.Tech,3,5,D,22,79.68,87.89,35.67,67.48,76.54,8.08,19.61,82.88,Good
STU009591,Akash Patel,CSE,B.Tech,3,6,B,22,82.88,74.69,31.42,66.08,76.88,8.05,20.66,81.87,Good
STU009592,Isha Mishra,Civil,B.Tech,4,7,A,21,81.55,70.29,25.75,53.56,71.45,7.29,20.46,77.23,Good
STU009593,Nikhil Chatterjee,Mechanical,B.Tech,4,7,C,22,83.07,74.01,28.74,67.83,69.24,7.79,24.6,76.35,Average
STU009594,Ananya Joshi,IT,M.Tech,1,1,D,24,78.83,74.67,41.24,65.4,80.39,8.14,20.23,67.46,Good
STU009595,Isha Das,CSE,B.Tech,3,5,A,22,92.73,69.53,37.52,70.42,57.39,8.07,16.4,85.17,Average
STU009596,Diya Kumar,AI & DS,M.Tech,1,1,A,24,79.36,82.91,34.6,62.61,75.26,8.11,21.42,86.64,Good
STU009597,Riya Sharma,ECE,B.Tech,1,2,A,19,89.49,60.16,33.42,63.52,73.36,7.43,25.9,75.82,Good
STU009598,Manish Das,EEE,B.Tech,1,2,D,19,88.58,81.95,36.5,68.03,84.1,8.32,27.26,77.77,Good
STU009599,Rohan Bose,ECE,B.Tech,1,1,A,18,80.35,63.42,33.05,56.76,67.66,8.1,20.6,76.47,Average
STU009600,Ananya Menon,Civil,B.Tech,2,3,C,20,91.25,88.99,42.07,75.27,84.47,8.85,24.16,95.03,Good
STU009601,Ananya Mishra,IT,B.Tech,3,5,B,20,89.83,63.58,33.87,61.72,83.12,7.21,16.2,67.32,Good
STU009602,Manish Das,ECE,B.Tech,4,8,C,22,94.18,75.91,40.49,73.27,80.57,8.26,20.44,73.07,Good
STU009603,Pooja Mishra,CSE,B.Tech,2,4,B,19,88.05,81.82,34.4,68.44,59.71,7.64,27.44,79.05,Average
STU009604,Aarav Reddy,ECE,M.Tech,2,4,D,24,90.3,64.67,31.57,58.97,70.77,7.79,27.23,76.77,Good
STU009605,Kavya Pillai,Mechanical,B.Tech,3,5,A,20,94.71,80.85,44.2,79.8,99.77,8.29,23.95,88.82,Excellent
STU009606,Surya Nair,AI & DS,B.Tech,4,7,B,23,77.65,72.04,28.98,60.71,68.67,8.06,11.4,81.81,Average
STU009607,Vikram Rao,AI & DS,M.Tech,1,1,C,22,91.61,79.02,39.9,67.14,76.56,8.3,26.95,88.39,Good
STU009608,Meera Nair,EEE,B.Tech,3,6,B,20,88.86,65.16,40.35,64.65,86.41,8.4,25.64,71.23,Excellent
STU009609,Meera Sharma,ECE,B.Tech,1,1,A,19,78.21,82.27,39.51,67.1,69.17,8.79,27.46,90.31,Average
STU009610,Nisha Bose,ECE,B.Tech,3,5,B,22,88.01,88.85,37.55,73.76,83.8,7.81,21.1,90.57,Good
STU009611,Pooja Mehta,EEE,B.Tech,3,6,C,20,85.67,68.01,34.27,67.44,75.59,7.85,21.51,76.45,Good
STU009612,Varun Das,ECE,B.Tech,3,5,B,22,66.55,59.84,28.81,65.17,52.73,6.91,15.39,60.0,At Risk
STU009613,Arjun Krishnan,CSE,B.Tech,2,3,C,19,83.69,93.21,47.83,76.74,91.27,8.92,24.89,84.81,Excellent
STU009614,Tanvi Joshi,Mechanical,B.Tech,4,8,C,23,84.09,73.83,28.62,53.21,80.5,7.95,22.99,78.26,Good
STU009615,Tanvi Chatterjee,Mechanical,B.Tech,3,5,D,22,91.85,72.59,23.66,67.25,71.27,6.62,24.12,88.56,Good
STU009616,Aryan Kumar,IT,B.Tech,2,3,B,19,85.19,81.12,34.88,55.97,61.95,8.65,23.52,65.55,Average
STU009617,Yash Krishnan,ECE,B.Tech,3,6,C,22,79.1,63.05,29.28,58.06,75.73,7.43,16.89,68.6,Good
STU009618,Aditi Singh,IT,B.Tech,3,5,B,21,84.21,67.78,27.33,60.96,73.55,7.1,25.67,84.01,Good
STU009619,Sneha Das,EEE,B.Tech,1,2,B,19,78.33,62.17,25.16,56.16,52.97,7.92,17.58,72.98,At Risk
STU009620,Rahul Rao,AI & DS,B.Tech,3,5,C,20,85.58,64.57,31.08,47.97,63.76,7.02,21.23,72.96,Average
STU009621,Nisha Joshi,IT,B.Tech,3,5,B,22,83.48,82.26,40.87,64.75,63.46,8.45,25.65,86.62,Average
STU009622,Surya Chatterjee,IT,B.Tech,4,8,C,21,63.16,73.72,28.03,63.32,66.1,8.22,23.2,65.29,At Risk
STU009623,Nikhil Gupta,CSE,M.Tech,2,4,D,24,87.81,70.92,26.2,59.97,54.37,7.08,24.49,79.58,At Risk
STU009624,Riya Bose,EEE,B.Tech,3,6,C,22,80.27,72.21,37.65,55.62,75.1,8.22,20.65,76.76,Good
STU009625,Zoya Krishnan,Civil,B.Tech,4,7,D,22,80.99,71.91,37.86,61.89,77.68,7.51,21.42,84.82,Good
STU009626,Karan Mishra,Mechanical,B.Tech,1,2,D,18,87.19,73.45,32.67,53.07,74.33,7.84,16.98,74.61,Good
STU009627,Krishna Iyer,ECE,B.Tech,2,4,D,21,99.86,79.09,40.21,66.93,83.19,7.81,22.38,81.56,Good
STU009628,Bhavya Mishra,Civil,B.Tech,1,1,C,18,99.02,81.47,43.05,79.75,85.62,8.7,19.9,79.06,Excellent
STU009629,Nikhil Shah,Mechanical,B.Tech,1,2,D,20,76.19,72.6,30.97,60.7,77.42,7.8,17.94,72.05,Good
STU009630,Tanvi Reddy,AI & DS,M.Tech,1,1,D,23,78.02,67.72,35.83,47.87,76.79,7.27,17.83,66.29,Good
STU009631,Aryan Bose,Civil,B.Tech,3,6,B,20,76.39,73.01,38.09,73.1,88.59,8.4,17.43,88.33,Good
STU009632,Ishaan Patel,CSE,B.Tech,4,7,A,22,60.53,76.34,35.77,70.6,83.27,7.8,19.58,70.21,At Risk
STU009633,Bhavya Bose,Civil,B.Tech,4,8,A,21,70.15,62.79,34.23,60.56,78.15,8.04,20.31,74.13,Average
STU009634,Pooja Mishra,AI & DS,B.Tech,2,3,C,19,64.79,59.17,35.18,49.08,66.11,8.27,17.7,56.99,At Risk
STU009635,Pooja Chatterjee,Civil,B.Tech,2,4,D,20,65.57,69.79,29.88,69.35,60.4,8.36,17.51,75.02,Average
STU009636,Sneha Joshi,Civil,B.Tech,2,4,D,19,71.49,70.03,24.51,57.97,59.79,8.35,27.39,64.27,Average
STU009637,Rahul Sharma,IT,B.Tech,3,5,C,22,79.63,83.53,32.97,65.59,78.67,8.01,21.42,89.68,Good
STU009638,Ishaan Nair,IT,B.Tech,4,8,C,23,88.0,72.98,30.63,65.58,64.11,8.2,19.23,72.66,Average
STU009639,Nisha Das,CSE,B.Tech,1,2,D,20,77.53,68.46,29.99,60.3,82.89,6.82,20.45,81.29,Good
STU009640,Riya Iyer,CSE,B.Tech,4,7,B,23,89.11,68.1,30.35,71.89,81.32,7.61,24.97,89.39,Good
STU009641,Riya Shah,ECE,B.Tech,1,2,D,19,83.4,67.94,31.34,62.35,79.47,8.14,22.19,78.92,Good
STU009642,Krishna Verma,AI & DS,B.Tech,4,7,C,21,81.57,69.46,29.41,54.08,56.36,7.15,20.55,79.0,Average
STU009643,Nisha Das,Civil,B.Tech,4,8,A,23,82.58,61.83,27.51,59.9,71.32,7.34,22.54,70.68,Good
STU009644,Ananya Rao,IT,B.Tech,4,8,B,22,75.95,89.8,41.71,69.16,77.71,8.59,23.68,78.26,Good
STU009645,Zoya Joshi,AI & DS,B.Tech,4,8,D,23,64.19,75.82,31.08,69.53,88.08,7.69,15.88,60.86,At Risk
STU009646,Varun Rao,CSE,B.Tech,2,4,C,19,92.82,77.76,32.84,71.07,75.79,7.32,22.13,73.14,Good
STU009647,Tanvi Rao,AI & DS,B.Tech,2,3,D,19,72.94,56.76,25.72,61.21,60.14,6.89,17.29,54.26,Average
STU009648,Nikhil Shah,Mechanical,B.Tech,3,6,A,21,65.55,74.52,31.91,67.86,84.55,7.68,22.97,67.32,Average
STU009649,Bhavya Sharma,ECE,B.Tech,2,4,D,20,77.13,64.72,32.05,64.04,71.08,7.25,14.69,68.37,Good
STU009650,Surya Mehta,ECE,B.Tech,2,4,C,19,78.83,65.43,35.78,60.65,61.45,7.73,17.79,77.4,Average
STU009651,Aryan Kumar,AI & DS,B.Tech,3,6,B,22,84.68,69.09,36.21,65.3,79.14,7.19,22.11,85.1,Good
STU009652,Sai Nair,CSE,B.Tech,2,3,B,19,76.98,74.28,38.1,61.79,68.56,8.55,28.27,81.08,Average
STU009653,Varun Menon,EEE,B.Tech,1,2,D,18,75.1,68.24,24.96,57.03,47.5,8.25,18.91,76.54,At Risk
STU009654,Surya Patel,Mechanical,B.Tech,4,7,D,22,76.84,69.28,27.77,61.37,75.76,8.25,23.68,65.38,Good
STU009655,Pooja Chatterjee,AI & DS,B.Tech,2,3,D,19,78.64,53.18,33.59,58.66,63.44,6.83,15.55,67.62,Average
STU009656,Nikhil Kumar,ECE,B.Tech,4,8,A,23,78.04,73.26,37.24,55.71,76.31,8.28,19.61,81.85,Good
STU009657,Aditi Mehta,AI & DS,B.Tech,1,1,B,18,83.76,80.21,28.67,69.76,71.18,8.58,24.02,74.63,Good
STU009658,Zoya Bose,CSE,B.Tech,4,7,D,22,83.6,63.63,27.36,51.34,41.52,7.1,15.78,75.29,At Risk
STU009659,Zoya Rao,CSE,B.Tech,4,7,C,22,88.22,82.12,36.54,72.98,77.3,7.83,26.21,83.88,Good
STU009660,Aarav Sharma,CSE,B.Tech,2,3,C,20,80.98,73.54,30.86,64.89,68.84,7.35,20.23,78.52,Average
STU009661,Tanvi Singh,ECE,B.Tech,4,8,A,21,61.87,65.92,32.81,59.9,69.23,8.2,16.95,69.69,At Risk
STU009662,Sai Gupta,CSE,B.Tech,2,4,C,21,76.76,66.03,36.96,63.35,59.47,7.71,14.35,75.25,Average
STU009663,Karan Singh,CSE,B.Tech,2,3,B,20,73.45,74.8,28.26,69.52,72.07,8.23,26.64,71.74,Average
STU009664,Diya Shah,CSE,B.Tech,2,4,B,19,79.0,70.28,28.43,54.09,59.47,6.72,19.16,69.75,Average
STU009665,Pooja Menon,ECE,B.Tech,2,4,B,21,78.6,77.52,33.15,68.33,81.24,8.69,19.03,64.5,Good
STU009666,Krishna Mishra,AI & DS,B.Tech,2,4,C,20,70.84,68.14,30.72,64.18,83.22,8.81,16.19,77.28,Average
STU009667,Yash Krishnan,CSE,B.Tech,1,2,B,18,72.58,75.72,40.53,63.51,62.61,8.39,15.82,66.01,Average
STU009668,Akash Das,EEE,B.Tech,3,5,C,22,81.82,73.97,35.86,66.68,72.53,8.12,16.97,71.58,Good
STU009669,Akash Kumar,AI & DS,M.Tech,2,3,C,24,67.38,79.08,38.46,75.61,69.9,7.73,20.82,87.88,Average
STU009670,Surya Shah,Civil,B.Tech,2,3,D,20,90.51,92.17,39.9,81.61,99.15,8.41,22.28,85.76,Excellent
STU009671,Vikram Joshi,EEE,B.Tech,2,3,B,19,84.83,58.9,27.66,49.84,64.62,7.42,14.39,70.7,Average
STU009672,Karan Das,ECE,B.Tech,2,4,A,20,86.38,76.51,36.03,68.62,85.16,8.59,15.11,77.78,Excellent
STU009673,Aryan Verma,Civil,B.Tech,3,6,D,22,67.35,65.91,26.24,67.65,70.53,8.76,22.01,82.57,Average
STU009674,Ananya Krishnan,IT,B.Tech,4,7,D,22,80.93,74.17,38.36,75.19,66.68,7.99,23.33,76.45,Average
STU009675,Vikram Reddy,AI & DS,B.Tech,3,5,C,20,81.4,73.82,35.51,81.79,73.95,8.67,22.74,90.62,Good
STU009676,Ananya Mishra,IT,M.Tech,2,4,C,24,89.66,79.28,33.75,85.36,89.23,8.13,25.38,77.01,Excellent
STU009677,Aarav Gupta,AI & DS,B.Tech,3,5,B,22,80.94,67.83,35.18,71.92,78.93,8.12,19.0,69.47,Good
STU009678,Zoya Reddy,Civil,B.Tech,1,2,A,18,89.25,70.39,28.72,50.1,52.68,6.87,18.7,60.08,At Risk
STU009679,Isha Verma,CSE,B.Tech,2,3,A,19,81.15,72.72,33.06,69.17,65.58,7.5,21.27,80.14,Average
STU009680,Diya Iyer,AI & DS,B.Tech,3,6,C,22,75.5,76.26,39.6,68.3,92.67,8.56,18.8,75.18,Good
STU009681,Diya Menon,CSE,B.Tech,1,1,C,19,77.13,67.95,28.4,74.1,84.62,7.02,19.87,68.45,Good
STU009682,Yash Joshi,EEE,M.Tech,1,1,B,24,85.84,61.07,24.68,56.88,64.51,7.31,13.87,76.06,Average
STU009683,Sai Mishra,IT,B.Tech,4,7,B,22,81.77,80.11,36.22,66.15,79.96,7.44,21.71,94.86,Good
STU009684,Rahul Mehta,AI & DS,B.Tech,4,7,D,23,83.97,65.74,38.81,57.54,72.6,6.59,23.55,74.45,Good
STU009685,Diya Mehta,Civil,B.Tech,1,1,D,20,76.78,75.9,30.04,57.56,72.26,9.02,20.21,78.15,Good
STU009686,Varun Mishra,ECE,B.Tech,2,3,A,19,100,79.15,38.44,72.5,69.68,7.57,26.23,85.38,Average
STU009687,Bhavya Mehta,Mechanical,B.Tech,1,1,B,19,66.64,65.31,31.16,42.43,49.39,7.83,15.64,67.7,At Risk
STU009688,Yash Bose,CSE,B.Tech,4,8,A,23,79.61,71.15,36.53,58.12,76.44,8.54,22.79,64.79,Good
STU009689,Ananya Sharma,AI & DS,B.Tech,4,8,B,23,72.61,73.42,38.13,57.66,64.32,8.24,18.9,66.05,Average
STU009690,Aryan Gupta,CSE,B.Tech,1,1,D,19,92.0,91.52,38.54,71.92,85.04,8.05,27.58,85.78,Excellent
STU009691,Akash Shah,CSE,M.Tech,1,1,A,22,86.15,77.73,34.99,61.77,73.78,8.13,22.88,76.7,Good
STU009692,Vikram Verma,CSE,B.Tech,4,8,B,22,78.5,64.62,32.84,66.27,76.52,7.59,17.97,73.55,Good
STU009693,Meera Menon,ECE,B.Tech,3,6,D,21,92.82,67.2,27.25,61.85,59.12,7.03,18.43,83.53,Average
STU009694,Bhavya Patel,Mechanical,B.Tech,1,2,C,20,73.16,80.18,34.19,74.5,80.77,7.54,19.22,84.74,Average
STU009695,Pooja Gupta,Mechanical,B.Tech,3,5,A,21,88.48,73.67,37.61,55.44,77.66,7.35,20.45,80.66,Good
STU009696,Pooja Singh,CSE,B.Tech,4,7,B,22,73.19,71.47,32.11,55.02,72.65,7.62,24.34,73.95,Average
STU009697,Akash Bose,ECE,B.Tech,1,1,B,19,73.29,62.9,23.93,46.12,74.05,7.97,16.1,62.06,Average
STU009698,Riya Pillai,ECE,B.Tech,1,2,C,18,93.69,79.5,39.46,77.74,87.46,8.05,25.79,66.36,Excellent
STU009699,Manish Mehta,CSE,B.Tech,2,4,D,21,82.56,81.17,32.92,70.39,73.56,7.94,28.34,85.35,Good
STU009700,Sai Singh,CSE,B.Tech,2,3,B,21,87.77,80.62,40.56,72.0,86.49,7.73,25.03,80.65,Excellent
STU009701,Meera Kumar,EEE,B.Tech,4,8,C,23,63.82,74.11,34.52,59.46,73.77,7.92,18.45,67.25,At Risk
STU009702,Vikram Pillai,CSE,B.Tech,4,7,C,23,61.53,56.57,23.61,48.06,53.22,7.28,18.24,55.69,At Risk
STU009703,Sai Patel,IT,B.Tech,4,7,B,21,82.79,69.0,32.79,72.13,67.77,8.32,19.22,64.77,Average
STU009704,Sai Iyer,ECE,B.Tech,4,8,A,21,69.18,78.99,29.05,60.52,80.15,8.36,18.88,67.17,Average
STU009705,Aditi Kumar,AI & DS,B.Tech,4,7,B,23,73.03,75.0,39.58,62.21,63.81,7.79,17.27,66.36,Average
STU009706,Sneha Joshi,CSE,B.Tech,1,2,C,19,83.19,84.62,39.91,67.43,88.27,9.24,18.44,83.29,Excellent
STU009707,Diya Sharma,Mechanical,B.Tech,2,3,A,21,75.13,75.02,36.89,72.19,69.11,7.5,28.98,88.32,Average
STU009708,Riya Das,CSE,B.Tech,3,6,A,22,94.63,79.24,32.04,68.99,93.17,7.68,23.05,88.97,Excellent
STU009709,Arjun Nair,Mechanical,B.Tech,4,7,A,23,84.54,81.87,34.94,56.02,82.91,7.89,19.47,85.73,Good
STU009710,Varun Gupta,EEE,B.Tech,3,6,A,22,84.18,68.61,35.54,57.89,79.88,7.5,18.21,72.49,Good
STU009711,Aditya Kumar,EEE,B.Tech,4,8,A,23,72.09,78.29,35.37,66.78,79.39,7.83,21.81,69.2,Average
STU009712,Arjun Das,IT,B.Tech,4,8,D,22,89.91,76.11,24.9,67.43,85.29,7.47,21.07,83.87,Excellent
STU009713,Varun Patel,Civil,B.Tech,3,5,C,22,78.48,61.26,27.57,43.5,63.09,6.28,21.07,63.81,Average
STU009714,Varun Patel,EEE,B.Tech,4,8,B,22,86.59,90.96,37.79,64.11,72.91,8.53,23.44,83.01,Good
STU009715,Tanvi Patel,IT,B.Tech,1,2,A,19,67.0,63.13,32.41,71.26,79.3,8.58,17.51,49.59,Average
STU009716,Krishna Nair,ECE,B.Tech,1,2,B,20,85.45,79.44,31.89,62.43,73.63,7.41,20.75,77.84,Good
STU009717,Aryan Nair,ECE,B.Tech,2,3,D,21,64.4,74.77,36.76,55.7,67.82,8.66,16.46,67.77,At Risk
STU009718,Sneha Verma,CSE,B.Tech,4,7,D,22,90.63,67.62,37.19,70.11,77.91,8.74,22.14,79.06,Good
STU009719,Isha Kumar,AI & DS,B.Tech,4,7,A,21,72.61,65.84,33.21,70.05,83.92,7.88,21.72,71.38,Average
STU009720,Akash Reddy,EEE,B.Tech,1,1,D,19,79.57,66.98,31.5,50.7,74.16,7.19,17.32,77.82,Good
STU009721,Zoya Sharma,AI & DS,B.Tech,3,6,D,22,86.51,73.72,38.02,77.9,76.44,7.88,15.53,77.42,Good
STU009722,Sanjay Reddy,AI & DS,B.Tech,2,3,C,20,65.08,69.03,33.08,62.29,71.83,7.64,22.48,84.49,Average
STU009723,Shreya Menon,IT,M.Tech,1,1,C,25,72.22,81.03,41.3,68.53,100,8.51,23.4,74.77,Average
STU009724,Rahul Mehta,CSE,B.Tech,1,1,A,19,68.18,74.87,35.14,58.37,65.83,8.25,16.64,72.78,Average
STU009725,Pooja Rao,IT,M.Tech,2,3,B,26,89.25,74.55,41.45,71.51,75.88,8.38,21.36,73.96,Good
STU009726,Vikram Sharma,CSE,M.Tech,2,3,B,26,97.47,83.83,42.87,75.29,94.64,8.26,23.27,89.61,Excellent
STU009727,Isha Menon,CSE,B.Tech,2,3,A,21,86.64,80.49,37.42,60.35,71.71,7.98,23.0,71.65,Good
STU009728,Vikram Krishnan,AI & DS,B.Tech,3,6,D,22,82.39,63.61,33.37,65.04,74.98,7.79,20.49,78.11,Good
STU009729,Varun Chatterjee,ECE,B.Tech,2,4,B,20,84.66,69.16,36.6,64.58,70.81,7.92,19.1,71.34,Good
STU009730,Manish Sharma,ECE,B.Tech,2,4,A,19,86.51,84.49,33.58,66.26,68.35,8.29,25.96,84.99,Average
STU009731,Ananya Gupta,CSE,B.Tech,4,7,A,21,79.39,71.94,38.78,61.63,70.88,7.99,28.54,70.31,Good
STU009732,Riya Kumar,ECE,B.Tech,1,2,B,20,93.11,84.42,42.77,65.5,83.0,8.89,22.96,85.77,Good
STU009733,Krishna Joshi,Mechanical,B.Tech,1,1,A,20,79.4,76.96,37.75,67.01,93.32,7.55,19.0,70.06,Good
STU009734,Bhavya Das,EEE,B.Tech,3,5,D,22,96.78,69.88,33.93,69.04,76.46,7.91,22.74,68.45,Good
STU009735,Nikhil Sharma,CSE,B.Tech,3,5,C,21,85.42,71.48,35.09,65.28,74.84,6.79,32.35,81.55,Good
STU009736,Karan Nair,IT,B.Tech,1,2,C,19,80.59,59.01,28.35,62.43,68.85,8.16,18.02,74.41,Average
STU009737,Arjun Menon,CSE,B.Tech,2,4,A,21,76.56,62.41,25.21,53.75,49.58,7.21,19.44,71.9,At Risk
STU009738,Bhavya Krishnan,AI & DS,B.Tech,1,1,D,20,75.7,72.7,24.89,61.18,69.99,7.4,21.05,65.32,Average
STU009739,Yash Gupta,CSE,B.Tech,3,5,B,21,93.6,48.01,26.69,48.82,67.22,7.31,24.25,80.42,Average
STU009740,Arjun Mishra,Civil,B.Tech,3,6,B,22,86.33,78.43,35.55,64.54,79.02,8.09,22.89,84.45,Good
STU009741,Vikram Krishnan,CSE,B.Tech,4,8,A,22,66.7,72.45,36.53,72.06,84.64,8.0,18.05,67.17,Average
STU009742,Diya Sharma,Civil,B.Tech,2,4,A,19,73.91,84.94,38.16,75.91,83.5,8.07,25.14,93.54,Average
STU009743,Sneha Nair,ECE,B.Tech,1,1,A,19,69.95,67.23,35.36,65.5,69.65,7.63,23.22,65.22,Average
STU009744,Aryan Patel,Civil,B.Tech,1,2,C,20,67.5,76.65,34.8,72.17,75.05,8.96,16.07,59.35,Average
STU009745,Shreya Mehta,ECE,B.Tech,2,3,C,21,67.51,67.38,25.73,71.35,81.61,7.6,19.86,80.12,Average
STU009746,Sanjay Gupta,CSE,B.Tech,3,5,A,22,85.2,81.59,37.86,75.24,79.89,8.41,22.77,85.15,Good
STU009747,Akash Kumar,IT,B.Tech,4,8,A,21,85.94,71.89,40.89,56.25,74.58,8.22,21.54,69.13,Good
STU009748,Vikram Singh,AI & DS,M.Tech,1,2,B,23,79.78,81.27,40.79,71.92,77.07,7.71,20.81,75.52,Good
STU009749,Rahul Chatterjee,AI & DS,B.Tech,4,7,C,23,90.28,71.85,28.01,68.43,78.62,8.42,23.92,85.41,Good
STU009750,Arjun Iyer,CSE,B.Tech,4,8,A,22,84.75,75.11,31.03,69.93,81.64,7.93,26.4,68.77,Good
STU009751,Pooja Menon,Mechanical,B.Tech,2,3,C,21,91.19,90.01,43.98,74.88,95.45,8.08,22.1,76.22,Excellent
STU009752,Diya Gupta,AI & DS,B.Tech,2,3,B,20,73.97,65.16,31.6,49.35,65.91,8.26,17.25,72.87,Average
STU009753,Meera Das,CSE,B.Tech,4,7,C,21,82.9,57.59,30.34,52.22,73.66,8.07,20.62,81.74,Good
STU009754,Kavya Reddy,ECE,B.Tech,2,3,D,19,85.85,74.25,38.9,67.95,80.15,8.49,18.8,82.02,Good
STU009755,Aarav Iyer,AI & DS,B.Tech,4,8,B,22,81.92,78.47,28.3,56.76,72.4,7.61,24.1,74.31,Good
STU009756,Surya Shah,Mechanical,B.Tech,3,6,C,20,88.37,82.48,39.47,73.98,77.57,9.06,27.13,71.25,Good
STU009757,Sanjay Nair,Civil,B.Tech,1,1,D,19,73.58,78.89,31.07,65.39,75.13,7.1,21.76,67.24,Average
STU009758,Karan Singh,IT,B.Tech,3,5,D,21,84.2,74.26,33.27,71.98,80.03,7.87,27.26,87.34,Good
STU009759,Shreya Pillai,CSE,B.Tech,3,6,B,22,78.31,72.61,33.33,71.97,73.49,8.18,17.09,71.27,Good
STU009760,Akash Chatterjee,Mechanical,B.Tech,4,8,B,22,73.68,76.29,25.99,57.48,65.6,6.98,19.76,82.36,Average
STU009761,Vikram Pillai,Civil,B.Tech,4,7,D,23,80.38,86.22,39.38,76.14,77.88,8.76,19.33,75.21,Good
STU009762,Zoya Nair,ECE,B.Tech,3,6,D,22,90.03,69.93,35.53,71.66,77.39,8.43,28.37,79.81,Good
STU009763,Arjun Rao,AI & DS,M.Tech,1,2,D,23,68.63,67.94,28.69,52.59,68.85,7.73,19.04,63.21,Average
STU009764,Aditi Singh,IT,B.Tech,4,7,D,22,84.1,88.13,38.51,83.88,88.31,9.26,22.63,70.96,Excellent
STU009765,Manish Chatterjee,ECE,M.Tech,1,2,D,24,87.72,81.25,33.56,77.08,79.5,7.88,26.87,73.08,Good
STU009766,Sai Kumar,CSE,M.Tech,2,4,A,24,67.01,75.65,30.28,71.37,65.67,8.26,23.23,74.53,Average
STU009767,Riya Verma,Mechanical,B.Tech,4,8,C,22,77.3,56.27,30.23,56.92,58.4,6.84,21.11,79.46,Average
STU009768,Aditi Pillai,IT,B.Tech,2,3,B,21,69.76,71.08,32.61,71.7,65.65,8.57,14.68,67.36,Average
STU009769,Sai Mehta,ECE,B.Tech,3,6,D,21,71.07,75.43,33.62,60.03,72.05,8.25,24.99,77.78,Average
STU009770,Vikram Verma,EEE,B.Tech,3,6,C,20,85.04,88.1,43.3,69.9,89.08,8.35,15.99,75.87,Excellent
STU009771,Tanvi Mishra,CSE,B.Tech,3,5,C,22,89.43,73.5,34.11,59.15,71.51,8.21,19.0,74.25,Good
STU009772,Nisha Mishra,CSE,B.Tech,4,7,C,21,81.9,74.53,34.26,74.21,72.97,7.65,26.44,85.15,Good
STU009773,Rahul Sharma,Civil,B.Tech,2,4,A,21,75.03,75.92,29.66,57.79,59.94,8.17,24.33,83.86,Average
STU009774,Nisha Patel,IT,B.Tech,4,8,C,23,89.79,69.93,33.63,59.85,67.65,7.74,21.9,71.1,Average
STU009775,Vikram Nair,CSE,B.Tech,3,5,C,20,80.71,65.03,33.72,63.81,71.55,7.55,17.34,75.34,Good
STU009776,Meera Mishra,AI & DS,B.Tech,1,1,C,19,68.37,88.8,37.81,64.97,66.66,8.39,21.64,75.43,Average
STU009777,Ishaan Kumar,ECE,B.Tech,2,4,B,19,58.4,79.95,38.77,70.57,83.18,8.29,23.78,66.33,At Risk
STU009778,Sneha Kumar,AI & DS,B.Tech,4,7,C,23,70.87,77.16,38.64,63.44,56.83,8.01,19.48,71.28,Average
STU009779,Varun Nair,ECE,B.Tech,1,2,D,19,70.23,72.77,34.23,75.93,81.65,9.0,19.55,68.18,Average
STU009780,Nikhil Patel,IT,B.Tech,1,1,D,20,71.47,65.28,33.07,64.77,62.05,7.88,13.64,72.74,Average
STU009781,Varun Rao,AI & DS,B.Tech,1,2,A,19,79.6,73.5,41.25,68.38,65.54,7.7,18.46,70.08,Average
STU009782,Pooja Patel,AI & DS,B.Tech,2,4,B,19,88.35,78.24,36.75,69.02,76.35,7.22,26.8,84.18,Good
STU009783,Varun Patel,AI & DS,B.Tech,4,8,D,21,84.86,74.8,34.42,73.5,78.02,8.39,21.54,69.06,Good
STU009784,Diya Iyer,EEE,B.Tech,1,1,C,18,78.76,65.66,33.65,56.29,71.79,7.6,22.89,83.13,Good
STU009785,Rahul Reddy,IT,B.Tech,3,5,D,21,69.69,69.75,36.73,73.12,66.72,7.8,21.6,78.96,Average
STU009786,Nisha Mishra,IT,B.Tech,3,6,C,20,71.66,68.63,33.63,74.37,74.47,7.43,18.05,65.19,Average
STU009787,Aditya Krishnan,ECE,M.Tech,2,4,C,24,87.2,79.32,39.59,78.03,78.42,8.04,18.14,77.02,Good
STU009788,Kavya Shah,AI & DS,B.Tech,4,7,D,21,81.17,83.21,35.11,75.63,95.76,8.88,28.1,74.96,Excellent
STU009789,Aditya Gupta,ECE,B.Tech,4,8,B,22,60.3,86.54,36.74,82.83,82.49,8.8,17.32,70.42,At Risk
STU009790,Aditya Das,CSE,B.Tech,1,2,B,19,83.82,72.9,29.93,59.94,71.82,7.01,24.32,82.97,Good
STU009791,Varun Singh,AI & DS,B.Tech,2,3,A,19,69.78,64.49,32.83,71.84,67.9,8.37,15.46,74.76,Average
STU009792,Rahul Bose,IT,B.Tech,4,8,D,21,78.22,87.94,44.8,66.68,82.92,8.48,19.2,68.55,Good
STU009793,Bhavya Shah,IT,B.Tech,1,2,C,19,76.99,60.63,31.88,66.39,61.44,7.51,12.75,59.11,Average
STU009794,Aarav Rao,ECE,B.Tech,3,6,C,20,80.25,61.52,34.89,69.79,70.01,8.13,21.72,64.42,Good
STU009795,Riya Singh,Civil,B.Tech,4,8,C,22,88.65,72.23,34.56,73.15,68.86,8.08,18.36,71.1,Average
STU009796,Manish Joshi,AI & DS,M.Tech,1,2,A,23,72.93,67.4,29.16,60.87,56.71,7.71,17.94,66.44,Average
STU009797,Pooja Iyer,CSE,B.Tech,2,4,A,20,82.37,71.79,34.43,49.86,58.44,7.5,17.46,76.19,Average
STU009798,Zoya Bose,AI & DS,B.Tech,4,7,B,21,86.03,83.91,37.41,66.77,78.66,8.04,24.69,78.25,Good
STU009799,Isha Reddy,Mechanical,B.Tech,2,4,B,19,80.39,67.42,33.73,69.93,77.95,7.78,24.7,72.33,Good
STU009800,Isha Shah,CSE,B.Tech,1,1,A,18,91.06,73.65,33.08,66.79,55.07,7.86,22.71,73.53,Average
STU009801,Sneha Iyer,AI & DS,B.Tech,4,7,A,21,94.03,68.09,33.2,69.66,73.82,7.38,22.14,88.98,Good
STU009802,Surya Verma,ECE,B.Tech,4,8,D,23,72.58,64.79,29.47,64.92,55.89,7.15,17.64,68.86,Average
STU009803,Surya Iyer,IT,B.Tech,2,4,C,19,70.67,67.62,30.55,55.58,65.02,8.64,17.97,69.11,Average
STU009804,Manish Menon,AI & DS,B.Tech,4,7,D,23,91.97,71.43,37.81,79.45,84.53,8.38,23.63,84.11,Good
STU009805,Sneha Singh,ECE,B.Tech,2,4,B,20,86.6,78.03,34.24,62.26,65.25,6.74,18.04,79.89,Average
STU009806,Varun Singh,Civil,B.Tech,1,1,C,19,81.29,66.6,27.61,46.46,66.98,8.34,17.19,84.17,Average
STU009807,Ananya Nair,Mechanical,B.Tech,4,8,A,21,69.81,66.44,33.71,58.62,73.2,8.98,20.13,62.07,Average
STU009808,Kavya Iyer,CSE,B.Tech,3,5,A,22,100,81.87,39.95,79.15,75.07,8.07,26.5,91.81,Good
STU009809,Manish Pillai,CSE,B.Tech,3,6,A,22,76.98,72.26,34.49,66.92,66.51,8.19,19.32,68.92,Average
STU009810,Diya Patel,ECE,B.Tech,4,7,B,21,75.8,63.86,28.17,66.92,65.46,7.46,24.02,71.82,Average
STU009811,Kavya Krishnan,CSE,B.Tech,2,4,B,19,69.29,76.05,33.86,62.37,58.79,7.6,22.86,92.34,Average
STU009812,Sai Krishnan,AI & DS,B.Tech,1,2,B,19,81.5,68.18,28.34,69.18,84.36,7.63,23.23,87.18,Good
STU009813,Aditi Kumar,Civil,B.Tech,3,6,A,20,77.88,62.44,35.2,61.76,62.29,7.36,22.84,71.52,Average
STU009814,Varun Chatterjee,IT,B.Tech,2,3,C,19,85.53,77.05,35.94,76.47,87.32,8.57,26.34,85.5,Excellent
STU009815,Aarav Sharma,CSE,B.Tech,1,2,C,19,64.8,64.14,27.56,62.79,64.17,7.96,22.76,73.78,At Risk
STU009816,Kavya Sharma,ECE,B.Tech,1,1,A,18,77.65,64.85,27.38,54.05,64.77,7.31,17.4,75.84,Average
STU009817,Manish Pillai,Mechanical,B.Tech,3,5,A,21,76.66,82.12,35.13,70.33,83.66,7.41,23.66,75.03,Good
STU009818,Sneha Menon,ECE,B.Tech,2,4,B,19,82.54,71.69,39.03,68.14,82.96,8.17,16.13,73.28,Good
STU009819,Yash Mishra,CSE,M.Tech,1,2,C,24,80.14,71.41,35.82,64.33,70.77,8.23,23.16,72.05,Good
STU009820,Aditya Shah,ECE,B.Tech,2,4,B,20,82.68,72.33,33.92,60.18,78.1,8.16,22.67,70.37,Good
STU009821,Ananya Pillai,Mechanical,B.Tech,2,4,D,19,69.84,75.58,29.81,63.68,75.39,7.98,23.27,70.75,Average
STU009822,Bhavya Reddy,CSE,B.Tech,2,3,C,21,66.85,73.92,35.14,69.16,78.24,8.26,23.09,74.9,Average
STU009823,Aditi Shah,ECE,M.Tech,2,4,C,24,83.62,83.03,39.22,63.34,74.73,8.46,25.63,77.85,Good
STU009824,Aarav Iyer,IT,B.Tech,4,8,A,23,93.33,68.7,28.76,61.85,78.58,7.74,23.56,73.04,Good
STU009825,Diya Iyer,CSE,B.Tech,3,6,B,21,88.26,87.97,37.62,80.95,72.61,7.41,22.49,84.67,Good
STU009826,Aarav Das,Civil,B.Tech,2,3,C,21,73.71,66.91,27.43,61.31,59.09,7.02,20.22,70.92,Average
STU009827,Aarav Bose,ECE,B.Tech,2,4,B,19,73.88,74.09,35.91,66.67,81.55,7.7,19.66,65.81,Average
STU009828,Manish Nair,AI & DS,B.Tech,4,8,C,23,97.25,91.85,37.38,78.16,96.95,8.6,31.94,86.26,Excellent
STU009829,Ishaan Singh,EEE,B.Tech,4,7,C,22,90.07,67.25,31.71,56.37,74.01,7.66,20.88,70.03,Good
STU009830,Sai Krishnan,IT,M.Tech,2,3,B,23,67.05,63.56,29.2,49.36,60.54,8.08,19.16,57.46,Average
STU009831,Zoya Das,EEE,B.Tech,1,1,A,20,85.56,65.91,30.3,49.45,67.3,7.6,17.11,83.41,Average
STU009832,Sai Kumar,ECE,M.Tech,2,4,A,25,71.57,62.36,33.07,60.3,65.91,7.03,15.31,67.84,Average
STU009833,Sanjay Verma,AI & DS,B.Tech,1,1,A,18,80.13,72.03,32.17,60.96,61.42,8.39,21.15,74.89,Average
STU009834,Meera Patel,ECE,B.Tech,2,4,D,21,93.8,90.02,38.72,78.69,94.84,8.65,23.96,82.12,Excellent
STU009835,Zoya Mishra,EEE,B.Tech,4,7,A,22,81.86,70.21,29.25,49.82,70.56,7.58,20.44,63.12,Good
STU009836,Sanjay Shah,ECE,M.Tech,1,1,B,25,74.65,68.59,30.39,59.99,72.34,8.24,14.78,78.32,Average
STU009837,Ishaan Nair,ECE,M.Tech,1,2,B,24,73.11,71.8,32.55,73.06,83.16,7.89,16.33,80.61,Average
STU009838,Nikhil Iyer,Civil,M.Tech,1,1,C,25,88.16,79.73,28.03,62.32,67.69,7.79,19.8,71.55,Average
STU009839,Sai Shah,ECE,B.Tech,4,8,B,23,61.64,83.88,31.01,68.77,88.26,8.68,20.0,64.25,At Risk
STU009840,Ishaan Mehta,CSE,B.Tech,4,8,D,22,73.92,70.71,31.64,69.5,67.47,7.05,17.11,72.48,Average
STU009841,Ishaan Sharma,Mechanical,B.Tech,1,1,A,20,73.15,60.1,34.82,44.98,71.11,8.48,19.94,74.95,Average
STU009842,Riya Mehta,CSE,B.Tech,3,5,C,20,94.25,69.4,31.31,65.99,76.83,8.08,22.75,73.35,Good
STU009843,Krishna Mehta,Mechanical,B.Tech,3,5,A,22,82.67,84.04,36.6,56.39,59.84,8.34,20.5,79.8,Average
STU009844,Varun Nair,IT,B.Tech,1,2,B,20,79.25,71.63,29.96,58.06,73.66,8.5,16.34,71.73,Good
STU009845,Shreya Mehta,IT,B.Tech,1,2,D,20,90.66,66.15,34.82,71.66,78.19,8.16,12.73,86.99,Good
STU009846,Nisha Reddy,CSE,B.Tech,1,1,B,20,77.97,86.05,34.0,69.94,86.21,8.26,26.3,81.93,Good
STU009847,Nikhil Singh,CSE,M.Tech,1,1,B,22,78.73,88.81,36.04,70.18,82.55,7.8,24.66,81.26,Good
STU009848,Bhavya Mehta,EEE,M.Tech,1,2,B,24,70.7,65.42,31.05,54.47,57.26,7.58,18.24,66.28,Average
STU009849,Nisha Chatterjee,AI & DS,M.Tech,2,4,A,26,67.71,62.39,30.79,46.8,79.35,7.98,18.82,62.0,Average
STU009850,Bhavya Shah,CSE,B.Tech,4,7,A,22,83.92,65.24,33.28,68.2,69.26,7.4,24.31,88.25,Average
STU009851,Sanjay Chatterjee,CSE,B.Tech,3,5,C,22,79.38,66.16,30.5,57.57,71.75,7.13,19.67,66.69,Good
STU009852,Tanvi Chatterjee,ECE,B.Tech,3,6,B,20,95.8,71.83,38.62,72.26,67.76,7.64,27.7,89.86,Average
STU009853,Rahul Reddy,IT,B.Tech,1,2,D,18,78.69,59.15,28.11,57.19,57.4,7.48,18.44,72.12,Average
STU009854,Aditi Patel,AI & DS,B.Tech,2,3,C,20,91.22,69.81,31.93,65.9,77.61,8.07,25.89,77.45,Good
STU009855,Aryan Gupta,Mechanical,M.Tech,1,2,A,23,71.43,61.31,34.37,69.05,73.81,7.9,20.27,73.07,Average
STU009856,Aditi Menon,CSE,B.Tech,4,7,C,21,85.17,82.38,42.48,78.84,76.65,9.57,26.76,80.23,Good
STU009857,Meera Joshi,Mechanical,B.Tech,3,5,D,22,88.53,77.28,38.75,83.48,88.28,9.05,22.26,78.09,Excellent
STU009858,Sneha Sharma,Mechanical,B.Tech,1,2,D,19,81.02,70.07,25.98,65.78,82.18,7.87,21.4,73.36,Good
STU009859,Tanvi Mishra,CSE,B.Tech,2,3,A,20,81.81,69.08,31.99,45.9,75.11,7.56,18.52,86.28,Good
STU009860,Isha Nair,ECE,B.Tech,3,5,A,22,69.34,72.76,32.1,79.18,93.42,7.41,14.82,70.84,Average
STU009861,Yash Menon,CSE,B.Tech,3,6,A,20,84.95,70.63,38.58,67.61,86.8,8.4,22.66,72.81,Excellent
STU009862,Rahul Patel,CSE,B.Tech,2,3,A,20,81.88,82.41,42.91,75.42,86.08,8.53,18.69,64.25,Excellent
STU009863,Pooja Mehta,AI & DS,B.Tech,1,1,A,18,73.12,73.04,31.9,46.8,60.21,6.52,21.82,77.57,Average
STU009864,Rohan Iyer,CSE,B.Tech,1,2,A,19,86.73,63.83,26.98,51.67,65.36,7.37,21.32,72.36,Average
STU009865,Rohan Kumar,CSE,B.Tech,2,3,C,19,87.5,76.36,31.87,70.71,75.52,8.0,22.61,81.15,Good
STU009866,Meera Krishnan,AI & DS,B.Tech,1,2,B,19,81.92,64.78,24.84,63.88,70.15,7.36,23.33,72.25,Good
STU009867,Ishaan Rao,CSE,B.Tech,3,5,C,22,80.11,78.47,38.38,54.96,83.03,7.78,15.04,74.75,Good
STU009868,Sanjay Singh,Civil,B.Tech,3,5,C,22,89.42,72.53,36.13,74.06,82.03,9.08,21.37,84.79,Good
STU009869,Surya Menon,Civil,B.Tech,1,2,D,20,89.96,63.43,31.83,44.38,58.21,6.48,22.59,66.95,Average
STU009870,Rahul Gupta,ECE,B.Tech,1,1,C,20,74.94,77.92,38.1,64.95,78.86,7.51,22.42,74.53,Average
STU009871,Vikram Mehta,AI & DS,B.Tech,1,2,C,19,66.26,63.58,27.95,64.02,81.43,8.29,16.98,86.92,Average
STU009872,Diya Singh,CSE,B.Tech,4,8,A,21,81.05,84.82,37.06,72.31,85.38,8.35,28.6,82.03,Excellent
STU009873,Ananya Kumar,AI & DS,B.Tech,1,2,C,19,89.8,77.84,33.03,70.92,83.65,8.13,27.07,77.09,Good
STU009874,Sai Shah,Mechanical,B.Tech,4,7,A,23,79.49,91.11,38.33,81.44,93.04,8.61,27.21,84.9,Good
STU009875,Yash Krishnan,AI & DS,B.Tech,3,5,A,20,81.38,84.88,42.65,65.45,87.01,7.97,19.95,84.78,Excellent
STU009876,Karan Rao,ECE,B.Tech,1,2,B,18,84.94,72.49,36.34,72.28,68.94,7.54,20.51,79.87,Average
STU009877,Nisha Shah,CSE,B.Tech,2,3,B,19,58.03,69.88,30.55,62.42,61.39,7.36,18.11,61.86,At Risk
STU009878,Sai Nair,AI & DS,B.Tech,1,2,B,20,82.69,70.36,35.7,59.85,72.76,8.04,20.2,77.7,Good
STU009879,Nikhil Nair,IT,B.Tech,1,1,C,18,80.08,78.75,33.95,67.8,83.06,8.28,22.07,80.39,Good
STU009880,Riya Mishra,ECE,B.Tech,2,4,A,19,73.16,63.58,27.7,56.07,64.0,8.51,13.78,58.64,Average
STU009881,Riya Mehta,AI & DS,B.Tech,2,4,A,21,100,71.88,35.05,60.5,75.48,8.26,26.98,85.61,Good
STU009882,Yash Chatterjee,IT,B.Tech,3,6,B,20,65.02,60.97,32.49,51.63,62.68,8.0,16.06,72.04,Average
STU009883,Yash Nair,ECE,B.Tech,2,3,D,19,78.8,77.15,32.96,65.06,77.28,8.21,26.66,72.39,Good
STU009884,Shreya Singh,Mechanical,B.Tech,3,6,B,22,77.93,60.79,30.51,55.18,65.98,8.1,24.15,68.76,Average
STU009885,Ishaan Mishra,CSE,B.Tech,3,5,B,20,94.81,94.54,39.88,80.44,100,8.92,26.3,82.32,Excellent
STU009886,Sanjay Gupta,AI & DS,M.Tech,1,2,A,22,79.15,73.63,39.39,64.39,80.59,7.76,16.02,80.37,Good
STU009887,Aarav Gupta,IT,B.Tech,3,5,C,21,86.04,64.95,30.8,59.47,76.65,8.0,21.89,69.19,Good
STU009888,Akash Reddy,CSE,B.Tech,4,7,D,21,76.96,72.91,33.78,71.98,80.55,8.01,24.87,73.15,Good
STU009889,Aarav Patel,ECE,B.Tech,3,5,A,21,98.31,79.83,40.75,70.53,83.58,8.53,27.55,83.15,Good
STU009890,Riya Gupta,Civil,M.Tech,1,2,B,22,84.83,73.31,32.38,61.98,81.79,7.16,27.41,67.89,Good
STU009891,Aarav Shah,CSE,B.Tech,1,2,B,20,93.87,69.55,29.03,60.37,69.97,8.71,24.96,96.33,Average
STU009892,Sanjay Menon,Mechanical,B.Tech,1,2,A,20,73.41,77.3,39.72,57.59,67.16,8.18,18.57,71.26,Average
STU009893,Aarav Iyer,AI & DS,B.Tech,4,8,B,22,81.95,73.48,34.46,69.22,72.23,7.17,23.48,77.8,Good
STU009894,Diya Bose,Civil,B.Tech,4,8,D,22,74.78,65.41,27.85,59.61,50.49,7.12,22.09,68.78,At Risk
STU009895,Nikhil Gupta,ECE,B.Tech,1,2,D,18,78.67,76.28,31.32,63.56,88.75,7.39,21.56,81.09,Good
STU009896,Meera Das,IT,B.Tech,2,3,C,20,84.92,86.13,33.69,73.22,82.11,7.99,24.38,92.43,Good
STU009897,Shreya Iyer,CSE,B.Tech,2,4,D,21,74.72,59.17,28.24,52.46,56.58,7.76,18.37,64.48,Average
STU009898,Nikhil Verma,Civil,B.Tech,1,2,C,18,87.6,79.74,35.84,61.23,61.5,7.06,18.86,74.32,Average
STU009899,Varun Verma,ECE,B.Tech,3,5,B,20,81.88,58.53,29.46,58.66,65.3,7.62,18.33,76.08,Average
STU009900,Bhavya Patel,AI & DS,M.Tech,2,4,C,26,84.88,65.87,32.74,51.6,63.41,7.19,18.39,70.06,Average
STU009901,Aarav Sharma,Mechanical,B.Tech,4,7,B,22,80.97,75.0,37.03,72.87,82.09,7.77,23.35,83.19,Good
STU009902,Nisha Menon,ECE,B.Tech,4,7,D,22,89.13,77.31,38.93,71.91,73.65,8.79,26.86,76.35,Good
STU009903,Varun Bose,ECE,B.Tech,3,6,D,22,92.44,88.83,35.42,58.26,74.7,8.14,30.12,92.36,Good
STU009904,Zoya Gupta,AI & DS,B.Tech,2,3,C,21,65.94,56.88,26.87,45.12,68.12,7.23,13.69,69.53,Average
STU009905,Vikram Rao,AI & DS,B.Tech,1,2,C,20,84.83,56.87,22.29,48.93,54.67,7.2,19.55,73.49,At Risk
STU009906,Isha Rao,CSE,B.Tech,4,7,C,23,66.4,62.71,33.76,64.69,67.17,7.29,16.04,74.32,Average
STU009907,Aarav Sharma,ECE,B.Tech,4,8,B,21,71.61,64.11,33.02,44.75,46.87,8.22,19.28,67.92,At Risk
STU009908,Riya Nair,Civil,B.Tech,2,4,B,20,88.18,66.67,28.96,62.28,78.56,7.59,23.0,71.25,Good
STU009909,Ishaan Mishra,CSE,B.Tech,1,1,C,18,84.0,58.08,29.62,56.9,77.76,7.4,16.25,64.59,Good
STU009910,Nikhil Sharma,AI & DS,B.Tech,1,1,C,20,85.95,68.0,27.28,73.31,66.47,8.26,25.24,90.06,Average
STU009911,Nikhil Mehta,IT,B.Tech,3,6,D,22,68.28,58.64,24.48,63.04,68.31,7.71,17.45,74.99,Average
STU009912,Akash Shah,ECE,B.Tech,1,2,B,19,81.58,62.38,31.66,68.47,75.7,8.04,17.68,72.15,Good
STU009913,Krishna Patel,CSE,B.Tech,1,2,C,19,70.12,77.09,32.63,69.11,71.02,8.81,15.88,71.98,Average
STU009914,Nisha Pillai,Civil,B.Tech,3,5,B,22,84.14,84.1,37.98,65.65,92.3,8.09,24.89,85.91,Excellent
STU009915,Vikram Nair,AI & DS,B.Tech,2,3,C,19,71.35,64.36,32.4,60.86,73.16,8.05,14.01,80.75,Average
STU009916,Ishaan Gupta,CSE,M.Tech,1,1,B,22,75.09,58.92,22.7,43.14,62.23,7.19,20.56,67.09,Average
STU009917,Ananya Bose,Mechanical,B.Tech,2,4,A,19,77.09,68.79,32.14,60.25,75.62,7.41,17.72,71.8,Good
STU009918,Aditya Reddy,Civil,B.Tech,4,8,B,22,93.67,66.82,31.77,76.39,79.02,7.82,25.8,77.99,Good
STU009919,Rahul Rao,ECE,B.Tech,3,6,B,22,91.68,79.21,38.11,65.17,80.68,8.66,14.98,78.67,Good
STU009920,Nikhil Rao,ECE,B.Tech,2,4,C,19,76.57,72.33,33.77,70.09,69.83,8.35,25.42,72.23,Average
STU009921,Zoya Mehta,ECE,B.Tech,2,3,C,19,83.98,75.14,37.19,66.75,67.67,8.14,24.96,80.89,Average
STU009922,Vikram Mishra,Civil,B.Tech,2,4,D,19,83.04,85.8,34.73,54.21,79.3,8.27,23.3,79.68,Good
STU009923,Bhavya Kumar,ECE,B.Tech,4,7,B,23,82.24,69.79,33.14,71.6,76.72,7.52,24.24,79.26,Good
STU009924,Rohan Gupta,ECE,B.Tech,2,4,B,19,70.49,73.2,35.95,66.02,58.99,7.88,18.1,61.24,Average
STU009925,Ananya Reddy,ECE,M.Tech,1,2,A,22,79.58,74.94,37.66,70.15,86.88,8.5,18.74,73.76,Good
STU009926,Aarav Rao,ECE,B.Tech,2,4,B,20,81.98,68.95,32.32,53.96,71.69,7.56,23.56,82.79,Good
STU009927,Shreya Verma,AI & DS,B.Tech,1,1,A,20,83.82,71.25,35.07,67.96,75.48,9.2,13.7,69.91,Good
STU009928,Yash Chatterjee,IT,B.Tech,3,6,B,22,82.67,63.73,28.69,50.99,65.06,7.1,14.31,74.45,Average
STU009929,Surya Mishra,CSE,B.Tech,4,8,A,22,85.46,66.65,34.87,79.42,81.58,8.02,25.9,83.41,Good
STU009930,Sanjay Patel,CSE,B.Tech,2,4,A,19,82.22,63.95,34.74,48.27,63.06,8.68,19.95,65.85,Average
STU009931,Nisha Pillai,AI & DS,M.Tech,2,4,A,23,93.06,66.1,29.92,54.23,68.64,7.64,24.84,75.85,Average
STU009932,Varun Bose,CSE,B.Tech,1,1,C,20,81.62,71.17,33.61,67.91,61.03,7.94,20.75,72.77,Average
STU009933,Sanjay Patel,IT,B.Tech,2,4,A,21,73.15,74.93,26.44,67.65,58.85,7.41,22.96,77.95,Average
STU009934,Akash Singh,IT,B.Tech,1,2,D,19,75.88,64.36,29.28,55.56,63.92,7.73,15.52,70.61,Average
STU009935,Ananya Joshi,ECE,B.Tech,3,5,D,21,83.36,69.36,28.34,59.37,67.4,7.22,21.26,73.0,Average
STU009936,Aarav Joshi,CSE,B.Tech,3,6,D,21,81.22,72.96,34.77,80.74,87.03,8.13,22.43,72.09,Excellent
STU009937,Riya Das,Mechanical,B.Tech,1,1,B,19,82.91,72.88,30.21,65.22,82.96,7.02,21.22,81.51,Good
STU009938,Yash Patel,CSE,B.Tech,2,4,A,20,80.21,72.58,28.81,63.27,80.84,8.39,21.46,79.95,Good
STU009939,Tanvi Krishnan,IT,B.Tech,4,8,A,21,90.84,78.97,34.78,68.63,85.68,8.72,27.62,69.42,Excellent
STU009940,Aditi Gupta,EEE,B.Tech,4,7,B,21,71.96,68.36,31.28,59.67,75.29,6.6,20.01,65.63,Average
STU009941,Shreya Chatterjee,EEE,B.Tech,1,2,A,18,69.3,65.86,29.42,58.85,66.69,7.74,13.53,73.24,Average
STU009942,Krishna Mishra,CSE,B.Tech,1,1,A,19,63.89,68.43,37.0,65.82,64.36,8.1,15.69,59.4,At Risk
STU009943,Arjun Sharma,CSE,B.Tech,3,5,A,22,78.9,71.79,33.35,72.97,70.84,8.08,19.48,73.63,Good
STU009944,Diya Sharma,CSE,B.Tech,3,5,D,20,59.64,71.04,33.52,58.31,65.16,8.29,17.45,64.5,At Risk
STU009945,Ishaan Sharma,IT,B.Tech,2,3,C,21,76.78,80.05,32.68,67.01,84.05,9.11,23.79,77.94,Good
STU009946,Manish Menon,AI & DS,B.Tech,2,4,D,20,91.02,86.63,35.37,81.17,84.81,7.74,26.72,90.95,Good
STU009947,Vikram Verma,CSE,B.Tech,4,8,D,21,74.08,71.96,30.55,49.66,59.52,6.1,23.09,75.29,Average
STU009948,Kavya Mishra,EEE,B.Tech,4,7,C,23,80.85,74.14,31.75,60.1,60.2,7.3,25.43,82.58,Average
STU009949,Surya Gupta,CSE,B.Tech,2,3,C,19,80.45,76.18,33.98,60.01,68.29,7.74,24.13,82.59,Average
STU009950,Rohan Menon,ECE,B.Tech,1,2,C,18,77.93,83.61,42.22,62.02,84.55,8.49,23.57,71.84,Good
STU009951,Nikhil Patel,ECE,B.Tech,3,5,C,22,80.39,69.56,35.16,58.97,73.95,8.1,18.85,54.65,Good
STU009952,Tanvi Verma,IT,B.Tech,1,1,D,19,80.04,80.07,44.24,66.76,88.82,9.34,20.6,78.52,Excellent
STU009953,Yash Mehta,CSE,B.Tech,3,6,A,21,78.7,90.45,40.3,79.14,91.93,9.48,25.4,89.21,Good
STU009954,Krishna Kumar,IT,B.Tech,3,6,D,22,90.62,69.96,33.44,58.12,76.22,7.55,21.6,78.47,Good
STU009955,Tanvi Krishnan,CSE,B.Tech,1,1,A,18,76.82,67.93,27.84,63.08,66.5,7.09,25.77,87.05,Average
STU009956,Varun Iyer,Mechanical,B.Tech,2,4,D,21,89.29,64.71,32.26,52.54,71.8,7.97,14.32,65.03,Good
STU009957,Meera Mehta,Civil,M.Tech,2,4,A,26,73.65,93.13,46.29,71.63,100,10.0,22.84,76.99,Average
STU009958,Shreya Joshi,CSE,B.Tech,2,3,B,19,65.32,57.86,25.87,45.87,66.23,8.0,17.97,62.25,Average
STU009959,Nisha Pillai,IT,B.Tech,4,8,B,22,75.59,81.37,33.42,49.8,75.59,8.57,19.68,69.53,Good
STU009960,Aryan Singh,IT,B.Tech,3,6,C,21,94.37,83.65,37.81,62.63,75.92,8.47,24.26,76.96,Good
STU009961,Nikhil Krishnan,EEE,B.Tech,3,6,D,22,78.13,66.06,29.62,41.02,56.64,7.25,23.37,80.25,Average
STU009962,Ananya Verma,IT,B.Tech,3,6,C,21,95.79,76.66,38.5,60.96,79.0,8.51,16.43,84.28,Good
STU009963,Varun Verma,Civil,B.Tech,4,7,D,21,93.42,87.31,41.8,67.8,86.43,7.95,25.09,94.54,Excellent
STU009964,Aditya Joshi,ECE,M.Tech,2,4,C,23,84.0,66.35,29.62,71.54,70.97,7.64,22.6,72.87,Good
STU009965,Ananya Das,CSE,B.Tech,2,3,A,21,76.2,72.31,36.94,83.05,89.14,8.57,25.23,81.5,Good
STU009966,Shreya Sharma,AI & DS,B.Tech,4,8,D,22,59.31,71.15,32.64,61.09,78.21,7.5,12.24,67.17,At Risk
STU009967,Karan Shah,AI & DS,M.Tech,2,4,D,23,84.82,71.82,33.75,48.2,63.81,7.79,17.29,79.7,Average
STU009968,Rahul Shah,IT,B.Tech,1,2,A,19,79.78,81.07,35.76,67.21,75.27,8.93,19.36,84.63,Good
STU009969,Nikhil Patel,ECE,B.Tech,1,1,A,19,75.49,65.85,34.74,67.57,72.14,8.18,29.38,71.72,Good
STU009970,Sai Patel,EEE,B.Tech,3,5,D,21,78.13,67.49,32.5,69.66,70.58,7.55,22.2,82.33,Good
STU009971,Aarav Iyer,Mechanical,B.Tech,1,1,D,19,91.44,77.91,37.3,79.72,95.4,8.65,23.02,84.92,Excellent
STU009972,Sai Kumar,ECE,B.Tech,1,1,A,18,79.66,68.43,32.86,59.53,81.74,9.17,18.24,69.38,Good
STU009973,Aryan Verma,IT,B.Tech,2,3,C,20,78.02,63.87,32.9,70.28,65.94,8.18,19.06,67.53,Average
STU009974,Pooja Reddy,AI & DS,B.Tech,3,6,B,21,86.24,59.17,33.53,52.22,74.33,8.51,18.56,81.62,Good
STU009975,Meera Chatterjee,CSE,B.Tech,2,4,B,19,97.81,68.51,34.97,72.77,82.41,7.4,23.17,84.47,Good
STU009976,Yash Krishnan,AI & DS,B.Tech,4,8,D,23,80.88,59.01,28.46,62.82,59.35,6.91,22.58,77.71,Average
STU009977,Sanjay Reddy,CSE,B.Tech,3,5,B,21,81.24,72.46,30.03,54.43,71.72,8.62,12.07,73.3,Good
STU009978,Yash Menon,IT,B.Tech,3,6,B,21,70.92,65.04,29.15,70.0,60.56,7.68,17.79,73.7,Average
STU009979,Krishna Joshi,CSE,B.Tech,1,1,C,18,81.6,78.7,32.1,72.98,76.1,7.52,25.34,74.49,Good
STU009980,Isha Nair,ECE,M.Tech,1,2,B,22,81.65,66.18,29.1,46.33,59.86,7.2,23.73,70.58,Average
STU009981,Ananya Sharma,Civil,B.Tech,2,4,A,21,73.84,66.66,25.67,63.38,72.52,7.69,22.83,89.23,Average
STU009982,Yash Gupta,AI & DS,B.Tech,4,8,C,22,90.91,78.5,38.74,66.81,68.91,8.1,21.35,87.17,Average
STU009983,Aditya Pillai,ECE,M.Tech,1,1,C,22,70.75,65.99,33.27,66.9,71.06,7.64,16.78,75.12,Average
STU009984,Aarav Das,CSE,B.Tech,4,7,A,21,73.61,68.55,29.89,56.14,67.41,7.6,17.31,60.3,Average
STU009985,Pooja Sharma,IT,B.Tech,1,1,B,19,83.97,83.75,42.61,74.51,86.4,7.85,26.41,83.29,Excellent
STU009986,Shreya Verma,Mechanical,B.Tech,1,1,D,19,77.8,69.89,37.65,62.28,86.1,8.3,19.01,69.08,Good
STU009987,Ishaan Verma,Civil,B.Tech,2,3,A,21,80.76,72.96,34.0,67.3,82.78,8.55,17.47,69.86,Good
STU009988,Manish Pillai,AI & DS,B.Tech,1,1,B,18,71.93,84.34,35.81,75.97,79.36,7.53,19.78,73.81,Average
STU009989,Manish Sharma,CSE,B.Tech,3,5,C,22,75.69,77.65,34.42,58.04,71.49,7.64,14.11,69.59,Good
STU009990,Rohan Das,AI & DS,B.Tech,3,5,C,20,83.8,71.25,38.28,66.2,66.36,8.18,16.17,73.77,Average
STU009991,Sai Menon,ECE,B.Tech,1,1,B,20,76.02,70.99,34.55,68.39,74.01,7.96,19.99,71.1,Good
STU009992,Isha Joshi,EEE,B.Tech,1,1,B,18,86.62,77.13,29.87,59.8,69.36,7.83,16.22,67.26,Average
STU009993,Yash Sharma,Civil,B.Tech,2,4,A,20,64.99,69.36,33.63,59.85,70.81,7.25,18.29,75.85,At Risk
STU009994,Surya Kumar,EEE,M.Tech,1,2,C,22,71.21,68.41,30.2,61.11,64.64,7.24,22.74,73.74,Average
STU009995,Aditi Das,IT,B.Tech,1,1,B,19,81.04,81.68,35.46,70.73,85.21,8.68,22.45,70.84,Excellent
STU009996,Surya Shah,AI & DS,B.Tech,3,6,C,20,84.58,71.85,29.37,73.06,82.47,7.98,14.9,79.64,Good
STU009997,Sanjay Mehta,ECE,B.Tech,4,7,A,23,85.13,89.36,38.64,83.24,90.33,8.38,24.72,88.83,Excellent
STU009998,Surya Gupta,Civil,B.Tech,3,6,D,22,86.4,58.33,31.07,52.62,60.55,7.51,17.79,75.68,Average
STU009999,Sai Bose,CSE,B.Tech,1,2,A,20,76.05,81.2,37.8,65.05,85.55,8.24,21.73,57.45,Good
STU010000,Diya Iyer,EEE,B.Tech,4,8,A,22,65.63,55.76,33.72,52.87,70.73,7.3,18.77,59.41,Average
